customer_id,customer_name,gender,age,city,state,signup_date
100001,Arjun Sharma,Male,47,Gurugram,Haryana,2022-09-05
100002,Aman Singh,Female,32,Kolkata,West Bengal,2024-10-04
100003,Vikram Gupta,Female,25,Kochi,Kerala,2022-08-07
100004,Arjun Reddy,Female,33,Bhopal,Madhya Pradesh,2024-05-16
100005,Kavya Verma,Male,27,Mumbai,Maharashtra,2022-12-03
100006,Meera Mehta,Male,26,Delhi,Delhi,2022-04-28
100007,Vivaan Sharma,Male,36,Hyderabad,Telangana,2023-08-27
100008,Aditya Singh,Female,18,Chennai,Tamil Nadu,2022-11-19
100009,Vikram Joshi,Female,19,Pune,Maharashtra,2024-02-01
100010,Pooja Sharma,Female,32,Mumbai,Maharashtra,2022-08-22
100011,Kavya Singh,Male,32,Delhi,Delhi,2023-08-15
100012,Kavya Mehta,Female,35,Delhi,Delhi,2023-07-04
100013,Vikram Agarwal,Female,49,Surat,Gujarat,2024-04-07
100014,Meera Patel,Male,33,Chandigarh,Chandigarh,2023-04-22
100015,Aarav Iyer,Male,37,Delhi,Delhi,2022-03-08
100016,Rohan Nair,Male,23,Mumbai,Maharashtra,2024-02-07
100017,Sneha Kumar,Male,39,Delhi,Delhi,2022-12-26
100018,Aman Gupta,Female,27,Indore,Madhya Pradesh,2022-08-01
100019,Karan Iyer,Male,33,Kochi,Kerala,2024-05-20
100020,Ananya Verma,Male,31,Bengaluru,Karnataka,2022-01-17
100021,Aditya Mehta,Female,41,Bengaluru,Karnataka,2023-03-01
100022,Arjun Kumar,Male,20,Bengaluru,Karnataka,2023-01-02
100023,Aditi Malhotra,Male,18,Pune,Maharashtra,2023-01-19
100024,Aman Iyer,Male,30,Jaipur,Rajasthan,2022-03-02
100025,Vivaan Nair,Male,36,Pune,Maharashtra,2023-01-05
100026,Neha Joshi,Female,33,Kochi,Kerala,2024-04-26
100027,Arjun Mishra,Male,43,Delhi,Delhi,2022-01-29
100028,Priya Verma,Female,36,Noida,Uttar Pradesh,2022-07-15
100029,Kavya Patel,Female,27,Bengaluru,Karnataka,2023-06-30
100030,Pooja Mishra,Male,18,Hyderabad,Telangana,2023-01-13
100031,Aditi Malhotra,Female,30,Lucknow,Uttar Pradesh,2024-03-25
100032,Karan Nair,Male,41,Patna,Bihar,2023-07-05
100033,Aditya Sharma,Male,28,Lucknow,Uttar Pradesh,2024-10-11
100034,Vikram Iyer,Female,32,Noida,Uttar Pradesh,2022-06-08
100035,Raj Verma,Female,36,Ahmedabad,Gujarat,2022-05-05
100036,Vikram Das,Female,23,Bengaluru,Karnataka,2024-05-14
100037,Arjun Mehta,Male,38,Ahmedabad,Gujarat,2022-02-21
100038,Aman Agarwal,Male,47,Noida,Uttar Pradesh,2022-05-27
100039,Aditi Gupta,Female,30,Chennai,Tamil Nadu,2024-07-11
100040,Aditi Kumar,Male,22,Chennai,Tamil Nadu,2024-08-09
100041,Karan Reddy,Male,31,Ahmedabad,Gujarat,2022-02-09
100042,Aman Nair,Female,18,Gurugram,Haryana,2023-03-19
100043,Aditya Malhotra,Male,35,Bengaluru,Karnataka,2022-06-14
100044,Rohan Joshi,Female,36,Noida,Uttar Pradesh,2024-03-30
100045,Vikram Gupta,Male,47,Gurugram,Haryana,2023-02-02
100046,Neha Mehta,Female,30,Mumbai,Maharashtra,2024-07-01
100047,Aman Mishra,Male,36,Lucknow,Uttar Pradesh,2022-03-22
100048,Kavya Singh,Female,24,Mumbai,Maharashtra,2023-12-03
100049,Ananya Das,Female,29,Delhi,Delhi,2022-01-23
100050,Vivaan Singh,Male,18,Chennai,Tamil Nadu,2022-03-09
100051,Vivaan Iyer,Female,30,Bhopal,Madhya Pradesh,2023-08-20
100052,Ananya Mehta,Female,29,Delhi,Delhi,2023-02-11
100053,Aman Verma,Female,35,Gurugram,Haryana,2023-03-04
100054,Karan Mishra,Female,26,Pune,Maharashtra,2023-01-14
100055,Meera Mishra,Female,33,Surat,Gujarat,2024-04-26
100056,Ananya Singh,Female,29,Gurugram,Haryana,2024-07-28
100057,Isha Mehta,Male,29,Indore,Madhya Pradesh,2023-01-11
100058,Neha Gupta,Male,33,Ahmedabad,Gujarat,2023-06-04
100059,Aman Gupta,Male,32,Gurugram,Haryana,2023-07-27
100060,Vikram Nair,Male,39,Mumbai,Maharashtra,2024-02-11
100061,Kavya Joshi,Male,31,Bengaluru,Karnataka,2023-04-04
100062,Aman Nair,Male,29,Mumbai,Maharashtra,2022-08-20
100063,Meera Mehta,Female,30,Ahmedabad,Gujarat,2024-06-21
100064,Meera Mehta,Male,26,Mumbai,Maharashtra,2022-11-24
100065,Aditi Singh,Male,29,Mumbai,Maharashtra,2023-07-25
100066,Rahul Joshi,Female,50,Indore,Madhya Pradesh,2024-06-27
100067,Isha Verma,Male,24,Lucknow,Uttar Pradesh,2024-06-06
100068,Vivaan Das,Female,29,Indore,Madhya Pradesh,2023-05-10
100069,Arjun Gupta,Male,29,Mumbai,Maharashtra,2022-01-11
100070,Rohan Iyer,Other,30,Hyderabad,Telangana,2023-04-01
100071,Sneha Malhotra,Female,29,Bengaluru,Karnataka,2022-03-08
100072,Aditya Mehta,Male,35,Delhi,Delhi,2024-03-25
100073,Priya Malhotra,Male,18,Bengaluru,Karnataka,2023-10-28
100074,Neha Joshi,Female,41,Hyderabad,Telangana,2023-06-17
100075,Aman Joshi,Female,38,Delhi,Delhi,2022-05-05
100076,Aarav Reddy,Female,21,Chennai,Tamil Nadu,2022-11-17
100077,Arjun Reddy,Female,18,Hyderabad,Telangana,2023-12-18
100078,Kavya Iyer,Male,23,Delhi,Delhi,2023-10-28
100079,Aman Iyer,Male,30,Lucknow,Uttar Pradesh,2022-08-11
100080,Ananya Verma,Male,55,Lucknow,Uttar Pradesh,2023-03-25
100081,Raj Mehta,Female,37,Gurugram,Haryana,2023-04-06
100082,Rohan Agarwal,Female,18,Pune,Maharashtra,2022-09-18
100083,Aarav Nair,Male,26,Coimbatore,Tamil Nadu,2024-08-04
100084,Aman Joshi,Male,32,Patna,Bihar,2022-11-20
100085,Rohan Joshi,Male,34,Chennai,Tamil Nadu,2024-10-07
100086,Arjun Das,Male,20,Hyderabad,Telangana,2023-01-05
100087,Raj Das,Female,31,Delhi,Delhi,2022-06-28
100088,Riya Malhotra,Female,26,Lucknow,Uttar Pradesh,2022-11-24
100089,Karan Gupta,Female,22,Chennai,Tamil Nadu,2022-08-30
100090,Aditi Iyer,Male,34,Chandigarh,Chandigarh,2024-03-04
100091,Rohan Joshi,Male,39,Kolkata,West Bengal,2023-04-01
100092,Riya Mishra,Female,40,Nagpur,Maharashtra,2023-12-14
100093,Aarav Malhotra,Female,37,Surat,Gujarat,2022-04-08
100094,Ananya Agarwal,Female,28,Kochi,Kerala,2023-09-04
100095,Aarav Verma,Female,38,Bengaluru,Karnataka,2024-05-29
100096,Aditi Mishra,Female,35,Mumbai,Maharashtra,2022-05-02
100097,Raj Singh,Female,33,Noida,Uttar Pradesh,2022-09-14
100098,Vivaan Singh,Male,26,Noida,Uttar Pradesh,2024-05-31
100099,Meera Verma,Male,28,Mumbai,Maharashtra,2024-05-09
100100,Aditya Nair,Male,33,Ahmedabad,Gujarat,2024-07-15
100101,Isha Das,Male,54,Chennai,Tamil Nadu,2024-03-20
100102,Aditya Iyer,Female,35,Delhi,Delhi,2023-11-10
100103,Kavya Iyer,Male,26,Pune,Maharashtra,2022-12-18
100104,Rahul Gupta,Female,25,Chandigarh,Chandigarh,2024-07-18
100105,Isha Joshi,Female,28,Pune,Maharashtra,2022-12-07
100106,Rohan Patel,Male,52,Noida,Uttar Pradesh,2023-09-15
100107,Riya Das,Male,28,Delhi,Delhi,2023-12-30
100108,Pooja Mehta,Female,40,Lucknow,Uttar Pradesh,2023-02-25
100109,Karan Mishra,Male,29,Chandigarh,Chandigarh,2024-09-28
100110,Kavya Iyer,Male,34,Pune,Maharashtra,2023-06-27
100111,Karan Nair,Male,39,Bengaluru,Karnataka,2024-02-05
100112,Raj Mehta,Male,27,Jaipur,Rajasthan,2022-02-17
100113,Aditi Agarwal,Female,26,Patna,Bihar,2024-07-16
100114,Riya Agarwal,Female,47,Mumbai,Maharashtra,2022-01-02
100115,Arjun Singh,Female,41,Hyderabad,Telangana,2024-11-01
100116,Vikram Verma,Female,39,Mumbai,Maharashtra,2024-06-09
100117,Ananya Sharma,Female,39,Pune,Maharashtra,2023-09-10
100118,Meera Joshi,Male,36,Chennai,Tamil Nadu,2022-01-06
100119,Vikram Malhotra,Female,50,Chandigarh,Chandigarh,2024-05-07
100120,Vikram Sharma,Female,32,Hyderabad,Telangana,2024-10-11
100121,Aditya Nair,Female,37,Chennai,Tamil Nadu,2024-01-15
100122,Vivaan Singh,Female,19,Indore,Madhya Pradesh,2024-04-25
100123,Aditya Mishra,Male,25,Bengaluru,Karnataka,2022-02-14
100124,Vivaan Das,Male,21,Jaipur,Rajasthan,2022-12-14
100125,Ananya Verma,Male,43,Ahmedabad,Gujarat,2022-04-02
100126,Riya Singh,Male,18,Bengaluru,Karnataka,2022-01-21
100127,Aman Reddy,Female,28,Mumbai,Maharashtra,2022-07-31
100128,Isha Singh,Female,18,Pune,Maharashtra,2022-12-18
100129,Kavya Gupta,Male,25,Bengaluru,Karnataka,2022-04-06
100130,Meera Malhotra,Female,28,Bengaluru,Karnataka,2022-12-06
100131,Isha Singh,Male,44,Coimbatore,Tamil Nadu,2023-01-17
100132,Isha Iyer,Male,36,Pune,Maharashtra,2022-06-09
100133,Sneha Singh,Male,25,Surat,Gujarat,2024-01-31
100134,Arjun Verma,Male,42,Mumbai,Maharashtra,2023-09-05
100135,Sneha Kumar,Female,32,Chandigarh,Chandigarh,2023-05-03
100136,Sneha Mehta,Male,32,Noida,Uttar Pradesh,2022-03-08
100137,Neha Das,Female,21,Noida,Uttar Pradesh,2023-07-27
100138,Vivaan Reddy,Female,23,Hyderabad,Telangana,2023-06-15
100139,Arjun Sharma,Male,25,Pune,Maharashtra,2022-03-12
100140,Priya Nair,Female,32,Kolkata,West Bengal,2023-04-07
100141,Ananya Iyer,Female,33,Noida,Uttar Pradesh,2022-12-22
100142,Arjun Singh,Male,46,Surat,Gujarat,2022-11-18
100143,Karan Singh,Female,35,Delhi,Delhi,2023-12-15
100144,Kavya Agarwal,Male,18,Bhopal,Madhya Pradesh,2023-01-30
100145,Rahul Mehta,Male,34,Chandigarh,Chandigarh,2023-05-22
100146,Rohan Patel,Male,19,Kolkata,West Bengal,2023-02-27
100147,Neha Singh,Female,23,Mumbai,Maharashtra,2022-12-21
100148,Aditya Agarwal,Female,25,Gurugram,Haryana,2022-01-14
100149,Kavya Verma,Male,26,Chennai,Tamil Nadu,2022-12-10
100150,Vivaan Reddy,Male,20,Gurugram,Haryana,2023-05-17
100151,Kavya Das,Female,34,Gurugram,Haryana,2024-01-03
100152,Aarav Verma,Male,19,Delhi,Delhi,2022-05-18
100153,Vikram Gupta,Male,35,Kolkata,West Bengal,2022-03-25
100154,Sneha Agarwal,Male,52,Pune,Maharashtra,2022-11-12
100155,Isha Singh,Other,20,Chandigarh,Chandigarh,2024-02-06
100156,Priya Mishra,Male,29,Bengaluru,Karnataka,2023-11-10
100157,Vivaan Gupta,Female,18,Mumbai,Maharashtra,2023-12-06
100158,Priya Sharma,Female,29,Bhopal,Madhya Pradesh,2022-05-02
100159,Priya Patel,Male,38,Mumbai,Maharashtra,2022-08-21
100160,Neha Patel,Female,38,Jaipur,Rajasthan,2023-04-09
100161,Sneha Nair,Male,33,Bengaluru,Karnataka,2023-11-23
100162,Kavya Reddy,Female,40,Chennai,Tamil Nadu,2023-08-04
100163,Isha Gupta,Female,55,Kolkata,West Bengal,2023-11-04
100164,Karan Patel,Female,47,Hyderabad,Telangana,2022-03-10
100165,Karan Sharma,Male,27,Coimbatore,Tamil Nadu,2023-04-08
100166,Meera Nair,Female,19,Mumbai,Maharashtra,2024-04-09
100167,Kavya Sharma,Male,28,Hyderabad,Telangana,2024-10-29
100168,Ananya Sharma,Male,23,Hyderabad,Telangana,2023-08-07
100169,Vivaan Malhotra,Male,36,Kolkata,West Bengal,2023-03-03
100170,Isha Joshi,Female,21,Hyderabad,Telangana,2023-02-01
100171,Riya Gupta,Female,31,Delhi,Delhi,2023-05-18
100172,Vivaan Joshi,Male,40,Chandigarh,Chandigarh,2023-01-30
100173,Aditya Das,Female,31,Hyderabad,Telangana,2022-11-29
100174,Rohan Verma,Male,23,Bengaluru,Karnataka,2023-08-27
100175,Pooja Verma,Female,43,Hyderabad,Telangana,2023-05-20
100176,Vikram Mehta,Male,18,Mumbai,Maharashtra,2024-03-18
100177,Arjun Mishra,Female,29,Delhi,Delhi,2022-12-01
100178,Meera Singh,Male,32,Mumbai,Maharashtra,2024-05-23
100179,Meera Malhotra,Female,32,Mumbai,Maharashtra,2022-09-28
100180,Vivaan Malhotra,Male,34,Mumbai,Maharashtra,2022-01-15
100181,Aditya Mehta,Male,37,Hyderabad,Telangana,2022-02-24
100182,Meera Malhotra,Male,32,Kolkata,West Bengal,2023-12-12
100183,Riya Kumar,Female,29,Kolkata,West Bengal,2023-04-18
100184,Aman Singh,Female,28,Delhi,Delhi,2022-09-08
100185,Ananya Singh,Male,26,Patna,Bihar,2022-09-16
100186,Aman Mehta,Female,39,Gurugram,Haryana,2023-07-06
100187,Rahul Reddy,Female,26,Kochi,Kerala,2023-07-08
100188,Raj Agarwal,Female,40,Bengaluru,Karnataka,2022-07-05
100189,Ananya Mishra,Female,32,Jaipur,Rajasthan,2022-11-28
100190,Aditya Sharma,Male,27,Mumbai,Maharashtra,2022-04-28
100191,Neha Malhotra,Male,38,Gurugram,Haryana,2024-06-28
100192,Meera Verma,Female,25,Mumbai,Maharashtra,2023-11-14
100193,Aditya Joshi,Female,38,Bengaluru,Karnataka,2024-03-15
100194,Karan Joshi,Female,34,Pune,Maharashtra,2023-10-04
100195,Aman Gupta,Male,27,Kolkata,West Bengal,2022-10-02
100196,Aditi Mishra,Male,37,Chennai,Tamil Nadu,2022-04-26
100197,Aditya Mishra,Female,37,Delhi,Delhi,2022-08-30
100198,Vikram Kumar,Female,42,Hyderabad,Telangana,2022-10-20
100199,Raj Gupta,Female,41,Patna,Bihar,2023-05-13
100200,Neha Das,Female,36,Indore,Madhya Pradesh,2024-10-13
100201,Kavya Nair,Female,22,Chennai,Tamil Nadu,2024-04-02
100202,Raj Malhotra,Male,54,Chennai,Tamil Nadu,2023-02-10
100203,Riya Sharma,Male,19,Delhi,Delhi,2022-06-04
100204,Kavya Patel,Female,41,Mumbai,Maharashtra,2024-09-12
100205,Arjun Mishra,Female,36,Bengaluru,Karnataka,2024-07-30
100206,Rahul Patel,Male,21,Pune,Maharashtra,2023-09-25
100207,Arjun Mishra,Male,31,Ahmedabad,Gujarat,2024-02-01
100208,Arjun Nair,Female,31,Pune,Maharashtra,2023-07-24
100209,Kavya Gupta,Male,44,Delhi,Delhi,2022-11-24
100210,Aman Patel,Male,26,Hyderabad,Telangana,2022-05-15
100211,Pooja Singh,Female,30,Mumbai,Maharashtra,2022-01-31
100212,Ananya Singh,Female,18,Ahmedabad,Gujarat,2024-02-26
100213,Aman Joshi,Female,48,Mumbai,Maharashtra,2023-01-09
100214,Isha Patel,Male,22,Pune,Maharashtra,2023-07-04
100215,Vivaan Verma,Female,35,Lucknow,Uttar Pradesh,2022-07-10
100216,Sneha Das,Male,31,Mumbai,Maharashtra,2023-02-21
100217,Aman Sharma,Male,31,Delhi,Delhi,2024-07-06
100218,Aarav Kumar,Female,39,Chennai,Tamil Nadu,2023-12-02
100219,Rahul Reddy,Female,47,Delhi,Delhi,2022-07-20
100220,Aman Gupta,Female,34,Chennai,Tamil Nadu,2022-09-29
100221,Neha Joshi,Female,38,Ahmedabad,Gujarat,2023-01-06
100222,Sneha Joshi,Female,35,Bengaluru,Karnataka,2024-03-21
100223,Aarav Verma,Male,41,Pune,Maharashtra,2024-07-03
100224,Aditya Mishra,Male,28,Patna,Bihar,2022-06-05
100225,Rahul Joshi,Male,42,Pune,Maharashtra,2023-04-15
100226,Vivaan Das,Male,42,Nagpur,Maharashtra,2022-07-24
100227,Aditi Malhotra,Female,42,Mumbai,Maharashtra,2024-09-13
100228,Kavya Gupta,Male,26,Lucknow,Uttar Pradesh,2024-02-02
100229,Sneha Gupta,Female,30,Jaipur,Rajasthan,2023-04-21
100230,Vivaan Patel,Female,34,Indore,Madhya Pradesh,2024-03-31
100231,Aditi Mishra,Female,20,Delhi,Delhi,2022-09-20
100232,Vivaan Mishra,Female,46,Bengaluru,Karnataka,2024-05-17
100233,Aditi Singh,Female,32,Mumbai,Maharashtra,2023-07-16
100234,Vikram Reddy,Female,35,Chandigarh,Chandigarh,2024-08-27
100235,Arjun Kumar,Male,27,Hyderabad,Telangana,2023-10-15
100236,Kavya Mishra,Female,20,Bhopal,Madhya Pradesh,2022-11-06
100237,Sneha Malhotra,Male,27,Bengaluru,Karnataka,2024-11-07
100238,Rahul Mishra,Male,34,Delhi,Delhi,2024-03-27
100239,Vikram Das,Female,38,Bengaluru,Karnataka,2023-05-31
100240,Rohan Iyer,Male,33,Kolkata,West Bengal,2024-02-24
100241,Rohan Mishra,Female,35,Surat,Gujarat,2022-07-30
100242,Sneha Sharma,Female,29,Hyderabad,Telangana,2022-10-18
100243,Rohan Nair,Female,36,Patna,Bihar,2022-02-22
100244,Ananya Iyer,Male,45,Mumbai,Maharashtra,2024-05-21
100245,Sneha Iyer,Male,38,Lucknow,Uttar Pradesh,2022-09-04
100246,Vikram Patel,Female,39,Ahmedabad,Gujarat,2024-07-07
100247,Rohan Iyer,Male,35,Bengaluru,Karnataka,2023-04-14
100248,Arjun Mehta,Female,18,Delhi,Delhi,2022-02-24
100249,Vivaan Das,Female,23,Hyderabad,Telangana,2022-01-10
100250,Isha Singh,Female,36,Delhi,Delhi,2022-11-21
100251,Karan Das,Male,32,Bhopal,Madhya Pradesh,2024-12-27
100252,Neha Kumar,Male,36,Kochi,Kerala,2023-07-05
100253,Raj Das,Female,47,Ahmedabad,Gujarat,2023-10-08
100254,Vikram Singh,Male,39,Lucknow,Uttar Pradesh,2022-10-09
100255,Aarav Reddy,Male,43,Mumbai,Maharashtra,2023-07-08
100256,Karan Mehta,Female,33,Delhi,Delhi,2022-05-06
100257,Ananya Patel,Female,25,Noida,Uttar Pradesh,2023-01-27
100258,Aditya Iyer,Female,31,Chennai,Tamil Nadu,2022-12-07
100259,Aman Kumar,Female,25,Jaipur,Rajasthan,2022-08-05
100260,Riya Mehta,Male,46,Noida,Uttar Pradesh,2022-05-09
100261,Kavya Kumar,Female,39,Hyderabad,Telangana,2023-12-26
100262,Aarav Verma,Other,37,Mumbai,Maharashtra,2023-04-17
100263,Aman Gupta,Male,43,Noida,Uttar Pradesh,2023-11-11
100264,Meera Patel,Female,18,Pune,Maharashtra,2023-12-28
100265,Vivaan Verma,Female,37,Gurugram,Haryana,2022-01-21
100266,Pooja Mehta,Female,20,Hyderabad,Telangana,2023-10-13
100267,Aditi Nair,Female,32,Mumbai,Maharashtra,2022-07-12
100268,Ananya Mehta,Female,29,Mumbai,Maharashtra,2023-07-09
100269,Pooja Joshi,Male,38,Ahmedabad,Gujarat,2023-03-06
100270,Arjun Mehta,Male,34,Chennai,Tamil Nadu,2022-10-13
100271,Meera Singh,Female,44,Hyderabad,Telangana,2022-07-25
100272,Aman Sharma,Female,27,Pune,Maharashtra,2022-08-04
100273,Sneha Sharma,Female,38,Chennai,Tamil Nadu,2023-09-06
100274,Riya Mishra,Female,33,Mumbai,Maharashtra,2023-05-02
100275,Kavya Reddy,Female,18,Hyderabad,Telangana,2022-04-12
100276,Karan Kumar,Female,24,Bengaluru,Karnataka,2024-11-25
100277,Sneha Verma,Female,31,Hyderabad,Telangana,2024-06-23
100278,Ananya Malhotra,Female,42,Pune,Maharashtra,2024-09-20
100279,Ananya Reddy,Female,36,Mumbai,Maharashtra,2024-08-02
100280,Arjun Nair,Female,21,Hyderabad,Telangana,2022-10-14
100281,Raj Joshi,Female,31,Hyderabad,Telangana,2023-06-19
100282,Raj Reddy,Male,50,Bengaluru,Karnataka,2024-08-12
100283,Sneha Kumar,Male,33,Nagpur,Maharashtra,2022-09-17
100284,Priya Nair,Male,29,Delhi,Delhi,2024-02-06
100285,Raj Joshi,Female,36,Kolkata,West Bengal,2023-05-30
100286,Rahul Singh,Male,39,Mumbai,Maharashtra,2022-09-26
100287,Sneha Reddy,Male,28,Gurugram,Haryana,2022-11-11
100288,Priya Reddy,Female,37,Patna,Bihar,2022-07-11
100289,Rohan Malhotra,Male,29,Hyderabad,Telangana,2024-10-24
100290,Meera Patel,Female,38,Gurugram,Haryana,2023-04-29
100291,Priya Joshi,Male,34,Mumbai,Maharashtra,2023-06-05
100292,Aarav Patel,Male,36,Mumbai,Maharashtra,2023-10-21
100293,Raj Singh,Female,25,Bengaluru,Karnataka,2022-08-13
100294,Sneha Iyer,Male,25,Bengaluru,Karnataka,2023-01-05
100295,Meera Malhotra,Male,41,Hyderabad,Telangana,2022-01-16
100296,Ananya Agarwal,Female,31,Hyderabad,Telangana,2023-09-12
100297,Neha Agarwal,Female,35,Hyderabad,Telangana,2024-09-16
100298,Karan Joshi,Male,29,Lucknow,Uttar Pradesh,2024-10-05
100299,Isha Iyer,Female,40,Mumbai,Maharashtra,2022-03-26
100300,Rohan Reddy,Male,27,Delhi,Delhi,2024-06-02
100301,Aditya Patel,Male,31,Pune,Maharashtra,2024-10-06
100302,Riya Reddy,Female,39,Hyderabad,Telangana,2024-02-22
100303,Pooja Kumar,Female,43,Delhi,Delhi,2023-02-11
100304,Aditya Das,Female,27,Mumbai,Maharashtra,2023-03-04
100305,Vikram Reddy,Female,50,Pune,Maharashtra,2023-04-26
100306,Raj Singh,Female,35,Mumbai,Maharashtra,2022-12-15
100307,Karan Gupta,Female,23,Indore,Madhya Pradesh,2024-05-30
100308,Aarav Sharma,Male,35,Mumbai,Maharashtra,2023-12-27
100309,Vikram Agarwal,Female,29,Delhi,Delhi,2022-07-15
100310,Pooja Das,Male,36,Hyderabad,Telangana,2024-01-04
100311,Aditya Agarwal,Male,32,Nagpur,Maharashtra,2022-04-28
100312,Sneha Mishra,Male,33,Kolkata,West Bengal,2022-12-06
100313,Meera Singh,Male,24,Bengaluru,Karnataka,2023-11-28
100314,Priya Agarwal,Female,41,Delhi,Delhi,2024-08-14
100315,Priya Singh,Female,22,Pune,Maharashtra,2023-08-17
100316,Rahul Reddy,Female,22,Mumbai,Maharashtra,2024-06-06
100317,Aarav Mishra,Male,35,Jaipur,Rajasthan,2023-07-18
100318,Arjun Iyer,Male,46,Chennai,Tamil Nadu,2022-04-28
100319,Sneha Singh,Male,29,Bengaluru,Karnataka,2024-11-30
100320,Rohan Iyer,Male,38,Delhi,Delhi,2023-11-15
100321,Riya Agarwal,Female,42,Ahmedabad,Gujarat,2024-10-28
100322,Vivaan Joshi,Female,39,Chennai,Tamil Nadu,2024-01-06
100323,Vikram Mishra,Female,29,Gurugram,Haryana,2024-12-15
100324,Arjun Agarwal,Male,22,Bengaluru,Karnataka,2024-12-22
100325,Rahul Iyer,Female,18,Jaipur,Rajasthan,2023-01-29
100326,Neha Reddy,Female,30,Delhi,Delhi,2022-12-18
100327,Riya Joshi,Female,43,Bengaluru,Karnataka,2023-10-19
100328,Pooja Kumar,Female,22,Jaipur,Rajasthan,2024-06-14
100329,Neha Malhotra,Male,38,Gurugram,Haryana,2024-09-05
100330,Riya Mehta,Male,23,Bengaluru,Karnataka,2022-10-04
100331,Kavya Agarwal,Male,33,Noida,Uttar Pradesh,2024-04-08
100332,Rohan Nair,Female,38,Jaipur,Rajasthan,2022-12-19
100333,Isha Agarwal,Male,26,Bengaluru,Karnataka,2022-02-06
100334,Aman Iyer,Male,34,Indore,Madhya Pradesh,2024-11-06
100335,Vikram Das,Male,28,Pune,Maharashtra,2023-06-30
100336,Aman Iyer,Male,38,Jaipur,Rajasthan,2024-03-25
100337,Riya Agarwal,Female,34,Pune,Maharashtra,2024-09-14
100338,Vikram Patel,Female,33,Pune,Maharashtra,2022-09-14
100339,Neha Verma,Male,46,Surat,Gujarat,2022-12-11
100340,Raj Singh,Male,38,Bengaluru,Karnataka,2024-01-13
100341,Aman Kumar,Female,26,Delhi,Delhi,2023-09-17
100342,Ananya Mishra,Male,31,Indore,Madhya Pradesh,2023-03-20
100343,Kavya Verma,Male,31,Gurugram,Haryana,2023-10-16
100344,Rahul Gupta,Male,33,Hyderabad,Telangana,2024-02-04
100345,Vikram Mehta,Male,55,Mumbai,Maharashtra,2022-06-14
100346,Rahul Nair,Female,35,Jaipur,Rajasthan,2024-03-13
100347,Karan Verma,Female,18,Delhi,Delhi,2022-12-12
100348,Sneha Mehta,Male,27,Hyderabad,Telangana,2022-11-22
100349,Ananya Joshi,Male,18,Delhi,Delhi,2022-12-20
100350,Neha Mehta,Female,29,Kolkata,West Bengal,2023-01-11
100351,Vivaan Singh,Female,18,Delhi,Delhi,2023-12-19
100352,Sneha Mehta,Female,24,Kolkata,West Bengal,2022-01-18
100353,Meera Nair,Female,18,Jaipur,Rajasthan,2022-08-06
100354,Aarav Das,Male,35,Pune,Maharashtra,2024-12-28
100355,Meera Mehta,Male,32,Mumbai,Maharashtra,2023-01-11
100356,Isha Sharma,Female,35,Delhi,Delhi,2023-12-24
100357,Aditi Patel,Male,31,Bengaluru,Karnataka,2024-04-10
100358,Priya Das,Female,19,Pune,Maharashtra,2022-12-11
100359,Sneha Joshi,Female,37,Kolkata,West Bengal,2023-09-07
100360,Kavya Iyer,Female,49,Delhi,Delhi,2024-07-04
100361,Pooja Mishra,Male,36,Lucknow,Uttar Pradesh,2022-12-19
100362,Vikram Agarwal,Female,28,Lucknow,Uttar Pradesh,2024-04-22
100363,Vikram Patel,Male,19,Hyderabad,Telangana,2023-01-22
100364,Sneha Agarwal,Female,24,Bengaluru,Karnataka,2023-05-31
100365,Aarav Mehta,Female,36,Gurugram,Haryana,2023-01-05
100366,Ananya Reddy,Male,42,Noida,Uttar Pradesh,2022-01-27
100367,Priya Nair,Female,34,Nagpur,Maharashtra,2022-07-05
100368,Rohan Das,Female,39,Hyderabad,Telangana,2022-12-14
100369,Neha Mishra,Male,38,Bhopal,Madhya Pradesh,2022-11-29
100370,Rahul Malhotra,Male,37,Delhi,Delhi,2023-05-19
100371,Kavya Sharma,Male,26,Hyderabad,Telangana,2023-07-15
100372,Priya Malhotra,Male,34,Pune,Maharashtra,2022-06-28
100373,Meera Reddy,Male,24,Hyderabad,Telangana,2023-08-12
100374,Aarav Verma,Female,32,Kolkata,West Bengal,2022-12-25
100375,Sneha Gupta,Male,35,Mumbai,Maharashtra,2022-01-24
100376,Neha Gupta,Male,47,Surat,Gujarat,2022-01-28
100377,Vivaan Patel,Female,20,Chennai,Tamil Nadu,2024-05-05
100378,Priya Kumar,Male,36,Bhopal,Madhya Pradesh,2024-03-18
100379,Karan Agarwal,Female,45,Delhi,Delhi,2022-12-15
100380,Ananya Kumar,Male,39,Kolkata,West Bengal,2024-06-27
100381,Priya Patel,Male,39,Hyderabad,Telangana,2022-03-23
100382,Sneha Patel,Female,37,Pune,Maharashtra,2022-10-03
100383,Aditya Agarwal,Female,44,Ahmedabad,Gujarat,2024-04-19
100384,Aarav Nair,Female,22,Mumbai,Maharashtra,2024-03-27
100385,Kavya Sharma,Female,20,Mumbai,Maharashtra,2022-01-01
100386,Aditi Singh,Female,32,Lucknow,Uttar Pradesh,2023-06-22
100387,Aditya Iyer,Male,18,Pune,Maharashtra,2023-12-03
100388,Vivaan Iyer,Male,43,Mumbai,Maharashtra,2022-04-18
100389,Aarav Singh,Female,43,Pune,Maharashtra,2024-01-10
100390,Karan Das,Female,28,Pune,Maharashtra,2024-05-31
100391,Aarav Malhotra,Other,29,Lucknow,Uttar Pradesh,2023-02-02
100392,Rahul Singh,Male,31,Delhi,Delhi,2023-01-15
100393,Rahul Agarwal,Male,32,Chennai,Tamil Nadu,2022-05-17
100394,Arjun Malhotra,Female,33,Kolkata,West Bengal,2024-09-04
100395,Karan Agarwal,Male,37,Ahmedabad,Gujarat,2023-08-07
100396,Aman Iyer,Female,30,Indore,Madhya Pradesh,2022-03-22
100397,Aditi Gupta,Female,40,Hyderabad,Telangana,2022-02-08
100398,Pooja Malhotra,Male,36,Bengaluru,Karnataka,2023-04-20
100399,Arjun Iyer,Female,27,Delhi,Delhi,2022-06-03
100400,Rohan Patel,Female,44,Bengaluru,Karnataka,2022-04-13
100401,Arjun Malhotra,Male,20,Delhi,Delhi,2022-06-22
100402,Aarav Mishra,Female,31,Noida,Uttar Pradesh,2023-03-26
100403,Raj Malhotra,Female,41,Noida,Uttar Pradesh,2023-05-19
100404,Priya Mehta,Female,25,Hyderabad,Telangana,2024-01-30
100405,Karan Verma,Male,35,Bengaluru,Karnataka,2023-02-16
100406,Meera Nair,Female,37,Delhi,Delhi,2022-12-30
100407,Vikram Verma,Male,24,Surat,Gujarat,2022-10-03
100408,Raj Das,Male,31,Indore,Madhya Pradesh,2022-11-25
100409,Pooja Iyer,Female,31,Bengaluru,Karnataka,2023-09-03
100410,Arjun Iyer,Male,27,Kolkata,West Bengal,2024-08-07
100411,Meera Iyer,Male,53,Bengaluru,Karnataka,2022-07-11
100412,Vivaan Kumar,Female,25,Mumbai,Maharashtra,2022-06-27
100413,Kavya Mehta,Female,41,Delhi,Delhi,2023-04-01
100414,Aditi Verma,Female,28,Chennai,Tamil Nadu,2024-02-22
100415,Riya Reddy,Female,22,Mumbai,Maharashtra,2022-01-12
100416,Ananya Sharma,Male,33,Delhi,Delhi,2022-04-06
100417,Sneha Das,Male,38,Delhi,Delhi,2024-05-09
100418,Isha Verma,Male,40,Bengaluru,Karnataka,2022-02-13
100419,Sneha Kumar,Female,46,Jaipur,Rajasthan,2024-12-19
100420,Neha Nair,Female,59,Mumbai,Maharashtra,2022-10-22
100421,Rahul Mehta,Female,34,Indore,Madhya Pradesh,2024-08-02
100422,Rohan Nair,Female,26,Bengaluru,Karnataka,2024-09-22
100423,Riya Reddy,Male,36,Bengaluru,Karnataka,2022-03-18
100424,Aman Malhotra,Female,30,Mumbai,Maharashtra,2023-10-19
100425,Kavya Iyer,Male,40,Bengaluru,Karnataka,2024-03-30
100426,Isha Agarwal,Female,20,Delhi,Delhi,2023-07-30
100427,Sneha Das,Male,53,Bengaluru,Karnataka,2024-03-30
100428,Meera Patel,Female,40,Surat,Gujarat,2022-08-16
100429,Ananya Das,Male,18,Lucknow,Uttar Pradesh,2024-05-06
100430,Vikram Das,Male,26,Indore,Madhya Pradesh,2022-04-23
100431,Aditya Patel,Male,39,Delhi,Delhi,2024-08-28
100432,Neha Singh,Female,43,Pune,Maharashtra,2024-06-11
100433,Neha Malhotra,Female,21,Mumbai,Maharashtra,2022-09-23
100434,Pooja Reddy,Male,38,Lucknow,Uttar Pradesh,2024-03-11
100435,Priya Kumar,Male,18,Coimbatore,Tamil Nadu,2023-07-31
100436,Aarav Agarwal,Female,31,Gurugram,Haryana,2023-03-24
100437,Ananya Gupta,Male,42,Delhi,Delhi,2024-12-12
100438,Isha Singh,Female,27,Bengaluru,Karnataka,2023-12-26
100439,Aditi Iyer,Female,18,Delhi,Delhi,2022-01-22
100440,Aman Kumar,Male,33,Delhi,Delhi,2022-01-31
100441,Aman Mishra,Male,27,Delhi,Delhi,2023-10-29
100442,Pooja Nair,Other,38,Bengaluru,Karnataka,2023-04-13
100443,Aman Joshi,Male,24,Bengaluru,Karnataka,2024-08-06
100444,Aarav Joshi,Male,25,Hyderabad,Telangana,2022-12-22
100445,Karan Verma,Female,18,Hyderabad,Telangana,2023-02-14
100446,Vikram Nair,Female,34,Ahmedabad,Gujarat,2023-07-10
100447,Sneha Agarwal,Other,31,Mumbai,Maharashtra,2024-05-17
100448,Kavya Iyer,Female,21,Mumbai,Maharashtra,2022-07-04
100449,Vikram Nair,Male,34,Kolkata,West Bengal,2024-06-29
100450,Isha Reddy,Male,41,Chennai,Tamil Nadu,2024-05-21
100451,Isha Agarwal,Female,30,Mumbai,Maharashtra,2022-10-28
100452,Aarav Verma,Female,34,Surat,Gujarat,2023-04-02
100453,Raj Singh,Male,34,Bengaluru,Karnataka,2022-08-16
100454,Priya Nair,Female,21,Hyderabad,Telangana,2023-02-26
100455,Vikram Patel,Male,51,Hyderabad,Telangana,2023-02-10
100456,Meera Kumar,Female,28,Bengaluru,Karnataka,2024-04-20
100457,Isha Joshi,Male,38,Chennai,Tamil Nadu,2022-08-23
100458,Riya Kumar,Male,39,Hyderabad,Telangana,2022-01-26
100459,Sneha Nair,Male,31,Bengaluru,Karnataka,2023-06-15
100460,Kavya Kumar,Male,37,Bhopal,Madhya Pradesh,2023-08-03
100461,Aditi Nair,Male,34,Bengaluru,Karnataka,2022-07-10
100462,Neha Patel,Female,19,Lucknow,Uttar Pradesh,2024-06-10
100463,Raj Patel,Female,29,Bengaluru,Karnataka,2023-09-06
100464,Vikram Verma,Female,26,Hyderabad,Telangana,2022-10-09
100465,Karan Kumar,Female,28,Mumbai,Maharashtra,2023-02-14
100466,Arjun Nair,Male,20,Ahmedabad,Gujarat,2022-07-23
100467,Kavya Iyer,Male,42,Ahmedabad,Gujarat,2024-03-07
100468,Rohan Singh,Female,46,Delhi,Delhi,2023-12-16
100469,Karan Nair,Male,41,Delhi,Delhi,2023-07-20
100470,Isha Patel,Female,43,Patna,Bihar,2023-08-13
100471,Meera Iyer,Male,29,Indore,Madhya Pradesh,2022-08-27
100472,Riya Malhotra,Female,26,Pune,Maharashtra,2023-02-07
100473,Raj Verma,Male,25,Pune,Maharashtra,2024-07-30
100474,Karan Patel,Female,38,Gurugram,Haryana,2023-01-01
100475,Vikram Kumar,Female,34,Mumbai,Maharashtra,2024-08-08
100476,Rohan Patel,Other,31,Jaipur,Rajasthan,2024-08-20
100477,Aarav Nair,Male,44,Pune,Maharashtra,2024-03-06
100478,Kavya Gupta,Female,36,Ahmedabad,Gujarat,2024-12-07
100479,Aman Sharma,Female,24,Delhi,Delhi,2024-01-12
100480,Vivaan Joshi,Female,26,Kolkata,West Bengal,2024-09-03
100481,Raj Nair,Female,38,Chennai,Tamil Nadu,2024-05-10
100482,Rahul Reddy,Female,41,Gurugram,Haryana,2022-03-06
100483,Isha Verma,Male,37,Jaipur,Rajasthan,2024-05-14
100484,Aarav Malhotra,Female,49,Indore,Madhya Pradesh,2023-03-03
100485,Raj Agarwal,Female,47,Indore,Madhya Pradesh,2023-05-30
100486,Isha Agarwal,Female,36,Hyderabad,Telangana,2023-08-22
100487,Ananya Gupta,Male,24,Mumbai,Maharashtra,2023-01-04
100488,Vivaan Patel,Male,20,Kolkata,West Bengal,2022-04-03
100489,Isha Verma,Female,29,Indore,Madhya Pradesh,2023-07-23
100490,Aditya Mehta,Female,39,Delhi,Delhi,2024-05-27
100491,Isha Verma,Male,48,Chennai,Tamil Nadu,2022-05-23
100492,Meera Reddy,Female,36,Delhi,Delhi,2024-08-27
100493,Vivaan Gupta,Male,43,Delhi,Delhi,2023-11-03
100494,Rahul Iyer,Male,30,Jaipur,Rajasthan,2023-11-28
100495,Meera Patel,Male,38,Jaipur,Rajasthan,2022-07-24
100496,Aditya Singh,Male,39,Kolkata,West Bengal,2024-11-13
100497,Arjun Joshi,Female,18,Surat,Gujarat,2024-06-22
100498,Sneha Malhotra,Male,28,Delhi,Delhi,2022-02-10
100499,Pooja Iyer,Female,41,Delhi,Delhi,2022-06-27
100500,Pooja Singh,Other,34,Surat,Gujarat,2024-10-09
100501,Riya Mehta,Female,21,Pune,Maharashtra,2023-01-22
100502,Neha Mishra,Female,18,Bengaluru,Karnataka,2022-12-20
100503,Neha Patel,Male,29,Ahmedabad,Gujarat,2023-09-06
100504,Meera Mehta,Female,31,Indore,Madhya Pradesh,2023-01-10
100505,Raj Malhotra,Female,24,Lucknow,Uttar Pradesh,2022-03-26
100506,Pooja Sharma,Male,33,Noida,Uttar Pradesh,2022-12-12
100507,Pooja Nair,Female,37,Bengaluru,Karnataka,2023-08-11
100508,Arjun Iyer,Female,38,Bengaluru,Karnataka,2023-03-25
100509,Karan Reddy,Female,18,Surat,Gujarat,2024-06-30
100510,Karan Patel,Female,20,Kolkata,West Bengal,2023-09-23
100511,Aditya Gupta,Female,29,Mumbai,Maharashtra,2023-07-01
100512,Vikram Gupta,Male,37,Chennai,Tamil Nadu,2023-07-02
100513,Kavya Verma,Female,36,Jaipur,Rajasthan,2022-06-09
100514,Rohan Sharma,Female,36,Mumbai,Maharashtra,2024-10-13
100515,Sneha Agarwal,Male,29,Jaipur,Rajasthan,2022-12-11
100516,Pooja Agarwal,Male,29,Delhi,Delhi,2023-03-25
100517,Raj Sharma,Male,25,Bengaluru,Karnataka,2023-07-05
100518,Vikram Patel,Female,39,Jaipur,Rajasthan,2023-12-09
100519,Raj Nair,Other,24,Mumbai,Maharashtra,2024-05-27
100520,Neha Verma,Male,40,Mumbai,Maharashtra,2023-11-18
100521,Vikram Mishra,Female,34,Indore,Madhya Pradesh,2023-02-07
100522,Aman Iyer,Male,32,Jaipur,Rajasthan,2024-10-23
100523,Meera Reddy,Female,26,Pune,Maharashtra,2024-03-07
100524,Karan Mehta,Female,20,Mumbai,Maharashtra,2023-06-08
100525,Arjun Joshi,Female,26,Bengaluru,Karnataka,2024-07-07
100526,Vikram Reddy,Male,29,Chennai,Tamil Nadu,2022-01-23
100527,Rahul Mishra,Male,18,Mumbai,Maharashtra,2022-12-05
100528,Aman Das,Male,30,Pune,Maharashtra,2024-01-06
100529,Rahul Verma,Male,40,Hyderabad,Telangana,2023-08-24
100530,Vivaan Gupta,Female,37,Pune,Maharashtra,2024-01-28
100531,Raj Malhotra,Female,28,Delhi,Delhi,2023-04-07
100532,Meera Mishra,Other,32,Delhi,Delhi,2024-02-15
100533,Raj Agarwal,Other,27,Kochi,Kerala,2022-10-08
100534,Arjun Agarwal,Female,33,Coimbatore,Tamil Nadu,2024-05-06
100535,Raj Nair,Female,46,Hyderabad,Telangana,2022-03-26
100536,Priya Patel,Female,41,Noida,Uttar Pradesh,2023-07-30
100537,Riya Joshi,Female,37,Jaipur,Rajasthan,2024-08-15
100538,Isha Agarwal,Male,28,Delhi,Delhi,2022-12-21
100539,Aditya Malhotra,Male,39,Bengaluru,Karnataka,2023-02-10
100540,Vivaan Mishra,Male,18,Bengaluru,Karnataka,2024-11-22
100541,Sneha Nair,Female,30,Kolkata,West Bengal,2024-06-07
100542,Ananya Malhotra,Female,37,Chennai,Tamil Nadu,2023-06-30
100543,Aman Sharma,Male,39,Patna,Bihar,2022-05-10
100544,Aditya Singh,Female,38,Noida,Uttar Pradesh,2022-01-25
100545,Meera Malhotra,Female,35,Surat,Gujarat,2022-01-07
100546,Aarav Iyer,Male,30,Indore,Madhya Pradesh,2023-11-26
100547,Aman Malhotra,Male,37,Noida,Uttar Pradesh,2023-04-11
100548,Vivaan Iyer,Female,23,Bengaluru,Karnataka,2024-10-22
100549,Rohan Agarwal,Female,24,Mumbai,Maharashtra,2023-11-22
100550,Riya Reddy,Female,33,Chennai,Tamil Nadu,2023-10-03
100551,Neha Mishra,Female,34,Lucknow,Uttar Pradesh,2024-09-13
100552,Aman Gupta,Female,18,Hyderabad,Telangana,2023-07-03
100553,Meera Mehta,Female,36,Surat,Gujarat,2022-12-24
100554,Isha Verma,Female,39,Kochi,Kerala,2022-07-07
100555,Isha Kumar,Female,31,Chennai,Tamil Nadu,2024-03-11
100556,Sneha Kumar,Male,53,Pune,Maharashtra,2023-07-25
100557,Ananya Reddy,Male,26,Gurugram,Haryana,2023-04-26
100558,Arjun Das,Male,29,Delhi,Delhi,2023-10-20
100559,Rohan Kumar,Female,28,Delhi,Delhi,2022-02-02
100560,Sneha Nair,Female,31,Surat,Gujarat,2022-03-08
100561,Isha Patel,Female,29,Ahmedabad,Gujarat,2023-03-28
100562,Priya Das,Male,19,Hyderabad,Telangana,2024-09-03
100563,Kavya Sharma,Male,27,Indore,Madhya Pradesh,2024-12-28
100564,Neha Verma,Male,31,Bengaluru,Karnataka,2022-06-09
100565,Ananya Patel,Male,43,Kolkata,West Bengal,2023-06-21
100566,Ananya Verma,Female,52,Kolkata,West Bengal,2024-05-25
100567,Priya Das,Male,44,Mumbai,Maharashtra,2022-04-13
100568,Riya Das,Male,25,Bengaluru,Karnataka,2023-09-17
100569,Aarav Reddy,Female,26,Patna,Bihar,2024-09-27
100570,Kavya Agarwal,Male,31,Mumbai,Maharashtra,2024-04-20
100571,Sneha Sharma,Female,48,Mumbai,Maharashtra,2022-07-12
100572,Karan Joshi,Female,31,Pune,Maharashtra,2023-08-25
100573,Aditi Malhotra,Male,20,Delhi,Delhi,2023-03-31
100574,Isha Reddy,Female,27,Indore,Madhya Pradesh,2024-07-22
100575,Neha Iyer,Female,39,Delhi,Delhi,2024-10-31
100576,Vivaan Singh,Female,38,Kolkata,West Bengal,2024-12-06
100577,Aman Joshi,Male,30,Bengaluru,Karnataka,2023-06-21
100578,Rahul Mishra,Female,38,Noida,Uttar Pradesh,2023-07-19
100579,Raj Agarwal,Female,18,Chennai,Tamil Nadu,2023-03-11
100580,Isha Verma,Male,33,Hyderabad,Telangana,2024-07-25
100581,Aarav Reddy,Male,40,Nagpur,Maharashtra,2022-04-15
100582,Pooja Iyer,Other,25,Delhi,Delhi,2024-03-22
100583,Vikram Nair,Female,24,Chennai,Tamil Nadu,2024-02-08
100584,Rohan Patel,Male,18,Nagpur,Maharashtra,2022-06-18
100585,Kavya Sharma,Female,46,Lucknow,Uttar Pradesh,2024-07-13
100586,Kavya Mehta,Male,26,Ahmedabad,Gujarat,2023-12-21
100587,Aditya Singh,Male,34,Delhi,Delhi,2024-05-01
100588,Arjun Agarwal,Male,37,Delhi,Delhi,2023-06-10
100589,Arjun Reddy,Male,46,Delhi,Delhi,2024-04-28
100590,Rahul Agarwal,Male,31,Nagpur,Maharashtra,2024-08-15
100591,Raj Joshi,Male,27,Coimbatore,Tamil Nadu,2022-09-27
100592,Aman Mehta,Female,34,Bengaluru,Karnataka,2024-03-05
100593,Isha Agarwal,Male,44,Bengaluru,Karnataka,2023-04-24
100594,Vikram Agarwal,Male,30,Mumbai,Maharashtra,2024-04-07
100595,Kavya Gupta,Female,23,Bengaluru,Karnataka,2022-05-18
100596,Priya Singh,Male,18,Hyderabad,Telangana,2024-01-24
100597,Pooja Joshi,Female,21,Ahmedabad,Gujarat,2023-09-01
100598,Rahul Das,Male,40,Surat,Gujarat,2022-06-28
100599,Aditya Patel,Male,29,Ahmedabad,Gujarat,2024-11-29
100600,Sneha Kumar,Male,27,Jaipur,Rajasthan,2024-02-03
100601,Riya Patel,Male,26,Ahmedabad,Gujarat,2024-11-25
100602,Aarav Patel,Male,33,Ahmedabad,Gujarat,2022-03-10
100603,Raj Das,Male,30,Pune,Maharashtra,2022-05-03
100604,Meera Malhotra,Male,30,Bengaluru,Karnataka,2022-11-02
100605,Isha Das,Male,44,Bengaluru,Karnataka,2024-07-16
100606,Rahul Agarwal,Male,46,Jaipur,Rajasthan,2024-08-31
100607,Kavya Agarwal,Male,18,Kochi,Kerala,2022-12-08
100608,Aditi Kumar,Male,35,Chennai,Tamil Nadu,2022-08-14
100609,Kavya Iyer,Female,25,Bhopal,Madhya Pradesh,2022-01-23
100610,Kavya Mehta,Female,30,Delhi,Delhi,2024-11-24
100611,Neha Mishra,Male,35,Noida,Uttar Pradesh,2023-09-23
100612,Ananya Das,Female,30,Surat,Gujarat,2023-11-17
100613,Karan Nair,Female,34,Kolkata,West Bengal,2022-03-25
100614,Vikram Malhotra,Male,38,Chandigarh,Chandigarh,2024-07-19
100615,Priya Singh,Female,35,Chennai,Tamil Nadu,2024-02-28
100616,Sneha Sharma,Female,26,Mumbai,Maharashtra,2022-02-11
100617,Ananya Nair,Male,26,Mumbai,Maharashtra,2023-08-18
100618,Isha Nair,Male,19,Chennai,Tamil Nadu,2023-04-29
100619,Priya Mehta,Female,24,Bhopal,Madhya Pradesh,2024-01-15
100620,Rahul Agarwal,Female,50,Delhi,Delhi,2024-04-23
100621,Vivaan Gupta,Male,25,Kolkata,West Bengal,2024-05-27
100622,Riya Malhotra,Male,21,Ahmedabad,Gujarat,2022-03-10
100623,Ananya Das,Male,35,Delhi,Delhi,2023-11-23
100624,Arjun Das,Male,31,Delhi,Delhi,2022-03-16
100625,Neha Verma,Female,30,Hyderabad,Telangana,2023-04-12
100626,Riya Mishra,Male,45,Bengaluru,Karnataka,2023-05-23
100627,Neha Sharma,Male,37,Mumbai,Maharashtra,2024-06-28
100628,Rahul Mehta,Female,27,Mumbai,Maharashtra,2023-07-01
100629,Rahul Verma,Male,28,Mumbai,Maharashtra,2024-05-20
100630,Isha Iyer,Male,27,Kolkata,West Bengal,2024-11-08
100631,Aman Kumar,Female,40,Lucknow,Uttar Pradesh,2023-05-19
100632,Pooja Nair,Female,29,Lucknow,Uttar Pradesh,2023-03-09
100633,Priya Reddy,Female,18,Chennai,Tamil Nadu,2022-02-25
100634,Aditya Das,Female,32,Kochi,Kerala,2024-03-22
100635,Ananya Das,Male,18,Indore,Madhya Pradesh,2024-09-16
100636,Kavya Mehta,Male,52,Kochi,Kerala,2024-06-20
100637,Ananya Reddy,Female,23,Hyderabad,Telangana,2023-03-09
100638,Isha Das,Male,31,Indore,Madhya Pradesh,2022-02-15
100639,Kavya Sharma,Male,34,Ahmedabad,Gujarat,2024-04-08
100640,Pooja Verma,Male,29,Bengaluru,Karnataka,2024-08-22
100641,Vikram Reddy,Male,29,Delhi,Delhi,2022-09-04
100642,Raj Singh,Male,36,Jaipur,Rajasthan,2022-10-05
100643,Aditya Mehta,Male,46,Mumbai,Maharashtra,2023-01-10
100644,Arjun Iyer,Male,39,Bengaluru,Karnataka,2023-01-11
100645,Arjun Agarwal,Male,45,Pune,Maharashtra,2024-05-11
100646,Rohan Nair,Female,23,Jaipur,Rajasthan,2024-04-20
100647,Raj Mishra,Female,35,Patna,Bihar,2024-08-31
100648,Aarav Sharma,Female,33,Kolkata,West Bengal,2023-07-30
100649,Ananya Iyer,Female,35,Jaipur,Rajasthan,2022-06-16
100650,Vivaan Patel,Female,44,Bengaluru,Karnataka,2022-02-03
100651,Aditi Kumar,Male,30,Lucknow,Uttar Pradesh,2024-11-14
100652,Sneha Gupta,Female,28,Hyderabad,Telangana,2024-07-14
100653,Vikram Joshi,Female,37,Surat,Gujarat,2024-11-06
100654,Sneha Malhotra,Female,18,Hyderabad,Telangana,2024-11-04
100655,Rohan Gupta,Male,30,Pune,Maharashtra,2024-06-01
100656,Rohan Verma,Male,31,Hyderabad,Telangana,2023-11-05
100657,Pooja Das,Male,24,Gurugram,Haryana,2023-03-23
100658,Priya Malhotra,Male,42,Kochi,Kerala,2024-10-25
100659,Vikram Agarwal,Female,22,Bengaluru,Karnataka,2023-11-06
100660,Meera Gupta,Female,31,Pune,Maharashtra,2022-04-06
100661,Vikram Agarwal,Male,35,Lucknow,Uttar Pradesh,2024-03-04
100662,Aman Agarwal,Other,44,Indore,Madhya Pradesh,2024-08-22
100663,Aman Reddy,Female,32,Pune,Maharashtra,2023-02-25
100664,Aarav Mishra,Male,40,Delhi,Delhi,2024-04-29
100665,Neha Mishra,Male,38,Hyderabad,Telangana,2023-02-23
100666,Raj Reddy,Male,33,Chennai,Tamil Nadu,2023-09-16
100667,Kavya Gupta,Male,22,Hyderabad,Telangana,2022-12-13
100668,Aditya Agarwal,Male,19,Mumbai,Maharashtra,2024-11-20
100669,Aditi Malhotra,Male,33,Delhi,Delhi,2024-10-28
100670,Raj Reddy,Male,27,Lucknow,Uttar Pradesh,2024-09-13
100671,Sneha Nair,Male,40,Nagpur,Maharashtra,2024-03-29
100672,Aman Agarwal,Female,39,Patna,Bihar,2022-02-19
100673,Raj Singh,Male,30,Jaipur,Rajasthan,2023-10-07
100674,Priya Das,Female,22,Gurugram,Haryana,2023-10-23
100675,Isha Verma,Male,37,Bengaluru,Karnataka,2022-02-14
100676,Vikram Mehta,Other,23,Kolkata,West Bengal,2023-09-12
100677,Meera Kumar,Male,25,Delhi,Delhi,2022-10-10
100678,Meera Patel,Male,23,Lucknow,Uttar Pradesh,2022-10-12
100679,Raj Sharma,Female,31,Coimbatore,Tamil Nadu,2022-08-30
100680,Priya Patel,Female,43,Surat,Gujarat,2024-07-21
100681,Aarav Malhotra,Female,32,Chennai,Tamil Nadu,2022-05-01
100682,Vivaan Mishra,Male,28,Noida,Uttar Pradesh,2023-06-22
100683,Pooja Nair,Male,18,Chandigarh,Chandigarh,2024-05-15
100684,Isha Das,Female,37,Mumbai,Maharashtra,2022-06-09
100685,Raj Iyer,Female,25,Noida,Uttar Pradesh,2024-04-02
100686,Vikram Malhotra,Female,33,Bengaluru,Karnataka,2024-06-25
100687,Aditi Singh,Female,29,Indore,Madhya Pradesh,2022-03-02
100688,Karan Malhotra,Male,40,Delhi,Delhi,2024-04-13
100689,Aman Reddy,Female,31,Mumbai,Maharashtra,2024-03-11
100690,Rahul Reddy,Male,31,Lucknow,Uttar Pradesh,2023-02-26
100691,Arjun Mishra,Male,36,Mumbai,Maharashtra,2023-01-18
100692,Vivaan Patel,Male,51,Mumbai,Maharashtra,2022-05-06
100693,Neha Sharma,Female,40,Chennai,Tamil Nadu,2022-05-23
100694,Meera Kumar,Male,31,Gurugram,Haryana,2024-04-03
100695,Rahul Verma,Male,32,Bengaluru,Karnataka,2022-11-30
100696,Raj Kumar,Female,27,Gurugram,Haryana,2022-01-31
100697,Sneha Gupta,Male,23,Noida,Uttar Pradesh,2024-08-29
100698,Karan Gupta,Female,27,Chennai,Tamil Nadu,2023-01-28
100699,Kavya Mishra,Male,25,Jaipur,Rajasthan,2022-12-30
100700,Aditi Joshi,Male,38,Delhi,Delhi,2024-11-08
100701,Riya Mishra,Female,22,Hyderabad,Telangana,2022-06-14
100702,Aman Das,Male,44,Bengaluru,Karnataka,2022-11-24
100703,Rohan Patel,Male,39,Mumbai,Maharashtra,2024-10-01
100704,Isha Iyer,Male,32,Hyderabad,Telangana,2022-09-03
100705,Raj Nair,Male,32,Bengaluru,Karnataka,2022-11-12
100706,Ananya Iyer,Other,27,Lucknow,Uttar Pradesh,2024-05-07
100707,Arjun Agarwal,Male,34,Kolkata,West Bengal,2023-10-24
100708,Aditya Gupta,Female,42,Patna,Bihar,2023-02-22
100709,Vikram Das,Male,26,Mumbai,Maharashtra,2023-04-23
100710,Priya Das,Female,18,Delhi,Delhi,2024-08-07
100711,Kavya Kumar,Female,38,Chennai,Tamil Nadu,2022-07-05
100712,Aditya Iyer,Female,35,Delhi,Delhi,2024-07-26
100713,Priya Sharma,Male,22,Noida,Uttar Pradesh,2022-01-13
100714,Aman Joshi,Male,25,Pune,Maharashtra,2024-12-29
100715,Arjun Agarwal,Male,24,Pune,Maharashtra,2024-05-16
100716,Aditi Reddy,Female,25,Bengaluru,Karnataka,2023-09-23
100717,Aman Malhotra,Female,29,Hyderabad,Telangana,2023-06-22
100718,Priya Das,Female,30,Hyderabad,Telangana,2022-12-18
100719,Aditi Verma,Male,26,Delhi,Delhi,2024-04-09
100720,Vikram Agarwal,Female,25,Delhi,Delhi,2023-08-21
100721,Aarav Malhotra,Female,30,Pune,Maharashtra,2022-11-20
100722,Kavya Kumar,Male,34,Mumbai,Maharashtra,2022-03-03
100723,Pooja Singh,Male,29,Noida,Uttar Pradesh,2023-02-27
100724,Aditya Reddy,Female,42,Bengaluru,Karnataka,2023-04-26
100725,Neha Mishra,Female,37,Delhi,Delhi,2022-06-28
100726,Raj Reddy,Female,18,Mumbai,Maharashtra,2023-05-02
100727,Sneha Verma,Male,37,Bengaluru,Karnataka,2023-11-01
100728,Rahul Sharma,Female,37,Delhi,Delhi,2023-09-12
100729,Vivaan Patel,Male,28,Mumbai,Maharashtra,2022-02-09
100730,Isha Verma,Male,19,Bengaluru,Karnataka,2022-08-20
100731,Arjun Singh,Male,32,Bengaluru,Karnataka,2023-08-02
100732,Kavya Gupta,Female,32,Noida,Uttar Pradesh,2024-01-05
100733,Priya Agarwal,Female,22,Gurugram,Haryana,2024-05-07
100734,Aditi Reddy,Female,19,Mumbai,Maharashtra,2024-07-09
100735,Kavya Mehta,Male,31,Delhi,Delhi,2022-02-24
100736,Meera Nair,Female,30,Kolkata,West Bengal,2024-02-19
100737,Rahul Mishra,Male,28,Noida,Uttar Pradesh,2023-01-03
100738,Sneha Reddy,Female,31,Kochi,Kerala,2022-05-11
100739,Arjun Das,Male,22,Delhi,Delhi,2023-11-28
100740,Isha Malhotra,Male,28,Hyderabad,Telangana,2024-06-18
100741,Sneha Patel,Male,37,Ahmedabad,Gujarat,2023-01-24
100742,Vivaan Nair,Male,29,Gurugram,Haryana,2022-01-05
100743,Aditi Singh,Female,18,Delhi,Delhi,2024-01-24
100744,Neha Agarwal,Female,28,Jaipur,Rajasthan,2023-06-14
100745,Vikram Das,Male,22,Bengaluru,Karnataka,2024-12-22
100746,Aditi Verma,Female,34,Delhi,Delhi,2022-11-29
100747,Aditi Joshi,Male,35,Pune,Maharashtra,2023-07-11
100748,Aditi Sharma,Female,18,Mumbai,Maharashtra,2023-04-21
100749,Priya Patel,Female,39,Ahmedabad,Gujarat,2024-11-15
100750,Karan Verma,Female,22,Ahmedabad,Gujarat,2023-07-24
100751,Neha Verma,Male,46,Gurugram,Haryana,2023-05-18
100752,Karan Reddy,Female,32,Hyderabad,Telangana,2022-04-22
100753,Pooja Sharma,Female,21,Delhi,Delhi,2022-10-28
100754,Vivaan Iyer,Male,22,Bengaluru,Karnataka,2022-06-04
100755,Ananya Singh,Male,35,Pune,Maharashtra,2024-08-12
100756,Rahul Iyer,Female,28,Lucknow,Uttar Pradesh,2022-08-17
100757,Meera Singh,Female,31,Hyderabad,Telangana,2024-04-28
100758,Aditya Das,Female,47,Chennai,Tamil Nadu,2024-08-23
100759,Kavya Singh,Female,26,Chennai,Tamil Nadu,2024-10-25
100760,Meera Singh,Female,33,Mumbai,Maharashtra,2022-01-12
100761,Vikram Kumar,Male,45,Kolkata,West Bengal,2024-03-02
100762,Rahul Iyer,Male,34,Hyderabad,Telangana,2024-02-11
100763,Pooja Sharma,Male,18,Noida,Uttar Pradesh,2023-07-10
100764,Aman Das,Female,37,Lucknow,Uttar Pradesh,2023-03-31
100765,Rahul Gupta,Male,22,Delhi,Delhi,2022-08-22
100766,Kavya Patel,Female,45,Pune,Maharashtra,2023-12-05
100767,Rohan Verma,Female,25,Lucknow,Uttar Pradesh,2024-12-16
100768,Aarav Gupta,Female,59,Delhi,Delhi,2022-04-17
100769,Aarav Kumar,Male,45,Noida,Uttar Pradesh,2022-07-30
100770,Vikram Malhotra,Female,25,Mumbai,Maharashtra,2024-02-17
100771,Ananya Sharma,Male,32,Pune,Maharashtra,2023-06-02
100772,Rohan Patel,Female,39,Chandigarh,Chandigarh,2022-10-18
100773,Vivaan Gupta,Male,39,Chennai,Tamil Nadu,2024-11-12
100774,Sneha Joshi,Male,36,Hyderabad,Telangana,2022-07-10
100775,Arjun Nair,Female,43,Delhi,Delhi,2023-11-04
100776,Aditya Agarwal,Male,31,Mumbai,Maharashtra,2022-01-04
100777,Neha Iyer,Male,29,Chennai,Tamil Nadu,2023-02-14
100778,Aditi Joshi,Female,29,Pune,Maharashtra,2024-07-08
100779,Meera Verma,Female,40,Bengaluru,Karnataka,2022-04-05
100780,Neha Joshi,Female,35,Patna,Bihar,2022-08-23
100781,Vikram Malhotra,Female,35,Bengaluru,Karnataka,2024-09-01
100782,Vivaan Nair,Female,39,Chennai,Tamil Nadu,2022-04-22
100783,Riya Patel,Male,18,Chennai,Tamil Nadu,2022-11-16
100784,Neha Reddy,Male,35,Chennai,Tamil Nadu,2024-04-24
100785,Aarav Sharma,Male,34,Pune,Maharashtra,2023-09-04
100786,Isha Das,Female,47,Bengaluru,Karnataka,2022-03-29
100787,Priya Mehta,Female,18,Bhopal,Madhya Pradesh,2024-07-02
100788,Arjun Agarwal,Male,46,Hyderabad,Telangana,2022-04-09
100789,Neha Verma,Male,33,Chennai,Tamil Nadu,2023-02-21
100790,Aditya Kumar,Female,36,Jaipur,Rajasthan,2022-03-05
100791,Pooja Gupta,Male,47,Delhi,Delhi,2024-11-16
100792,Aditya Gupta,Female,37,Noida,Uttar Pradesh,2022-03-06
100793,Aman Malhotra,Female,36,Pune,Maharashtra,2024-11-26
100794,Meera Joshi,Female,34,Jaipur,Rajasthan,2022-05-15
100795,Ananya Mehta,Male,28,Ahmedabad,Gujarat,2024-07-19
100796,Pooja Joshi,Female,32,Indore,Madhya Pradesh,2022-11-23
100797,Raj Agarwal,Female,26,Hyderabad,Telangana,2024-04-03
100798,Riya Malhotra,Female,32,Gurugram,Haryana,2022-11-04
100799,Sneha Verma,Female,18,Bengaluru,Karnataka,2024-12-18
100800,Arjun Das,Female,36,Jaipur,Rajasthan,2022-12-06
100801,Kavya Nair,Female,31,Delhi,Delhi,2024-04-29
100802,Karan Mehta,Male,29,Delhi,Delhi,2022-12-23
100803,Neha Mishra,Female,34,Delhi,Delhi,2023-08-30
100804,Vikram Mehta,Female,19,Bengaluru,Karnataka,2023-09-05
100805,Ananya Das,Male,49,Delhi,Delhi,2024-12-14
100806,Neha Mehta,Female,31,Kolkata,West Bengal,2023-10-31
100807,Sneha Nair,Female,31,Bengaluru,Karnataka,2022-03-03
100808,Arjun Kumar,Female,23,Ahmedabad,Gujarat,2022-02-09
100809,Sneha Kumar,Male,32,Delhi,Delhi,2024-07-26
100810,Aman Kumar,Male,44,Mumbai,Maharashtra,2022-10-29
100811,Rahul Reddy,Other,41,Hyderabad,Telangana,2024-11-23
100812,Isha Verma,Female,40,Hyderabad,Telangana,2024-11-05
100813,Aditya Das,Male,37,Mumbai,Maharashtra,2023-11-26
100814,Aditya Verma,Female,29,Nagpur,Maharashtra,2023-01-12
100815,Sneha Verma,Female,19,Bengaluru,Karnataka,2024-08-14
100816,Aditi Iyer,Female,30,Lucknow,Uttar Pradesh,2023-07-19
100817,Rahul Joshi,Female,30,Mumbai,Maharashtra,2022-07-01
100818,Vivaan Malhotra,Male,41,Indore,Madhya Pradesh,2022-06-04
100819,Kavya Joshi,Male,35,Hyderabad,Telangana,2024-05-08
100820,Ananya Reddy,Male,47,Bhopal,Madhya Pradesh,2022-01-05
100821,Arjun Mehta,Female,43,Bengaluru,Karnataka,2024-05-16
100822,Aditi Das,Male,28,Delhi,Delhi,2022-08-19
100823,Sneha Das,Male,18,Pune,Maharashtra,2024-02-28
100824,Vivaan Patel,Male,44,Chennai,Tamil Nadu,2022-08-14
100825,Pooja Patel,Female,44,Delhi,Delhi,2022-12-18
100826,Aditi Verma,Female,20,Mumbai,Maharashtra,2024-08-25
100827,Meera Joshi,Male,46,Noida,Uttar Pradesh,2024-04-11
100828,Karan Gupta,Male,35,Delhi,Delhi,2024-03-13
100829,Isha Singh,Female,33,Pune,Maharashtra,2022-09-29
100830,Arjun Kumar,Male,47,Chennai,Tamil Nadu,2022-02-01
100831,Kavya Kumar,Male,44,Lucknow,Uttar Pradesh,2022-03-09
100832,Arjun Iyer,Male,38,Delhi,Delhi,2024-12-22
100833,Aman Malhotra,Male,36,Chennai,Tamil Nadu,2022-10-01
100834,Vikram Iyer,Male,38,Delhi,Delhi,2022-02-04
100835,Sneha Das,Female,28,Bengaluru,Karnataka,2023-05-07
100836,Kavya Iyer,Male,32,Pune,Maharashtra,2022-09-03
100837,Pooja Malhotra,Female,24,Bhopal,Madhya Pradesh,2024-07-23
100838,Kavya Sharma,Male,29,Delhi,Delhi,2022-04-27
100839,Pooja Mishra,Female,29,Mumbai,Maharashtra,2022-12-25
100840,Aman Sharma,Female,26,Jaipur,Rajasthan,2024-05-12
100841,Rohan Patel,Male,33,Hyderabad,Telangana,2023-02-03
100842,Raj Mishra,Female,29,Kolkata,West Bengal,2023-06-26
100843,Ananya Kumar,Male,37,Nagpur,Maharashtra,2023-07-29
100844,Aarav Gupta,Female,18,Nagpur,Maharashtra,2023-07-06
100845,Rahul Malhotra,Male,31,Bengaluru,Karnataka,2023-03-24
100846,Priya Verma,Male,33,Pune,Maharashtra,2023-10-30
100847,Rahul Nair,Male,29,Bhopal,Madhya Pradesh,2024-02-21
100848,Aarav Verma,Other,30,Delhi,Delhi,2023-01-12
100849,Riya Singh,Female,18,Pune,Maharashtra,2023-06-03
100850,Priya Mehta,Female,35,Hyderabad,Telangana,2023-11-16
100851,Neha Kumar,Male,38,Bengaluru,Karnataka,2024-12-04
100852,Rohan Kumar,Female,36,Nagpur,Maharashtra,2024-09-19
100853,Raj Nair,Male,41,Ahmedabad,Gujarat,2022-01-13
100854,Ananya Iyer,Female,34,Hyderabad,Telangana,2022-06-16
100855,Meera Malhotra,Male,36,Gurugram,Haryana,2023-01-01
100856,Aditya Mishra,Male,33,Pune,Maharashtra,2022-01-23
100857,Vivaan Gupta,Male,38,Indore,Madhya Pradesh,2023-08-28
100858,Rohan Iyer,Male,18,Bengaluru,Karnataka,2022-10-20
100859,Pooja Sharma,Female,24,Mumbai,Maharashtra,2023-09-03
100860,Aditya Patel,Male,46,Mumbai,Maharashtra,2022-11-29
100861,Neha Reddy,Female,18,Chennai,Tamil Nadu,2024-02-05
100862,Sneha Agarwal,Male,31,Bengaluru,Karnataka,2023-03-17
100863,Pooja Agarwal,Female,43,Mumbai,Maharashtra,2024-04-15
100864,Sneha Patel,Male,31,Nagpur,Maharashtra,2022-02-08
100865,Karan Iyer,Male,28,Bhopal,Madhya Pradesh,2022-07-04
100866,Riya Verma,Female,33,Kolkata,West Bengal,2022-11-16
100867,Aditi Mehta,Male,29,Indore,Madhya Pradesh,2023-04-02
100868,Arjun Patel,Male,32,Chandigarh,Chandigarh,2024-07-28
100869,Meera Agarwal,Female,26,Jaipur,Rajasthan,2024-01-16
100870,Riya Reddy,Female,42,Pune,Maharashtra,2023-05-25
100871,Raj Sharma,Male,45,Indore,Madhya Pradesh,2022-01-19
100872,Vikram Mehta,Male,31,Chennai,Tamil Nadu,2023-01-10
100873,Pooja Sharma,Female,20,Delhi,Delhi,2023-06-30
100874,Aarav Singh,Male,27,Hyderabad,Telangana,2024-07-13
100875,Raj Singh,Male,30,Hyderabad,Telangana,2024-04-09
100876,Rahul Iyer,Male,37,Chandigarh,Chandigarh,2022-05-01
100877,Aman Patel,Female,23,Jaipur,Rajasthan,2023-05-27
100878,Ananya Verma,Female,25,Indore,Madhya Pradesh,2024-02-11
100879,Aarav Agarwal,Male,37,Ahmedabad,Gujarat,2024-07-08
100880,Sneha Gupta,Male,40,Bengaluru,Karnataka,2022-01-02
100881,Rahul Mehta,Male,26,Lucknow,Uttar Pradesh,2022-09-28
100882,Kavya Nair,Female,20,Mumbai,Maharashtra,2023-08-25
100883,Vikram Joshi,Male,62,Hyderabad,Telangana,2023-05-12
100884,Kavya Das,Male,39,Noida,Uttar Pradesh,2024-02-08
100885,Aditi Verma,Female,30,Kolkata,West Bengal,2023-10-14
100886,Priya Das,Male,40,Gurugram,Haryana,2022-09-30
100887,Vivaan Mehta,Female,31,Bengaluru,Karnataka,2023-09-24
100888,Aarav Agarwal,Male,40,Ahmedabad,Gujarat,2022-03-28
100889,Aditya Das,Male,33,Mumbai,Maharashtra,2023-12-22
100890,Ananya Malhotra,Male,33,Chennai,Tamil Nadu,2023-12-28
100891,Sneha Malhotra,Female,31,Hyderabad,Telangana,2023-04-01
100892,Priya Nair,Female,19,Chennai,Tamil Nadu,2024-05-20
100893,Sneha Patel,Female,49,Mumbai,Maharashtra,2023-06-08
100894,Arjun Mehta,Male,24,Bengaluru,Karnataka,2024-10-23
100895,Aarav Kumar,Female,20,Jaipur,Rajasthan,2022-06-12
100896,Rohan Iyer,Male,30,Chennai,Tamil Nadu,2024-12-27
100897,Pooja Agarwal,Male,23,Chennai,Tamil Nadu,2024-06-19
100898,Aditi Verma,Female,32,Pune,Maharashtra,2024-01-23
100899,Sneha Das,Male,38,Chandigarh,Chandigarh,2023-07-25
100900,Arjun Singh,Male,41,Chandigarh,Chandigarh,2022-02-03
100901,Sneha Malhotra,Male,39,Bengaluru,Karnataka,2023-05-13
100902,Priya Joshi,Male,29,Bengaluru,Karnataka,2024-03-30
100903,Aditya Mehta,Male,32,Chennai,Tamil Nadu,2023-07-12
100904,Raj Nair,Female,36,Delhi,Delhi,2024-11-10
100905,Ananya Singh,Male,18,Bengaluru,Karnataka,2022-10-28
100906,Ananya Iyer,Female,37,Mumbai,Maharashtra,2022-09-01
100907,Rohan Verma,Female,19,Mumbai,Maharashtra,2023-12-23
100908,Riya Reddy,Male,50,Kolkata,West Bengal,2024-07-14
100909,Arjun Joshi,Male,28,Hyderabad,Telangana,2024-10-17
100910,Riya Singh,Male,30,Mumbai,Maharashtra,2023-05-25
100911,Aditi Kumar,Female,25,Indore,Madhya Pradesh,2024-11-26
100912,Rahul Singh,Male,26,Indore,Madhya Pradesh,2024-01-27
100913,Arjun Gupta,Female,52,Surat,Gujarat,2023-07-21
100914,Aman Singh,Male,40,Hyderabad,Telangana,2024-03-30
100915,Rohan Malhotra,Female,18,Delhi,Delhi,2024-04-21
100916,Rahul Iyer,Male,46,Delhi,Delhi,2022-11-08
100917,Aditya Gupta,Male,43,Bengaluru,Karnataka,2023-02-09
100918,Isha Agarwal,Female,29,Mumbai,Maharashtra,2022-09-18
100919,Meera Iyer,Female,35,Indore,Madhya Pradesh,2023-04-18
100920,Meera Agarwal,Male,32,Nagpur,Maharashtra,2024-05-26
100921,Meera Reddy,Female,50,Gurugram,Haryana,2022-03-20
100922,Pooja Kumar,Male,25,Lucknow,Uttar Pradesh,2024-02-20
100923,Ananya Gupta,Female,33,Chennai,Tamil Nadu,2024-04-05
100924,Neha Verma,Female,28,Ahmedabad,Gujarat,2024-08-07
100925,Isha Agarwal,Male,19,Chandigarh,Chandigarh,2024-12-19
100926,Raj Iyer,Male,52,Kolkata,West Bengal,2024-04-15
100927,Aman Malhotra,Male,21,Mumbai,Maharashtra,2023-08-05
100928,Vivaan Kumar,Female,34,Mumbai,Maharashtra,2022-05-31
100929,Riya Verma,Female,18,Chennai,Tamil Nadu,2022-09-22
100930,Raj Agarwal,Male,28,Bengaluru,Karnataka,2024-02-03
100931,Neha Sharma,Male,36,Bhopal,Madhya Pradesh,2023-09-28
100932,Vivaan Kumar,Female,25,Kolkata,West Bengal,2024-09-19
100933,Raj Verma,Other,37,Jaipur,Rajasthan,2022-12-23
100934,Aditya Malhotra,Female,30,Delhi,Delhi,2022-10-04
100935,Pooja Joshi,Male,42,Pune,Maharashtra,2022-04-14
100936,Priya Agarwal,Male,44,Hyderabad,Telangana,2023-06-10
100937,Meera Joshi,Male,27,Lucknow,Uttar Pradesh,2023-01-16
100938,Vivaan Agarwal,Female,33,Hyderabad,Telangana,2024-12-10
100939,Meera Reddy,Male,34,Coimbatore,Tamil Nadu,2024-03-03
100940,Karan Kumar,Female,38,Jaipur,Rajasthan,2023-01-13
100941,Pooja Agarwal,Male,32,Jaipur,Rajasthan,2022-12-06
100942,Riya Gupta,Female,34,Patna,Bihar,2024-04-21
100943,Vivaan Agarwal,Female,30,Nagpur,Maharashtra,2022-09-21
100944,Arjun Iyer,Female,33,Mumbai,Maharashtra,2022-01-23
100945,Ananya Nair,Male,44,Gurugram,Haryana,2024-02-26
100946,Aditya Joshi,Male,38,Mumbai,Maharashtra,2024-05-03
100947,Rohan Sharma,Male,38,Pune,Maharashtra,2024-03-26
100948,Vikram Nair,Female,39,Delhi,Delhi,2022-05-29
100949,Neha Agarwal,Female,31,Kolkata,West Bengal,2024-07-18
100950,Riya Joshi,Female,35,Pune,Maharashtra,2024-04-15
100951,Pooja Gupta,Female,22,Kolkata,West Bengal,2022-12-29
100952,Aditi Kumar,Female,43,Jaipur,Rajasthan,2023-01-23
100953,Raj Mehta,Male,18,Kolkata,West Bengal,2023-12-08
100954,Sneha Iyer,Female,31,Bengaluru,Karnataka,2024-02-12
100955,Ananya Reddy,Male,42,Gurugram,Haryana,2022-11-13
100956,Pooja Sharma,Male,20,Chennai,Tamil Nadu,2023-05-23
100957,Ananya Verma,Female,36,Pune,Maharashtra,2023-03-18
100958,Ananya Verma,Male,26,Nagpur,Maharashtra,2023-10-19
100959,Kavya Reddy,Male,29,Bengaluru,Karnataka,2024-09-04
100960,Priya Patel,Female,41,Chennai,Tamil Nadu,2024-03-29
100961,Aman Nair,Male,34,Jaipur,Rajasthan,2024-11-20
100962,Pooja Das,Female,18,Delhi,Delhi,2024-08-08
100963,Rahul Kumar,Male,23,Bengaluru,Karnataka,2024-10-11
100964,Aditya Malhotra,Male,41,Noida,Uttar Pradesh,2024-07-12
100965,Rahul Mishra,Male,36,Mumbai,Maharashtra,2023-01-19
100966,Aditi Patel,Male,48,Pune,Maharashtra,2024-02-02
100967,Priya Gupta,Female,47,Kolkata,West Bengal,2024-06-07
100968,Pooja Nair,Male,29,Jaipur,Rajasthan,2022-01-26
100969,Aditya Patel,Female,55,Lucknow,Uttar Pradesh,2023-09-09
100970,Kavya Mehta,Male,32,Surat,Gujarat,2022-09-06
100971,Ananya Das,Female,23,Hyderabad,Telangana,2023-05-21
100972,Rahul Reddy,Female,26,Lucknow,Uttar Pradesh,2023-06-06
100973,Riya Verma,Female,18,Ahmedabad,Gujarat,2024-12-11
100974,Sneha Joshi,Male,46,Bengaluru,Karnataka,2022-12-20
100975,Aditi Sharma,Male,46,Coimbatore,Tamil Nadu,2022-04-11
100976,Aditi Patel,Male,23,Surat,Gujarat,2024-12-07
100977,Rohan Singh,Female,30,Bengaluru,Karnataka,2023-05-31
100978,Ananya Iyer,Male,33,Jaipur,Rajasthan,2023-05-21
100979,Isha Singh,Female,23,Lucknow,Uttar Pradesh,2022-07-15
100980,Vikram Gupta,Female,18,Hyderabad,Telangana,2023-11-02
100981,Rahul Verma,Male,30,Surat,Gujarat,2023-02-14
100982,Raj Das,Female,29,Lucknow,Uttar Pradesh,2024-12-17
100983,Arjun Joshi,Male,29,Jaipur,Rajasthan,2023-01-24
100984,Kavya Das,Male,34,Mumbai,Maharashtra,2022-06-23
100985,Riya Sharma,Female,45,Hyderabad,Telangana,2022-11-13
100986,Ananya Mishra,Female,29,Hyderabad,Telangana,2022-09-16
100987,Pooja Gupta,Female,34,Ahmedabad,Gujarat,2024-04-04
100988,Pooja Mehta,Male,39,Kolkata,West Bengal,2022-01-21
100989,Rahul Gupta,Male,37,Delhi,Delhi,2022-03-02
100990,Rohan Das,Female,26,,,2022-01-10
100991,Pooja Iyer,Female,33,Pune,Maharashtra,2022-05-17
100992,Rohan Nair,Female,37,Ahmedabad,Gujarat,2023-08-17
100993,Neha Sharma,Male,22,Ahmedabad,Gujarat,2023-09-02
100994,Sneha Kumar,Female,43,Pune,Maharashtra,2022-04-12
100995,Vikram Agarwal,Male,45,Delhi,Delhi,2024-08-13
100996,Pooja Patel,Male,25,Bengaluru,Karnataka,2024-03-27
100997,Neha Singh,Female,34,Bengaluru,Karnataka,2022-10-28
100998,Kavya Singh,Male,38,Noida,Uttar Pradesh,2022-05-18
100999,Raj Iyer,Female,27,Mumbai,Maharashtra,2023-09-17
101000,Isha Mishra,Male,36,Pune,Maharashtra,2023-04-10
101001,Karan Kumar,Male,33,Jaipur,Rajasthan,2022-03-11
101002,Meera Agarwal,Female,19,Kochi,Kerala,2023-08-06
101003,Neha Iyer,Female,36,Nagpur,Maharashtra,2022-05-25
101004,Raj Iyer,Female,22,Kochi,Kerala,2023-03-22
101005,Priya Joshi,Female,40,Lucknow,Uttar Pradesh,2023-09-08
101006,Riya Mehta,Female,26,Ahmedabad,Gujarat,2022-08-31
101007,Rohan Das,Female,31,Ahmedabad,Gujarat,2022-02-04
101008,Karan Iyer,Female,44,Surat,Gujarat,2023-02-23
101009,Pooja Gupta,Male,36,Kochi,Kerala,2024-11-23
101010,Aman Sharma,Male,22,Hyderabad,Telangana,2024-10-12
101011,Isha Das,Male,23,Hyderabad,Telangana,2023-10-21
101012,Aditi Joshi,Other,27,Pune,Maharashtra,2022-11-08
101013,Arjun Nair,Female,36,Jaipur,Rajasthan,2024-08-20
101014,Riya Das,Male,35,Noida,Uttar Pradesh,2022-09-29
101015,Arjun Patel,Female,24,Indore,Madhya Pradesh,2022-03-09
101016,Aditya Iyer,Female,21,Pune,Maharashtra,2024-06-09
101017,Rohan Patel,Male,35,Bengaluru,Karnataka,2023-11-02
101018,Neha Mishra,Female,30,Nagpur,Maharashtra,2024-02-25
101019,Riya Gupta,Female,51,Mumbai,Maharashtra,2023-09-01
101020,Sneha Verma,Male,32,Mumbai,Maharashtra,2022-11-24
101021,Vikram Das,Female,48,Lucknow,Uttar Pradesh,2022-10-05
101022,Neha Mishra,Male,21,Mumbai,Maharashtra,2023-08-31
101023,Aditi Mishra,Female,18,Hyderabad,Telangana,2022-01-24
101024,Aarav Mehta,Female,22,Bengaluru,Karnataka,2023-11-06
101025,Vivaan Mehta,Female,43,Mumbai,Maharashtra,2022-11-06
101026,Riya Kumar,Male,48,Chennai,Tamil Nadu,2022-04-24
101027,Vikram Mehta,Female,25,Hyderabad,Telangana,2024-11-28
101028,Aditya Kumar,Female,28,Pune,Maharashtra,2023-01-10
101029,Vikram Sharma,Male,21,Mumbai,Maharashtra,2023-04-24
101030,Ananya Mishra,Female,18,Ahmedabad,Gujarat,2023-11-21
101031,Arjun Das,Male,38,Bengaluru,Karnataka,2023-04-21
101032,Ananya Iyer,Female,34,Bengaluru,Karnataka,2022-03-05
101033,Rahul Gupta,Male,32,Mumbai,Maharashtra,2024-09-19
101034,Vivaan Patel,Male,19,Hyderabad,Telangana,2024-05-23
101035,Isha Nair,Male,47,Pune,Maharashtra,2024-05-26
101036,Rahul Iyer,Female,27,Chennai,Tamil Nadu,2022-07-29
101037,Isha Agarwal,Male,37,Coimbatore,Tamil Nadu,2023-06-19
101038,Pooja Sharma,Female,19,Bhopal,Madhya Pradesh,2024-03-31
101039,Aditya Sharma,Male,30,Kolkata,West Bengal,2022-09-14
101040,Aman Singh,Male,35,Delhi,Delhi,2022-03-11
101041,Rahul Joshi,Female,35,Kolkata,West Bengal,2024-01-28
101042,Pooja Joshi,Female,33,Delhi,Delhi,2024-04-03
101043,Sneha Verma,Male,36,Lucknow,Uttar Pradesh,2024-12-29
101044,Raj Singh,Female,22,Hyderabad,Telangana,2022-09-27
101045,Raj Verma,Female,34,Gurugram,Haryana,2022-01-09
101046,Vivaan Singh,Female,33,Chandigarh,Chandigarh,2022-06-24
101047,Sneha Reddy,Male,34,Hyderabad,Telangana,2024-08-28
101048,Pooja Agarwal,Male,33,Pune,Maharashtra,2024-01-17
101049,Aditya Verma,Female,21,Chennai,Tamil Nadu,2023-05-19
101050,Isha Malhotra,Male,20,Mumbai,Maharashtra,2022-01-06
101051,Kavya Sharma,Female,18,Patna,Bihar,2024-07-07
101052,Riya Malhotra,Female,39,Hyderabad,Telangana,2024-04-16
101053,Vikram Nair,Female,39,Mumbai,Maharashtra,2024-04-17
101054,Rahul Patel,Female,40,Ahmedabad,Gujarat,2022-07-25
101055,Sneha Sharma,Other,35,Mumbai,Maharashtra,2024-12-13
101056,Pooja Kumar,Male,18,Mumbai,Maharashtra,2024-05-31
101057,Vikram Malhotra,Female,23,Chennai,Tamil Nadu,2023-11-14
101058,Sneha Gupta,Male,34,Jaipur,Rajasthan,2024-09-10
101059,Aditya Joshi,Male,33,Chennai,Tamil Nadu,2022-11-10
101060,Aditi Verma,Female,30,Jaipur,Rajasthan,2023-08-18
101061,Riya Joshi,Female,35,Delhi,Delhi,2022-01-14
101062,Riya Iyer,Other,32,Pune,Maharashtra,2023-09-27
101063,Riya Joshi,Female,33,Bengaluru,Karnataka,2023-05-23
101064,Aarav Mehta,Male,26,Coimbatore,Tamil Nadu,2023-09-22
101065,Isha Sharma,Male,41,Delhi,Delhi,2024-10-02
101066,Priya Kumar,Female,28,Bengaluru,Karnataka,2023-06-12
101067,Aman Nair,Male,20,Chandigarh,Chandigarh,2022-09-04
101068,Aarav Kumar,Male,25,Nagpur,Maharashtra,2022-12-01
101069,Aditya Kumar,Male,29,Gurugram,Haryana,2023-10-14
101070,Vikram Nair,Male,41,Delhi,Delhi,2023-04-07
101071,Arjun Iyer,Male,32,Chennai,Tamil Nadu,2022-05-29
101072,Meera Nair,Male,30,Hyderabad,Telangana,2023-02-02
101073,Ananya Gupta,Male,21,Noida,Uttar Pradesh,2024-09-14
101074,Vivaan Kumar,Male,39,Delhi,Delhi,2023-10-09
101075,Kavya Kumar,Other,26,Mumbai,Maharashtra,2024-04-08
101076,Rohan Das,Male,31,Pune,Maharashtra,2022-07-18
101077,Neha Nair,Male,45,Mumbai,Maharashtra,2022-01-27
101078,Isha Reddy,Female,37,Lucknow,Uttar Pradesh,2022-04-17
101079,Rohan Iyer,Male,18,Gurugram,Haryana,2024-10-13
101080,Rahul Verma,Female,18,Lucknow,Uttar Pradesh,2024-09-30
101081,Neha Sharma,Female,31,Hyderabad,Telangana,2024-10-12
101082,Raj Singh,Male,21,Indore,Madhya Pradesh,2023-02-07
101083,Vivaan Iyer,Male,38,Mumbai,Maharashtra,2022-12-14
101084,Karan Mishra,Female,32,Bengaluru,Karnataka,2022-05-31
101085,Vivaan Kumar,Female,33,Pune,Maharashtra,2024-10-13
101086,Raj Joshi,Male,26,Delhi,Delhi,2023-12-18
101087,Priya Das,Female,48,Delhi,Delhi,2022-05-08
101088,Kavya Agarwal,Male,58,Hyderabad,Telangana,2023-04-08
101089,Aman Sharma,Other,29,Chandigarh,Chandigarh,2024-05-08
101090,Karan Patel,Male,35,Bhopal,Madhya Pradesh,2022-06-26
101091,Aditi Das,Female,33,Pune,Maharashtra,2023-01-03
101092,Vivaan Das,Female,30,Mumbai,Maharashtra,2022-04-03
101093,Ananya Patel,Female,25,Mumbai,Maharashtra,2022-10-28
101094,Arjun Iyer,Female,22,Hyderabad,Telangana,2023-11-15
101095,Aditi Mehta,Male,22,Mumbai,Maharashtra,2022-05-26
101096,Priya Nair,Male,36,Delhi,Delhi,2023-02-11
101097,Neha Mishra,Male,27,Jaipur,Rajasthan,2024-11-22
101098,Priya Kumar,Male,18,Chennai,Tamil Nadu,2024-09-18
101099,Rohan Agarwal,Female,36,Bengaluru,Karnataka,2023-02-01
101100,Isha Kumar,Male,32,Noida,Uttar Pradesh,2023-03-07
101101,Riya Patel,Male,44,Noida,Uttar Pradesh,2024-07-30
101102,Aditya Nair,Female,35,Pune,Maharashtra,2022-03-24
101103,Sneha Verma,Female,19,Delhi,Delhi,2023-01-24
101104,Sneha Malhotra,Female,18,Patna,Bihar,2023-09-03
101105,Rohan Joshi,Other,26,Jaipur,Rajasthan,2023-01-12
101106,Raj Kumar,Male,26,Mumbai,Maharashtra,2023-08-25
101107,Arjun Verma,Male,40,Kolkata,West Bengal,2023-09-28
101108,Ananya Reddy,Female,32,Hyderabad,Telangana,2023-07-18
101109,Raj Patel,Female,42,Kolkata,West Bengal,2024-07-07
101110,Neha Malhotra,Male,20,Pune,Maharashtra,2023-08-10
101111,Sneha Gupta,Female,41,Pune,Maharashtra,2022-01-01
101112,Neha Kumar,Male,38,Ahmedabad,Gujarat,2023-07-09
101113,Neha Sharma,Male,18,Kolkata,West Bengal,2024-10-07
101114,Aditi Malhotra,Female,44,Delhi,Delhi,2024-06-02
101115,Sneha Patel,Female,33,Delhi,Delhi,2022-02-22
101116,Vivaan Verma,Female,36,Bengaluru,Karnataka,2024-06-28
101117,Priya Kumar,Male,24,Hyderabad,Telangana,2024-12-30
101118,Riya Iyer,Female,43,Bengaluru,Karnataka,2024-05-01
101119,Rohan Sharma,Male,21,Jaipur,Rajasthan,2022-09-21
101120,Rahul Das,Male,39,Mumbai,Maharashtra,2023-04-07
101121,Pooja Reddy,Female,39,Lucknow,Uttar Pradesh,2023-10-08
101122,Neha Sharma,Female,23,Ahmedabad,Gujarat,2022-05-15
101123,Rahul Verma,Female,50,Delhi,Delhi,2022-01-11
101124,Vikram Iyer,Female,34,Jaipur,Rajasthan,2024-08-21
101125,Aditi Kumar,Female,38,Kochi,Kerala,2024-04-26
101126,Priya Malhotra,Female,18,Mumbai,Maharashtra,2023-10-21
101127,Vivaan Malhotra,Male,51,Bhopal,Madhya Pradesh,2022-06-06
101128,Rahul Reddy,Male,21,Kolkata,West Bengal,2022-05-27
101129,Neha Kumar,Male,41,Chennai,Tamil Nadu,2024-08-23
101130,Aditi Agarwal,Male,23,Delhi,Delhi,2022-03-11
101131,Aditya Malhotra,Female,26,Ahmedabad,Gujarat,2024-01-02
101132,Rahul Joshi,Female,39,Pune,Maharashtra,2022-07-03
101133,Aditi Mehta,Male,41,Lucknow,Uttar Pradesh,2024-09-16
101134,Ananya Reddy,Male,21,Gurugram,Haryana,2023-05-05
101135,Aman Singh,Female,42,Chennai,Tamil Nadu,2022-12-07
101136,Arjun Sharma,Male,41,Bengaluru,Karnataka,2023-12-12
101137,Rohan Agarwal,Female,24,Mumbai,Maharashtra,2022-06-10
101138,Riya Mehta,Female,46,Mumbai,Maharashtra,2023-07-03
101139,Kavya Verma,Male,19,Surat,Gujarat,2023-12-22
101140,Aman Iyer,Female,26,Delhi,Delhi,2024-02-25
101141,Aman Nair,Female,36,Hyderabad,Telangana,2023-01-30
101142,Neha Singh,Male,24,Bengaluru,Karnataka,2023-06-08
101143,Pooja Patel,Female,34,Surat,Gujarat,2022-03-17
101144,Isha Singh,Female,34,Pune,Maharashtra,2022-05-31
101145,Arjun Gupta,Male,30,Nagpur,Maharashtra,2023-12-27
101146,Aditya Agarwal,Female,39,Ahmedabad,Gujarat,2024-11-08
101147,Rohan Mishra,Female,30,Surat,Gujarat,2022-01-03
101148,Neha Verma,Female,34,Delhi,Delhi,2023-12-07
101149,Ananya Reddy,Female,42,Bengaluru,Karnataka,2023-12-11
101150,Aditi Nair,Female,39,Mumbai,Maharashtra,2022-06-11
101151,Aditya Joshi,Female,39,Pune,Maharashtra,2022-07-15
101152,Kavya Patel,Female,22,Lucknow,Uttar Pradesh,2023-10-20
101153,Raj Das,Female,37,Mumbai,Maharashtra,2024-07-14
101154,Rohan Nair,Female,24,Delhi,Delhi,2023-06-18
101155,Rohan Iyer,Female,20,Kolkata,West Bengal,2023-07-10
101156,Aditi Joshi,Female,31,Mumbai,Maharashtra,2024-03-14
101157,Vikram Verma,Male,24,Pune,Maharashtra,2024-01-20
101158,Karan Iyer,Female,39,Delhi,Delhi,2023-05-25
101159,Rahul Singh,Female,39,Jaipur,Rajasthan,2022-08-28
101160,Isha Sharma,Male,18,Chennai,Tamil Nadu,2024-03-26
101161,Aditi Joshi,Female,25,Jaipur,Rajasthan,2022-04-07
101162,Meera Kumar,Male,19,Bengaluru,Karnataka,2024-10-04
101163,Neha Iyer,Male,28,Bengaluru,Karnataka,2024-08-26
101164,Kavya Gupta,Female,36,Noida,Uttar Pradesh,2022-01-06
101165,Pooja Mishra,Male,30,Lucknow,Uttar Pradesh,2022-04-14
101166,Aditya Verma,Female,27,Chennai,Tamil Nadu,2023-08-07
101167,Raj Mehta,Female,44,Kolkata,West Bengal,2022-01-24
101168,Isha Joshi,Female,18,Delhi,Delhi,2023-05-19
101169,Sneha Iyer,Male,43,Surat,Gujarat,2022-01-26
101170,Sneha Das,Male,27,Ahmedabad,Gujarat,2023-09-30
101171,Meera Verma,Female,31,Chennai,Tamil Nadu,2023-10-16
101172,Rahul Kumar,Other,27,Patna,Bihar,2023-10-01
101173,Aditya Agarwal,Female,46,Mumbai,Maharashtra,2022-08-29
101174,Neha Reddy,Male,21,Jaipur,Rajasthan,2023-07-20
101175,Riya Kumar,Female,32,Kochi,Kerala,2022-02-07
101176,Rahul Mishra,Female,37,Bengaluru,Karnataka,2023-05-25
101177,Kavya Reddy,Female,18,Delhi,Delhi,2022-11-03
101178,Meera Gupta,Male,24,Ahmedabad,Gujarat,2022-12-31
101179,Rahul Mehta,Female,31,Delhi,Delhi,2022-06-16
101180,Riya Mishra,Female,24,Indore,Madhya Pradesh,2022-02-19
101181,Vivaan Das,Female,25,Delhi,Delhi,2023-03-05
101182,Arjun Joshi,Male,29,Jaipur,Rajasthan,2024-02-23
101183,Rahul Patel,Female,38,Hyderabad,Telangana,2024-03-17
101184,Rohan Gupta,Female,29,Mumbai,Maharashtra,2022-11-25
101185,Ananya Mishra,Male,42,Bhopal,Madhya Pradesh,2022-03-23
101186,Vikram Kumar,Female,23,Ahmedabad,Gujarat,2023-05-04
101187,Riya Mishra,Female,21,Bengaluru,Karnataka,2024-11-18
101188,Raj Das,Male,49,Bengaluru,Karnataka,2024-02-01
101189,Aditya Patel,Male,26,Ahmedabad,Gujarat,2024-03-28
101190,Karan Reddy,Female,20,Gurugram,Haryana,2023-07-25
101191,Kavya Patel,Male,18,Lucknow,Uttar Pradesh,2022-02-13
101192,Rahul Reddy,Female,42,Kolkata,West Bengal,2024-06-29
101193,Raj Malhotra,Male,29,Mumbai,Maharashtra,2024-12-29
101194,Kavya Verma,Female,30,Surat,Gujarat,2022-01-26
101195,Riya Reddy,Male,31,Ahmedabad,Gujarat,2022-11-07
101196,Rohan Malhotra,Female,41,Pune,Maharashtra,2024-03-13
101197,Meera Gupta,Female,30,Pune,Maharashtra,2023-10-21
101198,Rohan Reddy,Female,53,Chennai,Tamil Nadu,2022-11-19
101199,Pooja Nair,Female,33,Gurugram,Haryana,2023-11-24
101200,Pooja Kumar,Male,42,Ahmedabad,Gujarat,2022-07-05
101201,Meera Sharma,Female,39,Surat,Gujarat,2024-02-22
101202,Aarav Verma,Male,32,Pune,Maharashtra,2023-08-02
101203,Vivaan Reddy,Male,27,Kolkata,West Bengal,2024-06-14
101204,Meera Patel,Male,35,Surat,Gujarat,2023-02-28
101205,Karan Iyer,Male,37,Mumbai,Maharashtra,2023-02-22
101206,Meera Mehta,Female,27,Hyderabad,Telangana,2023-04-30
101207,Pooja Reddy,Female,33,Kolkata,West Bengal,2023-12-03
101208,Aarav Agarwal,Male,43,Patna,Bihar,2024-05-05
101209,Kavya Patel,Male,51,Delhi,Delhi,2022-09-28
101210,Raj Agarwal,Other,40,Mumbai,Maharashtra,2023-02-14
101211,Vikram Iyer,Male,49,Mumbai,Maharashtra,2022-04-24
101212,Priya Patel,Male,26,Bengaluru,Karnataka,2023-01-24
101213,Neha Verma,Male,38,Bengaluru,Karnataka,2024-08-17
101214,Vivaan Gupta,Female,44,Chennai,Tamil Nadu,2023-09-07
101215,Neha Mehta,Female,24,Indore,Madhya Pradesh,2023-06-24
101216,Isha Agarwal,Male,28,Kolkata,West Bengal,2022-02-12
101217,Karan Kumar,Male,48,Mumbai,Maharashtra,2024-10-27
101218,Pooja Gupta,Female,23,Surat,Gujarat,2024-11-04
101219,Ananya Das,Female,20,Kolkata,West Bengal,2022-04-20
101220,Ananya Nair,Male,46,Mumbai,Maharashtra,2024-06-03
101221,Aditi Mehta,Female,43,Bengaluru,Karnataka,2024-09-25
101222,Rahul Iyer,Male,36,Noida,Uttar Pradesh,2022-03-29
101223,Aditi Joshi,Male,32,Ahmedabad,Gujarat,2024-11-01
101224,Kavya Verma,Female,28,Chennai,Tamil Nadu,2024-09-16
101225,Ananya Singh,Male,35,Mumbai,Maharashtra,2022-03-29
101226,Neha Verma,Female,46,Noida,Uttar Pradesh,2022-12-11
101227,Aman Agarwal,Male,34,Bengaluru,Karnataka,2022-03-26
101228,Vikram Gupta,Male,52,Ahmedabad,Gujarat,2022-08-29
101229,Arjun Sharma,Other,24,Jaipur,Rajasthan,2022-07-09
101230,Raj Mehta,Male,32,Bengaluru,Karnataka,2023-08-01
101231,Pooja Mehta,Female,29,Mumbai,Maharashtra,2023-04-01
101232,Vikram Das,Male,22,Mumbai,Maharashtra,2022-06-11
101233,Rohan Das,Male,31,Mumbai,Maharashtra,2022-07-08
101234,Ananya Mishra,Male,36,Mumbai,Maharashtra,2023-02-13
101235,Meera Nair,Female,37,Kolkata,West Bengal,2022-10-25
101236,Ananya Singh,Male,52,Kolkata,West Bengal,2024-03-09
101237,Rohan Agarwal,Female,36,Chennai,Tamil Nadu,2024-02-15
101238,Riya Agarwal,Male,42,Kolkata,West Bengal,2022-07-25
101239,Isha Mishra,Female,33,Gurugram,Haryana,2022-07-17
101240,Raj Agarwal,Male,47,Patna,Bihar,2023-11-18
101241,Aarav Verma,Female,54,Mumbai,Maharashtra,2023-07-19
101242,Priya Joshi,Female,37,Chennai,Tamil Nadu,2023-11-25
101243,Neha Singh,Female,23,Delhi,Delhi,2022-04-07
101244,Karan Malhotra,Female,27,Delhi,Delhi,2023-12-04
101245,Aditi Sharma,Female,35,Jaipur,Rajasthan,2022-11-30
101246,Vivaan Patel,Female,36,Pune,Maharashtra,2024-03-28
101247,Isha Malhotra,Male,38,Ahmedabad,Gujarat,2023-05-09
101248,Isha Patel,Male,36,Hyderabad,Telangana,2023-01-17
101249,Kavya Sharma,Female,32,Delhi,Delhi,2022-09-02
101250,Arjun Mehta,Female,26,Indore,Madhya Pradesh,2022-08-17
101251,Rahul Mishra,Female,36,Delhi,Delhi,2024-04-05
101252,Aman Nair,Male,49,Mumbai,Maharashtra,2022-03-08
101253,Aditi Iyer,Male,41,Bengaluru,Karnataka,2023-08-28
101254,Priya Kumar,Male,37,Nagpur,Maharashtra,2024-07-20
101255,Vivaan Mehta,Female,41,Hyderabad,Telangana,2022-11-22
101256,Vivaan Malhotra,Male,29,Pune,Maharashtra,2022-10-28
101257,Kavya Singh,Male,27,Ahmedabad,Gujarat,2022-02-07
101258,Aditi Joshi,Female,25,Kolkata,West Bengal,2023-10-05
101259,Raj Verma,Male,31,Gurugram,Haryana,2023-04-08
101260,Priya Joshi,Female,28,Pune,Maharashtra,2024-08-21
101261,Neha Iyer,Male,43,Coimbatore,Tamil Nadu,2022-01-15
101262,Kavya Patel,Female,28,Noida,Uttar Pradesh,2024-09-01
101263,Pooja Reddy,Male,25,Hyderabad,Telangana,2024-09-04
101264,Pooja Verma,Male,49,Hyderabad,Telangana,2023-07-13
101265,Rahul Verma,Male,28,Patna,Bihar,2024-01-15
101266,Priya Kumar,Male,33,Jaipur,Rajasthan,2023-07-25
101267,Ananya Joshi,Male,36,Kolkata,West Bengal,2023-08-30
101268,Aditi Iyer,Male,22,Ahmedabad,Gujarat,2024-09-10
101269,Rahul Singh,Female,43,Chennai,Tamil Nadu,2022-04-27
101270,Pooja Joshi,Male,38,Mumbai,Maharashtra,2024-12-25
101271,Priya Joshi,Female,46,Bengaluru,Karnataka,2022-10-09
101272,Vivaan Sharma,Female,26,Chennai,Tamil Nadu,2023-02-07
101273,Vivaan Gupta,Female,33,Delhi,Delhi,2022-06-13
101274,Ananya Iyer,Male,32,Hyderabad,Telangana,2024-06-27
101275,Isha Joshi,Male,34,Ahmedabad,Gujarat,2022-05-11
101276,Neha Gupta,Male,19,Mumbai,Maharashtra,2023-08-16
101277,Pooja Mishra,Male,33,Delhi,Delhi,2024-03-10
101278,Riya Gupta,Other,19,Gurugram,Haryana,2022-05-31
101279,Ananya Mishra,Male,35,Kolkata,West Bengal,2023-11-26
101280,Pooja Kumar,Female,18,Mumbai,Maharashtra,2023-05-15
101281,Rohan Mehta,Female,18,Noida,Uttar Pradesh,2023-07-12
101282,Pooja Nair,Female,39,Jaipur,Rajasthan,2024-05-12
101283,Raj Malhotra,Female,27,Bengaluru,Karnataka,2024-09-22
101284,Ananya Joshi,Male,23,Hyderabad,Telangana,2024-03-04
101285,Riya Joshi,Male,43,Mumbai,Maharashtra,2024-04-15
101286,Isha Nair,Female,35,Gurugram,Haryana,2022-09-28
101287,Meera Patel,Male,40,Pune,Maharashtra,2024-04-14
101288,Isha Das,Male,31,Chennai,Tamil Nadu,2023-01-04
101289,Aarav Kumar,Male,56,Indore,Madhya Pradesh,2023-05-24
101290,Ananya Reddy,Male,27,Delhi,Delhi,2023-11-01
101291,Arjun Mehta,Male,48,Delhi,Delhi,2024-02-09
101292,Meera Patel,Male,31,Mumbai,Maharashtra,2022-01-06
101293,Aarav Malhotra,Female,18,Delhi,Delhi,2024-01-15
101294,Isha Patel,Female,36,Jaipur,Rajasthan,2023-04-21
101295,Meera Malhotra,Female,35,Kolkata,West Bengal,2022-01-28
101296,Vikram Nair,Male,23,Mumbai,Maharashtra,2022-10-10
101297,Vivaan Malhotra,Male,24,Mumbai,Maharashtra,2024-02-27
101298,Isha Gupta,Male,32,Mumbai,Maharashtra,2022-05-31
101299,Riya Reddy,Female,35,Kochi,Kerala,2024-12-30
101300,Pooja Iyer,Female,18,Lucknow,Uttar Pradesh,2023-09-09
101301,Priya Gupta,Male,41,Chennai,Tamil Nadu,2022-02-03
101302,Vikram Sharma,Female,28,Bengaluru,Karnataka,2022-09-23
101303,Meera Nair,Male,20,Hyderabad,Telangana,2024-02-05
101304,Arjun Singh,Female,40,Delhi,Delhi,2024-09-22
101305,Aarav Agarwal,Female,32,Nagpur,Maharashtra,2024-07-07
101306,Ananya Mehta,Female,43,Ahmedabad,Gujarat,2022-01-13
101307,Rahul Mehta,Female,36,Kolkata,West Bengal,2023-03-19
101308,Karan Mehta,Female,32,Chennai,Tamil Nadu,2024-03-06
101309,Riya Iyer,Male,31,Pune,Maharashtra,2024-11-24
101310,Pooja Mishra,Female,36,Bengaluru,Karnataka,2024-04-01
101311,Isha Das,Male,28,Mumbai,Maharashtra,2022-04-10
101312,Vivaan Nair,Female,24,Chennai,Tamil Nadu,2023-11-09
101313,Rahul Joshi,Female,37,Delhi,Delhi,2022-04-17
101314,Karan Joshi,Female,31,Delhi,Delhi,2024-03-16
101315,Ananya Reddy,Male,32,Chennai,Tamil Nadu,2023-04-30
101316,Isha Joshi,Female,42,Patna,Bihar,2022-03-27
101317,Priya Kumar,Female,31,Patna,Bihar,2024-03-22
101318,Rohan Agarwal,Female,32,Delhi,Delhi,2024-03-21
101319,Kavya Kumar,Male,27,Delhi,Delhi,2023-05-04
101320,Kavya Kumar,Male,36,Chennai,Tamil Nadu,2024-06-07
101321,Aman Malhotra,Male,35,Surat,Gujarat,2022-01-18
101322,Isha Singh,Male,40,Kochi,Kerala,2024-01-30
101323,Vikram Patel,Female,27,Surat,Gujarat,2022-04-01
101324,Kavya Patel,Male,28,Jaipur,Rajasthan,2022-09-22
101325,Vikram Patel,Female,39,Mumbai,Maharashtra,2024-12-23
101326,Raj Nair,Male,34,Delhi,Delhi,2022-06-29
101327,Karan Nair,Male,24,Delhi,Delhi,2024-05-28
101328,Isha Kumar,Female,44,Kolkata,West Bengal,2023-06-29
101329,Isha Kumar,Female,18,Delhi,Delhi,2022-01-17
101330,Kavya Mishra,Female,39,Ahmedabad,Gujarat,2022-09-05
101331,Aman Patel,Female,21,Lucknow,Uttar Pradesh,2022-01-23
101332,Arjun Malhotra,Female,49,Delhi,Delhi,2023-03-20
101333,Kavya Mehta,Male,18,Bhopal,Madhya Pradesh,2022-03-31
101334,Priya Das,Other,42,Chennai,Tamil Nadu,2022-08-31
101335,Aditi Iyer,Female,31,Bhopal,Madhya Pradesh,2022-12-04
101336,Rahul Patel,Female,29,Bhopal,Madhya Pradesh,2022-05-01
101337,Vivaan Patel,Male,34,Mumbai,Maharashtra,2023-05-01
101338,Aditya Kumar,Female,38,Hyderabad,Telangana,2022-03-01
101339,Neha Reddy,Male,24,Mumbai,Maharashtra,2022-10-21
101340,Aman Nair,Male,25,Noida,Uttar Pradesh,2024-01-18
101341,Isha Singh,Male,38,Pune,Maharashtra,2022-10-05
101342,Karan Das,Male,18,Patna,Bihar,2022-02-17
101343,Kavya Patel,Female,27,Mumbai,Maharashtra,2023-06-22
101344,Kavya Nair,Female,59,Lucknow,Uttar Pradesh,2023-11-26
101345,Aman Gupta,Female,23,Nagpur,Maharashtra,2022-11-20
101346,Arjun Malhotra,Male,42,Jaipur,Rajasthan,2023-02-14
101347,Meera Singh,Male,27,Delhi,Delhi,2024-07-31
101348,Vikram Sharma,Male,37,Chennai,Tamil Nadu,2024-01-30
101349,Riya Singh,Other,38,Mumbai,Maharashtra,2024-08-15
101350,Vikram Sharma,Male,42,Delhi,Delhi,2024-01-21
101351,Arjun Mehta,Female,30,Bengaluru,Karnataka,2023-04-19
101352,Ananya Nair,Female,50,Bengaluru,Karnataka,2022-08-18
101353,Isha Verma,Male,27,Noida,Uttar Pradesh,2023-01-18
101354,Rahul Sharma,Female,34,Hyderabad,Telangana,2024-03-14
101355,Kavya Mishra,Male,34,Ahmedabad,Gujarat,2022-03-27
101356,Rohan Mehta,Female,22,Delhi,Delhi,2022-04-12
101357,Isha Agarwal,Female,29,Delhi,Delhi,2024-12-28
101358,Karan Iyer,Male,33,Delhi,Delhi,2024-05-31
101359,Raj Kumar,Male,28,Mumbai,Maharashtra,2022-03-30
101360,Raj Reddy,Female,54,Hyderabad,Telangana,2022-09-30
101361,Vivaan Mishra,Female,24,Kolkata,West Bengal,2024-08-07
101362,Aditya Reddy,Male,43,Nagpur,Maharashtra,2023-12-16
101363,Meera Singh,Female,40,Bengaluru,Karnataka,2024-10-06
101364,Kavya Nair,Female,32,Delhi,Delhi,2023-08-28
101365,Vivaan Mishra,Female,24,Mumbai,Maharashtra,2023-10-21
101366,Rohan Mehta,Male,25,Bhopal,Madhya Pradesh,2023-06-12
101367,Rohan Mishra,Female,27,Lucknow,Uttar Pradesh,2023-07-14
101368,Vivaan Das,Female,18,Noida,Uttar Pradesh,2022-10-08
101369,Priya Iyer,Male,23,Delhi,Delhi,2022-03-31
101370,Isha Gupta,Male,19,Mumbai,Maharashtra,2023-10-16
101371,Raj Mishra,Female,44,Delhi,Delhi,2023-08-09
101372,Vivaan Sharma,Male,38,Surat,Gujarat,2023-07-31
101373,Raj Malhotra,Female,39,Mumbai,Maharashtra,2023-08-08
101374,Pooja Verma,Female,37,Kolkata,West Bengal,2023-11-06
101375,Ananya Patel,Male,34,Pune,Maharashtra,2023-04-07
101376,Neha Reddy,Female,45,Chennai,Tamil Nadu,2024-11-18
101377,Kavya Joshi,Male,27,Mumbai,Maharashtra,2022-07-05
101378,Isha Mishra,Female,33,Kolkata,West Bengal,2022-09-12
101379,Rahul Das,Male,39,Delhi,Delhi,2022-02-03
101380,Riya Agarwal,Female,20,Nagpur,Maharashtra,2022-09-05
101381,Aman Singh,Male,60,Delhi,Delhi,2024-03-08
101382,Arjun Kumar,Male,32,Delhi,Delhi,2023-12-14
101383,Rohan Nair,Female,33,Bengaluru,Karnataka,2023-12-19
101384,Neha Reddy,Male,43,Gurugram,Haryana,2024-12-20
101385,Aman Nair,Female,40,Bengaluru,Karnataka,2023-03-09
101386,Rohan Sharma,Male,32,Pune,Maharashtra,2023-08-04
101387,Ananya Iyer,Female,33,Delhi,Delhi,2023-08-03
101388,Raj Malhotra,Male,18,Delhi,Delhi,2023-11-08
101389,Karan Gupta,Female,27,Kolkata,West Bengal,2024-03-26
101390,Pooja Das,Male,37,Mumbai,Maharashtra,2024-04-11
101391,Priya Das,Male,36,Lucknow,Uttar Pradesh,2022-11-18
101392,Sneha Joshi,Male,43,Noida,Uttar Pradesh,2022-12-10
101393,Ananya Verma,Male,31,Surat,Gujarat,2024-01-30
101394,Priya Reddy,Female,20,Mumbai,Maharashtra,2022-11-02
101395,Arjun Gupta,Male,42,Pune,Maharashtra,2022-09-10
101396,Rahul Agarwal,Female,45,Chandigarh,Chandigarh,2024-10-07
101397,Ananya Mishra,Male,40,Ahmedabad,Gujarat,2024-10-10
101398,Vikram Sharma,Male,31,Delhi,Delhi,2022-04-18
101399,Aman Mehta,Female,41,Pune,Maharashtra,2023-10-07
101400,Vikram Agarwal,Female,63,Patna,Bihar,2024-04-14
101401,Aman Kumar,Male,33,Hyderabad,Telangana,2024-02-18
101402,Raj Malhotra,Male,20,Gurugram,Haryana,2022-01-25
101403,Meera Sharma,Male,27,Pune,Maharashtra,2023-04-26
101404,Aman Reddy,Female,38,Delhi,Delhi,2024-04-16
101405,Aditi Nair,Female,18,Mumbai,Maharashtra,2022-07-30
101406,Vikram Sharma,Male,34,Delhi,Delhi,2024-05-10
101407,Arjun Agarwal,Female,35,Mumbai,Maharashtra,2022-10-13
101408,Raj Gupta,Female,46,Indore,Madhya Pradesh,2023-09-27
101409,Priya Reddy,Female,44,Jaipur,Rajasthan,2024-05-16
101410,Riya Mishra,Female,40,Ahmedabad,Gujarat,2022-03-04
101411,Raj Nair,Male,18,Kolkata,West Bengal,2024-07-05
101412,Arjun Reddy,Male,40,Hyderabad,Telangana,2022-01-22
101413,Raj Kumar,Male,38,Mumbai,Maharashtra,2023-08-30
101414,Pooja Singh,Male,34,Patna,Bihar,2024-07-08
101415,Vikram Gupta,Female,18,Pune,Maharashtra,2022-11-12
101416,Isha Gupta,Female,25,Pune,Maharashtra,2024-05-13
101417,Neha Nair,Male,21,Nagpur,Maharashtra,2024-04-11
101418,Pooja Kumar,Male,18,Hyderabad,Telangana,2022-02-02
101419,Sneha Nair,Male,32,Surat,Gujarat,2022-09-26
101420,Kavya Mishra,Female,25,Surat,Gujarat,2023-02-07
101421,Isha Iyer,Male,56,Mumbai,Maharashtra,2023-12-25
101422,Kavya Iyer,Female,30,Delhi,Delhi,2022-05-09
101423,Karan Iyer,Male,44,Coimbatore,Tamil Nadu,2024-01-20
101424,Vikram Reddy,Male,18,Hyderabad,Telangana,2024-10-29
101425,Pooja Das,Other,27,Delhi,Delhi,2024-01-18
101426,Aditya Joshi,Female,33,Pune,Maharashtra,2022-02-25
101427,Neha Joshi,Male,24,Kolkata,West Bengal,2022-05-26
101428,Aditi Verma,Female,28,Noida,Uttar Pradesh,2024-02-06
101429,Meera Verma,Female,30,Chandigarh,Chandigarh,2023-02-12
101430,Vivaan Das,Female,30,Patna,Bihar,2022-01-09
101431,Kavya Mishra,Male,49,Chandigarh,Chandigarh,2022-05-19
101432,Riya Singh,Female,35,Delhi,Delhi,2024-06-22
101433,Meera Joshi,Male,36,Lucknow,Uttar Pradesh,2023-04-17
101434,Rahul Gupta,Female,37,Mumbai,Maharashtra,2022-07-04
101435,Ananya Das,Male,38,Mumbai,Maharashtra,2024-05-16
101436,Riya Agarwal,Male,31,Noida,Uttar Pradesh,2024-10-14
101437,Arjun Reddy,Male,29,Hyderabad,Telangana,2022-07-12
101438,Karan Nair,Female,34,Patna,Bihar,2023-10-10
101439,Meera Agarwal,Male,42,Delhi,Delhi,2024-05-16
101440,Aditya Mishra,Female,42,Noida,Uttar Pradesh,2022-04-21
101441,Riya Agarwal,Female,30,Mumbai,Maharashtra,2023-12-12
101442,Vivaan Agarwal,Male,39,Mumbai,Maharashtra,2024-12-14
101443,Rahul Joshi,Female,30,Pune,Maharashtra,2024-06-20
101444,Sneha Agarwal,Male,32,Hyderabad,Telangana,2022-05-07
101445,Meera Sharma,Female,28,Pune,Maharashtra,2024-02-04
101446,Kavya Agarwal,Male,30,Chandigarh,Chandigarh,2022-09-22
101447,Raj Nair,Female,44,Jaipur,Rajasthan,2023-01-03
101448,Aarav Mehta,Female,33,Bengaluru,Karnataka,2023-06-08
101449,Aman Das,Female,33,Mumbai,Maharashtra,2023-09-11
101450,Aarav Nair,Female,19,Hyderabad,Telangana,2022-06-03
101451,Karan Malhotra,Female,29,Hyderabad,Telangana,2023-03-05
101452,Aditya Sharma,Female,30,Kolkata,West Bengal,2023-05-18
101453,Sneha Kumar,Female,25,Bengaluru,Karnataka,2023-10-31
101454,Aditya Joshi,Female,32,Ahmedabad,Gujarat,2023-09-22
101455,Vivaan Mishra,Male,28,Delhi,Delhi,2024-06-24
101456,Aditya Mishra,Female,33,Chennai,Tamil Nadu,2023-06-28
101457,Isha Sharma,Female,33,Kolkata,West Bengal,2022-04-26
101458,Raj Mehta,Female,23,Mumbai,Maharashtra,2024-02-08
101459,Rohan Iyer,Male,28,Gurugram,Haryana,2023-06-26
101460,Rahul Iyer,Female,33,Kolkata,West Bengal,2024-01-19
101461,Sneha Kumar,Male,43,Jaipur,Rajasthan,2023-03-14
101462,Priya Agarwal,Female,34,Pune,Maharashtra,2022-07-18
101463,Priya Mehta,Male,26,Bhopal,Madhya Pradesh,2023-10-18
101464,Aditya Reddy,Female,36,Lucknow,Uttar Pradesh,2024-08-15
101465,Kavya Gupta,Other,47,Hyderabad,Telangana,2022-04-22
101466,Aditi Verma,Male,40,Mumbai,Maharashtra,2023-10-16
101467,Rohan Joshi,Female,37,Delhi,Delhi,2024-07-31
101468,Priya Joshi,Male,39,Mumbai,Maharashtra,2022-09-10
101469,Rahul Nair,Female,45,Nagpur,Maharashtra,2022-06-13
101470,Vikram Das,Female,42,Hyderabad,Telangana,2024-12-10
101471,Aarav Iyer,Female,37,Bhopal,Madhya Pradesh,2024-12-24
101472,Aarav Patel,Female,42,Mumbai,Maharashtra,2024-03-25
101473,Neha Reddy,Female,22,Hyderabad,Telangana,2024-06-09
101474,Kavya Mehta,Male,18,Kochi,Kerala,2023-09-08
101475,Kavya Mehta,Male,33,Delhi,Delhi,2024-04-08
101476,Vikram Singh,Female,33,Kolkata,West Bengal,2023-03-16
101477,Neha Kumar,Female,27,Patna,Bihar,2024-05-29
101478,Rahul Patel,Female,39,Kochi,Kerala,2023-11-08
101479,Karan Mishra,Female,18,Surat,Gujarat,2024-03-06
101480,Arjun Sharma,Male,27,Surat,Gujarat,2022-09-10
101481,Sneha Malhotra,Female,28,Jaipur,Rajasthan,2023-04-27
101482,Aarav Singh,Male,18,Mumbai,Maharashtra,2023-02-03
101483,Karan Verma,Female,45,Ahmedabad,Gujarat,2023-10-23
101484,Arjun Malhotra,Male,20,Coimbatore,Tamil Nadu,2024-10-10
101485,Vivaan Agarwal,Male,27,Chennai,Tamil Nadu,2023-06-25
101486,Pooja Reddy,Male,40,Bengaluru,Karnataka,2024-07-31
101487,Vivaan Singh,Male,38,Chennai,Tamil Nadu,2024-03-21
101488,Vivaan Mehta,Female,22,Lucknow,Uttar Pradesh,2022-01-15
101489,Neha Singh,Male,38,Mumbai,Maharashtra,2024-02-06
101490,Kavya Singh,Male,35,Lucknow,Uttar Pradesh,2024-08-17
101491,Vivaan Gupta,Male,53,Chennai,Tamil Nadu,2022-04-11
101492,Riya Patel,Male,36,Kolkata,West Bengal,2023-01-16
101493,Vikram Das,Male,31,Bengaluru,Karnataka,2023-05-13
101494,Meera Kumar,Male,24,Mumbai,Maharashtra,2024-09-06
101495,Meera Malhotra,Female,25,Kolkata,West Bengal,2024-08-28
101496,Ananya Singh,Female,25,Chennai,Tamil Nadu,2022-07-01
101497,Raj Mishra,Female,44,Bengaluru,Karnataka,2023-06-28
101498,Rahul Reddy,Male,32,Bengaluru,Karnataka,2023-05-16
101499,Riya Singh,Male,37,Bengaluru,Karnataka,2022-01-13
101500,Sneha Patel,Female,46,Pune,Maharashtra,2022-07-25
101501,Aman Sharma,Female,18,Coimbatore,Tamil Nadu,2023-01-16
101502,Kavya Malhotra,Male,44,Ahmedabad,Gujarat,2022-12-02
101503,Rohan Reddy,Male,32,Surat,Gujarat,2022-02-22
101504,Sneha Joshi,Male,36,Pune,Maharashtra,2024-01-08
101505,Isha Sharma,Male,25,Chennai,Tamil Nadu,2024-06-04
101506,Aditi Reddy,Male,25,Mumbai,Maharashtra,2024-09-28
101507,Priya Iyer,Female,36,Lucknow,Uttar Pradesh,2023-05-11
101508,Riya Kumar,Female,53,Hyderabad,Telangana,2023-03-21
101509,Sneha Mehta,Female,41,Ahmedabad,Gujarat,2023-01-24
101510,Rahul Patel,Female,43,Hyderabad,Telangana,2022-10-22
101511,Priya Gupta,Female,30,Delhi,Delhi,2024-09-08
101512,Kavya Agarwal,Female,27,Mumbai,Maharashtra,2023-03-12
101513,Vikram Das,Female,25,Gurugram,Haryana,2022-09-30
101514,Vikram Patel,Male,28,Bengaluru,Karnataka,2023-03-07
101515,Rahul Iyer,Male,18,Bengaluru,Karnataka,2024-04-09
101516,Neha Mishra,Male,25,Patna,Bihar,2023-08-16
101517,Vivaan Joshi,Female,27,Jaipur,Rajasthan,2023-06-15
101518,Sneha Mehta,Female,30,Delhi,Delhi,2022-03-23
101519,Kavya Joshi,Male,33,Mumbai,Maharashtra,2023-01-17
101520,Rahul Mehta,Female,35,Bengaluru,Karnataka,2022-10-01
101521,Vikram Patel,Male,32,Kolkata,West Bengal,2023-10-22
101522,Karan Kumar,Female,27,Ahmedabad,Gujarat,2023-05-07
101523,Aditya Mishra,Male,18,Bengaluru,Karnataka,2022-12-02
101524,Neha Das,Male,27,Indore,Madhya Pradesh,2024-03-19
101525,Aditi Verma,Male,23,Delhi,Delhi,2024-07-31
101526,Kavya Nair,Male,36,Mumbai,Maharashtra,2024-02-10
101527,Karan Sharma,Male,40,Coimbatore,Tamil Nadu,2023-01-18
101528,Aman Mehta,Male,40,Mumbai,Maharashtra,2023-06-13
101529,Pooja Malhotra,Female,39,Indore,Madhya Pradesh,2022-12-05
101530,Vivaan Das,Female,31,Lucknow,Uttar Pradesh,2024-06-18
101531,Aditya Singh,Male,27,Delhi,Delhi,2024-08-27
101532,Meera Nair,Female,25,Pune,Maharashtra,2023-04-30
101533,Kavya Singh,Female,18,Pune,Maharashtra,2022-11-23
101534,Isha Singh,Male,41,Chandigarh,Chandigarh,2023-04-04
101535,Ananya Patel,Male,30,Hyderabad,Telangana,2024-12-31
101536,Aarav Singh,Male,21,Hyderabad,Telangana,2023-11-24
101537,Karan Nair,Male,25,Delhi,Delhi,2022-10-16
101538,Arjun Nair,Female,24,Kolkata,West Bengal,2022-04-06
101539,Isha Mishra,Male,32,Mumbai,Maharashtra,2022-10-07
101540,Vikram Nair,Female,42,Delhi,Delhi,2023-05-04
101541,Pooja Nair,Female,29,Nagpur,Maharashtra,2023-01-09
101542,Karan Mehta,Male,18,Bengaluru,Karnataka,2022-02-14
101543,Vikram Joshi,Female,30,Mumbai,Maharashtra,2022-07-12
101544,Ananya Iyer,Male,31,Lucknow,Uttar Pradesh,2023-05-30
101545,Raj Mehta,Female,30,Gurugram,Haryana,2022-01-01
101546,Neha Joshi,Male,26,Delhi,Delhi,2022-05-14
101547,Aditi Patel,Female,34,Delhi,Delhi,2024-05-16
101548,Aman Kumar,Female,33,Delhi,Delhi,2023-01-22
101549,Riya Mishra,Male,32,Delhi,Delhi,2023-04-12
101550,Isha Agarwal,Female,36,Jaipur,Rajasthan,2022-12-25
101551,Arjun Iyer,Female,28,Chennai,Tamil Nadu,2024-11-23
101552,Isha Iyer,Female,28,Jaipur,Rajasthan,2023-07-26
101553,Ananya Mishra,Female,44,Pune,Maharashtra,2023-08-24
101554,Karan Kumar,Female,37,Gurugram,Haryana,2022-10-11
101555,Ananya Mehta,Male,39,Chennai,Tamil Nadu,2023-03-12
101556,Vivaan Malhotra,Male,43,Patna,Bihar,2023-09-01
101557,Vikram Nair,Female,37,Pune,Maharashtra,2024-10-10
101558,Rahul Sharma,Male,40,Noida,Uttar Pradesh,2022-05-25
101559,Aman Joshi,Female,18,Hyderabad,Telangana,2024-12-11
101560,Meera Malhotra,Female,34,Hyderabad,Telangana,2022-11-02
101561,Sneha Patel,Male,30,Surat,Gujarat,2022-01-19
101562,Rahul Singh,Male,47,Delhi,Delhi,2024-09-16
101563,Ananya Singh,Female,40,Chennai,Tamil Nadu,2023-11-10
101564,Priya Malhotra,Male,26,Lucknow,Uttar Pradesh,2023-10-20
101565,Vikram Agarwal,Female,35,Ahmedabad,Gujarat,2022-06-22
101566,Kavya Reddy,Male,34,Kolkata,West Bengal,2023-11-04
101567,Ananya Patel,Female,36,Hyderabad,Telangana,2023-07-05
101568,Isha Nair,Male,23,Bengaluru,Karnataka,2023-12-02
101569,Isha Agarwal,Female,35,Bhopal,Madhya Pradesh,2022-09-17
101570,Rohan Nair,Male,30,Hyderabad,Telangana,2024-03-07
101571,Aditi Gupta,Female,35,Noida,Uttar Pradesh,2022-04-28
101572,Rahul Nair,Male,25,Delhi,Delhi,2024-06-25
101573,Kavya Agarwal,Female,27,Mumbai,Maharashtra,2023-10-25
101574,Rohan Mishra,Female,43,Bengaluru,Karnataka,2024-06-12
101575,Kavya Reddy,Male,23,Jaipur,Rajasthan,2022-05-23
101576,Vivaan Joshi,Male,23,Bengaluru,Karnataka,2023-02-18
101577,Vivaan Das,Male,32,Delhi,Delhi,2023-03-29
101578,Aditya Das,Female,25,Mumbai,Maharashtra,2022-09-12
101579,Vivaan Iyer,Female,24,Bengaluru,Karnataka,2022-03-02
101580,Aarav Mehta,Female,33,Mumbai,Maharashtra,2022-01-08
101581,Rahul Das,Male,18,Mumbai,Maharashtra,2024-03-16
101582,Vikram Verma,Male,23,Ahmedabad,Gujarat,2023-08-06
101583,Rahul Sharma,Female,50,Hyderabad,Telangana,2023-05-19
101584,Karan Joshi,Female,36,Hyderabad,Telangana,2023-03-14
101585,Neha Kumar,Other,25,Coimbatore,Tamil Nadu,2022-11-13
101586,Vivaan Malhotra,Male,36,Hyderabad,Telangana,2023-01-13
101587,Pooja Mishra,Female,37,Patna,Bihar,2024-06-04
101588,Isha Reddy,Male,41,Bengaluru,Karnataka,2022-11-05
101589,Isha Sharma,Male,31,Hyderabad,Telangana,2022-09-20
101590,Aarav Joshi,Female,41,Hyderabad,Telangana,2024-10-06
101591,Kavya Mehta,Female,18,Chennai,Tamil Nadu,2024-07-09
101592,Aarav Sharma,Other,22,Chennai,Tamil Nadu,2024-08-15
101593,Riya Nair,Male,33,Mumbai,Maharashtra,2024-08-14
101594,Aman Joshi,Male,35,Noida,Uttar Pradesh,2023-03-24
101595,Raj Sharma,Female,24,Pune,Maharashtra,2023-02-22
101596,Riya Das,Female,34,Delhi,Delhi,2022-06-04
101597,Sneha Iyer,Male,26,Kolkata,West Bengal,2024-04-28
101598,Rohan Verma,Male,30,Noida,Uttar Pradesh,2024-11-02
101599,Arjun Joshi,Male,41,Mumbai,Maharashtra,2022-03-11
101600,Rahul Singh,Female,40,Delhi,Delhi,2024-03-26
101601,Karan Malhotra,Male,23,Noida,Uttar Pradesh,2024-04-02
101602,Riya Patel,Male,22,Coimbatore,Tamil Nadu,2023-09-04
101603,Aditi Patel,Male,28,Delhi,Delhi,2024-09-06
101604,Priya Verma,Male,32,Chandigarh,Chandigarh,2022-02-27
101605,Aditi Mehta,Male,26,Bengaluru,Karnataka,2024-06-26
101606,Neha Malhotra,Female,41,Chandigarh,Chandigarh,2022-01-08
101607,Vikram Nair,Male,35,Jaipur,Rajasthan,2023-03-01
101608,Vikram Patel,Female,36,Indore,Madhya Pradesh,2024-01-11
101609,Aditya Reddy,Male,21,Noida,Uttar Pradesh,2022-04-18
101610,Vivaan Verma,Female,43,Delhi,Delhi,2023-05-03
101611,Priya Mehta,Female,18,Delhi,Delhi,2024-02-15
101612,Priya Joshi,Female,40,Chennai,Tamil Nadu,2022-03-12
101613,Isha Sharma,Female,40,Delhi,Delhi,2023-11-18
101614,Aarav Nair,Male,28,Pune,Maharashtra,2023-10-04
101615,Rohan Verma,Male,43,Kochi,Kerala,2022-12-14
101616,Isha Das,Female,31,Bengaluru,Karnataka,2024-10-28
101617,Sneha Reddy,Other,33,Pune,Maharashtra,2023-09-16
101618,Ananya Malhotra,Female,35,Hyderabad,Telangana,2022-10-05
101619,Arjun Mishra,Female,61,Kolkata,West Bengal,2023-08-13
101620,Riya Mishra,Female,44,Mumbai,Maharashtra,2022-06-23
101621,Vivaan Singh,Male,38,Bengaluru,Karnataka,2022-03-18
101622,Karan Mishra,Male,24,Surat,Gujarat,2024-08-26
101623,Meera Agarwal,Female,33,Gurugram,Haryana,2023-09-02
101624,Aman Sharma,Female,25,Noida,Uttar Pradesh,2022-04-20
101625,Aditya Reddy,Male,39,Ahmedabad,Gujarat,2022-09-28
101626,Aman Mishra,Female,33,Pune,Maharashtra,2024-10-12
101627,Kavya Malhotra,Male,22,Lucknow,Uttar Pradesh,2023-07-08
101628,Vivaan Gupta,Female,33,Hyderabad,Telangana,2022-02-07
101629,Ananya Sharma,Male,24,Delhi,Delhi,2024-06-08
101630,Karan Malhotra,Male,33,Hyderabad,Telangana,2024-08-27
101631,Rahul Iyer,Female,24,Mumbai,Maharashtra,2024-01-22
101632,Priya Mishra,Male,32,Hyderabad,Telangana,2024-11-02
101633,Aditya Patel,Female,39,Bengaluru,Karnataka,2022-12-09
101634,Rohan Malhotra,Female,32,Kolkata,West Bengal,2024-05-26
101635,Vikram Malhotra,Female,28,Bengaluru,Karnataka,2024-07-17
101636,Priya Reddy,Male,34,Lucknow,Uttar Pradesh,2024-05-10
101637,Kavya Kumar,Male,38,Pune,Maharashtra,2022-10-10
101638,Priya Iyer,Male,22,Patna,Bihar,2024-01-31
101639,Rahul Iyer,Other,34,Delhi,Delhi,2022-01-05
101640,Aditya Joshi,Female,44,Lucknow,Uttar Pradesh,2024-05-30
101641,Aditi Sharma,Female,37,Jaipur,Rajasthan,2022-11-24
101642,Arjun Mehta,Female,33,Kochi,Kerala,2022-01-29
101643,Vikram Das,Female,38,Hyderabad,Telangana,2022-03-23
101644,Aditya Kumar,Female,36,Bengaluru,Karnataka,2023-05-17
101645,Pooja Iyer,Male,39,Mumbai,Maharashtra,2024-04-09
101646,Pooja Malhotra,Female,18,Bengaluru,Karnataka,2023-01-26
101647,Priya Iyer,Male,18,Pune,Maharashtra,2024-11-07
101648,Ananya Sharma,Female,41,Gurugram,Haryana,2024-01-01
101649,Aman Iyer,Female,18,Bengaluru,Karnataka,2024-04-06
101650,Neha Agarwal,Female,36,Mumbai,Maharashtra,2023-06-22
101651,Vikram Kumar,Male,29,Bengaluru,Karnataka,2024-04-23
101652,Kavya Mehta,Male,23,Delhi,Delhi,2022-05-26
101653,Sneha Gupta,Male,35,Patna,Bihar,2023-08-03
101654,Meera Reddy,Male,34,Indore,Madhya Pradesh,2024-07-06
101655,Priya Verma,Male,51,Bengaluru,Karnataka,2023-07-02
101656,Pooja Patel,Female,26,Mumbai,Maharashtra,2023-10-08
101657,Vikram Nair,Female,45,Bhopal,Madhya Pradesh,2024-09-21
101658,Aditya Verma,Male,35,Delhi,Delhi,2023-03-04
101659,Aman Gupta,Male,26,Kolkata,West Bengal,2022-08-02
101660,Priya Nair,Male,39,Patna,Bihar,2024-12-06
101661,Rahul Nair,Female,37,Pune,Maharashtra,2023-03-22
101662,Priya Kumar,Female,32,Delhi,Delhi,2024-09-19
101663,Aditi Verma,Female,34,Mumbai,Maharashtra,2023-07-23
101664,Aditya Sharma,Female,27,Patna,Bihar,2022-06-08
101665,Raj Agarwal,Other,25,Delhi,Delhi,2023-06-12
101666,Aditi Iyer,Female,39,Hyderabad,Telangana,2024-11-02
101667,Aman Verma,Male,30,Noida,Uttar Pradesh,2024-05-25
101668,Rahul Verma,Female,31,Gurugram,Haryana,2022-03-12
101669,Rohan Mehta,Male,35,Pune,Maharashtra,2023-10-08
101670,Neha Joshi,Female,34,Mumbai,Maharashtra,2023-10-05
101671,Kavya Joshi,Male,19,Kolkata,West Bengal,2022-01-30
101672,Sneha Verma,Female,44,Bengaluru,Karnataka,2023-08-01
101673,Aarav Verma,Female,33,Bengaluru,Karnataka,2023-03-02
101674,Aditi Joshi,Female,30,Noida,Uttar Pradesh,2022-10-20
101675,Aditya Malhotra,Female,36,Mumbai,Maharashtra,2024-05-03
101676,Pooja Iyer,Male,34,Delhi,Delhi,2024-06-12
101677,Ananya Das,Male,39,Bengaluru,Karnataka,2023-08-31
101678,Priya Sharma,Male,37,Pune,Maharashtra,2023-03-20
101679,Raj Mehta,Male,38,Lucknow,Uttar Pradesh,2022-09-19
101680,Priya Iyer,Female,44,Noida,Uttar Pradesh,2022-09-27
101681,Aditya Nair,Male,40,Jaipur,Rajasthan,2023-04-01
101682,Kavya Mishra,Female,31,Kolkata,West Bengal,2023-06-11
101683,Vikram Malhotra,Female,22,Jaipur,Rajasthan,2024-02-20
101684,Riya Gupta,Female,47,Bengaluru,Karnataka,2022-07-27
101685,Priya Gupta,Male,30,Hyderabad,Telangana,2022-09-25
101686,Rahul Patel,Female,28,Kolkata,West Bengal,2022-07-26
101687,Raj Patel,Female,18,Delhi,Delhi,2022-11-18
101688,Isha Gupta,Male,35,Bengaluru,Karnataka,2024-12-28
101689,Aditya Gupta,Female,33,Hyderabad,Telangana,2022-06-02
101690,Sneha Patel,Female,18,Chennai,Tamil Nadu,2022-08-02
101691,Sneha Patel,Male,36,,,2023-11-06
101692,Isha Iyer,Female,28,Lucknow,Uttar Pradesh,2023-08-14
101693,Aditya Kumar,Male,56,Pune,Maharashtra,2023-11-27
101694,Aman Singh,Male,27,Bhopal,Madhya Pradesh,2023-04-12
101695,Isha Malhotra,Male,28,Hyderabad,Telangana,2023-05-31
101696,Pooja Singh,Male,24,Chennai,Tamil Nadu,2022-02-03
101697,Neha Verma,Male,44,Delhi,Delhi,2022-01-09
101698,Rahul Patel,Male,29,Bengaluru,Karnataka,2022-05-30
101699,Aarav Mehta,Female,25,Surat,Gujarat,2023-01-09
101700,Ananya Das,Female,38,Bengaluru,Karnataka,2024-07-11
101701,Pooja Mehta,Female,20,Bengaluru,Karnataka,2024-06-13
101702,Ananya Agarwal,Male,38,Chennai,Tamil Nadu,2022-12-01
101703,Ananya Mehta,Male,48,Delhi,Delhi,2022-10-09
101704,Pooja Gupta,Female,37,Chennai,Tamil Nadu,2023-01-31
101705,Raj Kumar,Male,38,Bengaluru,Karnataka,2024-12-23
101706,Pooja Nair,Male,40,Hyderabad,Telangana,2023-09-15
101707,Karan Agarwal,Female,47,Noida,Uttar Pradesh,2024-10-16
101708,Ananya Gupta,Male,43,Jaipur,Rajasthan,2023-09-07
101709,Priya Kumar,Female,36,Hyderabad,Telangana,2022-12-20
101710,Raj Nair,Female,40,Chennai,Tamil Nadu,2022-11-27
101711,Isha Malhotra,Male,24,Ahmedabad,Gujarat,2023-11-30
101712,Vikram Kumar,Male,39,Ahmedabad,Gujarat,2024-03-25
101713,Priya Patel,Female,23,Mumbai,Maharashtra,2024-08-02
101714,Priya Kumar,Male,29,Bengaluru,Karnataka,2024-10-29
101715,Arjun Mishra,Male,18,Bengaluru,Karnataka,2024-10-03
101716,Meera Singh,Other,36,Mumbai,Maharashtra,2022-05-12
101717,Meera Joshi,Male,26,Delhi,Delhi,2024-11-17
101718,Rohan Reddy,Female,42,Mumbai,Maharashtra,2024-10-23
101719,Kavya Sharma,Other,36,Noida,Uttar Pradesh,2024-12-13
101720,Neha Nair,Male,42,Chennai,Tamil Nadu,2022-10-17
101721,Karan Agarwal,Male,22,Bengaluru,Karnataka,2022-09-21
101722,Raj Das,Male,41,Kolkata,West Bengal,2023-02-24
101723,Aditya Das,Male,51,Ahmedabad,Gujarat,2024-07-11
101724,Sneha Reddy,Male,39,Bengaluru,Karnataka,2024-12-12
101725,Isha Gupta,Female,39,Pune,Maharashtra,2024-09-16
101726,Raj Singh,Male,34,Delhi,Delhi,2022-04-29
101727,Aman Reddy,Female,27,Kolkata,West Bengal,2023-11-07
101728,Rahul Nair,Other,39,Bengaluru,Karnataka,2023-08-18
101729,Sneha Iyer,Female,18,Hyderabad,Telangana,2022-05-19
101730,Priya Verma,Female,28,Hyderabad,Telangana,2024-03-05
101731,Neha Malhotra,Male,18,Kolkata,West Bengal,2024-12-05
101732,Isha Malhotra,Female,26,Chennai,Tamil Nadu,2022-04-12
101733,Priya Joshi,Female,38,Hyderabad,Telangana,2024-02-27
101734,Riya Mishra,Male,37,Delhi,Delhi,2022-06-07
101735,Sneha Joshi,Male,32,Kolkata,West Bengal,2023-02-14
101736,Vivaan Iyer,Female,34,Indore,Madhya Pradesh,2023-06-08
101737,Aditi Nair,Male,18,Ahmedabad,Gujarat,2024-01-28
101738,Kavya Malhotra,Male,29,Coimbatore,Tamil Nadu,2024-03-31
101739,Aditya Verma,Male,26,Mumbai,Maharashtra,2023-09-19
101740,Vikram Reddy,Male,26,Mumbai,Maharashtra,2024-08-15
101741,Aditi Gupta,Female,37,Chennai,Tamil Nadu,2023-07-10
101742,Pooja Sharma,Female,24,Mumbai,Maharashtra,2024-03-12
101743,Meera Reddy,Female,27,Delhi,Delhi,2022-02-20
101744,Priya Iyer,Male,18,Hyderabad,Telangana,2023-10-27
101745,Ananya Iyer,Male,29,Bengaluru,Karnataka,2024-11-21
101746,Sneha Verma,Male,22,Bengaluru,Karnataka,2024-05-27
101747,Aarav Verma,Male,33,Kochi,Kerala,2024-06-27
101748,Aman Singh,Male,23,Mumbai,Maharashtra,2023-07-06
101749,Riya Nair,Female,33,Delhi,Delhi,2024-03-03
101750,Riya Joshi,Male,31,Delhi,Delhi,2023-01-30
101751,Meera Nair,Female,47,Noida,Uttar Pradesh,2023-05-10
101752,Meera Singh,Male,36,Lucknow,Uttar Pradesh,2022-01-08
101753,Neha Kumar,Male,18,Delhi,Delhi,2024-06-29
101754,Priya Agarwal,Male,21,Mumbai,Maharashtra,2022-11-12
101755,Meera Nair,Female,32,Ahmedabad,Gujarat,2023-02-17
101756,Riya Gupta,Female,24,Bengaluru,Karnataka,2024-03-19
101757,Aditi Sharma,Female,18,Coimbatore,Tamil Nadu,2022-09-02
101758,Isha Verma,Male,44,Chennai,Tamil Nadu,2022-04-14
101759,Raj Mehta,Male,38,Mumbai,Maharashtra,2022-05-02
101760,Aditya Verma,Female,37,Surat,Gujarat,2022-10-16
101761,Rahul Kumar,Male,27,Bengaluru,Karnataka,2024-05-04
101762,Raj Kumar,Female,36,Bengaluru,Karnataka,2022-06-21
101763,Neha Iyer,Male,26,Bengaluru,Karnataka,2024-02-26
101764,Karan Joshi,Male,34,Ahmedabad,Gujarat,2024-03-31
101765,Isha Kumar,Male,24,Mumbai,Maharashtra,2022-09-29
101766,Isha Verma,Male,46,Hyderabad,Telangana,2022-01-16
101767,Neha Nair,Female,18,Delhi,Delhi,2022-07-22
101768,Neha Kumar,Male,43,Gurugram,Haryana,2024-05-07
101769,Aditya Patel,Male,32,Bengaluru,Karnataka,2023-10-23
101770,Vivaan Iyer,Male,28,Mumbai,Maharashtra,2023-12-31
101771,Arjun Sharma,Male,34,Chennai,Tamil Nadu,2023-10-15
101772,Ananya Reddy,Female,39,Lucknow,Uttar Pradesh,2024-07-09
101773,Arjun Reddy,Female,44,Gurugram,Haryana,2024-11-03
101774,Rohan Mishra,Female,35,Bengaluru,Karnataka,2024-04-12
101775,Vikram Joshi,Female,24,Gurugram,Haryana,2023-07-23
101776,Rohan Joshi,Male,33,Pune,Maharashtra,2023-11-08
101777,Rohan Kumar,Female,48,Delhi,Delhi,2024-10-19
101778,Kavya Mehta,Male,44,Surat,Gujarat,2024-12-06
101779,Neha Singh,Male,40,Chennai,Tamil Nadu,2024-03-27
101780,Priya Reddy,Female,39,Kolkata,West Bengal,2023-10-23
101781,Rohan Gupta,Male,38,Chandigarh,Chandigarh,2023-11-03
101782,Sneha Mehta,Female,42,Chennai,Tamil Nadu,2024-01-05
101783,Aarav Nair,Male,28,Delhi,Delhi,2024-10-07
101784,Pooja Mishra,Female,20,Indore,Madhya Pradesh,2023-12-23
101785,Karan Agarwal,Female,33,Bengaluru,Karnataka,2022-07-24
101786,Meera Mehta,Female,25,Pune,Maharashtra,2022-12-19
101787,Priya Sharma,Female,23,Mumbai,Maharashtra,2023-06-06
101788,Karan Singh,Female,26,Bengaluru,Karnataka,2024-08-21
101789,Aman Iyer,Male,54,Jaipur,Rajasthan,2024-06-01
101790,Aditya Malhotra,Female,33,Hyderabad,Telangana,2023-07-17
101791,Arjun Iyer,Male,35,Kolkata,West Bengal,2022-01-12
101792,Kavya Gupta,Female,21,Gurugram,Haryana,2022-01-15
101793,Aditi Kumar,Female,18,Bengaluru,Karnataka,2022-04-18
101794,Karan Agarwal,Female,25,Chennai,Tamil Nadu,2024-03-02
101795,Arjun Patel,Male,45,Noida,Uttar Pradesh,2024-12-08
101796,Isha Joshi,Male,35,Lucknow,Uttar Pradesh,2024-07-03
101797,Ananya Malhotra,Female,37,Chennai,Tamil Nadu,2023-11-23
101798,Priya Malhotra,Male,39,Hyderabad,Telangana,2024-12-03
101799,Priya Malhotra,Male,27,Hyderabad,Telangana,2024-04-29
101800,Arjun Kumar,Male,44,Hyderabad,Telangana,2024-12-23
101801,Aditi Das,Female,26,Bengaluru,Karnataka,2022-09-29
101802,Neha Malhotra,Female,45,Lucknow,Uttar Pradesh,2023-08-20
101803,Rohan Das,Male,36,Delhi,Delhi,2022-04-28
101804,Raj Mishra,Male,18,Coimbatore,Tamil Nadu,2024-01-02
101805,Pooja Malhotra,Male,25,Noida,Uttar Pradesh,2022-05-27
101806,Aditya Reddy,Female,18,Bengaluru,Karnataka,2024-04-29
101807,Rahul Kumar,Female,42,Delhi,Delhi,2024-02-23
101808,Arjun Singh,Male,32,Lucknow,Uttar Pradesh,2023-12-24
101809,Raj Verma,Male,18,Ahmedabad,Gujarat,2023-06-07
101810,Rohan Kumar,Male,35,Kochi,Kerala,2023-10-28
101811,Rahul Joshi,Female,27,Bengaluru,Karnataka,2022-08-07
101812,Priya Mehta,Female,19,Delhi,Delhi,2022-11-12
101813,Pooja Gupta,Male,47,Patna,Bihar,2022-12-25
101814,Meera Mehta,Male,33,Bengaluru,Karnataka,2023-06-10
101815,Sneha Gupta,Male,29,Lucknow,Uttar Pradesh,2023-09-12
101816,Isha Reddy,Female,28,Delhi,Delhi,2023-06-17
101817,Kavya Nair,Male,18,Ahmedabad,Gujarat,2022-05-21
101818,Rohan Joshi,Female,20,Delhi,Delhi,2024-11-15
101819,Rohan Agarwal,Female,44,Lucknow,Uttar Pradesh,2024-08-25
101820,Raj Gupta,Male,28,Chennai,Tamil Nadu,2023-08-30
101821,Rohan Kumar,Male,32,Kochi,Kerala,2022-01-11
101822,Neha Malhotra,Male,18,Delhi,Delhi,2022-10-22
101823,Vivaan Das,Female,20,Bengaluru,Karnataka,2023-02-18
101824,Aditi Sharma,Female,37,Delhi,Delhi,2023-02-17
101825,Isha Gupta,Female,35,Indore,Madhya Pradesh,2024-12-19
101826,Karan Das,Female,48,Kolkata,West Bengal,2024-04-12
101827,Priya Joshi,Male,44,Chennai,Tamil Nadu,2024-12-30
101828,Riya Reddy,Female,30,Mumbai,Maharashtra,2024-05-22
101829,Isha Mehta,Female,36,Pune,Maharashtra,2022-02-04
101830,Isha Mehta,Male,29,Hyderabad,Telangana,2024-11-15
101831,Neha Agarwal,Female,50,Bengaluru,Karnataka,2023-04-23
101832,Rohan Verma,Female,42,Ahmedabad,Gujarat,2023-10-14
101833,Meera Sharma,Female,34,Delhi,Delhi,2024-08-20
101834,Vikram Patel,Female,34,Jaipur,Rajasthan,2022-03-27
101835,Vivaan Patel,Female,45,Gurugram,Haryana,2022-05-11
101836,Vikram Joshi,Female,37,Bhopal,Madhya Pradesh,2024-07-15
101837,Raj Gupta,Male,46,Ahmedabad,Gujarat,2022-02-10
101838,Neha Malhotra,Male,18,Bengaluru,Karnataka,2023-05-18
101839,Isha Joshi,Female,36,Kolkata,West Bengal,2024-04-16
101840,Riya Verma,Male,27,Mumbai,Maharashtra,2023-02-02
101841,Meera Verma,Male,48,Delhi,Delhi,2022-04-04
101842,Aman Iyer,Male,46,Kolkata,West Bengal,2023-09-03
101843,Kavya Das,Male,32,Surat,Gujarat,2023-07-03
101844,Aditi Joshi,Female,46,Delhi,Delhi,2022-11-12
101845,Vivaan Iyer,Female,48,Delhi,Delhi,2023-03-11
101846,Neha Joshi,Male,33,Chennai,Tamil Nadu,2024-11-15
101847,Karan Mehta,Male,54,Mumbai,Maharashtra,2024-04-22
101848,Arjun Nair,Male,32,Kolkata,West Bengal,2022-05-05
101849,Vikram Patel,Female,30,Mumbai,Maharashtra,2022-12-22
101850,Vivaan Agarwal,Female,40,Delhi,Delhi,2022-04-03
101851,Aman Kumar,Male,29,Chennai,Tamil Nadu,2023-11-13
101852,Aditya Agarwal,Female,33,Surat,Gujarat,2022-04-10
101853,Arjun Iyer,Female,45,Jaipur,Rajasthan,2024-12-31
101854,Vikram Singh,Female,32,Gurugram,Haryana,2023-04-03
101855,Meera Nair,Female,18,Bengaluru,Karnataka,2022-03-04
101856,Aditi Das,Male,35,Indore,Madhya Pradesh,2023-07-24
101857,Pooja Reddy,Female,26,Hyderabad,Telangana,2022-05-22
101858,Sneha Gupta,Male,40,Surat,Gujarat,2023-03-12
101859,Pooja Gupta,Female,38,Pune,Maharashtra,2023-07-06
101860,Karan Das,Female,45,Bengaluru,Karnataka,2022-01-25
101861,Karan Iyer,Female,40,Bengaluru,Karnataka,2024-06-06
101862,Vivaan Malhotra,Female,42,Chennai,Tamil Nadu,2022-05-16
101863,Aditi Joshi,Male,26,Delhi,Delhi,2024-09-01
101864,Aman Malhotra,Female,39,Patna,Bihar,2024-09-19
101865,Kavya Gupta,Other,50,Bengaluru,Karnataka,2024-09-24
101866,Ananya Nair,Female,26,Bengaluru,Karnataka,2022-10-04
101867,Raj Patel,Male,48,Mumbai,Maharashtra,2023-07-13
101868,Meera Patel,Male,27,Delhi,Delhi,2023-11-21
101869,Riya Mishra,Male,24,Lucknow,Uttar Pradesh,2022-11-10
101870,Arjun Gupta,Female,35,Chennai,Tamil Nadu,2023-07-05
101871,Sneha Mishra,Female,38,Gurugram,Haryana,2022-08-13
101872,Vivaan Patel,Male,40,Delhi,Delhi,2023-03-06
101873,Rahul Nair,Female,23,Patna,Bihar,2024-01-13
101874,Rahul Singh,Female,36,Bengaluru,Karnataka,2024-03-08
101875,Rahul Nair,Female,26,Patna,Bihar,2023-07-08
101876,Ananya Das,Female,19,Delhi,Delhi,2024-12-14
101877,Vikram Iyer,Female,24,Ahmedabad,Gujarat,2022-01-27
101878,Priya Agarwal,Female,25,Chennai,Tamil Nadu,2023-09-04
101879,Rahul Malhotra,Male,37,Bengaluru,Karnataka,2023-10-13
101880,Aman Reddy,Female,42,Delhi,Delhi,2022-03-28
101881,Sneha Mehta,Female,19,Kolkata,West Bengal,2024-08-08
101882,Neha Verma,Female,35,Delhi,Delhi,2023-02-24
101883,Aditya Mehta,Female,21,Pune,Maharashtra,2023-12-26
101884,Riya Nair,Female,38,Kolkata,West Bengal,2024-02-13
101885,Aman Nair,Male,26,Ahmedabad,Gujarat,2024-10-04
101886,Aditi Agarwal,Male,23,Nagpur,Maharashtra,2023-09-05
101887,Isha Kumar,Male,39,Bengaluru,Karnataka,2024-11-09
101888,Meera Sharma,Male,27,Bengaluru,Karnataka,2022-01-30
101889,Aditya Nair,Female,29,Bengaluru,Karnataka,2023-10-22
101890,Neha Reddy,Other,18,Ahmedabad,Gujarat,2024-10-17
101891,Aditi Das,Male,41,Chandigarh,Chandigarh,2023-04-02
101892,Aditya Iyer,Male,39,Coimbatore,Tamil Nadu,2023-05-30
101893,Kavya Mehta,Female,32,Chandigarh,Chandigarh,2022-02-08
101894,Karan Mehta,Male,18,Indore,Madhya Pradesh,2023-11-21
101895,Karan Agarwal,Female,43,Nagpur,Maharashtra,2022-04-03
101896,Aman Kumar,Female,26,Hyderabad,Telangana,2022-10-15
101897,Raj Kumar,Female,28,Kochi,Kerala,2024-06-04
101898,Kavya Malhotra,Male,53,Ahmedabad,Gujarat,2022-01-03
101899,Rahul Malhotra,Male,26,Mumbai,Maharashtra,2022-12-12
101900,Isha Iyer,Female,39,Delhi,Delhi,2023-05-29
101901,Ananya Mishra,Female,37,Mumbai,Maharashtra,2023-07-08
101902,Vivaan Sharma,Male,36,Noida,Uttar Pradesh,2022-10-29
101903,Arjun Reddy,Female,35,Kolkata,West Bengal,2022-04-01
101904,Neha Sharma,Male,35,Mumbai,Maharashtra,2023-04-23
101905,Arjun Mishra,Female,34,Ahmedabad,Gujarat,2022-07-04
101906,Rohan Agarwal,Male,32,Mumbai,Maharashtra,2023-12-26
101907,Neha Sharma,Female,46,Gurugram,Haryana,2024-12-22
101908,Sneha Singh,Male,20,Noida,Uttar Pradesh,2022-10-14
101909,Rahul Mishra,Male,41,Coimbatore,Tamil Nadu,2023-11-12
101910,Raj Gupta,Male,39,Mumbai,Maharashtra,2024-12-02
101911,Aman Verma,Male,38,Bhopal,Madhya Pradesh,2023-07-29
101912,Aditi Patel,Female,42,Bengaluru,Karnataka,2022-02-05
101913,Aditya Kumar,Other,31,Hyderabad,Telangana,2024-08-17
101914,Rohan Sharma,Male,18,Pune,Maharashtra,2023-01-27
101915,Priya Reddy,Male,31,Kolkata,West Bengal,2023-10-02
101916,Raj Nair,Female,23,Nagpur,Maharashtra,2022-11-11
101917,Vikram Mehta,Female,25,Kolkata,West Bengal,2022-03-25
101918,Aditya Nair,Female,21,Patna,Bihar,2023-04-11
101919,Arjun Sharma,Male,28,Bengaluru,Karnataka,2022-07-17
101920,Karan Agarwal,Male,27,Hyderabad,Telangana,2024-06-20
101921,Aditya Gupta,Female,18,Pune,Maharashtra,2024-07-30
101922,Meera Singh,Male,38,Bengaluru,Karnataka,2024-08-22
101923,Riya Reddy,Female,52,Coimbatore,Tamil Nadu,2023-08-09
101924,Neha Sharma,Male,37,Lucknow,Uttar Pradesh,2024-12-26
101925,Aarav Nair,Female,30,Pune,Maharashtra,2024-06-13
101926,Ananya Das,Male,32,Ahmedabad,Gujarat,2024-07-31
101927,Arjun Das,Female,28,Pune,Maharashtra,2024-01-13
101928,Sneha Nair,Male,33,Delhi,Delhi,2024-01-19
101929,Rahul Agarwal,Female,32,Chennai,Tamil Nadu,2022-08-21
101930,Aditya Singh,Male,24,Kolkata,West Bengal,2023-09-25
101931,Priya Verma,Female,47,Coimbatore,Tamil Nadu,2022-05-17
101932,Arjun Verma,Female,19,Delhi,Delhi,2024-11-17
101933,Ananya Kumar,Female,38,Pune,Maharashtra,2024-05-21
101934,Raj Gupta,Female,31,Delhi,Delhi,2023-07-02
101935,Priya Iyer,Female,49,Mumbai,Maharashtra,2024-12-06
101936,Rahul Reddy,Female,35,Kolkata,West Bengal,2022-11-22
101937,Rahul Verma,Male,29,Mumbai,Maharashtra,2023-02-17
101938,Riya Malhotra,Female,30,Ahmedabad,Gujarat,2022-01-08
101939,Aarav Malhotra,Female,32,Pune,Maharashtra,2024-10-22
101940,Rohan Agarwal,Male,22,Mumbai,Maharashtra,2024-12-05
101941,Aditi Nair,Male,25,Pune,Maharashtra,2022-09-22
101942,Karan Reddy,Male,18,Delhi,Delhi,2023-10-18
101943,Rahul Mishra,Female,24,Surat,Gujarat,2024-11-30
101944,Sneha Malhotra,Female,33,Delhi,Delhi,2024-03-22
101945,Neha Das,Female,35,Delhi,Delhi,2024-11-19
101946,Karan Verma,Female,18,Kolkata,West Bengal,2023-07-21
101947,Arjun Gupta,Male,31,Coimbatore,Tamil Nadu,2022-08-06
101948,Arjun Malhotra,Male,37,Surat,Gujarat,2024-05-10
101949,Priya Kumar,Male,31,Mumbai,Maharashtra,2022-11-22
101950,Sneha Kumar,Male,26,Mumbai,Maharashtra,2023-05-17
101951,Rahul Singh,Male,28,Kolkata,West Bengal,2023-03-27
101952,Aman Reddy,Male,27,Gurugram,Haryana,2022-12-11
101953,Aditya Singh,Female,26,Bengaluru,Karnataka,2024-05-29
101954,Kavya Malhotra,Female,34,Hyderabad,Telangana,2022-03-05
101955,Pooja Nair,Other,53,Delhi,Delhi,2024-01-09
101956,Pooja Patel,Female,25,Mumbai,Maharashtra,2024-02-11
101957,Aarav Das,Female,29,Chennai,Tamil Nadu,2023-07-28
101958,Raj Singh,Male,32,Delhi,Delhi,2022-12-06
101959,Riya Malhotra,Female,26,Mumbai,Maharashtra,2024-07-29
101960,Riya Singh,Female,42,Mumbai,Maharashtra,2024-05-10
101961,Priya Patel,Male,18,Hyderabad,Telangana,2024-09-11
101962,Vivaan Iyer,Male,27,Delhi,Delhi,2023-08-23
101963,Vikram Agarwal,Female,39,Pune,Maharashtra,2024-11-23
101964,Priya Verma,Male,29,Patna,Bihar,2023-03-06
101965,Vikram Agarwal,Female,25,Delhi,Delhi,2022-07-22
101966,Pooja Verma,Female,36,Kolkata,West Bengal,2024-06-27
101967,Riya Mishra,Male,40,Gurugram,Haryana,2023-01-30
101968,Aarav Kumar,Male,34,Bengaluru,Karnataka,2022-01-06
101969,Ananya Gupta,Male,25,Mumbai,Maharashtra,2024-02-26
101970,Priya Das,Male,36,Delhi,Delhi,2024-04-05
101971,Meera Mehta,Male,28,Jaipur,Rajasthan,2023-01-08
101972,Aditi Joshi,Female,39,Chennai,Tamil Nadu,2023-03-14
101973,Rohan Iyer,Male,45,Mumbai,Maharashtra,2022-06-27
101974,Isha Iyer,Female,18,Gurugram,Haryana,2024-01-31
101975,Aditya Sharma,Male,33,Ahmedabad,Gujarat,2022-07-08
101976,Meera Verma,Female,18,Bengaluru,Karnataka,2024-12-20
101977,Aarav Patel,Male,54,Ahmedabad,Gujarat,2022-07-04
101978,Karan Sharma,Male,28,Mumbai,Maharashtra,2024-08-17
101979,Vivaan Iyer,Female,39,Jaipur,Rajasthan,2024-10-22
101980,Priya Joshi,Female,32,Delhi,Delhi,2022-11-03
101981,Raj Reddy,Male,25,Lucknow,Uttar Pradesh,2023-08-27
101982,Riya Iyer,Female,24,Mumbai,Maharashtra,2022-10-28
101983,Sneha Mehta,Male,46,Chennai,Tamil Nadu,2024-02-21
101984,Priya Verma,Male,41,Mumbai,Maharashtra,2024-01-11
101985,Kavya Joshi,Male,49,Lucknow,Uttar Pradesh,2023-11-28
101986,Pooja Gupta,Male,32,Delhi,Delhi,2023-10-02
101987,Aman Verma,Female,35,Mumbai,Maharashtra,2024-04-28
101988,Raj Verma,Female,30,Mumbai,Maharashtra,2022-02-17
101989,Riya Mishra,Male,29,Delhi,Delhi,2024-05-10
101990,Karan Iyer,Female,23,Ahmedabad,Gujarat,2022-11-09
101991,Rahul Joshi,Female,33,Coimbatore,Tamil Nadu,2023-04-28
101992,Ananya Mehta,Male,25,Noida,Uttar Pradesh,2022-10-01
101993,Meera Reddy,Female,36,Surat,Gujarat,2024-07-31
101994,Aditya Patel,Male,34,Delhi,Delhi,2022-10-23
101995,Sneha Nair,Female,35,Delhi,Delhi,2023-03-27
101996,Vikram Sharma,Female,47,Chennai,Tamil Nadu,2024-08-28
101997,Vikram Verma,Female,32,Coimbatore,Tamil Nadu,2022-09-01
101998,Sneha Verma,Male,39,Jaipur,Rajasthan,2024-07-11
101999,Neha Malhotra,Male,50,Hyderabad,Telangana,2024-10-26
102000,Pooja Sharma,Male,44,Mumbai,Maharashtra,2022-02-25
102001,Raj Reddy,Male,42,Mumbai,Maharashtra,2022-11-07
102002,Rohan Verma,Male,29,Bengaluru,Karnataka,2022-12-17
102003,Aarav Nair,Female,34,Lucknow,Uttar Pradesh,2023-04-12
102004,Rahul Nair,Male,20,Delhi,Delhi,2024-08-23
102005,Aarav Gupta,Male,36,Surat,Gujarat,2022-04-26
102006,Isha Kumar,Female,34,Chandigarh,Chandigarh,2022-03-15
102007,Riya Joshi,Male,32,Indore,Madhya Pradesh,2024-05-27
102008,Aman Gupta,Female,41,Bhopal,Madhya Pradesh,2023-10-10
102009,Aditi Gupta,Male,21,Delhi,Delhi,2023-07-13
102010,Aman Nair,Male,47,Coimbatore,Tamil Nadu,2024-07-06
102011,Arjun Iyer,Male,40,Hyderabad,Telangana,2022-04-24
102012,Aarav Kumar,Male,31,Surat,Gujarat,2023-07-29
102013,Sneha Patel,Female,31,Mumbai,Maharashtra,2024-08-12
102014,Riya Verma,Male,36,Hyderabad,Telangana,2024-07-03
102015,Aman Nair,Female,46,Delhi,Delhi,2023-10-24
102016,Meera Reddy,Male,33,Delhi,Delhi,2023-06-16
102017,Aditya Agarwal,Male,33,Chandigarh,Chandigarh,2022-05-25
102018,Neha Joshi,Female,32,Gurugram,Haryana,2024-06-30
102019,Aditi Sharma,Male,48,Chennai,Tamil Nadu,2024-05-11
102020,Isha Das,Female,29,Chennai,Tamil Nadu,2024-10-13
102021,Meera Gupta,Female,32,Ahmedabad,Gujarat,2023-10-05
102022,Aditi Gupta,Female,45,Bengaluru,Karnataka,2023-10-05
102023,Aman Iyer,Female,33,Ahmedabad,Gujarat,2023-02-19
102024,Arjun Mishra,Male,42,Pune,Maharashtra,2024-12-10
102025,Meera Reddy,Male,24,Kolkata,West Bengal,2022-06-08
102026,Arjun Singh,Male,30,Kochi,Kerala,2022-03-23
102027,Riya Sharma,Female,45,Pune,Maharashtra,2024-07-15
102028,Vivaan Das,Other,26,Hyderabad,Telangana,2023-03-07
102029,Aarav Singh,Male,31,Bhopal,Madhya Pradesh,2024-08-05
102030,Vivaan Agarwal,Female,34,Bhopal,Madhya Pradesh,2024-11-19
102031,Aditi Mehta,Male,23,Nagpur,Maharashtra,2022-05-16
102032,Rahul Gupta,Female,28,Chennai,Tamil Nadu,2023-12-24
102033,Vivaan Joshi,Male,33,Bengaluru,Karnataka,2022-05-13
102034,Sneha Singh,Female,32,Mumbai,Maharashtra,2023-10-19
102035,Ananya Singh,Female,44,Delhi,Delhi,2024-10-08
102036,Sneha Mishra,Male,46,Lucknow,Uttar Pradesh,2022-04-29
102037,Ananya Patel,Male,24,Mumbai,Maharashtra,2023-09-12
102038,Aditya Malhotra,Male,33,Kolkata,West Bengal,2024-01-27
102039,Aditi Verma,Male,38,Patna,Bihar,2024-11-10
102040,Riya Reddy,Male,46,Kochi,Kerala,2024-03-10
102041,Vivaan Gupta,Female,38,Delhi,Delhi,2022-12-10
102042,Vikram Iyer,Female,35,Bengaluru,Karnataka,2024-04-09
102043,Riya Sharma,Female,38,Gurugram,Haryana,2023-03-07
102044,Priya Verma,Male,38,Chennai,Tamil Nadu,2024-11-01
102045,Neha Das,Female,24,Noida,Uttar Pradesh,2023-06-24
102046,Raj Iyer,Female,34,Surat,Gujarat,2024-11-14
102047,Raj Kumar,Male,45,Hyderabad,Telangana,2024-06-26
102048,Aditya Joshi,Female,30,Bengaluru,Karnataka,2024-04-21
102049,Neha Sharma,Female,33,Pune,Maharashtra,2023-02-25
102050,Aditi Singh,Male,30,Jaipur,Rajasthan,2024-12-11
102051,Raj Malhotra,Male,18,Hyderabad,Telangana,2022-02-16
102052,Raj Nair,Male,32,Noida,Uttar Pradesh,2022-11-15
102053,Pooja Singh,Male,35,Bhopal,Madhya Pradesh,2022-02-04
102054,Neha Kumar,Female,27,Bengaluru,Karnataka,2024-09-07
102055,Meera Agarwal,Female,22,Kochi,Kerala,2024-03-27
102056,Karan Nair,Female,24,Kolkata,West Bengal,2022-06-12
102057,Kavya Iyer,Male,39,Indore,Madhya Pradesh,2022-11-06
102058,Vikram Gupta,Male,50,Delhi,Delhi,2023-05-03
102059,Aarav Mishra,Female,44,Mumbai,Maharashtra,2024-03-28
102060,Sneha Sharma,Female,20,Bengaluru,Karnataka,2022-08-11
102061,Vikram Joshi,Male,40,Bengaluru,Karnataka,2023-01-05
102062,Aditi Reddy,Female,26,Mumbai,Maharashtra,2022-08-23
102063,Aarav Kumar,Female,27,Surat,Gujarat,2022-02-27
102064,Aarav Iyer,Male,28,Hyderabad,Telangana,2023-11-15
102065,Priya Das,Male,38,Kochi,Kerala,2022-06-30
102066,Raj Verma,Female,41,Chennai,Tamil Nadu,2022-07-24
102067,Karan Joshi,Male,31,Mumbai,Maharashtra,2022-11-13
102068,Vikram Mehta,Male,31,Chennai,Tamil Nadu,2024-12-07
102069,Isha Sharma,Male,36,Nagpur,Maharashtra,2024-03-03
102070,Rahul Nair,Male,37,Chennai,Tamil Nadu,2022-07-21
102071,Aman Verma,Female,43,Delhi,Delhi,2024-11-12
102072,Vivaan Mishra,Female,20,Chandigarh,Chandigarh,2022-10-02
102073,Vikram Mishra,Male,32,Mumbai,Maharashtra,2022-02-24
102074,Riya Mehta,Female,22,Lucknow,Uttar Pradesh,2024-09-27
102075,Aditi Agarwal,Female,32,Pune,Maharashtra,2022-01-15
102076,Aditya Malhotra,Female,30,Bengaluru,Karnataka,2024-04-02
102077,Arjun Joshi,Male,32,Bengaluru,Karnataka,2024-03-05
102078,Rahul Reddy,Male,25,Patna,Bihar,2022-03-17
102079,Priya Verma,Other,19,Bhopal,Madhya Pradesh,2022-08-31
102080,Meera Malhotra,Female,18,Pune,Maharashtra,2022-04-07
102081,Vivaan Mehta,Male,31,Bengaluru,Karnataka,2024-07-20
102082,Rahul Singh,Male,28,Delhi,Delhi,2022-09-28
102083,Raj Patel,Male,26,Mumbai,Maharashtra,2023-03-26
102084,Ananya Mishra,Female,44,Chennai,Tamil Nadu,2024-09-12
102085,Priya Nair,Female,24,Bengaluru,Karnataka,2022-10-28
102086,Ananya Kumar,Female,45,Delhi,Delhi,2022-10-22
102087,Neha Patel,Male,47,Pune,Maharashtra,2024-03-04
102088,Vikram Verma,Female,18,Ahmedabad,Gujarat,2023-04-19
102089,Karan Gupta,Female,33,Indore,Madhya Pradesh,2023-04-04
102090,Meera Verma,Male,28,Chennai,Tamil Nadu,2023-07-17
102091,Rahul Verma,Female,18,Lucknow,Uttar Pradesh,2024-11-13
102092,Rohan Agarwal,Female,19,Bengaluru,Karnataka,2024-06-13
102093,Neha Kumar,Male,39,Pune,Maharashtra,2023-09-15
102094,Sneha Verma,Female,50,Lucknow,Uttar Pradesh,2024-07-19
102095,Kavya Kumar,Male,40,Lucknow,Uttar Pradesh,2022-04-05
102096,Karan Agarwal,Female,35,Hyderabad,Telangana,2023-05-12
102097,Raj Agarwal,Female,32,Chennai,Tamil Nadu,2023-10-10
102098,Aman Das,Female,47,Patna,Bihar,2022-04-01
102099,Arjun Verma,Female,51,Kolkata,West Bengal,2024-05-11
102100,Rohan Iyer,Male,27,Kolkata,West Bengal,2024-10-02
102101,Raj Das,Female,18,Noida,Uttar Pradesh,2023-11-03
102102,Pooja Sharma,Female,18,Delhi,Delhi,2024-07-31
102103,Karan Das,Male,44,Chennai,Tamil Nadu,2024-11-12
102104,Ananya Gupta,Female,32,Kochi,Kerala,2024-04-27
102105,Aditya Nair,Female,34,Bengaluru,Karnataka,2024-11-28
102106,Vikram Kumar,Male,18,Bengaluru,Karnataka,2023-04-07
102107,Priya Joshi,Female,25,Kolkata,West Bengal,2023-01-27
102108,Vivaan Reddy,Female,29,Mumbai,Maharashtra,2023-11-24
102109,Raj Patel,Male,34,Chennai,Tamil Nadu,2023-12-27
102110,Rohan Sharma,Other,28,Mumbai,Maharashtra,2024-07-02
102111,Priya Das,Male,23,Chennai,Tamil Nadu,2022-01-28
102112,Neha Joshi,Male,25,Kolkata,West Bengal,2024-09-24
102113,Kavya Singh,Male,43,Hyderabad,Telangana,2024-06-24
102114,Arjun Agarwal,Female,34,Hyderabad,Telangana,2023-04-29
102115,Arjun Iyer,Female,38,Mumbai,Maharashtra,2022-07-27
102116,Rahul Verma,Male,24,Bengaluru,Karnataka,2022-12-16
102117,Aarav Sharma,Male,18,Pune,Maharashtra,2023-03-23
102118,Vikram Gupta,Female,27,Mumbai,Maharashtra,2022-07-25
102119,Karan Das,Male,24,Noida,Uttar Pradesh,2023-10-24
102120,Priya Kumar,Female,35,Lucknow,Uttar Pradesh,2023-11-06
102121,Aditya Malhotra,Female,62,Bengaluru,Karnataka,2023-11-28
102122,Meera Patel,Female,38,Delhi,Delhi,2022-03-29
102123,Aditya Sharma,Female,57,Delhi,Delhi,2023-10-14
102124,Aditya Singh,Male,37,Kolkata,West Bengal,2024-06-20
102125,Neha Iyer,Other,26,Mumbai,Maharashtra,2022-03-09
102126,Rahul Verma,Female,35,Delhi,Delhi,2024-01-03
102127,Ananya Verma,Female,48,Bengaluru,Karnataka,2022-09-18
102128,Vivaan Agarwal,Male,48,Kochi,Kerala,2022-07-11
102129,Vivaan Gupta,Female,27,Lucknow,Uttar Pradesh,2024-12-10
102130,Meera Mehta,Male,34,Surat,Gujarat,2024-09-06
102131,Priya Agarwal,Male,19,Mumbai,Maharashtra,2023-04-01
102132,Aarav Mehta,Male,39,Delhi,Delhi,2024-11-23
102133,Sneha Gupta,Female,46,Delhi,Delhi,2023-07-15
102134,Aditi Singh,Female,32,Kochi,Kerala,2023-07-28
102135,Rohan Patel,Female,26,Bengaluru,Karnataka,2023-06-24
102136,Aman Agarwal,Female,35,Pune,Maharashtra,2022-04-02
102137,Rahul Sharma,Male,36,Hyderabad,Telangana,2023-09-30
102138,Pooja Malhotra,Female,33,Ahmedabad,Gujarat,2024-01-23
102139,Pooja Singh,Male,34,Bengaluru,Karnataka,2024-11-08
102140,Raj Agarwal,Female,30,Chennai,Tamil Nadu,2023-03-05
102141,Sneha Mishra,Female,41,Nagpur,Maharashtra,2022-08-03
102142,Kavya Agarwal,Female,39,Hyderabad,Telangana,2022-06-06
102143,Vivaan Verma,Female,23,Chennai,Tamil Nadu,2023-09-30
102144,Aman Mehta,Male,23,Pune,Maharashtra,2022-05-11
102145,Rahul Mehta,Male,30,Noida,Uttar Pradesh,2023-09-24
102146,Karan Reddy,Female,39,Bengaluru,Karnataka,2024-09-16
102147,Riya Singh,Male,33,Mumbai,Maharashtra,2022-04-16
102148,Kavya Iyer,Male,26,Ahmedabad,Gujarat,2022-07-29
102149,Aarav Mehta,Female,34,Hyderabad,Telangana,2022-11-09
102150,Aditi Agarwal,Female,29,Patna,Bihar,2023-04-10
102151,Kavya Iyer,Male,40,Jaipur,Rajasthan,2023-10-23
102152,Isha Kumar,Male,35,Chennai,Tamil Nadu,2022-04-11
102153,Meera Joshi,Female,29,Delhi,Delhi,2023-02-11
102154,Ananya Mehta,Female,34,Lucknow,Uttar Pradesh,2024-03-31
102155,Aman Gupta,Male,44,Jaipur,Rajasthan,2024-06-28
102156,Aarav Kumar,Male,27,,,2022-08-22
102157,Pooja Singh,Male,36,Bengaluru,Karnataka,2023-10-27
102158,Aarav Mishra,Male,31,,,2024-03-16
102159,Aman Sharma,Male,36,Bengaluru,Karnataka,2024-12-29
102160,Isha Joshi,Female,26,Mumbai,Maharashtra,2022-06-02
102161,Aditi Iyer,Female,33,Nagpur,Maharashtra,2022-03-18
102162,Meera Singh,Female,42,Ahmedabad,Gujarat,2024-06-15
102163,Rohan Verma,Male,24,Hyderabad,Telangana,2024-07-11
102164,Vikram Reddy,Female,20,,,2024-07-03
102165,Vikram Patel,Male,20,Delhi,Delhi,2022-04-20
102166,Kavya Das,Female,21,Delhi,Delhi,2022-10-19
102167,Vivaan Iyer,Female,37,Jaipur,Rajasthan,2023-04-21
102168,Vikram Malhotra,Male,19,Mumbai,Maharashtra,2023-09-12
102169,Priya Kumar,Female,29,Patna,Bihar,2023-07-01
102170,Rohan Gupta,Male,38,Gurugram,Haryana,2024-01-02
102171,Vikram Malhotra,Female,36,Bengaluru,Karnataka,2024-05-23
102172,Ananya Iyer,Male,29,Indore,Madhya Pradesh,2024-11-15
102173,Aditi Mishra,Male,34,Delhi,Delhi,2023-08-21
102174,Meera Sharma,Female,33,Chennai,Tamil Nadu,2023-06-24
102175,Aditi Malhotra,Male,30,Chandigarh,Chandigarh,2024-04-23
102176,Meera Gupta,Female,30,Surat,Gujarat,2024-08-26
102177,Meera Singh,Male,52,Bengaluru,Karnataka,2023-08-24
102178,Isha Joshi,Female,39,Mumbai,Maharashtra,2022-02-20
102179,Raj Gupta,Female,54,Mumbai,Maharashtra,2023-04-20
102180,Isha Sharma,Female,28,Pune,Maharashtra,2024-05-16
102181,Aditya Sharma,Male,31,Kolkata,West Bengal,2024-05-25
102182,Vikram Malhotra,Male,20,Delhi,Delhi,2023-09-03
102183,Vikram Sharma,Male,25,Hyderabad,Telangana,2022-02-14
102184,Riya Agarwal,Male,49,Gurugram,Haryana,2022-05-16
102185,Aarav Kumar,Female,27,Hyderabad,Telangana,2024-06-03
102186,Pooja Singh,Female,49,Mumbai,Maharashtra,2023-03-23
102187,Rahul Kumar,Female,21,Kochi,Kerala,2022-10-03
102188,Rohan Mishra,Female,23,Bengaluru,Karnataka,2023-10-16
102189,Ananya Sharma,Female,29,Noida,Uttar Pradesh,2024-09-09
102190,Aarav Gupta,Female,31,Mumbai,Maharashtra,2023-03-24
102191,Meera Nair,Male,40,Hyderabad,Telangana,2024-10-18
102192,Rahul Iyer,Female,36,Pune,Maharashtra,2024-11-02
102193,Arjun Das,Female,28,Pune,Maharashtra,2023-03-03
102194,Riya Das,Female,31,Pune,Maharashtra,2022-09-01
102195,Aditi Verma,Male,29,Mumbai,Maharashtra,2023-12-29
102196,Aditi Nair,Male,24,Pune,Maharashtra,2024-10-17
102197,Priya Malhotra,Male,24,Pune,Maharashtra,2024-01-20
102198,Arjun Kumar,Female,41,Mumbai,Maharashtra,2024-07-16
102199,Raj Kumar,Female,18,Nagpur,Maharashtra,2022-11-25
102200,Rahul Gupta,Male,47,Surat,Gujarat,2022-10-29
102201,Sneha Iyer,Female,29,Indore,Madhya Pradesh,2024-06-18
102202,Isha Reddy,Male,25,Jaipur,Rajasthan,2023-04-24
102203,Ananya Gupta,Male,39,Mumbai,Maharashtra,2022-08-02
102204,Kavya Nair,Male,45,Chennai,Tamil Nadu,2024-11-08
102205,Pooja Iyer,Female,42,Gurugram,Haryana,2024-03-16
102206,Aditi Singh,Female,37,Delhi,Delhi,2023-03-03
102207,Meera Das,Male,42,Pune,Maharashtra,2022-03-19
102208,Rohan Mehta,Female,18,Hyderabad,Telangana,2022-10-07
102209,Raj Nair,Male,27,Mumbai,Maharashtra,2022-07-01
102210,Raj Gupta,Female,24,Hyderabad,Telangana,2023-11-10
102211,Rohan Nair,Female,43,Nagpur,Maharashtra,2024-01-25
102212,Aarav Nair,Female,29,Lucknow,Uttar Pradesh,2023-09-16
102213,Meera Mehta,Male,40,Bengaluru,Karnataka,2022-12-02
102214,Meera Sharma,Female,37,Kolkata,West Bengal,2023-04-10
102215,Rohan Malhotra,Female,24,Mumbai,Maharashtra,2023-04-10
102216,Ananya Mishra,Male,27,Kolkata,West Bengal,2022-12-25
102217,Pooja Singh,Female,44,Bhopal,Madhya Pradesh,2023-09-07
102218,Meera Verma,Male,25,Chennai,Tamil Nadu,2022-07-05
102219,Isha Gupta,Female,33,Ahmedabad,Gujarat,2024-02-09
102220,Ananya Nair,Male,25,Pune,Maharashtra,2024-02-03
102221,Aditya Singh,Female,29,Chennai,Tamil Nadu,2022-05-22
102222,Aditi Kumar,Female,32,Lucknow,Uttar Pradesh,2023-12-12
102223,Rohan Reddy,Male,25,Gurugram,Haryana,2023-06-05
102224,Aditya Das,Male,23,Jaipur,Rajasthan,2023-05-22
102225,Ananya Agarwal,Male,35,Coimbatore,Tamil Nadu,2024-06-05
102226,Aarav Patel,Male,24,Gurugram,Haryana,2024-03-07
102227,Karan Singh,Male,25,Noida,Uttar Pradesh,2022-02-19
102228,Aditya Kumar,Female,24,Surat,Gujarat,2024-08-13
102229,Aman Iyer,Male,31,Bengaluru,Karnataka,2023-03-01
102230,Arjun Nair,Male,40,Hyderabad,Telangana,2023-09-07
102231,Aarav Sharma,Female,46,Chennai,Tamil Nadu,2023-08-21
102232,Priya Agarwal,Male,25,Pune,Maharashtra,2024-02-27
102233,Sneha Gupta,Female,51,Surat,Gujarat,2024-08-22
102234,Sneha Agarwal,Female,23,Delhi,Delhi,2023-06-06
102235,Priya Kumar,Female,42,Mumbai,Maharashtra,2024-03-07
102236,Kavya Mehta,Female,26,Indore,Madhya Pradesh,2022-12-28
102237,Arjun Das,Female,24,Delhi,Delhi,2022-09-08
102238,Isha Iyer,Male,25,Mumbai,Maharashtra,2023-12-09
102239,Meera Reddy,Male,32,Bengaluru,Karnataka,2024-01-01
102240,Vikram Gupta,Male,37,Ahmedabad,Gujarat,2023-08-04
102241,Neha Verma,Female,38,Chennai,Tamil Nadu,2022-06-18
102242,Vivaan Patel,Male,24,Kochi,Kerala,2024-09-24
102243,Aarav Kumar,Female,23,Mumbai,Maharashtra,2023-07-03
102244,Aman Verma,Other,24,Indore,Madhya Pradesh,2022-08-24
102245,Aditya Kumar,Female,31,Bengaluru,Karnataka,2024-05-19
102246,Rohan Mishra,Female,30,Mumbai,Maharashtra,2022-05-11
102247,Priya Gupta,Male,23,Pune,Maharashtra,2024-06-24
102248,Aditya Joshi,Female,34,Delhi,Delhi,2022-01-07
102249,Aditya Kumar,Female,52,Hyderabad,Telangana,2023-11-21
102250,Pooja Malhotra,Male,27,Bengaluru,Karnataka,2022-01-27
102251,Isha Nair,Male,28,Mumbai,Maharashtra,2022-11-27
102252,Aarav Mehta,Female,37,Surat,Gujarat,2022-12-06
102253,Rohan Malhotra,Female,27,Hyderabad,Telangana,2022-06-07
102254,Sneha Gupta,Female,38,Coimbatore,Tamil Nadu,2024-11-17
102255,Vivaan Verma,Female,26,Bhopal,Madhya Pradesh,2022-07-12
102256,Ananya Singh,Female,48,Mumbai,Maharashtra,2024-04-08
102257,Karan Mehta,Female,35,Pune,Maharashtra,2022-05-28
102258,Kavya Nair,Male,26,Kolkata,West Bengal,2023-08-11
102259,Kavya Patel,Male,27,Gurugram,Haryana,2022-07-22
102260,Raj Patel,Male,27,Indore,Madhya Pradesh,2023-04-12
102261,Vikram Verma,Female,44,Kolkata,West Bengal,2023-09-07
102262,Vivaan Mehta,Female,21,Delhi,Delhi,2023-07-15
102263,Meera Joshi,Female,26,Pune,Maharashtra,2024-09-09
102264,Isha Gupta,Male,27,Indore,Madhya Pradesh,2024-03-02
102265,Vivaan Kumar,Female,32,Lucknow,Uttar Pradesh,2022-04-30
102266,Aarav Mehta,Female,30,Indore,Madhya Pradesh,2023-06-07
102267,Aditya Patel,Female,19,Jaipur,Rajasthan,2023-02-21
102268,Pooja Agarwal,Female,28,Delhi,Delhi,2024-09-24
102269,Karan Verma,Male,31,Coimbatore,Tamil Nadu,2024-07-10
102270,Aarav Singh,Female,26,Patna,Bihar,2023-08-13
102271,Rohan Reddy,Male,38,Delhi,Delhi,2022-02-22
102272,Raj Verma,Male,40,Delhi,Delhi,2022-09-21
102273,Isha Das,Male,31,Chennai,Tamil Nadu,2022-09-14
102274,Arjun Patel,Female,34,Ahmedabad,Gujarat,2024-04-09
102275,Priya Agarwal,Female,18,Hyderabad,Telangana,2023-08-15
102276,Isha Mishra,Female,28,Mumbai,Maharashtra,2023-05-10
102277,Aman Verma,Female,41,Pune,Maharashtra,2023-02-17
102278,Kavya Mehta,Female,28,Bengaluru,Karnataka,2022-02-28
102279,Rohan Kumar,Female,25,Bengaluru,Karnataka,2022-11-07
102280,Priya Kumar,Male,52,Jaipur,Rajasthan,2024-05-19
102281,Rohan Agarwal,Male,48,Indore,Madhya Pradesh,2023-12-14
102282,Vivaan Patel,Male,36,Chennai,Tamil Nadu,2022-03-02
102283,Neha Agarwal,Male,42,Lucknow,Uttar Pradesh,2024-02-27
102284,Aman Singh,Male,18,Jaipur,Rajasthan,2023-01-19
102285,Aman Malhotra,Male,25,Chennai,Tamil Nadu,2022-08-27
102286,Vivaan Gupta,Male,28,Bengaluru,Karnataka,2023-01-22
102287,Arjun Verma,Female,30,Hyderabad,Telangana,2024-05-01
102288,Aditi Iyer,Male,28,Bengaluru,Karnataka,2024-02-12
102289,Kavya Mehta,Male,18,Patna,Bihar,2024-07-15
102290,Meera Singh,Male,35,Gurugram,Haryana,2024-07-30
102291,Kavya Sharma,Female,37,Chennai,Tamil Nadu,2022-09-10
102292,Priya Das,Male,46,Bhopal,Madhya Pradesh,2024-02-13
102293,Riya Mehta,Male,25,Indore,Madhya Pradesh,2024-04-30
102294,Kavya Reddy,Female,24,Patna,Bihar,2024-04-27
102295,Isha Malhotra,Male,18,Mumbai,Maharashtra,2024-06-10
102296,Vikram Agarwal,Male,29,Lucknow,Uttar Pradesh,2022-06-09
102297,Raj Verma,Male,40,Kolkata,West Bengal,2022-01-04
102298,Priya Mishra,Male,26,Ahmedabad,Gujarat,2022-10-13
102299,Vivaan Joshi,Male,51,Bengaluru,Karnataka,2023-10-04
102300,Meera Mishra,Male,30,Lucknow,Uttar Pradesh,2024-03-18
102301,Riya Iyer,Female,33,Hyderabad,Telangana,2023-05-08
102302,Meera Reddy,Female,20,Gurugram,Haryana,2023-07-24
102303,Pooja Gupta,Female,35,Noida,Uttar Pradesh,2022-12-23
102304,Arjun Iyer,Male,18,Mumbai,Maharashtra,2022-03-07
102305,Neha Gupta,Female,38,Mumbai,Maharashtra,2022-10-03
102306,Rohan Singh,Male,39,Lucknow,Uttar Pradesh,2022-09-20
102307,Karan Gupta,Male,44,Chennai,Tamil Nadu,2022-10-01
102308,Vivaan Mehta,Female,23,Chennai,Tamil Nadu,2023-03-27
102309,Aditya Reddy,Male,33,Ahmedabad,Gujarat,2023-07-05
102310,Sneha Singh,Male,37,Surat,Gujarat,2022-03-23
102311,Rahul Das,Female,36,Mumbai,Maharashtra,2022-05-29
102312,Pooja Patel,Female,24,Chennai,Tamil Nadu,2023-03-04
102313,Ananya Mishra,Female,18,Gurugram,Haryana,2024-06-15
102314,Aditya Verma,Female,35,Indore,Madhya Pradesh,2024-05-17
102315,Priya Joshi,Other,31,Bengaluru,Karnataka,2023-03-29
102316,Priya Joshi,Male,27,Delhi,Delhi,2024-05-12
102317,Ananya Das,Male,39,Mumbai,Maharashtra,2024-09-26
102318,Aman Joshi,Male,32,Chandigarh,Chandigarh,2024-01-04
102319,Neha Mishra,Male,20,Pune,Maharashtra,2022-02-03
102320,Aarav Iyer,Male,18,Hyderabad,Telangana,2022-07-12
102321,Pooja Malhotra,Female,22,Delhi,Delhi,2024-08-29
102322,Riya Iyer,Female,54,Delhi,Delhi,2024-07-15
102323,Sneha Verma,Female,39,Jaipur,Rajasthan,2022-05-28
102324,Sneha Gupta,Male,34,Chennai,Tamil Nadu,2023-11-02
102325,Rahul Malhotra,Female,30,Chennai,Tamil Nadu,2022-11-03
102326,Meera Malhotra,Female,30,Delhi,Delhi,2023-09-16
102327,Arjun Mishra,Female,43,Bengaluru,Karnataka,2023-07-20
102328,Arjun Malhotra,Male,28,Gurugram,Haryana,2024-04-06
102329,Arjun Iyer,Female,37,Mumbai,Maharashtra,2022-09-04
102330,Raj Das,Male,29,Indore,Madhya Pradesh,2023-07-16
102331,Kavya Mishra,Male,49,Delhi,Delhi,2023-08-25
102332,Aditi Mishra,Male,39,Mumbai,Maharashtra,2022-02-25
102333,Sneha Patel,Female,43,Pune,Maharashtra,2022-12-03
102334,Priya Reddy,Female,27,Chandigarh,Chandigarh,2023-03-09
102335,Isha Malhotra,Male,42,Bengaluru,Karnataka,2023-05-18
102336,Pooja Agarwal,Male,29,Jaipur,Rajasthan,2023-12-19
102337,Vivaan Gupta,Male,33,Chennai,Tamil Nadu,2022-05-09
102338,Aman Mehta,Male,47,Mumbai,Maharashtra,2024-07-26
102339,Rahul Malhotra,Male,23,Mumbai,Maharashtra,2023-09-15
102340,Pooja Reddy,Male,34,Patna,Bihar,2024-03-20
102341,Priya Sharma,Female,36,Mumbai,Maharashtra,2024-01-09
102342,Priya Mishra,Male,37,Lucknow,Uttar Pradesh,2024-06-08
102343,Ananya Nair,Male,28,Kochi,Kerala,2023-09-22
102344,Vikram Sharma,Male,51,Delhi,Delhi,2022-10-14
102345,Isha Mishra,Female,20,Hyderabad,Telangana,2024-02-11
102346,Aman Mishra,Female,45,Mumbai,Maharashtra,2022-04-18
102347,Aditi Sharma,Female,43,Mumbai,Maharashtra,2022-08-14
102348,Ananya Das,Male,49,Delhi,Delhi,2024-02-25
102349,Raj Patel,Female,18,Jaipur,Rajasthan,2023-05-20
102350,Aman Das,Male,24,Ahmedabad,Gujarat,2024-09-29
102351,Isha Das,Female,45,Jaipur,Rajasthan,2022-09-20
102352,Arjun Das,Female,18,Patna,Bihar,2024-02-17
102353,Vikram Gupta,Female,18,Mumbai,Maharashtra,2023-03-23
102354,Raj Nair,Female,28,Bengaluru,Karnataka,2022-05-17
102355,Neha Iyer,Female,34,Bengaluru,Karnataka,2024-01-01
102356,Ananya Patel,Male,46,Mumbai,Maharashtra,2024-02-21
102357,Sneha Malhotra,Female,30,Mumbai,Maharashtra,2023-11-17
102358,Aditya Singh,Male,27,Pune,Maharashtra,2023-12-31
102359,Neha Singh,Female,35,Gurugram,Haryana,2022-11-20
102360,Sneha Nair,Male,36,Kochi,Kerala,2023-01-10
102361,Isha Iyer,Male,36,Delhi,Delhi,2024-09-22
102362,Riya Das,Male,30,Gurugram,Haryana,2024-06-17
102363,Aditi Das,Male,18,Gurugram,Haryana,2024-02-09
102364,Vivaan Joshi,Male,24,Hyderabad,Telangana,2023-06-23
102365,Rohan Verma,Female,45,Delhi,Delhi,2022-07-09
102366,Raj Nair,Male,34,Nagpur,Maharashtra,2023-09-04
102367,Riya Mehta,Male,29,Jaipur,Rajasthan,2022-04-03
102368,Rahul Iyer,Female,42,Coimbatore,Tamil Nadu,2022-02-23
102369,Riya Mishra,Male,22,Pune,Maharashtra,2023-03-20
102370,Meera Sharma,Female,30,Hyderabad,Telangana,2023-10-25
102371,Rohan Singh,Female,33,Mumbai,Maharashtra,2022-01-06
102372,Karan Das,Female,28,Nagpur,Maharashtra,2023-01-02
102373,Vivaan Singh,Female,33,Bengaluru,Karnataka,2023-11-17
102374,Vivaan Agarwal,Male,30,Delhi,Delhi,2023-12-05
102375,Vivaan Mishra,Female,19,Pune,Maharashtra,2022-05-11
102376,Aditi Nair,Male,34,Hyderabad,Telangana,2023-03-03
102377,Karan Patel,Male,20,Bengaluru,Karnataka,2023-07-10
102378,Aditi Das,Female,33,Kolkata,West Bengal,2023-08-14
102379,Neha Joshi,Male,44,Bengaluru,Karnataka,2023-06-08
102380,Priya Reddy,Female,29,Hyderabad,Telangana,2024-03-28
102381,Arjun Reddy,Female,21,Delhi,Delhi,2024-09-12
102382,Aarav Singh,Female,31,Chennai,Tamil Nadu,2022-10-16
102383,Aditi Agarwal,Female,25,Delhi,Delhi,2023-01-05
102384,Pooja Agarwal,Male,37,Mumbai,Maharashtra,2024-12-28
102385,Rohan Das,Male,31,Lucknow,Uttar Pradesh,2023-04-14
102386,Isha Malhotra,Female,47,Bengaluru,Karnataka,2022-01-02
102387,Kavya Kumar,Male,42,Mumbai,Maharashtra,2023-09-08
102388,Aditi Gupta,Female,31,Chennai,Tamil Nadu,2024-08-18
102389,Aman Nair,Female,38,Mumbai,Maharashtra,2023-05-09
102390,Aditya Patel,Female,28,Bengaluru,Karnataka,2023-04-24
102391,Aarav Mehta,Male,32,Kolkata,West Bengal,2022-05-16
102392,Vivaan Gupta,Male,29,Ahmedabad,Gujarat,2023-06-02
102393,Meera Iyer,Male,39,Ahmedabad,Gujarat,2024-01-10
102394,Karan Das,Male,45,Pune,Maharashtra,2023-07-20
102395,Vikram Reddy,Female,39,Pune,Maharashtra,2024-02-14
102396,Vikram Reddy,Male,40,Noida,Uttar Pradesh,2022-06-21
102397,Karan Patel,Male,40,Mumbai,Maharashtra,2024-02-05
102398,Sneha Joshi,Male,37,Mumbai,Maharashtra,2024-09-14
102399,Aarav Das,Female,22,Jaipur,Rajasthan,2023-08-22
102400,Aarav Agarwal,Female,47,Hyderabad,Telangana,2023-02-10
102401,Rahul Reddy,Male,48,Lucknow,Uttar Pradesh,2022-11-01
102402,Rohan Malhotra,Male,30,Bengaluru,Karnataka,2024-01-03
102403,Aarav Singh,Male,29,Bengaluru,Karnataka,2022-07-10
102404,Aman Malhotra,Male,38,Bhopal,Madhya Pradesh,2022-08-23
102405,Raj Nair,Female,37,Hyderabad,Telangana,2023-06-18
102406,Aman Mehta,Female,30,Chennai,Tamil Nadu,2024-07-26
102407,Priya Das,Male,21,Delhi,Delhi,2024-12-13
102408,Aditi Agarwal,Male,35,Mumbai,Maharashtra,2024-11-24
102409,Aman Singh,Other,37,Delhi,Delhi,2024-08-13
102410,Neha Patel,Male,39,Hyderabad,Telangana,2023-10-11
102411,Riya Das,Female,35,Nagpur,Maharashtra,2023-03-14
102412,Pooja Mehta,Male,30,Indore,Madhya Pradesh,2022-05-11
102413,Meera Verma,Male,41,Kolkata,West Bengal,2022-10-02
102414,Aarav Joshi,Male,33,Surat,Gujarat,2022-01-17
102415,Aditi Joshi,Female,28,Kolkata,West Bengal,2023-08-16
102416,Pooja Malhotra,Female,30,Hyderabad,Telangana,2022-01-29
102417,Raj Patel,Male,18,Mumbai,Maharashtra,2023-10-22
102418,Arjun Agarwal,Male,30,Jaipur,Rajasthan,2023-08-08
102419,Aditya Kumar,Male,38,Mumbai,Maharashtra,2023-05-15
102420,Aman Reddy,Male,35,Hyderabad,Telangana,2024-06-21
102421,Ananya Das,Male,46,Gurugram,Haryana,2024-10-11
102422,Aman Patel,Male,30,Delhi,Delhi,2024-06-10
102423,Raj Singh,Female,36,Delhi,Delhi,2024-05-20
102424,Rahul Joshi,Male,39,Mumbai,Maharashtra,2022-07-14
102425,Vikram Mishra,Male,53,Chennai,Tamil Nadu,2024-11-18
102426,Vivaan Iyer,Female,33,Mumbai,Maharashtra,2023-02-02
102427,Pooja Mehta,Male,23,Pune,Maharashtra,2022-04-17
102428,Ananya Reddy,Female,40,Bengaluru,Karnataka,2024-12-18
102429,Rahul Nair,Male,49,Pune,Maharashtra,2024-02-05
102430,Aarav Reddy,Female,29,Bengaluru,Karnataka,2024-10-25
102431,Isha Patel,Female,40,Coimbatore,Tamil Nadu,2022-04-16
102432,Aman Mishra,Female,43,Pune,Maharashtra,2022-05-03
102433,Sneha Mehta,Other,41,Ahmedabad,Gujarat,2022-07-24
102434,Priya Nair,Male,33,Lucknow,Uttar Pradesh,2024-09-10
102435,Vivaan Malhotra,Female,26,Pune,Maharashtra,2023-05-14
102436,Meera Das,Male,31,Mumbai,Maharashtra,2022-06-25
102437,Karan Kumar,Male,36,Pune,Maharashtra,2023-10-02
102438,Vikram Reddy,Male,40,Jaipur,Rajasthan,2023-02-27
102439,Kavya Reddy,Female,35,Pune,Maharashtra,2022-06-22
102440,Isha Mishra,Male,29,Delhi,Delhi,2023-10-27
102441,Aditi Joshi,Female,37,Delhi,Delhi,2022-07-08
102442,Raj Das,Female,40,Bengaluru,Karnataka,2022-05-13
102443,Rohan Das,Female,35,Mumbai,Maharashtra,2023-05-28
102444,Kavya Gupta,Female,24,Bhopal,Madhya Pradesh,2023-04-14
102445,Raj Verma,Male,30,Mumbai,Maharashtra,2024-06-06
102446,Isha Gupta,Male,41,Hyderabad,Telangana,2024-09-12
102447,Aman Nair,Male,20,Lucknow,Uttar Pradesh,2024-12-31
102448,Kavya Iyer,Male,18,Gurugram,Haryana,2024-04-24
102449,Rohan Reddy,Male,46,Pune,Maharashtra,2022-12-16
102450,Ananya Reddy,Male,37,Mumbai,Maharashtra,2022-08-01
102451,Aditya Singh,Male,37,Bengaluru,Karnataka,2022-01-31
102452,Aditi Singh,Female,22,Hyderabad,Telangana,2024-09-22
102453,Raj Mehta,Female,39,Bengaluru,Karnataka,2022-06-08
102454,Ananya Kumar,Male,34,Bengaluru,Karnataka,2024-07-23
102455,Aman Malhotra,Female,18,Mumbai,Maharashtra,2022-07-19
102456,Raj Agarwal,Male,45,Patna,Bihar,2022-04-03
102457,Arjun Agarwal,Male,33,Delhi,Delhi,2024-04-10
102458,Vivaan Das,Female,28,Hyderabad,Telangana,2024-12-10
102459,Meera Malhotra,Male,29,Coimbatore,Tamil Nadu,2023-10-18
102460,Pooja Verma,Male,18,Jaipur,Rajasthan,2024-05-16
102461,Isha Mishra,Other,37,Bengaluru,Karnataka,2023-09-09
102462,Karan Joshi,Female,34,Mumbai,Maharashtra,2022-09-21
102463,Arjun Das,Female,30,Kochi,Kerala,2023-11-09
102464,Priya Joshi,Female,44,Delhi,Delhi,2024-07-19
102465,Raj Mehta,Female,20,Jaipur,Rajasthan,2022-04-19
102466,Vivaan Das,Male,27,Indore,Madhya Pradesh,2024-04-12
102467,Rahul Gupta,Male,24,Delhi,Delhi,2022-01-05
102468,Karan Kumar,Male,29,Lucknow,Uttar Pradesh,2022-10-20
102469,Sneha Malhotra,Male,33,Nagpur,Maharashtra,2024-05-26
102470,Neha Gupta,Female,36,Kolkata,West Bengal,2023-02-10
102471,Ananya Das,Male,29,Hyderabad,Telangana,2023-05-16
102472,Rohan Iyer,Female,24,Indore,Madhya Pradesh,2022-05-28
102473,Aditya Agarwal,Female,47,Chennai,Tamil Nadu,2024-02-02
102474,Ananya Reddy,Female,54,Ahmedabad,Gujarat,2023-06-24
102475,Rohan Kumar,Female,33,Chennai,Tamil Nadu,2023-01-03
102476,Vivaan Sharma,Female,25,Delhi,Delhi,2023-02-06
102477,Neha Patel,Male,45,Mumbai,Maharashtra,2022-01-26
102478,Karan Iyer,Female,19,Delhi,Delhi,2024-04-07
102479,Rohan Malhotra,Male,29,Delhi,Delhi,2022-03-10
102480,Rohan Agarwal,Female,26,Delhi,Delhi,2022-04-19
102481,Aditya Gupta,Male,22,Hyderabad,Telangana,2023-01-14
102482,Pooja Mehta,Female,29,Mumbai,Maharashtra,2023-02-04
102483,Sneha Mehta,Female,24,Surat,Gujarat,2022-04-22
102484,Sneha Agarwal,Male,32,Ahmedabad,Gujarat,2023-01-14
102485,Priya Sharma,Male,32,Chennai,Tamil Nadu,2024-10-25
102486,Vivaan Joshi,Other,26,Pune,Maharashtra,2024-06-03
102487,Karan Nair,Male,29,Bengaluru,Karnataka,2023-11-18
102488,Aditi Sharma,Female,30,Pune,Maharashtra,2023-11-18
102489,Ananya Iyer,Female,39,Kolkata,West Bengal,2022-02-08
102490,Riya Singh,Male,31,Noida,Uttar Pradesh,2023-10-31
102491,Aarav Reddy,Male,39,Delhi,Delhi,2022-10-10
102492,Aarav Reddy,Male,37,Lucknow,Uttar Pradesh,2022-12-11
102493,Vikram Singh,Female,37,Ahmedabad,Gujarat,2023-08-14
102494,Aditi Patel,Male,44,Chennai,Tamil Nadu,2022-07-15
102495,Rahul Verma,Female,22,Mumbai,Maharashtra,2022-07-16
102496,Priya Joshi,Female,28,Chennai,Tamil Nadu,2023-08-16
102497,Meera Patel,Female,48,Pune,Maharashtra,2022-11-11
102498,Rohan Verma,Female,30,Pune,Maharashtra,2022-02-25
102499,Vivaan Patel,Other,18,Pune,Maharashtra,2024-04-06
102500,Raj Agarwal,Male,30,Delhi,Delhi,2024-04-17
102501,Riya Malhotra,Female,33,Mumbai,Maharashtra,2024-09-10
102502,Riya Kumar,Female,18,Delhi,Delhi,2022-03-17
102503,Sneha Mishra,Female,44,Mumbai,Maharashtra,2022-07-31
102504,Rahul Kumar,Female,26,Bengaluru,Karnataka,2023-10-08
102505,Isha Kumar,Male,35,Mumbai,Maharashtra,2022-06-04
102506,Karan Gupta,Male,30,Mumbai,Maharashtra,2023-06-09
102507,Priya Sharma,Female,20,Ahmedabad,Gujarat,2023-10-17
102508,Vikram Singh,Male,22,Gurugram,Haryana,2022-10-18
102509,Rahul Singh,Female,24,Bengaluru,Karnataka,2022-02-09
102510,Aarav Malhotra,Female,42,Bengaluru,Karnataka,2022-07-15
102511,Riya Gupta,Male,31,Surat,Gujarat,2024-04-02
102512,Arjun Kumar,Female,27,Kolkata,West Bengal,2024-05-19
102513,Vivaan Mehta,Male,24,Bengaluru,Karnataka,2023-05-27
102514,Aman Iyer,Female,43,Lucknow,Uttar Pradesh,2023-02-26
102515,Kavya Malhotra,Female,45,Bengaluru,Karnataka,2024-11-29
102516,Vivaan Malhotra,Female,43,Chennai,Tamil Nadu,2022-10-16
102517,Vivaan Reddy,Male,36,Nagpur,Maharashtra,2022-09-21
102518,Arjun Reddy,Male,35,Bengaluru,Karnataka,2022-10-05
102519,Aarav Sharma,Female,21,Chandigarh,Chandigarh,2022-10-07
102520,Arjun Mehta,Female,30,Bengaluru,Karnataka,2023-07-24
102521,Neha Mehta,Female,26,Chennai,Tamil Nadu,2022-03-18
102522,Arjun Joshi,Male,18,Pune,Maharashtra,2022-03-06
102523,Aman Agarwal,Male,42,Noida,Uttar Pradesh,2023-10-17
102524,Rahul Singh,Male,26,Delhi,Delhi,2023-04-21
102525,Aarav Patel,Female,43,Kolkata,West Bengal,2022-09-25
102526,Sneha Reddy,Male,40,Ahmedabad,Gujarat,2023-01-13
102527,Arjun Reddy,Male,37,Pune,Maharashtra,2022-12-27
102528,Riya Patel,Female,38,Delhi,Delhi,2022-04-07
102529,Pooja Malhotra,Male,26,Mumbai,Maharashtra,2024-02-02
102530,Rahul Mehta,Other,49,Jaipur,Rajasthan,2024-02-13
102531,Arjun Joshi,Female,32,Indore,Madhya Pradesh,2022-10-14
102532,Pooja Verma,Female,35,Hyderabad,Telangana,2022-02-26
102533,Raj Verma,Male,26,Chennai,Tamil Nadu,2022-07-15
102534,Arjun Agarwal,Male,24,Mumbai,Maharashtra,2022-04-05
102535,Karan Malhotra,Female,36,Hyderabad,Telangana,2022-06-04
102536,Karan Iyer,Female,34,Bengaluru,Karnataka,2022-08-22
102537,Aman Das,Female,25,Jaipur,Rajasthan,2023-03-02
102538,Riya Singh,Male,19,Nagpur,Maharashtra,2023-06-09
102539,Aditi Nair,Female,21,Gurugram,Haryana,2024-12-30
102540,Sneha Patel,Female,43,Mumbai,Maharashtra,2023-09-21
102541,Rohan Sharma,Female,26,Chennai,Tamil Nadu,2023-03-05
102542,Kavya Agarwal,Female,29,Delhi,Delhi,2023-04-03
102543,Karan Nair,Female,45,Mumbai,Maharashtra,2022-07-26
102544,Isha Kumar,Female,22,Mumbai,Maharashtra,2023-01-30
102545,Vikram Sharma,Male,25,Bengaluru,Karnataka,2023-04-12
102546,Aarav Reddy,Male,25,Jaipur,Rajasthan,2022-12-23
102547,Aditya Mishra,Male,47,Pune,Maharashtra,2024-01-15
102548,Arjun Das,Male,50,Chandigarh,Chandigarh,2023-01-07
102549,Meera Reddy,Male,39,Mumbai,Maharashtra,2024-11-24
102550,Isha Gupta,Male,39,Bengaluru,Karnataka,2024-02-15
102551,Aditya Iyer,Male,27,Bengaluru,Karnataka,2022-08-28
102552,Riya Verma,Male,50,Mumbai,Maharashtra,2023-03-16
102553,Arjun Mishra,Female,34,Nagpur,Maharashtra,2022-11-21
102554,Aman Reddy,Female,40,Hyderabad,Telangana,2023-05-14
102555,Vikram Agarwal,Male,31,Chandigarh,Chandigarh,2023-06-05
102556,Raj Patel,Female,30,Hyderabad,Telangana,2023-11-19
102557,Neha Sharma,Female,47,Mumbai,Maharashtra,2024-04-23
102558,Arjun Das,Male,37,Delhi,Delhi,2023-08-04
102559,Rohan Das,Male,45,Surat,Gujarat,2023-11-14
102560,Vivaan Das,Female,34,Delhi,Delhi,2022-09-16
102561,Raj Kumar,Female,24,Kochi,Kerala,2023-03-20
102562,Ananya Mehta,Female,27,Hyderabad,Telangana,2023-09-16
102563,Arjun Verma,Male,33,Mumbai,Maharashtra,2023-01-16
102564,Vivaan Sharma,Male,26,Kolkata,West Bengal,2024-10-22
102565,Rahul Reddy,Male,22,Mumbai,Maharashtra,2024-03-29
102566,Rohan Kumar,Male,43,Delhi,Delhi,2023-09-04
102567,Aditi Mishra,Male,27,Gurugram,Haryana,2023-09-03
102568,Neha Malhotra,Male,33,Hyderabad,Telangana,2024-06-25
102569,Aman Mishra,Female,35,Pune,Maharashtra,2024-05-26
102570,Aditya Kumar,Female,27,Mumbai,Maharashtra,2022-01-11
102571,Ananya Gupta,Male,45,Delhi,Delhi,2022-12-21
102572,Arjun Mehta,Female,22,Hyderabad,Telangana,2023-06-25
102573,Priya Agarwal,Male,34,Pune,Maharashtra,2024-11-14
102574,Aman Das,Male,34,Ahmedabad,Gujarat,2024-05-30
102575,Priya Nair,Male,32,Pune,Maharashtra,2024-05-29
102576,Isha Iyer,Female,20,Noida,Uttar Pradesh,2023-01-31
102577,Sneha Reddy,Female,40,Delhi,Delhi,2023-07-03
102578,Rohan Verma,Female,39,Delhi,Delhi,2022-12-23
102579,Rahul Nair,Male,26,Mumbai,Maharashtra,2022-04-22
102580,Vivaan Das,Female,38,Ahmedabad,Gujarat,2024-01-01
102581,Rohan Verma,Male,35,Ahmedabad,Gujarat,2023-05-22
102582,Sneha Mishra,Female,20,Mumbai,Maharashtra,2024-06-14
102583,Meera Agarwal,Female,24,Delhi,Delhi,2024-07-18
102584,Meera Reddy,Male,42,Jaipur,Rajasthan,2024-08-27
102585,Neha Gupta,Female,35,Surat,Gujarat,2023-05-12
102586,Pooja Mehta,Female,27,Ahmedabad,Gujarat,2023-07-21
102587,Aditi Malhotra,Male,24,Mumbai,Maharashtra,2024-01-09
102588,Aarav Das,Female,27,Chennai,Tamil Nadu,2022-12-30
102589,Rahul Agarwal,Male,28,Ahmedabad,Gujarat,2024-08-24
102590,Isha Verma,Female,24,Bengaluru,Karnataka,2023-04-21
102591,Sneha Agarwal,Female,18,Chennai,Tamil Nadu,2023-12-31
102592,Vivaan Verma,Female,42,Bengaluru,Karnataka,2024-04-08
102593,Aman Reddy,Female,41,Mumbai,Maharashtra,2022-07-08
102594,Ananya Sharma,Female,21,Coimbatore,Tamil Nadu,2023-11-17
102595,Riya Iyer,Male,33,Bhopal,Madhya Pradesh,2022-12-30
102596,Meera Nair,Female,24,Hyderabad,Telangana,2024-02-25
102597,Meera Singh,Male,30,Mumbai,Maharashtra,2024-04-07
102598,Ananya Joshi,Female,29,Lucknow,Uttar Pradesh,2024-01-30
102599,Riya Nair,Male,28,Bengaluru,Karnataka,2023-11-12
102600,Pooja Verma,Male,50,Mumbai,Maharashtra,2022-05-16
102601,Sneha Reddy,Female,28,Hyderabad,Telangana,2023-07-02
102602,Vikram Agarwal,Male,25,Chennai,Tamil Nadu,2024-09-26
102603,Aditi Reddy,Female,25,Delhi,Delhi,2024-03-09
102604,Priya Gupta,Male,41,Chennai,Tamil Nadu,2022-11-19
102605,Kavya Mishra,Male,18,Delhi,Delhi,2024-01-28
102606,Pooja Sharma,Female,25,Indore,Madhya Pradesh,2023-05-20
102607,Aarav Reddy,Male,45,Patna,Bihar,2024-11-12
102608,Rohan Joshi,Male,34,Ahmedabad,Gujarat,2022-05-05
102609,Isha Das,Female,34,Pune,Maharashtra,2024-05-03
102610,Isha Das,Male,51,Bengaluru,Karnataka,2024-05-02
102611,Rohan Verma,Female,34,Ahmedabad,Gujarat,2023-09-07
102612,Isha Kumar,Male,26,Chandigarh,Chandigarh,2022-08-04
102613,Vikram Kumar,Male,29,Mumbai,Maharashtra,2023-06-30
102614,Aman Sharma,Female,22,Pune,Maharashtra,2024-08-26
102615,Riya Singh,Male,43,Bengaluru,Karnataka,2024-01-27
102616,Kavya Reddy,Male,37,Bengaluru,Karnataka,2023-03-25
102617,Priya Mehta,Male,42,Hyderabad,Telangana,2023-05-26
102618,Vikram Verma,Male,43,Kochi,Kerala,2024-04-08
102619,Neha Agarwal,Female,28,Bengaluru,Karnataka,2024-01-30
102620,Meera Agarwal,Male,23,Pune,Maharashtra,2022-11-23
102621,Aditya Das,Female,32,Kochi,Kerala,2023-08-14
102622,Isha Agarwal,Female,24,Pune,Maharashtra,2024-06-23
102623,Ananya Verma,Male,33,Surat,Gujarat,2023-07-09
102624,Isha Nair,Female,42,Delhi,Delhi,2024-03-17
102625,Aarav Verma,Male,30,Kochi,Kerala,2024-06-08
102626,Priya Mehta,Female,33,Mumbai,Maharashtra,2023-10-13
102627,Vivaan Joshi,Male,31,Coimbatore,Tamil Nadu,2023-04-23
102628,Kavya Sharma,Female,39,Mumbai,Maharashtra,2023-11-24
102629,Aditya Iyer,Female,26,Hyderabad,Telangana,2023-03-03
102630,Pooja Malhotra,Male,18,Bengaluru,Karnataka,2024-04-15
102631,Raj Mishra,Female,36,Hyderabad,Telangana,2022-09-18
102632,Riya Joshi,Female,41,Mumbai,Maharashtra,2023-11-26
102633,Karan Reddy,Male,36,Coimbatore,Tamil Nadu,2023-05-27
102634,Neha Kumar,Male,26,Bengaluru,Karnataka,2022-11-12
102635,Aditi Das,Female,22,Jaipur,Rajasthan,2023-08-17
102636,Vivaan Das,Female,36,Mumbai,Maharashtra,2023-02-19
102637,Vikram Das,Female,33,Gurugram,Haryana,2024-03-06
102638,Neha Kumar,Female,31,Chennai,Tamil Nadu,2024-10-08
102639,Kavya Iyer,Female,48,Coimbatore,Tamil Nadu,2022-11-05
102640,Pooja Malhotra,Female,23,Hyderabad,Telangana,2023-09-02
102641,Isha Nair,Male,48,Mumbai,Maharashtra,2022-07-31
102642,Aditi Nair,Male,32,Bengaluru,Karnataka,2023-11-25
102643,Neha Verma,Female,18,Ahmedabad,Gujarat,2024-08-30
102644,Arjun Iyer,Female,30,Jaipur,Rajasthan,2022-06-17
102645,Vikram Sharma,Male,41,Noida,Uttar Pradesh,2022-11-17
102646,Ananya Kumar,Male,29,Delhi,Delhi,2024-07-26
102647,Raj Joshi,Female,19,Chennai,Tamil Nadu,2024-05-06
102648,Riya Kumar,Female,31,Chandigarh,Chandigarh,2023-02-07
102649,Arjun Sharma,Male,24,Delhi,Delhi,2023-04-05
102650,Rohan Agarwal,Male,36,Delhi,Delhi,2023-10-26
102651,Rahul Das,Male,39,Lucknow,Uttar Pradesh,2023-07-10
102652,Sneha Verma,Male,22,Bengaluru,Karnataka,2023-03-12
102653,Aman Malhotra,Male,26,Jaipur,Rajasthan,2023-08-10
102654,Karan Singh,Male,39,Chennai,Tamil Nadu,2024-04-21
102655,Arjun Mishra,Female,24,Nagpur,Maharashtra,2023-11-04
102656,Priya Singh,Male,22,Indore,Madhya Pradesh,2024-10-21
102657,Neha Das,Female,21,Jaipur,Rajasthan,2024-05-28
102658,Karan Nair,Female,35,Bengaluru,Karnataka,2023-05-20
102659,Ananya Verma,Male,35,Bengaluru,Karnataka,2022-02-23
102660,Sneha Sharma,Female,26,Indore,Madhya Pradesh,2024-04-25
102661,Meera Verma,Male,32,Chennai,Tamil Nadu,2022-07-27
102662,Neha Agarwal,Female,46,Noida,Uttar Pradesh,2024-03-16
102663,Meera Joshi,Male,23,Hyderabad,Telangana,2022-10-29
102664,Rahul Agarwal,Female,18,Delhi,Delhi,2023-08-30
102665,Aarav Joshi,Female,36,Bengaluru,Karnataka,2024-08-21
102666,Vivaan Joshi,Male,31,Mumbai,Maharashtra,2023-04-30
102667,Sneha Das,Male,26,Noida,Uttar Pradesh,2022-06-08
102668,Meera Agarwal,Female,38,Lucknow,Uttar Pradesh,2024-04-30
102669,Riya Iyer,Female,40,Delhi,Delhi,2022-07-16
102670,Rohan Nair,Male,18,Kolkata,West Bengal,2023-12-27
102671,Meera Gupta,Female,26,Indore,Madhya Pradesh,2023-04-05
102672,Rahul Verma,Male,53,Lucknow,Uttar Pradesh,2024-10-21
102673,Priya Reddy,Female,37,Pune,Maharashtra,2022-06-20
102674,Pooja Malhotra,Male,38,Bengaluru,Karnataka,2022-07-27
102675,Ananya Joshi,Female,43,Indore,Madhya Pradesh,2024-03-17
102676,Priya Mehta,Male,32,Hyderabad,Telangana,2024-11-21
102677,Pooja Mishra,Male,39,Surat,Gujarat,2023-02-07
102678,Vikram Patel,Male,38,Noida,Uttar Pradesh,2024-08-03
102679,Priya Kumar,Male,37,Gurugram,Haryana,2022-07-01
102680,Raj Agarwal,Female,29,Nagpur,Maharashtra,2022-03-01
102681,Rahul Gupta,Male,34,Ahmedabad,Gujarat,2023-05-17
102682,Sneha Malhotra,Female,27,Delhi,Delhi,2022-02-17
102683,Riya Patel,Male,32,Mumbai,Maharashtra,2024-10-15
102684,Kavya Das,Male,21,Delhi,Delhi,2023-03-03
102685,Ananya Nair,Male,25,Mumbai,Maharashtra,2024-08-28
102686,Kavya Reddy,Male,29,Delhi,Delhi,2022-09-25
102687,Karan Singh,Male,24,Pune,Maharashtra,2024-02-17
102688,Karan Malhotra,Male,27,Delhi,Delhi,2022-05-01
102689,Raj Reddy,Female,31,Pune,Maharashtra,2024-08-23
102690,Aditi Mishra,Male,36,Bhopal,Madhya Pradesh,2022-12-07
102691,Rahul Nair,Female,41,Ahmedabad,Gujarat,2022-01-09
102692,Rohan Joshi,Female,28,Chandigarh,Chandigarh,2022-07-15
102693,Kavya Nair,Male,44,Mumbai,Maharashtra,2023-07-15
102694,Ananya Nair,Male,40,Chennai,Tamil Nadu,2024-05-17
102695,Arjun Iyer,Female,37,Bengaluru,Karnataka,2024-09-14
102696,Aditi Joshi,Female,33,Pune,Maharashtra,2022-02-09
102697,Isha Malhotra,Female,35,Chennai,Tamil Nadu,2022-10-14
102698,Meera Reddy,Male,43,Delhi,Delhi,2024-03-02
102699,Sneha Reddy,Female,43,Mumbai,Maharashtra,2023-07-18
102700,Kavya Patel,Female,44,Lucknow,Uttar Pradesh,2023-03-02
102701,Sneha Iyer,Female,32,Ahmedabad,Gujarat,2022-08-30
102702,Aarav Joshi,Female,37,Chennai,Tamil Nadu,2022-09-27
102703,Arjun Sharma,Male,44,Bengaluru,Karnataka,2022-09-08
102704,Priya Gupta,Male,26,Hyderabad,Telangana,2023-08-08
102705,Vivaan Reddy,Female,29,Delhi,Delhi,2024-03-26
102706,Vivaan Singh,Female,32,Kochi,Kerala,2023-02-07
102707,Aman Iyer,Male,40,Surat,Gujarat,2023-09-02
102708,Rohan Patel,Male,40,Delhi,Delhi,2024-06-24
102709,Aman Gupta,Male,30,Mumbai,Maharashtra,2024-03-23
102710,Vivaan Nair,Male,18,Chennai,Tamil Nadu,2023-01-12
102711,Raj Singh,Female,34,Mumbai,Maharashtra,2023-10-25
102712,Kavya Sharma,Female,24,Chandigarh,Chandigarh,2023-07-24
102713,Aditi Das,Male,19,Ahmedabad,Gujarat,2022-10-23
102714,Neha Verma,Male,21,Bengaluru,Karnataka,2022-12-03
102715,Pooja Das,Male,35,Delhi,Delhi,2024-03-06
102716,Kavya Das,Male,44,Noida,Uttar Pradesh,2023-08-31
102717,Vikram Nair,Female,32,Hyderabad,Telangana,2023-12-07
102718,Kavya Mehta,Female,34,Kolkata,West Bengal,2024-04-10
102719,Vikram Joshi,Female,43,Bengaluru,Karnataka,2023-02-25
102720,Raj Nair,Male,18,Mumbai,Maharashtra,2023-01-27
102721,Vivaan Mishra,Female,37,Jaipur,Rajasthan,2022-08-11
102722,Priya Mehta,Female,32,Hyderabad,Telangana,2024-07-31
102723,Sneha Iyer,Female,37,Mumbai,Maharashtra,2022-10-12
102724,Ananya Joshi,Male,28,Mumbai,Maharashtra,2023-09-08
102725,Vivaan Sharma,Male,25,Chennai,Tamil Nadu,2022-01-24
102726,Aman Singh,Male,33,Lucknow,Uttar Pradesh,2023-03-17
102727,Pooja Das,Male,47,Bengaluru,Karnataka,2024-03-20
102728,Neha Das,Male,40,Ahmedabad,Gujarat,2023-06-22
102729,Vikram Mishra,Male,27,Mumbai,Maharashtra,2024-11-01
102730,Aditi Iyer,Male,20,Bengaluru,Karnataka,2022-06-13
102731,Meera Joshi,Female,18,Ahmedabad,Gujarat,2022-08-13
102732,Pooja Singh,Male,44,Jaipur,Rajasthan,2023-01-07
102733,Karan Patel,Male,23,Bengaluru,Karnataka,2024-04-27
102734,Neha Gupta,Female,29,Delhi,Delhi,2024-02-24
102735,Aditya Gupta,Female,44,Delhi,Delhi,2023-08-22
102736,Rohan Nair,Female,18,Gurugram,Haryana,2024-07-31
102737,Riya Verma,Other,45,Delhi,Delhi,2022-07-01
102738,Priya Sharma,Female,30,Delhi,Delhi,2024-04-19
102739,Sneha Patel,Female,22,Mumbai,Maharashtra,2024-07-13
102740,Kavya Patel,Male,30,Hyderabad,Telangana,2022-02-22
102741,Rahul Gupta,Male,25,Noida,Uttar Pradesh,2024-04-23
102742,Meera Das,Male,36,Mumbai,Maharashtra,2023-04-05
102743,Aman Sharma,Male,26,Chennai,Tamil Nadu,2023-03-24
102744,Ananya Agarwal,Male,18,Delhi,Delhi,2023-11-05
102745,Rahul Sharma,Female,30,Pune,Maharashtra,2023-03-28
102746,Rahul Mishra,Female,20,Mumbai,Maharashtra,2022-08-16
102747,Ananya Malhotra,Female,34,Mumbai,Maharashtra,2022-03-09
102748,Vivaan Iyer,Male,21,Hyderabad,Telangana,2022-08-03
102749,Pooja Das,Female,28,Ahmedabad,Gujarat,2024-03-08
102750,Raj Agarwal,Female,34,Ahmedabad,Gujarat,2022-08-09
102751,Meera Joshi,Male,30,Hyderabad,Telangana,2022-12-14
102752,Aditi Verma,Female,34,Delhi,Delhi,2023-12-18
102753,Ananya Joshi,Male,38,Bengaluru,Karnataka,2022-02-26
102754,Vikram Gupta,Male,22,Pune,Maharashtra,2022-08-21
102755,Riya Verma,Female,31,Surat,Gujarat,2024-04-01
102756,Riya Gupta,Male,18,Coimbatore,Tamil Nadu,2023-05-21
102757,Sneha Joshi,Male,34,Kolkata,West Bengal,2023-07-12
102758,Kavya Mehta,Female,29,Bengaluru,Karnataka,2022-03-11
102759,Aditya Kumar,Female,23,Lucknow,Uttar Pradesh,2022-06-16
102760,Vikram Mishra,Male,35,Bengaluru,Karnataka,2023-02-03
102761,Karan Reddy,Male,43,Kolkata,West Bengal,2023-04-09
102762,Ananya Kumar,Male,28,Mumbai,Maharashtra,2023-04-20
102763,Aditi Patel,Female,23,Bengaluru,Karnataka,2023-07-12
102764,Karan Iyer,Male,33,Delhi,Delhi,2023-07-11
102765,Pooja Joshi,Male,20,Hyderabad,Telangana,2023-03-18
102766,Isha Joshi,Female,26,Kolkata,West Bengal,2024-09-02
102767,Aarav Verma,Female,43,Noida,Uttar Pradesh,2024-05-08
102768,Aditi Agarwal,Male,33,Gurugram,Haryana,2024-09-14
102769,Vikram Mishra,Female,18,Nagpur,Maharashtra,2023-02-25
102770,Pooja Mishra,Female,18,Delhi,Delhi,2023-07-15
102771,Pooja Singh,Male,33,Pune,Maharashtra,2024-12-28
102772,Vivaan Reddy,Male,40,Pune,Maharashtra,2022-07-25
102773,Ananya Mehta,Female,18,Noida,Uttar Pradesh,2023-07-31
102774,Arjun Mehta,Male,36,Bengaluru,Karnataka,2022-04-04
102775,Aman Joshi,Female,44,Delhi,Delhi,2023-06-28
102776,Raj Sharma,Male,49,Bengaluru,Karnataka,2022-07-01
102777,Riya Das,Male,35,Nagpur,Maharashtra,2022-05-08
102778,Aditi Joshi,Male,37,Bhopal,Madhya Pradesh,2022-05-26
102779,Riya Agarwal,Male,18,Hyderabad,Telangana,2024-06-08
102780,Isha Sharma,Male,51,Indore,Madhya Pradesh,2024-10-07
102781,Raj Mishra,Male,27,Delhi,Delhi,2023-03-20
102782,Karan Kumar,Female,24,Bengaluru,Karnataka,2022-03-19
102783,Riya Verma,Other,30,Lucknow,Uttar Pradesh,2022-06-01
102784,Arjun Gupta,Female,46,Mumbai,Maharashtra,2023-05-30
102785,Kavya Joshi,Female,52,Mumbai,Maharashtra,2022-07-06
102786,Aarav Reddy,Male,33,Surat,Gujarat,2022-08-01
102787,Aditya Singh,Female,41,Kolkata,West Bengal,2024-03-31
102788,Karan Das,Male,32,Nagpur,Maharashtra,2022-01-22
102789,Sneha Das,Female,23,Mumbai,Maharashtra,2023-08-03
102790,Arjun Singh,Other,45,Bengaluru,Karnataka,2022-06-20
102791,Kavya Das,Female,26,Bengaluru,Karnataka,2022-02-21
102792,Sneha Reddy,Other,46,Indore,Madhya Pradesh,2022-04-08
102793,Aditya Nair,Female,44,Bengaluru,Karnataka,2023-10-01
102794,Rahul Sharma,Male,38,Bengaluru,Karnataka,2022-11-27
102795,Neha Nair,Male,48,Mumbai,Maharashtra,2022-03-21
102796,Ananya Sharma,Female,52,Noida,Uttar Pradesh,2022-11-05
102797,Aditya Verma,Male,30,Mumbai,Maharashtra,2024-12-20
102798,Vivaan Gupta,Female,25,Delhi,Delhi,2024-05-04
102799,Aman Joshi,Other,18,Hyderabad,Telangana,2024-05-04
102800,Aditya Malhotra,Male,52,Hyderabad,Telangana,2022-09-01
102801,Vikram Mishra,Female,28,Mumbai,Maharashtra,2024-04-07
102802,Aman Mehta,Female,42,Mumbai,Maharashtra,2022-03-09
102803,Priya Agarwal,Female,25,Bhopal,Madhya Pradesh,2022-05-29
102804,Priya Mehta,Female,46,Delhi,Delhi,2022-03-23
102805,Ananya Sharma,Female,26,Delhi,Delhi,2023-05-20
102806,Priya Reddy,Female,21,Mumbai,Maharashtra,2023-08-21
102807,Arjun Joshi,Female,30,Kochi,Kerala,2022-10-23
102808,Aarav Reddy,Male,27,Delhi,Delhi,2022-09-07
102809,Pooja Verma,Male,37,Gurugram,Haryana,2023-02-15
102810,Meera Sharma,Female,32,Indore,Madhya Pradesh,2023-06-13
102811,Aditya Kumar,Male,38,Hyderabad,Telangana,2024-10-24
102812,Riya Verma,Female,29,Bengaluru,Karnataka,2023-11-06
102813,Raj Iyer,Female,26,Jaipur,Rajasthan,2023-09-12
102814,Raj Malhotra,Male,27,Lucknow,Uttar Pradesh,2023-06-19
102815,Aditya Patel,Female,50,Noida,Uttar Pradesh,2022-11-16
102816,Neha Mehta,Female,34,Gurugram,Haryana,2022-05-03
102817,Priya Das,Female,18,Bengaluru,Karnataka,2023-03-06
102818,Aarav Agarwal,Male,27,Lucknow,Uttar Pradesh,2023-10-16
102819,Rohan Joshi,Male,33,Mumbai,Maharashtra,2023-02-09
102820,Vikram Gupta,Male,49,Pune,Maharashtra,2022-06-02
102821,Priya Iyer,Female,41,Kolkata,West Bengal,2024-05-21
102822,Kavya Patel,Male,24,Mumbai,Maharashtra,2022-05-06
102823,Rahul Patel,Female,54,Delhi,Delhi,2024-09-06
102824,Aditi Sharma,Male,32,Mumbai,Maharashtra,2022-07-16
102825,Kavya Das,Male,43,Hyderabad,Telangana,2024-09-21
102826,Kavya Gupta,Female,22,Indore,Madhya Pradesh,2022-07-24
102827,Arjun Sharma,Female,18,Chennai,Tamil Nadu,2023-02-25
102828,Aarav Malhotra,Male,19,Ahmedabad,Gujarat,2024-02-22
102829,Pooja Mehta,Male,18,Mumbai,Maharashtra,2022-05-01
102830,Kavya Joshi,Male,51,Delhi,Delhi,2022-06-13
102831,Aditya Patel,Male,34,Mumbai,Maharashtra,2023-10-26
102832,Karan Nair,Female,24,Bengaluru,Karnataka,2024-09-11
102833,Aditi Singh,Male,36,Chennai,Tamil Nadu,2022-07-22
102834,Sneha Mishra,Male,34,Indore,Madhya Pradesh,2022-06-26
102835,Riya Gupta,Male,38,Hyderabad,Telangana,2024-10-11
102836,Rohan Gupta,Female,43,Pune,Maharashtra,2022-08-26
102837,Vikram Malhotra,Other,29,Delhi,Delhi,2023-02-21
102838,Aman Singh,Male,24,Delhi,Delhi,2022-10-04
102839,Arjun Gupta,Female,39,Delhi,Delhi,2022-07-20
102840,Meera Das,Male,39,Lucknow,Uttar Pradesh,2023-09-26
102841,Vivaan Das,Male,33,Pune,Maharashtra,2022-02-03
102842,Kavya Agarwal,Female,52,Mumbai,Maharashtra,2022-10-05
102843,Kavya Verma,Female,28,Kolkata,West Bengal,2023-09-14
102844,Raj Reddy,Female,24,Chennai,Tamil Nadu,2024-08-08
102845,Aditya Patel,Female,36,Delhi,Delhi,2022-01-09
102846,Arjun Singh,Male,26,Kolkata,West Bengal,2022-11-27
102847,Meera Agarwal,Female,36,Ahmedabad,Gujarat,2024-12-02
102848,Ananya Kumar,Male,25,Bengaluru,Karnataka,2022-06-30
102849,Rahul Reddy,Female,28,Lucknow,Uttar Pradesh,2023-08-16
102850,Vikram Verma,Male,49,Mumbai,Maharashtra,2022-07-08
102851,Raj Malhotra,Female,28,Ahmedabad,Gujarat,2022-09-02
102852,Aditya Mishra,Male,25,Bhopal,Madhya Pradesh,2022-09-29
102853,Karan Kumar,Male,43,Hyderabad,Telangana,2024-12-28
102854,Isha Agarwal,Female,23,Mumbai,Maharashtra,2024-07-29
102855,Ananya Malhotra,Male,26,Hyderabad,Telangana,2023-09-05
102856,Raj Nair,Female,37,Mumbai,Maharashtra,2023-10-12
102857,Meera Gupta,Male,40,Delhi,Delhi,2022-10-07
102858,Meera Malhotra,Male,43,Jaipur,Rajasthan,2024-09-19
102859,Aditi Iyer,Male,25,Delhi,Delhi,2022-06-03
102860,Ananya Mehta,Male,37,Mumbai,Maharashtra,2023-03-13
102861,Rohan Sharma,Female,28,Lucknow,Uttar Pradesh,2024-06-12
102862,Ananya Singh,Male,27,Jaipur,Rajasthan,2024-09-02
102863,Vikram Nair,Female,43,Delhi,Delhi,2024-11-10
102864,Sneha Patel,Female,27,Jaipur,Rajasthan,2024-01-25
102865,Aditi Gupta,Male,35,Chandigarh,Chandigarh,2024-10-02
102866,Ananya Mishra,Female,33,Delhi,Delhi,2024-02-19
102867,Isha Agarwal,Female,22,Hyderabad,Telangana,2023-08-27
102868,Neha Kumar,Female,41,Lucknow,Uttar Pradesh,2024-05-27
102869,Raj Agarwal,Male,37,Jaipur,Rajasthan,2023-01-20
102870,Kavya Verma,Male,18,Mumbai,Maharashtra,2022-05-27
102871,Rohan Reddy,Female,34,Mumbai,Maharashtra,2023-05-05
102872,Pooja Verma,Female,25,Noida,Uttar Pradesh,2022-06-13
102873,Aman Das,Female,42,Kochi,Kerala,2022-03-18
102874,Rahul Mishra,Male,19,Ahmedabad,Gujarat,2024-10-19
102875,Kavya Singh,Female,29,Kochi,Kerala,2023-09-10
102876,Aman Nair,Male,35,Kolkata,West Bengal,2022-08-16
102877,Aditya Nair,Female,32,Patna,Bihar,2024-02-16
102878,Aditya Mishra,Male,39,Lucknow,Uttar Pradesh,2022-09-08
102879,Aarav Das,Female,18,Bhopal,Madhya Pradesh,2023-08-10
102880,Riya Reddy,Male,47,Mumbai,Maharashtra,2022-12-13
102881,Aarav Das,Male,37,Gurugram,Haryana,2023-05-26
102882,Meera Malhotra,Female,44,Mumbai,Maharashtra,2022-11-07
102883,Priya Iyer,Male,40,Delhi,Delhi,2022-09-01
102884,Meera Singh,Male,32,Pune,Maharashtra,2023-12-15
102885,Vivaan Joshi,Male,20,Bengaluru,Karnataka,2023-08-05
102886,Aman Joshi,Female,27,Delhi,Delhi,2022-04-09
102887,Kavya Agarwal,Female,46,Coimbatore,Tamil Nadu,2022-06-05
102888,Rahul Kumar,Male,44,Jaipur,Rajasthan,2023-05-02
102889,Priya Singh,Female,26,Bhopal,Madhya Pradesh,2022-06-18
102890,Meera Nair,Female,18,Nagpur,Maharashtra,2023-11-19
102891,Raj Gupta,Male,30,Hyderabad,Telangana,2023-03-23
102892,Neha Joshi,Female,29,Bengaluru,Karnataka,2023-11-10
102893,Riya Verma,Female,30,Mumbai,Maharashtra,2022-04-16
102894,Priya Kumar,Female,37,Pune,Maharashtra,2024-04-21
102895,Riya Sharma,Male,40,Kolkata,West Bengal,2024-06-06
102896,Vikram Das,Female,41,Pune,Maharashtra,2023-01-15
102897,Pooja Reddy,Female,36,Hyderabad,Telangana,2024-03-06
102898,Rohan Iyer,Male,18,Mumbai,Maharashtra,2022-05-17
102899,Riya Gupta,Male,29,Hyderabad,Telangana,2024-04-12
102900,Neha Gupta,Male,53,Delhi,Delhi,2023-06-03
102901,Rohan Malhotra,Male,35,Surat,Gujarat,2023-12-07
102902,Meera Reddy,Female,35,Delhi,Delhi,2023-11-22
102903,Rahul Nair,Male,35,Hyderabad,Telangana,2022-12-09
102904,Isha Kumar,Male,36,Delhi,Delhi,2023-10-24
102905,Vivaan Singh,Female,18,Noida,Uttar Pradesh,2022-12-26
102906,Isha Singh,Male,30,Bengaluru,Karnataka,2024-10-14
102907,Aditya Patel,Female,32,Delhi,Delhi,2023-10-01
102908,Aditi Singh,Male,44,Chennai,Tamil Nadu,2022-06-03
102909,Vivaan Reddy,Male,32,Patna,Bihar,2022-01-05
102910,Karan Joshi,Male,18,Bhopal,Madhya Pradesh,2022-10-12
102911,Aditi Mehta,Male,36,Mumbai,Maharashtra,2024-01-15
102912,Isha Mishra,Male,25,Lucknow,Uttar Pradesh,2023-08-03
102913,Neha Mishra,Female,21,Delhi,Delhi,2024-09-23
102914,Vivaan Sharma,Female,24,Mumbai,Maharashtra,2022-05-14
102915,Ananya Verma,Male,37,Pune,Maharashtra,2024-08-13
102916,Riya Reddy,Female,43,Mumbai,Maharashtra,2023-07-20
102917,Aman Das,Female,36,Noida,Uttar Pradesh,2024-12-02
102918,Aman Malhotra,Female,38,Chandigarh,Chandigarh,2024-12-12
102919,Kavya Malhotra,Male,36,Delhi,Delhi,2024-01-06
102920,Rohan Mehta,Male,33,Mumbai,Maharashtra,2024-05-22
102921,Priya Kumar,Male,38,Hyderabad,Telangana,2024-03-10
102922,Meera Reddy,Female,18,Chennai,Tamil Nadu,2023-08-02
102923,Aditya Joshi,Female,33,Patna,Bihar,2024-11-03
102924,Aman Mehta,Male,23,Indore,Madhya Pradesh,2023-03-29
102925,Vikram Joshi,Male,42,Kolkata,West Bengal,2022-04-30
102926,Priya Kumar,Female,31,Bengaluru,Karnataka,2022-03-04
102927,Aditi Agarwal,Female,32,Noida,Uttar Pradesh,2024-01-27
102928,Isha Mishra,Other,18,Mumbai,Maharashtra,2022-08-06
102929,Pooja Sharma,Female,41,Kochi,Kerala,2023-11-29
102930,Riya Mishra,Male,38,Delhi,Delhi,2024-06-05
102931,Rahul Agarwal,Female,37,Chennai,Tamil Nadu,2024-07-13
102932,Rohan Singh,Female,25,Delhi,Delhi,2023-12-14
102933,Aditya Joshi,Male,25,Hyderabad,Telangana,2024-04-03
102934,Aman Singh,Female,34,Kolkata,West Bengal,2023-03-03
102935,Rahul Gupta,Female,26,Lucknow,Uttar Pradesh,2024-01-19
102936,Rohan Kumar,Male,36,Noida,Uttar Pradesh,2024-01-16
102937,Pooja Nair,Female,18,Kolkata,West Bengal,2024-10-30
102938,Arjun Reddy,Female,28,Mumbai,Maharashtra,2023-08-30
102939,Vikram Mehta,Female,48,Indore,Madhya Pradesh,2022-10-26
102940,Ananya Nair,Male,36,Gurugram,Haryana,2023-01-13
102941,Arjun Agarwal,Male,34,Mumbai,Maharashtra,2024-07-07
102942,Isha Agarwal,Female,50,Gurugram,Haryana,2022-06-26
102943,Karan Malhotra,Male,18,Coimbatore,Tamil Nadu,2024-07-22
102944,Rohan Reddy,Female,25,Kolkata,West Bengal,2022-11-16
102945,Sneha Sharma,Female,28,Bengaluru,Karnataka,2024-03-09
102946,Vikram Sharma,Male,40,Kolkata,West Bengal,2024-04-07
102947,Rahul Malhotra,Female,40,Bengaluru,Karnataka,2022-09-30
102948,Meera Gupta,Female,24,Jaipur,Rajasthan,2024-01-11
102949,Rahul Reddy,Male,41,Chennai,Tamil Nadu,2024-04-09
102950,Riya Sharma,Female,28,Patna,Bihar,2024-01-22
102951,Meera Gupta,Female,43,Kolkata,West Bengal,2022-02-23
102952,Vivaan Gupta,Female,23,Mumbai,Maharashtra,2023-06-15
102953,Aman Mishra,Female,31,Lucknow,Uttar Pradesh,2024-02-23
102954,Rohan Joshi,Male,28,Bengaluru,Karnataka,2022-01-17
102955,Priya Malhotra,Female,42,Bengaluru,Karnataka,2024-09-02
102956,Meera Reddy,Female,27,Hyderabad,Telangana,2022-02-16
102957,Aarav Mishra,Female,32,Delhi,Delhi,2022-03-29
102958,Raj Verma,Female,37,Coimbatore,Tamil Nadu,2022-06-19
102959,Karan Agarwal,Male,37,Chennai,Tamil Nadu,2023-08-26
102960,Pooja Agarwal,Female,40,Ahmedabad,Gujarat,2023-07-17
102961,Isha Gupta,Male,34,Bengaluru,Karnataka,2022-08-16
102962,Vikram Das,Male,28,Ahmedabad,Gujarat,2023-04-01
102963,Sneha Malhotra,Male,29,Chennai,Tamil Nadu,2022-01-11
102964,Rahul Iyer,Female,32,Hyderabad,Telangana,2024-02-14
102965,Meera Das,Female,34,Coimbatore,Tamil Nadu,2024-11-08
102966,Rohan Malhotra,Female,31,Pune,Maharashtra,2024-05-12
102967,Riya Patel,Female,32,Jaipur,Rajasthan,2023-01-04
102968,Rohan Nair,Female,18,Delhi,Delhi,2023-06-18
102969,Ananya Mishra,Female,38,Bengaluru,Karnataka,2022-03-24
102970,Neha Malhotra,Female,34,Indore,Madhya Pradesh,2024-11-14
102971,Meera Verma,Male,41,Ahmedabad,Gujarat,2024-06-30
102972,Vikram Mehta,Male,32,Chennai,Tamil Nadu,2022-07-30
102973,Priya Gupta,Female,18,Bhopal,Madhya Pradesh,2022-01-11
102974,Arjun Sharma,Female,29,Pune,Maharashtra,2022-01-08
102975,Karan Joshi,Male,30,Chennai,Tamil Nadu,2024-04-23
102976,Riya Reddy,Male,39,Hyderabad,Telangana,2024-04-17
102977,Sneha Das,Female,18,Kolkata,West Bengal,2022-05-01
102978,Rahul Malhotra,Male,32,Bengaluru,Karnataka,2023-07-11
102979,Arjun Gupta,Female,37,Hyderabad,Telangana,2022-07-25
102980,Isha Mishra,Female,26,Coimbatore,Tamil Nadu,2024-09-22
102981,Pooja Malhotra,Male,33,Delhi,Delhi,2022-10-05
102982,Vivaan Mishra,Male,26,Delhi,Delhi,2022-10-16
102983,Kavya Joshi,Female,25,Delhi,Delhi,2022-01-16
102984,Arjun Verma,Female,28,Bengaluru,Karnataka,2024-08-24
102985,Isha Reddy,Female,26,Hyderabad,Telangana,2024-04-14
102986,Rahul Mishra,Female,38,Delhi,Delhi,2022-12-12
102987,Pooja Joshi,Male,25,Chennai,Tamil Nadu,2023-01-29
102988,Aarav Mishra,Female,24,Chennai,Tamil Nadu,2024-10-24
102989,Sneha Joshi,Female,48,Ahmedabad,Gujarat,2022-08-16
102990,Sneha Kumar,Female,41,Coimbatore,Tamil Nadu,2022-09-07
102991,Vivaan Nair,Male,18,Kolkata,West Bengal,2023-12-21
102992,Riya Mehta,Female,25,Delhi,Delhi,2022-11-27
102993,Vikram Iyer,Female,34,Delhi,Delhi,2022-10-14
102994,Isha Iyer,Male,35,Noida,Uttar Pradesh,2023-04-15
102995,Priya Kumar,Male,19,Jaipur,Rajasthan,2022-10-20
102996,Meera Iyer,Female,42,Mumbai,Maharashtra,2022-10-31
102997,Meera Verma,Male,39,Bengaluru,Karnataka,2023-01-06
102998,Sneha Gupta,Male,36,Ahmedabad,Gujarat,2022-12-25
102999,Aman Agarwal,Male,44,Chennai,Tamil Nadu,2022-11-14
103000,Vikram Mishra,Female,36,Chennai,Tamil Nadu,2023-08-05
103001,Aditya Patel,Female,36,,,2022-01-27
103002,Pooja Mishra,Female,46,Kolkata,West Bengal,2023-07-23
103003,Kavya Mehta,Male,42,Ahmedabad,Gujarat,2024-08-22
103004,Aman Singh,Female,24,Indore,Madhya Pradesh,2023-11-01
103005,Aarav Nair,Female,38,Ahmedabad,Gujarat,2022-11-15
103006,Aarav Malhotra,Female,26,Chennai,Tamil Nadu,2024-12-13
103007,Riya Verma,Female,37,Jaipur,Rajasthan,2023-01-30
103008,Riya Sharma,Male,36,Pune,Maharashtra,2024-01-04
103009,Priya Reddy,Female,20,Mumbai,Maharashtra,2023-09-01
103010,Karan Nair,Male,31,Indore,Madhya Pradesh,2022-03-07
103011,Ananya Mehta,Female,34,Chennai,Tamil Nadu,2022-01-03
103012,Aditi Verma,Male,28,Kolkata,West Bengal,2023-07-13
103013,Rahul Mehta,Male,35,Nagpur,Maharashtra,2022-07-08
103014,Meera Patel,Male,39,Nagpur,Maharashtra,2022-03-21
103015,Aman Das,Female,32,Chennai,Tamil Nadu,2023-07-03
103016,Kavya Mehta,Male,34,Delhi,Delhi,2024-07-15
103017,Meera Kumar,Female,44,Hyderabad,Telangana,2022-08-26
103018,Pooja Patel,Male,36,Chandigarh,Chandigarh,2023-04-13
103019,Priya Iyer,Male,34,Bengaluru,Karnataka,2024-02-03
103020,Karan Mehta,Female,23,Nagpur,Maharashtra,2022-07-28
103021,Kavya Iyer,Male,38,Delhi,Delhi,2022-08-25
103022,Kavya Agarwal,Male,35,,,2023-05-20
103023,Rohan Kumar,Female,44,Pune,Maharashtra,2023-12-12
103024,Kavya Joshi,Male,32,Bengaluru,Karnataka,2022-03-02
103025,Isha Patel,Male,18,Kochi,Kerala,2023-10-06
103026,Raj Malhotra,Male,18,Kolkata,West Bengal,2023-02-02
103027,Aditi Iyer,Female,39,Mumbai,Maharashtra,2023-10-15
103028,Priya Nair,Female,27,Hyderabad,Telangana,2024-06-26
103029,Rahul Das,Female,36,Lucknow,Uttar Pradesh,2022-10-26
103030,Arjun Nair,Female,33,Bengaluru,Karnataka,2022-12-04
103031,Vikram Agarwal,Male,30,Indore,Madhya Pradesh,2024-12-22
103032,Rohan Verma,Male,31,Mumbai,Maharashtra,2022-09-26
103033,Karan Joshi,Female,24,Bengaluru,Karnataka,2022-01-16
103034,Priya Iyer,Male,32,Mumbai,Maharashtra,2024-06-13
103035,Ananya Iyer,Male,27,Delhi,Delhi,2023-08-16
103036,Kavya Malhotra,Male,29,Bengaluru,Karnataka,2022-08-29
103037,Vivaan Gupta,Male,29,Nagpur,Maharashtra,2024-01-07
103038,Priya Reddy,Other,30,Delhi,Delhi,2024-09-29
103039,Aarav Iyer,Male,40,Mumbai,Maharashtra,2022-03-25
103040,Aditya Das,Female,31,Bengaluru,Karnataka,2024-08-09
103041,Rahul Agarwal,Male,41,Kolkata,West Bengal,2024-12-09
103042,Pooja Mehta,Female,46,Ahmedabad,Gujarat,2023-05-08
103043,Aditya Verma,Male,40,Ahmedabad,Gujarat,2022-03-01
103044,Aman Singh,Male,37,Delhi,Delhi,2022-09-19
103045,Aditi Verma,Female,35,Jaipur,Rajasthan,2022-02-05
103046,Pooja Sharma,Female,40,Kolkata,West Bengal,2022-05-30
103047,Priya Mishra,Male,33,Pune,Maharashtra,2022-02-18
103048,Priya Malhotra,Male,41,Hyderabad,Telangana,2023-09-07
103049,Riya Patel,Male,38,Noida,Uttar Pradesh,2022-07-29
103050,Pooja Sharma,Male,29,Bengaluru,Karnataka,2023-08-13
103051,Rohan Reddy,Male,40,Mumbai,Maharashtra,2023-11-06
103052,Isha Agarwal,Male,33,Bengaluru,Karnataka,2023-05-12
103053,Aarav Singh,Male,31,Hyderabad,Telangana,2023-09-10
103054,Riya Patel,Male,28,Mumbai,Maharashtra,2022-06-08
103055,Karan Sharma,Female,33,Kolkata,West Bengal,2023-11-13
103056,Pooja Joshi,Female,41,Indore,Madhya Pradesh,2022-09-16
103057,Riya Nair,Female,40,Kolkata,West Bengal,2024-11-11
103058,Vikram Malhotra,Male,35,Hyderabad,Telangana,2022-07-15
103059,Rohan Reddy,Male,37,Noida,Uttar Pradesh,2023-06-22
103060,Vivaan Kumar,Female,43,Ahmedabad,Gujarat,2023-08-13
103061,Vikram Reddy,Male,31,Hyderabad,Telangana,2024-08-19
103062,Aarav Gupta,Male,22,Kolkata,West Bengal,2024-04-19
103063,Aditya Patel,Female,44,Lucknow,Uttar Pradesh,2024-07-19
103064,Priya Kumar,Female,27,Mumbai,Maharashtra,2023-08-13
103065,Priya Mehta,Female,26,Hyderabad,Telangana,2022-09-21
103066,Meera Singh,Male,18,Delhi,Delhi,2022-03-16
103067,Riya Sharma,Male,37,Nagpur,Maharashtra,2022-12-25
103068,Aditya Mishra,Female,18,Delhi,Delhi,2022-06-24
103069,Aditya Joshi,Male,25,Mumbai,Maharashtra,2024-11-10
103070,Raj Nair,Female,37,Pune,Maharashtra,2023-04-03
103071,Kavya Mishra,Female,38,Surat,Gujarat,2022-02-16
103072,Meera Kumar,Female,26,Bengaluru,Karnataka,2024-02-29
103073,Aditi Das,Male,31,Ahmedabad,Gujarat,2023-03-31
103074,Aman Singh,Male,24,Jaipur,Rajasthan,2023-12-07
103075,Pooja Singh,Female,27,Kolkata,West Bengal,2024-10-16
103076,Neha Mishra,Female,34,Surat,Gujarat,2022-02-21
103077,Priya Malhotra,Female,27,Delhi,Delhi,2023-04-11
103078,Aarav Patel,Male,30,Patna,Bihar,2024-08-09
103079,Rohan Mehta,Male,19,Gurugram,Haryana,2022-08-25
103080,Riya Verma,Female,42,Chandigarh,Chandigarh,2022-10-26
103081,Kavya Verma,Female,37,Noida,Uttar Pradesh,2022-07-19
103082,Riya Patel,Female,39,Indore,Madhya Pradesh,2023-03-31
103083,Ananya Verma,Male,44,Mumbai,Maharashtra,2024-06-29
103084,Riya Patel,Female,25,Bengaluru,Karnataka,2023-05-29
103085,Kavya Das,Female,29,Bengaluru,Karnataka,2023-05-06
103086,Meera Patel,Female,18,Delhi,Delhi,2024-04-04
103087,Neha Mehta,Male,60,Lucknow,Uttar Pradesh,2022-01-29
103088,Meera Agarwal,Male,31,Mumbai,Maharashtra,2023-10-16
103089,Vikram Iyer,Female,41,Delhi,Delhi,2023-11-11
103090,Ananya Iyer,Male,21,Noida,Uttar Pradesh,2023-10-24
103091,Neha Reddy,Male,41,Bhopal,Madhya Pradesh,2023-12-07
103092,Neha Mishra,Female,49,Ahmedabad,Gujarat,2024-10-06
103093,Meera Das,Male,31,Gurugram,Haryana,2024-02-02
103094,Aarav Agarwal,Female,23,Kolkata,West Bengal,2023-09-19
103095,Arjun Patel,Male,31,Indore,Madhya Pradesh,2022-02-12
103096,Aditya Mehta,Female,18,Pune,Maharashtra,2023-07-24
103097,Vikram Reddy,Female,32,Nagpur,Maharashtra,2023-01-18
103098,Vikram Iyer,Male,39,Delhi,Delhi,2022-01-02
103099,Ananya Mehta,Male,32,Gurugram,Haryana,2024-05-08
103100,Aditi Joshi,Male,29,Kolkata,West Bengal,2024-05-30
103101,Kavya Sharma,Male,37,Chennai,Tamil Nadu,2022-04-11
103102,Aman Singh,Female,37,Lucknow,Uttar Pradesh,2023-09-03
103103,Raj Verma,Female,18,Gurugram,Haryana,2024-01-06
103104,Priya Reddy,Male,33,Surat,Gujarat,2022-11-10
103105,Ananya Verma,Male,54,Mumbai,Maharashtra,2024-11-30
103106,Kavya Mishra,Male,20,Mumbai,Maharashtra,2024-05-28
103107,Rohan Agarwal,Female,31,Delhi,Delhi,2022-01-31
103108,Ananya Kumar,Male,49,Mumbai,Maharashtra,2024-02-12
103109,Karan Mishra,Female,42,Bengaluru,Karnataka,2022-05-17
103110,Meera Patel,Female,27,Lucknow,Uttar Pradesh,2022-04-10
103111,Rohan Nair,Female,34,Pune,Maharashtra,2024-03-06
103112,Karan Agarwal,Male,32,Ahmedabad,Gujarat,2023-11-11
103113,Karan Singh,Female,25,Pune,Maharashtra,2024-05-10
103114,Vikram Das,Male,31,Chennai,Tamil Nadu,2024-07-30
103115,Aman Singh,Male,29,Delhi,Delhi,2023-05-08
103116,Vikram Singh,Female,33,Noida,Uttar Pradesh,2023-04-24
103117,Vikram Das,Female,25,Ahmedabad,Gujarat,2024-07-15
103118,Pooja Kumar,Male,21,Bengaluru,Karnataka,2023-07-14
103119,Rahul Iyer,Male,32,Bengaluru,Karnataka,2024-01-31
103120,Arjun Verma,Male,47,Mumbai,Maharashtra,2024-06-28
103121,Aditya Reddy,Male,33,Gurugram,Haryana,2022-03-30
103122,Isha Malhotra,Male,29,Ahmedabad,Gujarat,2022-06-19
103123,Aarav Iyer,Male,39,Kolkata,West Bengal,2024-03-28
103124,Kavya Sharma,Male,31,Mumbai,Maharashtra,2023-10-14
103125,Isha Kumar,Female,49,Mumbai,Maharashtra,2022-10-22
103126,Pooja Kumar,Female,32,Delhi,Delhi,2024-06-28
103127,Isha Mishra,Female,38,Delhi,Delhi,2024-04-28
103128,Meera Das,Male,25,Mumbai,Maharashtra,2022-07-10
103129,Aman Agarwal,Female,37,Delhi,Delhi,2023-04-02
103130,Rohan Iyer,Female,34,Chennai,Tamil Nadu,2024-05-06
103131,Riya Patel,Female,31,Bengaluru,Karnataka,2022-05-22
103132,Priya Singh,Female,27,Hyderabad,Telangana,2023-09-05
103133,Meera Gupta,Female,26,Kolkata,West Bengal,2022-04-30
103134,Vivaan Joshi,Female,35,Jaipur,Rajasthan,2022-10-14
103135,Sneha Agarwal,Male,38,Jaipur,Rajasthan,2024-01-03
103136,Kavya Sharma,Female,31,Bengaluru,Karnataka,2023-03-27
103137,Riya Kumar,Female,35,Gurugram,Haryana,2022-02-11
103138,Priya Das,Female,32,Patna,Bihar,2024-11-14
103139,Rohan Agarwal,Female,33,Bengaluru,Karnataka,2023-07-29
103140,Arjun Nair,Male,30,Delhi,Delhi,2023-02-03
103141,Riya Agarwal,Male,32,Bhopal,Madhya Pradesh,2024-09-07
103142,Ananya Nair,Female,56,Patna,Bihar,2024-03-27
103143,Aarav Sharma,Female,35,Delhi,Delhi,2022-11-26
103144,Karan Mehta,Female,38,Delhi,Delhi,2024-03-25
103145,Meera Verma,Male,36,Gurugram,Haryana,2023-08-29
103146,Ananya Kumar,Male,30,Bengaluru,Karnataka,2023-07-06
103147,Pooja Das,Female,44,Patna,Bihar,2023-09-10
103148,Aman Gupta,Female,29,Mumbai,Maharashtra,2024-07-30
103149,Kavya Patel,Female,41,Surat,Gujarat,2024-10-18
103150,Vikram Patel,Male,29,Delhi,Delhi,2023-01-05
103151,Isha Malhotra,Female,23,Bengaluru,Karnataka,2023-10-24
103152,Ananya Kumar,Male,35,Coimbatore,Tamil Nadu,2022-01-19
103153,Rohan Agarwal,Female,22,Mumbai,Maharashtra,2024-12-24
103154,Sneha Singh,Male,37,Mumbai,Maharashtra,2023-08-01
103155,Sneha Nair,Male,21,Surat,Gujarat,2023-01-13
103156,Aditi Kumar,Female,29,Delhi,Delhi,2023-05-08
103157,Priya Patel,Female,19,Delhi,Delhi,2022-10-16
103158,Neha Gupta,Male,57,Bengaluru,Karnataka,2023-05-29
103159,Meera Gupta,Female,18,Kolkata,West Bengal,2022-12-23
103160,Meera Reddy,Male,32,Lucknow,Uttar Pradesh,2023-03-12
103161,Vikram Das,Male,42,Indore,Madhya Pradesh,2023-09-10
103162,Arjun Nair,Male,41,Chennai,Tamil Nadu,2024-11-15
103163,Aman Iyer,Male,40,Hyderabad,Telangana,2022-01-10
103164,Vikram Joshi,Female,29,Bengaluru,Karnataka,2022-03-07
103165,Sneha Das,Male,44,Surat,Gujarat,2023-07-15
103166,Priya Singh,Female,40,Lucknow,Uttar Pradesh,2022-06-13
103167,Rahul Iyer,Female,34,Bhopal,Madhya Pradesh,2024-07-19
103168,Rahul Agarwal,Male,34,Kochi,Kerala,2022-09-16
103169,Aarav Gupta,Female,29,Bengaluru,Karnataka,2023-09-23
103170,Sneha Agarwal,Male,24,Chennai,Tamil Nadu,2022-08-15
103171,Rahul Mishra,Female,43,Kolkata,West Bengal,2023-11-09
103172,Riya Joshi,Male,44,Mumbai,Maharashtra,2023-12-02
103173,Ananya Iyer,Male,24,Delhi,Delhi,2023-05-21
103174,Isha Patel,Male,31,Surat,Gujarat,2024-03-26
103175,Aman Joshi,Male,31,Chennai,Tamil Nadu,2022-08-10
103176,Meera Sharma,Male,32,Chennai,Tamil Nadu,2023-11-02
103177,Priya Verma,Female,33,Chennai,Tamil Nadu,2024-12-30
103178,Rohan Sharma,Female,41,Ahmedabad,Gujarat,2023-11-24
103179,Karan Das,Female,25,Mumbai,Maharashtra,2023-10-08
103180,Aman Agarwal,Female,24,Kolkata,West Bengal,2024-07-28
103181,Arjun Agarwal,Male,43,Pune,Maharashtra,2023-08-01
103182,Ananya Patel,Male,28,Bhopal,Madhya Pradesh,2022-02-28
103183,Aditi Kumar,Male,21,Pune,Maharashtra,2024-02-26
103184,Kavya Joshi,Male,28,Chandigarh,Chandigarh,2022-12-23
103185,Aman Kumar,Female,29,Bengaluru,Karnataka,2024-10-18
103186,Aarav Mehta,Female,46,Coimbatore,Tamil Nadu,2024-02-15
103187,Arjun Kumar,Male,40,Indore,Madhya Pradesh,2022-01-31
103188,Pooja Singh,Male,42,Chennai,Tamil Nadu,2022-11-29
103189,Meera Malhotra,Female,39,Bengaluru,Karnataka,2023-07-23
103190,Kavya Gupta,Female,41,Hyderabad,Telangana,2022-12-03
103191,Raj Kumar,Male,26,Ahmedabad,Gujarat,2024-01-26
103192,Ananya Reddy,Female,30,Chennai,Tamil Nadu,2024-07-15
103193,Riya Agarwal,Female,23,Hyderabad,Telangana,2022-05-06
103194,Neha Mishra,Male,30,Kolkata,West Bengal,2023-05-05
103195,Aditya Mehta,Male,38,Ahmedabad,Gujarat,2023-03-13
103196,Pooja Patel,Female,33,Delhi,Delhi,2023-03-30
103197,Neha Reddy,Female,44,Delhi,Delhi,2022-10-23
103198,Rahul Das,Female,22,Delhi,Delhi,2023-11-24
103199,Rohan Reddy,Male,37,Mumbai,Maharashtra,2023-08-20
103200,Ananya Mehta,Male,21,Hyderabad,Telangana,2024-01-05
103201,Pooja Malhotra,Female,33,Noida,Uttar Pradesh,2023-01-07
103202,Priya Das,Female,39,Bengaluru,Karnataka,2023-04-01
103203,Aditya Verma,Male,30,Delhi,Delhi,2022-06-19
103204,Rohan Kumar,Female,37,Pune,Maharashtra,2023-10-22
103205,Vikram Kumar,Female,23,Nagpur,Maharashtra,2022-10-13
103206,Ananya Reddy,Female,18,Bengaluru,Karnataka,2024-12-11
103207,Raj Nair,Female,37,Kochi,Kerala,2024-03-03
103208,Aman Malhotra,Female,48,Delhi,Delhi,2023-04-09
103209,Priya Patel,Male,23,Mumbai,Maharashtra,2022-04-05
103210,Neha Iyer,Female,43,Lucknow,Uttar Pradesh,2023-07-27
103211,Aditi Nair,Male,32,Pune,Maharashtra,2022-02-11
103212,Meera Joshi,Female,20,Ahmedabad,Gujarat,2022-10-14
103213,Neha Mehta,Male,22,Surat,Gujarat,2024-06-10
103214,Rohan Gupta,Female,32,Mumbai,Maharashtra,2024-03-14
103215,Aarav Gupta,Male,28,Jaipur,Rajasthan,2023-01-12
103216,Vikram Reddy,Male,20,Kolkata,West Bengal,2022-07-05
103217,Aman Nair,Male,18,Surat,Gujarat,2024-06-25
103218,Aditya Singh,Male,24,Hyderabad,Telangana,2022-11-20
103219,Rohan Mehta,Female,34,Delhi,Delhi,2022-07-23
103220,Arjun Verma,Female,32,Chennai,Tamil Nadu,2024-09-21
103221,Aditya Mishra,Female,27,Kochi,Kerala,2023-08-29
103222,Isha Joshi,Male,34,Delhi,Delhi,2022-11-18
103223,Vivaan Sharma,Male,41,Mumbai,Maharashtra,2022-10-12
103224,Priya Joshi,Male,36,Bengaluru,Karnataka,2022-09-26
103225,Aditya Verma,Male,31,Ahmedabad,Gujarat,2022-02-24
103226,Aman Malhotra,Female,40,Bengaluru,Karnataka,2023-09-11
103227,Rahul Verma,Male,23,Mumbai,Maharashtra,2022-06-28
103228,Priya Patel,Male,30,Jaipur,Rajasthan,2024-04-14
103229,Vikram Singh,Male,30,Delhi,Delhi,2024-08-08
103230,Raj Agarwal,Male,21,Mumbai,Maharashtra,2022-12-29
103231,Rahul Gupta,Female,28,Hyderabad,Telangana,2022-09-02
103232,Riya Das,Female,18,Bengaluru,Karnataka,2024-01-06
103233,Rohan Sharma,Male,49,Bengaluru,Karnataka,2023-05-09
103234,Vivaan Reddy,Male,24,Delhi,Delhi,2022-12-27
103235,Aditi Das,Male,46,Bengaluru,Karnataka,2024-04-11
103236,Ananya Das,Male,32,Noida,Uttar Pradesh,2024-02-23
103237,Isha Agarwal,Male,37,Hyderabad,Telangana,2023-03-06
103238,Kavya Mishra,Female,28,Chennai,Tamil Nadu,2024-08-30
103239,Aman Joshi,Female,34,Mumbai,Maharashtra,2022-01-11
103240,Neha Gupta,Female,38,Delhi,Delhi,2024-03-22
103241,Kavya Gupta,Male,38,Indore,Madhya Pradesh,2023-03-30
103242,Meera Malhotra,Male,39,Bengaluru,Karnataka,2022-09-16
103243,Neha Reddy,Female,29,Bengaluru,Karnataka,2023-12-28
103244,Meera Mehta,Female,28,Indore,Madhya Pradesh,2022-03-09
103245,Riya Reddy,Female,18,Lucknow,Uttar Pradesh,2023-03-18
103246,Kavya Patel,Male,37,Ahmedabad,Gujarat,2022-09-06
103247,Aditi Agarwal,Female,42,Jaipur,Rajasthan,2023-04-18
103248,Kavya Singh,Male,47,Delhi,Delhi,2022-11-18
103249,Aditya Agarwal,Female,35,Kochi,Kerala,2024-10-21
103250,Raj Kumar,Female,25,Bhopal,Madhya Pradesh,2022-04-03
103251,Sneha Patel,Female,18,Mumbai,Maharashtra,2023-09-11
103252,Rahul Patel,Male,41,Noida,Uttar Pradesh,2024-12-24
103253,Aarav Sharma,Female,18,Hyderabad,Telangana,2024-01-04
103254,Riya Das,Male,29,Jaipur,Rajasthan,2022-01-16
103255,Rahul Kumar,Male,30,Mumbai,Maharashtra,2023-01-14
103256,Raj Agarwal,Male,31,Chennai,Tamil Nadu,2022-11-06
103257,Kavya Sharma,Female,32,Delhi,Delhi,2022-04-03
103258,Isha Iyer,Male,33,Chennai,Tamil Nadu,2024-05-06
103259,Isha Patel,Male,18,Mumbai,Maharashtra,2022-07-15
103260,Aarav Iyer,Female,32,Pune,Maharashtra,2022-04-10
103261,Sneha Iyer,Male,18,Jaipur,Rajasthan,2022-08-06
103262,Raj Malhotra,Female,39,Indore,Madhya Pradesh,2023-05-06
103263,Vikram Iyer,Male,27,Mumbai,Maharashtra,2023-05-14
103264,Aarav Joshi,Male,18,Indore,Madhya Pradesh,2023-03-10
103265,Aditi Singh,Female,25,Hyderabad,Telangana,2024-02-05
103266,Sneha Mishra,Male,27,Surat,Gujarat,2023-04-08
103267,Kavya Mehta,Male,43,Pune,Maharashtra,2024-09-29
103268,Priya Singh,Female,34,Surat,Gujarat,2024-09-24
103269,Rohan Nair,Female,35,Jaipur,Rajasthan,2022-06-23
103270,Priya Das,Female,43,Pune,Maharashtra,2022-05-07
103271,Priya Singh,Male,31,Bengaluru,Karnataka,2022-01-05
103272,Aman Verma,Male,39,Coimbatore,Tamil Nadu,2022-04-30
103273,Sneha Reddy,Female,38,Noida,Uttar Pradesh,2022-02-14
103274,Vikram Joshi,Female,20,Hyderabad,Telangana,2023-01-12
103275,Pooja Iyer,Female,45,Mumbai,Maharashtra,2023-12-01
103276,Aman Patel,Female,19,Noida,Uttar Pradesh,2024-05-31
103277,Kavya Iyer,Female,40,Nagpur,Maharashtra,2022-07-23
103278,Aman Mehta,Male,18,Bengaluru,Karnataka,2024-02-11
103279,Karan Das,Male,37,Patna,Bihar,2022-10-27
103280,Aditya Gupta,Female,49,Delhi,Delhi,2023-01-13
103281,Rahul Patel,Male,30,Kochi,Kerala,2023-11-29
103282,Arjun Reddy,Male,30,Ahmedabad,Gujarat,2024-02-11
103283,Neha Malhotra,Female,37,Bengaluru,Karnataka,2023-07-30
103284,Neha Patel,Female,29,Bengaluru,Karnataka,2024-10-05
103285,Pooja Agarwal,Male,48,Kolkata,West Bengal,2022-05-12
103286,Karan Kumar,Male,34,Kolkata,West Bengal,2024-11-18
103287,Aarav Gupta,Male,29,Patna,Bihar,2024-01-25
103288,Vivaan Joshi,Female,27,Ahmedabad,Gujarat,2023-12-26
103289,Aarav Gupta,Female,24,Chennai,Tamil Nadu,2023-09-26
103290,Arjun Patel,Male,26,Patna,Bihar,2022-01-06
103291,Aman Gupta,Male,29,Kolkata,West Bengal,2024-07-09
103292,Neha Nair,Female,28,Surat,Gujarat,2022-10-20
103293,Aarav Singh,Male,26,Gurugram,Haryana,2023-04-10
103294,Aditya Gupta,Female,51,Patna,Bihar,2022-01-01
103295,Aarav Agarwal,Female,23,Delhi,Delhi,2023-08-09
103296,Karan Kumar,Male,33,Chennai,Tamil Nadu,2023-12-06
103297,Sneha Patel,Female,37,Pune,Maharashtra,2023-03-21
103298,Isha Kumar,Male,38,Pune,Maharashtra,2022-10-07
103299,Neha Nair,Male,31,Pune,Maharashtra,2023-04-25
103300,Vivaan Kumar,Female,30,Gurugram,Haryana,2022-06-19
103301,Aditya Das,Male,36,Bengaluru,Karnataka,2024-02-28
103302,Rahul Sharma,Other,34,Pune,Maharashtra,2024-08-17
103303,Aman Iyer,Female,30,Mumbai,Maharashtra,2024-08-11
103304,Priya Verma,Male,18,Mumbai,Maharashtra,2024-12-30
103305,Kavya Agarwal,Male,28,Jaipur,Rajasthan,2022-06-04
103306,Rohan Singh,Male,22,Delhi,Delhi,2023-08-07
103307,Aman Das,Male,26,Mumbai,Maharashtra,2023-11-10
103308,Priya Das,Male,32,Chennai,Tamil Nadu,2024-02-11
103309,Aarav Verma,Male,35,Delhi,Delhi,2023-08-17
103310,Vikram Mehta,Male,48,Delhi,Delhi,2024-06-22
103311,Neha Singh,Female,27,Surat,Gujarat,2023-08-13
103312,Vivaan Singh,Female,39,Surat,Gujarat,2023-05-17
103313,Neha Nair,Female,35,Bengaluru,Karnataka,2024-06-28
103314,Arjun Joshi,Male,44,Bengaluru,Karnataka,2022-01-27
103315,Karan Agarwal,Male,37,Chandigarh,Chandigarh,2022-08-31
103316,Priya Reddy,Female,23,Delhi,Delhi,2023-08-29
103317,Raj Mishra,Male,18,Chennai,Tamil Nadu,2023-12-24
103318,Ananya Gupta,Male,35,Kolkata,West Bengal,2023-02-06
103319,Vivaan Nair,Female,27,Noida,Uttar Pradesh,2022-08-02
103320,Kavya Joshi,Female,23,Kochi,Kerala,2022-06-14
103321,Arjun Patel,Female,21,Bengaluru,Karnataka,2024-07-13
103322,Isha Reddy,Male,33,Hyderabad,Telangana,2024-10-18
103323,Raj Singh,Female,46,Jaipur,Rajasthan,2024-05-26
103324,Aditi Mishra,Female,28,Coimbatore,Tamil Nadu,2024-05-11
103325,Vivaan Das,Female,37,Indore,Madhya Pradesh,2024-05-26
103326,Karan Verma,Female,31,Jaipur,Rajasthan,2023-11-28
103327,Vikram Reddy,Female,20,Surat,Gujarat,2022-04-30
103328,Sneha Kumar,Female,39,Delhi,Delhi,2023-12-07
103329,Aarav Gupta,Male,22,Hyderabad,Telangana,2022-12-29
103330,Aman Malhotra,Female,32,Delhi,Delhi,2024-08-22
103331,Arjun Mehta,Female,29,Mumbai,Maharashtra,2024-05-06
103332,Vikram Sharma,Female,40,Kolkata,West Bengal,2022-05-18
103333,Vivaan Malhotra,Male,22,Indore,Madhya Pradesh,2022-09-14
103334,Isha Nair,Male,36,Kolkata,West Bengal,2022-02-24
103335,Pooja Gupta,Female,24,Jaipur,Rajasthan,2022-11-24
103336,Aditi Iyer,Female,27,Delhi,Delhi,2022-06-27
103337,Aditya Singh,Female,18,Jaipur,Rajasthan,2023-10-20
103338,Rohan Agarwal,Female,51,Pune,Maharashtra,2024-09-03
103339,Aditya Reddy,Female,37,Jaipur,Rajasthan,2022-04-23
103340,Pooja Kumar,Female,25,Bengaluru,Karnataka,2024-04-13
103341,Vivaan Sharma,Female,22,Chennai,Tamil Nadu,2022-06-01
103342,Aditi Reddy,Female,28,Hyderabad,Telangana,2022-05-03
103343,Rahul Nair,Female,38,Chennai,Tamil Nadu,2022-11-16
103344,Kavya Iyer,Male,18,Mumbai,Maharashtra,2022-09-28
103345,Arjun Gupta,Male,31,Hyderabad,Telangana,2023-05-19
103346,Isha Singh,Female,48,Hyderabad,Telangana,2022-05-22
103347,Ananya Joshi,Male,22,Ahmedabad,Gujarat,2022-08-22
103348,Aditi Iyer,Male,33,Lucknow,Uttar Pradesh,2024-03-11
103349,Neha Nair,Male,52,Bhopal,Madhya Pradesh,2024-09-06
103350,Karan Sharma,Male,38,Kolkata,West Bengal,2024-06-23
103351,Priya Kumar,Male,33,Bengaluru,Karnataka,2022-02-19
103352,Rahul Patel,Male,37,Noida,Uttar Pradesh,2024-03-02
103353,Vivaan Agarwal,Female,28,Pune,Maharashtra,2024-09-05
103354,Neha Joshi,Female,44,Mumbai,Maharashtra,2024-05-25
103355,Raj Joshi,Male,28,Ahmedabad,Gujarat,2023-02-23
103356,Isha Singh,Male,18,Mumbai,Maharashtra,2023-11-18
103357,Meera Gupta,Female,28,Mumbai,Maharashtra,2023-05-19
103358,Kavya Kumar,Male,23,Ahmedabad,Gujarat,2022-10-05
103359,Ananya Nair,Female,29,Ahmedabad,Gujarat,2022-11-06
103360,Neha Patel,Female,30,Noida,Uttar Pradesh,2023-02-11
103361,Pooja Mishra,Female,43,Bengaluru,Karnataka,2024-09-22
103362,Kavya Gupta,Male,38,Surat,Gujarat,2022-09-10
103363,Aditya Joshi,Female,34,Lucknow,Uttar Pradesh,2023-12-30
103364,Rahul Agarwal,Male,32,Gurugram,Haryana,2022-11-15
103365,Raj Das,Female,22,Lucknow,Uttar Pradesh,2022-05-27
103366,Aman Joshi,Female,18,Chennai,Tamil Nadu,2022-10-10
103367,Aditi Agarwal,Male,33,Delhi,Delhi,2024-02-15
103368,Aarav Iyer,Male,39,Lucknow,Uttar Pradesh,2024-11-24
103369,Riya Mehta,Male,31,Lucknow,Uttar Pradesh,2023-08-06
103370,Rohan Mishra,Female,27,Bengaluru,Karnataka,2024-11-15
103371,Aarav Malhotra,Male,36,Ahmedabad,Gujarat,2024-01-23
103372,Aditi Iyer,Female,31,Chennai,Tamil Nadu,2024-04-28
103373,Pooja Singh,Male,47,Chennai,Tamil Nadu,2023-03-28
103374,Ananya Nair,Female,43,Hyderabad,Telangana,2024-10-16
103375,Aditya Reddy,Female,41,Delhi,Delhi,2022-06-21
103376,Kavya Das,Female,39,Mumbai,Maharashtra,2022-06-20
103377,Priya Singh,Female,20,Ahmedabad,Gujarat,2023-08-09
103378,Riya Reddy,Male,38,Bengaluru,Karnataka,2022-11-08
103379,Isha Iyer,Male,35,Delhi,Delhi,2023-10-01
103380,Kavya Gupta,Female,37,Nagpur,Maharashtra,2023-01-30
103381,Pooja Patel,Male,36,Mumbai,Maharashtra,2022-02-14
103382,Ananya Mehta,Male,36,Jaipur,Rajasthan,2022-03-24
103383,Ananya Verma,Male,56,Patna,Bihar,2022-03-01
103384,Arjun Joshi,Male,31,Kolkata,West Bengal,2023-05-17
103385,Aditya Sharma,Male,40,Noida,Uttar Pradesh,2024-07-17
103386,Rahul Gupta,Female,28,Coimbatore,Tamil Nadu,2023-11-21
103387,Vivaan Singh,Male,39,Surat,Gujarat,2023-05-19
103388,Arjun Agarwal,Female,40,Chennai,Tamil Nadu,2022-11-01
103389,Karan Verma,Male,35,Bengaluru,Karnataka,2023-05-14
103390,Vivaan Malhotra,Female,47,Pune,Maharashtra,2022-05-30
103391,Priya Reddy,Male,24,Gurugram,Haryana,2023-03-01
103392,Isha Joshi,Female,28,Surat,Gujarat,2022-10-21
103393,Pooja Nair,Female,34,Surat,Gujarat,2023-06-16
103394,Meera Patel,Male,40,Kolkata,West Bengal,2024-06-14
103395,Vivaan Kumar,Female,34,Pune,Maharashtra,2023-12-07
103396,Vikram Malhotra,Other,44,Bengaluru,Karnataka,2024-10-25
103397,Aditya Sharma,Female,26,Delhi,Delhi,2024-02-18
103398,Karan Reddy,Female,22,Ahmedabad,Gujarat,2024-02-18
103399,Isha Mishra,Male,35,Bengaluru,Karnataka,2023-03-04
103400,Aditya Agarwal,Female,31,Bengaluru,Karnataka,2022-09-17
103401,Vivaan Kumar,Male,37,Surat,Gujarat,2024-09-07
103402,Kavya Nair,Male,32,Delhi,Delhi,2023-06-13
103403,Sneha Das,Other,29,Patna,Bihar,2022-07-31
103404,Aditi Iyer,Male,31,Delhi,Delhi,2024-10-02
103405,Vivaan Das,Female,32,Chandigarh,Chandigarh,2023-02-18
103406,Pooja Patel,Female,29,Pune,Maharashtra,2024-10-14
103407,Riya Sharma,Female,30,Delhi,Delhi,2024-04-25
103408,Aditya Das,Other,28,Jaipur,Rajasthan,2023-12-03
103409,Raj Verma,Male,40,Bhopal,Madhya Pradesh,2022-05-27
103410,Karan Joshi,Male,34,Hyderabad,Telangana,2023-11-30
103411,Arjun Verma,Male,52,Lucknow,Uttar Pradesh,2023-03-07
103412,Vikram Joshi,Male,33,Coimbatore,Tamil Nadu,2024-12-08
103413,Priya Singh,Male,27,Mumbai,Maharashtra,2022-10-13
103414,Karan Joshi,Male,56,Gurugram,Haryana,2022-03-26
103415,Vikram Malhotra,Female,36,Bengaluru,Karnataka,2022-07-13
103416,Rohan Joshi,Female,41,Hyderabad,Telangana,2022-07-21
103417,Kavya Mehta,Male,37,Bengaluru,Karnataka,2023-07-17
103418,Arjun Iyer,Female,38,Hyderabad,Telangana,2022-03-04
103419,Meera Kumar,Male,37,Delhi,Delhi,2024-03-05
103420,Neha Nair,Male,22,Bengaluru,Karnataka,2023-12-25
103421,Sneha Mishra,Female,35,Hyderabad,Telangana,2022-12-02
103422,Arjun Gupta,Female,20,Kolkata,West Bengal,2024-05-26
103423,Rohan Joshi,Female,30,Kolkata,West Bengal,2024-03-15
103424,Priya Joshi,Male,25,Chennai,Tamil Nadu,2023-08-23
103425,Ananya Reddy,Female,35,Bengaluru,Karnataka,2023-01-12
103426,Rohan Joshi,Female,35,Chandigarh,Chandigarh,2024-06-01
103427,Pooja Agarwal,Female,36,Hyderabad,Telangana,2024-06-30
103428,Aditi Mishra,Female,35,Mumbai,Maharashtra,2023-03-28
103429,Ananya Joshi,Female,27,Chennai,Tamil Nadu,2024-01-26
103430,Ananya Das,Female,30,Ahmedabad,Gujarat,2022-05-11
103431,Aditi Mehta,Female,40,Delhi,Delhi,2022-10-23
103432,Sneha Das,Other,42,Bengaluru,Karnataka,2024-09-26
103433,Ananya Malhotra,Female,22,Gurugram,Haryana,2023-01-10
103434,Vikram Malhotra,Male,18,Pune,Maharashtra,2023-07-27
103435,Kavya Singh,Female,25,Hyderabad,Telangana,2023-10-10
103436,Priya Iyer,Male,41,Chandigarh,Chandigarh,2023-12-09
103437,Kavya Mishra,Male,43,Delhi,Delhi,2023-03-28
103438,Aman Kumar,Female,24,Kolkata,West Bengal,2023-05-25
103439,Neha Agarwal,Female,35,Bengaluru,Karnataka,2024-09-28
103440,Priya Sharma,Female,49,Delhi,Delhi,2024-01-19
103441,Vivaan Patel,Male,36,Mumbai,Maharashtra,2024-03-14
103442,Pooja Sharma,Female,45,Kolkata,West Bengal,2023-10-06
103443,Riya Gupta,Male,41,Delhi,Delhi,2024-03-01
103444,Raj Sharma,Other,24,Kolkata,West Bengal,2024-08-19
103445,Raj Singh,Other,30,Kochi,Kerala,2024-04-21
103446,Karan Das,Female,32,Noida,Uttar Pradesh,2023-06-17
103447,Ananya Sharma,Female,33,Bengaluru,Karnataka,2024-12-19
103448,Aman Mishra,Female,40,Mumbai,Maharashtra,2024-06-22
103449,Kavya Joshi,Female,36,,,2024-11-13
103450,Kavya Malhotra,Male,18,Hyderabad,Telangana,2023-08-25
103451,Meera Gupta,Male,20,Coimbatore,Tamil Nadu,2024-05-22
103452,Arjun Sharma,Female,18,Nagpur,Maharashtra,2022-11-24
103453,Neha Kumar,Female,34,Hyderabad,Telangana,2022-12-04
103454,Rahul Gupta,Male,34,Mumbai,Maharashtra,2023-07-25
103455,Aman Kumar,Female,35,Bhopal,Madhya Pradesh,2023-08-13
103456,Meera Singh,Male,23,Noida,Uttar Pradesh,2024-01-23
103457,Vikram Patel,Female,38,Pune,Maharashtra,2022-09-04
103458,Raj Verma,Female,38,Hyderabad,Telangana,2022-02-14
103459,Meera Mehta,Female,21,Hyderabad,Telangana,2023-09-21
103460,Meera Mishra,Female,19,Bhopal,Madhya Pradesh,2024-04-13
103461,Karan Nair,Male,32,Mumbai,Maharashtra,2022-10-10
103462,Aditya Nair,Male,48,Noida,Uttar Pradesh,2023-10-07
103463,Ananya Iyer,Female,47,Delhi,Delhi,2022-01-12
103464,Isha Gupta,Female,37,Patna,Bihar,2024-04-26
103465,Isha Das,Male,25,Pune,Maharashtra,2022-09-23
103466,Meera Das,Female,40,Mumbai,Maharashtra,2024-05-07
103467,Arjun Malhotra,Male,28,Delhi,Delhi,2023-11-01
103468,Raj Sharma,Female,25,Chennai,Tamil Nadu,2024-02-24
103469,Meera Mehta,Female,18,Mumbai,Maharashtra,2024-12-29
103470,Aditya Iyer,Male,33,Kolkata,West Bengal,2023-11-15
103471,Vivaan Mishra,Male,26,Bengaluru,Karnataka,2022-08-13
103472,Ananya Kumar,Female,33,Delhi,Delhi,2022-10-20
103473,Sneha Mehta,Female,18,Pune,Maharashtra,2022-04-22
103474,Arjun Das,Female,34,Chennai,Tamil Nadu,2024-05-13
103475,Vikram Nair,Female,18,Pune,Maharashtra,2022-09-16
103476,Pooja Mishra,Female,42,Pune,Maharashtra,2024-07-05
103477,Aarav Reddy,Female,37,Chennai,Tamil Nadu,2024-05-05
103478,Priya Sharma,Female,29,Chennai,Tamil Nadu,2024-10-05
103479,Raj Joshi,Male,37,Mumbai,Maharashtra,2023-01-03
103480,Vivaan Kumar,Male,23,Mumbai,Maharashtra,2023-04-19
103481,Kavya Malhotra,Male,33,Mumbai,Maharashtra,2023-10-17
103482,Rahul Kumar,Female,39,Lucknow,Uttar Pradesh,2022-02-14
103483,Riya Nair,Male,18,Chennai,Tamil Nadu,2024-06-21
103484,Vikram Gupta,Female,28,Hyderabad,Telangana,2023-03-18
103485,Vivaan Reddy,Female,32,Noida,Uttar Pradesh,2023-06-12
103486,Priya Agarwal,Female,30,Bengaluru,Karnataka,2023-07-06
103487,Pooja Malhotra,Male,45,Chennai,Tamil Nadu,2022-10-11
103488,Riya Verma,Male,22,Delhi,Delhi,2022-05-30
103489,Vikram Mehta,Male,26,Ahmedabad,Gujarat,2022-09-26
103490,Raj Iyer,Male,18,Lucknow,Uttar Pradesh,2022-08-14
103491,Priya Gupta,Male,46,Noida,Uttar Pradesh,2023-09-09
103492,Rahul Kumar,Female,30,Indore,Madhya Pradesh,2024-06-14
103493,Aditya Agarwal,Female,28,Ahmedabad,Gujarat,2024-01-31
103494,Meera Nair,Female,32,Surat,Gujarat,2022-01-09
103495,Vivaan Joshi,Female,38,Bengaluru,Karnataka,2023-01-17
103496,Priya Patel,Male,35,Bengaluru,Karnataka,2022-10-29
103497,Aditya Mehta,Female,56,Chandigarh,Chandigarh,2023-02-06
103498,Riya Mehta,Female,36,Patna,Bihar,2023-08-23
103499,Rahul Iyer,Male,28,Chennai,Tamil Nadu,2024-10-07
103500,Rahul Agarwal,Female,27,Hyderabad,Telangana,2024-08-03
103501,Kavya Singh,Male,28,Surat,Gujarat,2022-01-13
103502,Isha Mehta,Female,18,Bengaluru,Karnataka,2023-08-11
103503,Meera Singh,Other,32,Mumbai,Maharashtra,2023-12-08
103504,Kavya Malhotra,Male,39,Kolkata,West Bengal,2024-10-06
103505,Riya Singh,Female,26,Delhi,Delhi,2024-08-07
103506,Vikram Verma,Female,25,Hyderabad,Telangana,2022-10-08
103507,Aman Iyer,Female,46,Noida,Uttar Pradesh,2024-02-05
103508,Sneha Kumar,Male,19,Bengaluru,Karnataka,2022-08-27
103509,Meera Verma,Female,18,Chandigarh,Chandigarh,2024-11-30
103510,Arjun Reddy,Male,22,Kochi,Kerala,2023-08-20
103511,Sneha Mehta,Male,18,Gurugram,Haryana,2022-04-17
103512,Aditi Kumar,Male,35,Nagpur,Maharashtra,2024-07-28
103513,Karan Kumar,Female,29,Chennai,Tamil Nadu,2022-02-19
103514,Aditi Malhotra,Female,30,Chennai,Tamil Nadu,2023-02-21
103515,Aarav Iyer,Female,42,Gurugram,Haryana,2023-04-17
103516,Raj Gupta,Female,26,Pune,Maharashtra,2024-12-20
103517,Aditi Malhotra,Male,39,Hyderabad,Telangana,2022-10-02
103518,Neha Malhotra,Male,46,Kolkata,West Bengal,2022-07-11
103519,Rahul Agarwal,Male,28,Jaipur,Rajasthan,2023-08-23
103520,Vivaan Mishra,Male,39,Ahmedabad,Gujarat,2024-07-16
103521,Vikram Singh,Male,30,Jaipur,Rajasthan,2022-10-22
103522,Aditi Gupta,Male,40,Ahmedabad,Gujarat,2023-05-13
103523,Aditya Verma,Male,18,Jaipur,Rajasthan,2023-01-31
103524,Vivaan Singh,Male,18,Pune,Maharashtra,2024-06-29
103525,Pooja Mishra,Male,28,Mumbai,Maharashtra,2022-11-16
103526,Rahul Das,Male,24,Noida,Uttar Pradesh,2022-04-25
103527,Raj Sharma,Female,27,Delhi,Delhi,2023-07-07
103528,Ananya Nair,Female,30,Nagpur,Maharashtra,2023-10-11
103529,Arjun Patel,Female,38,Gurugram,Haryana,2022-05-12
103530,Neha Agarwal,Male,28,Jaipur,Rajasthan,2024-03-19
103531,Aarav Kumar,Male,25,Coimbatore,Tamil Nadu,2024-09-26
103532,Karan Nair,Female,29,Kolkata,West Bengal,2024-03-30
103533,Kavya Singh,Male,25,Delhi,Delhi,2024-06-30
103534,Karan Joshi,Male,24,Chennai,Tamil Nadu,2022-01-25
103535,Riya Iyer,Male,18,Bengaluru,Karnataka,2024-03-20
103536,Aman Joshi,Male,33,Hyderabad,Telangana,2023-02-08
103537,Isha Malhotra,Male,27,Pune,Maharashtra,2024-04-13
103538,Rahul Nair,Male,41,Noida,Uttar Pradesh,2023-03-26
103539,Aarav Mehta,Female,19,Pune,Maharashtra,2022-10-15
103540,Meera Mishra,Male,27,Pune,Maharashtra,2024-12-01
103541,Riya Sharma,Male,48,Bengaluru,Karnataka,2024-05-23
103542,Aman Gupta,Female,24,Chennai,Tamil Nadu,2023-02-15
103543,Vivaan Patel,Male,30,Mumbai,Maharashtra,2022-01-09
103544,Karan Iyer,Male,21,Bengaluru,Karnataka,2022-08-20
103545,Pooja Patel,Female,20,Ahmedabad,Gujarat,2022-05-18
103546,Vivaan Agarwal,Male,46,Bengaluru,Karnataka,2022-10-11
103547,Aarav Verma,Male,34,Delhi,Delhi,2022-11-07
103548,Priya Reddy,Male,33,Bengaluru,Karnataka,2022-02-25
103549,Aman Reddy,Male,18,Kolkata,West Bengal,2022-04-11
103550,Aditi Das,Female,35,Gurugram,Haryana,2024-11-26
103551,Arjun Sharma,Female,42,Kochi,Kerala,2023-08-22
103552,Raj Das,Male,42,Ahmedabad,Gujarat,2024-10-27
103553,Priya Singh,Female,38,Hyderabad,Telangana,2023-07-04
103554,Priya Joshi,Female,22,Bengaluru,Karnataka,2022-09-17
103555,Arjun Mishra,Male,35,Delhi,Delhi,2024-03-05
103556,Ananya Agarwal,Female,38,Kolkata,West Bengal,2023-06-03
103557,Pooja Joshi,Male,18,Pune,Maharashtra,2023-02-21
103558,Aditya Gupta,Male,22,Jaipur,Rajasthan,2023-02-24
103559,Karan Joshi,Male,40,Mumbai,Maharashtra,2023-03-12
103560,Neha Joshi,Male,40,,,2024-05-16
103561,Aarav Sharma,Male,18,Bengaluru,Karnataka,2024-07-13
103562,Vikram Mishra,Female,39,Noida,Uttar Pradesh,2024-02-20
103563,Riya Patel,Male,33,Mumbai,Maharashtra,2022-02-16
103564,Ananya Agarwal,Male,39,Kolkata,West Bengal,2024-11-09
103565,Priya Nair,Male,26,Delhi,Delhi,2022-12-07
103566,Rohan Sharma,Female,38,Chennai,Tamil Nadu,2024-04-10
103567,Aditi Reddy,Female,40,Delhi,Delhi,2024-10-18
103568,Aditi Kumar,Female,29,Mumbai,Maharashtra,2022-06-25
103569,Raj Singh,Female,32,Delhi,Delhi,2023-02-28
103570,Riya Patel,Female,26,Bengaluru,Karnataka,2024-02-20
103571,Vivaan Reddy,Male,47,Bengaluru,Karnataka,2022-01-18
103572,Aman Mishra,Female,31,Gurugram,Haryana,2023-11-19
103573,Priya Mishra,Female,24,Mumbai,Maharashtra,2023-06-03
103574,Aarav Joshi,Other,26,Delhi,Delhi,2023-08-09
103575,Aman Singh,Female,33,Kolkata,West Bengal,2024-06-09
103576,Rahul Kumar,Male,39,Lucknow,Uttar Pradesh,2022-09-30
103577,Priya Reddy,Male,20,Bengaluru,Karnataka,2022-02-19
103578,Rahul Verma,Male,49,Kolkata,West Bengal,2024-01-29
103579,Priya Joshi,Female,35,Noida,Uttar Pradesh,2024-05-08
103580,Pooja Das,Female,36,Bengaluru,Karnataka,2023-07-28
103581,Vikram Mehta,Male,31,Chennai,Tamil Nadu,2022-04-17
103582,Vikram Malhotra,Female,32,Mumbai,Maharashtra,2022-08-21
103583,Rahul Mehta,Male,31,Delhi,Delhi,2023-01-20
103584,Raj Mishra,Female,41,Coimbatore,Tamil Nadu,2022-10-26
103585,Pooja Kumar,Male,32,Bengaluru,Karnataka,2023-06-20
103586,Neha Joshi,Male,39,Bengaluru,Karnataka,2024-01-27
103587,Rahul Singh,Male,28,Coimbatore,Tamil Nadu,2022-07-11
103588,Rahul Malhotra,Female,34,Lucknow,Uttar Pradesh,2023-03-17
103589,Kavya Reddy,Male,25,Chennai,Tamil Nadu,2024-02-06
103590,Karan Das,Male,43,Lucknow,Uttar Pradesh,2022-04-13
103591,Rahul Patel,Female,24,Lucknow,Uttar Pradesh,2022-01-02
103592,Riya Mishra,Male,29,Ahmedabad,Gujarat,2022-06-08
103593,Rahul Mehta,Female,29,Delhi,Delhi,2022-08-10
103594,Rahul Reddy,Female,29,Hyderabad,Telangana,2023-11-11
103595,Meera Mishra,Male,39,Bengaluru,Karnataka,2023-08-21
103596,Rohan Kumar,Female,29,Delhi,Delhi,2024-03-12
103597,Aditya Joshi,Male,45,Hyderabad,Telangana,2022-08-13
103598,Kavya Nair,Female,25,Kolkata,West Bengal,2024-08-31
103599,Arjun Gupta,Male,34,Mumbai,Maharashtra,2023-12-08
103600,Ananya Das,Female,25,Bengaluru,Karnataka,2024-12-22
103601,Rahul Nair,Male,36,Kolkata,West Bengal,2022-05-03
103602,Aarav Iyer,Female,32,Chennai,Tamil Nadu,2022-04-10
103603,Ananya Mishra,Male,31,Surat,Gujarat,2023-03-20
103604,Sneha Mehta,Male,43,Noida,Uttar Pradesh,2024-12-08
103605,Raj Agarwal,Male,26,Coimbatore,Tamil Nadu,2024-11-09
103606,Aman Gupta,Male,37,Kolkata,West Bengal,2022-03-15
103607,Karan Verma,Female,25,Lucknow,Uttar Pradesh,2023-08-09
103608,Rahul Gupta,Male,33,Surat,Gujarat,2023-06-07
103609,Aarav Iyer,Female,21,Gurugram,Haryana,2022-05-20
103610,Pooja Malhotra,Female,26,Lucknow,Uttar Pradesh,2022-05-06
103611,Aman Malhotra,Female,31,Pune,Maharashtra,2023-08-01
103612,Meera Malhotra,Male,48,Bengaluru,Karnataka,2022-05-06
103613,Vikram Malhotra,Male,33,Indore,Madhya Pradesh,2023-07-11
103614,Vikram Singh,Female,47,Noida,Uttar Pradesh,2023-05-11
103615,Aarav Kumar,Male,34,Gurugram,Haryana,2022-05-11
103616,Aditya Nair,Male,29,Mumbai,Maharashtra,2023-12-15
103617,Isha Gupta,Female,46,Bengaluru,Karnataka,2024-04-10
103618,Riya Das,Female,36,Hyderabad,Telangana,2024-02-28
103619,Pooja Agarwal,Female,26,Gurugram,Haryana,2024-11-08
103620,Aditi Gupta,Male,36,Indore,Madhya Pradesh,2023-11-28
103621,Priya Agarwal,Female,29,Bengaluru,Karnataka,2022-06-05
103622,Isha Gupta,Male,18,Jaipur,Rajasthan,2023-03-14
103623,Rohan Singh,Male,40,Delhi,Delhi,2023-11-08
103624,Vikram Sharma,Female,42,Hyderabad,Telangana,2023-01-27
103625,Sneha Iyer,Male,49,Pune,Maharashtra,2024-12-05
103626,Aarav Mishra,Male,36,Ahmedabad,Gujarat,2022-07-31
103627,Aman Mehta,Male,30,Indore,Madhya Pradesh,2023-07-17
103628,Vikram Nair,Female,40,Bengaluru,Karnataka,2024-11-20
103629,Karan Iyer,Female,40,Chennai,Tamil Nadu,2023-03-21
103630,Karan Verma,Female,47,Jaipur,Rajasthan,2024-09-04
103631,Rohan Mishra,Female,32,Bengaluru,Karnataka,2023-09-28
103632,Neha Das,Male,31,Nagpur,Maharashtra,2024-07-27
103633,Pooja Agarwal,Male,26,Indore,Madhya Pradesh,2023-10-17
103634,Ananya Das,Male,37,Bengaluru,Karnataka,2023-12-23
103635,Neha Mishra,Male,18,Pune,Maharashtra,2024-11-01
103636,Vikram Mehta,Male,39,Mumbai,Maharashtra,2022-04-13
103637,Priya Iyer,Female,37,Pune,Maharashtra,2023-02-08
103638,Vivaan Malhotra,Male,37,Jaipur,Rajasthan,2022-03-28
103639,Priya Nair,Male,33,Delhi,Delhi,2022-01-25
103640,Ananya Mehta,Male,46,Indore,Madhya Pradesh,2022-07-31
103641,Pooja Nair,Male,40,Kolkata,West Bengal,2024-04-05
103642,Meera Malhotra,Female,27,Nagpur,Maharashtra,2024-11-23
103643,Kavya Joshi,Male,27,Delhi,Delhi,2023-10-13
103644,Vivaan Joshi,Male,24,Gurugram,Haryana,2024-02-21
103645,Arjun Agarwal,Female,37,Noida,Uttar Pradesh,2023-08-01
103646,Neha Das,Male,23,Mumbai,Maharashtra,2024-07-05
103647,Vivaan Mishra,Male,42,Bengaluru,Karnataka,2022-08-14
103648,Vikram Joshi,Male,44,Indore,Madhya Pradesh,2024-09-24
103649,Kavya Mehta,Female,24,Pune,Maharashtra,2024-07-12
103650,Vivaan Joshi,Other,30,Hyderabad,Telangana,2023-06-22
103651,Priya Joshi,Female,32,Bhopal,Madhya Pradesh,2022-03-15
103652,Vivaan Singh,Male,40,Delhi,Delhi,2022-07-06
103653,Raj Agarwal,Female,46,Pune,Maharashtra,2022-03-18
103654,Priya Mishra,Male,18,Jaipur,Rajasthan,2022-11-13
103655,Raj Iyer,Male,29,Kolkata,West Bengal,2024-08-05
103656,Raj Agarwal,Male,30,Bengaluru,Karnataka,2022-07-30
103657,Rohan Mehta,Male,19,Chennai,Tamil Nadu,2024-04-09
103658,Raj Malhotra,Female,28,Lucknow,Uttar Pradesh,2024-12-15
103659,Vivaan Nair,Female,36,Chennai,Tamil Nadu,2023-02-23
103660,Riya Mishra,Female,29,Jaipur,Rajasthan,2024-09-17
103661,Rahul Agarwal,Female,18,Bengaluru,Karnataka,2022-07-30
103662,Neha Verma,Female,58,Gurugram,Haryana,2024-06-11
103663,Riya Verma,Male,34,Hyderabad,Telangana,2022-07-11
103664,Rohan Iyer,Male,33,Nagpur,Maharashtra,2022-08-07
103665,Meera Mishra,Female,22,Delhi,Delhi,2024-01-20
103666,Kavya Gupta,Male,34,Hyderabad,Telangana,2024-11-22
103667,Priya Mehta,Female,31,Mumbai,Maharashtra,2024-03-08
103668,Ananya Agarwal,Male,18,Chennai,Tamil Nadu,2024-05-18
103669,Aarav Gupta,Male,22,Mumbai,Maharashtra,2024-11-25
103670,Neha Malhotra,Male,39,Ahmedabad,Gujarat,2024-05-15
103671,Karan Mishra,Male,49,Indore,Madhya Pradesh,2022-08-20
103672,Neha Verma,Male,35,Mumbai,Maharashtra,2022-06-24
103673,Aman Kumar,Female,42,Mumbai,Maharashtra,2024-08-20
103674,Rohan Nair,Male,31,Indore,Madhya Pradesh,2024-02-29
103675,Arjun Verma,Female,31,Bengaluru,Karnataka,2024-06-17
103676,Arjun Nair,Male,42,Hyderabad,Telangana,2023-12-31
103677,Neha Reddy,Male,47,Mumbai,Maharashtra,2024-12-03
103678,Aditi Verma,Male,44,Hyderabad,Telangana,2023-02-18
103679,Riya Nair,Female,22,Mumbai,Maharashtra,2023-02-12
103680,Priya Nair,Male,31,Jaipur,Rajasthan,2022-11-24
103681,Riya Malhotra,Female,34,Pune,Maharashtra,2024-04-27
103682,Rohan Mehta,Male,30,Noida,Uttar Pradesh,2022-05-15
103683,Kavya Mehta,Female,35,Bengaluru,Karnataka,2024-09-02
103684,Vivaan Iyer,Male,39,Pune,Maharashtra,2022-03-27
103685,Rohan Mishra,Female,41,Bengaluru,Karnataka,2023-10-20
103686,Ananya Malhotra,Female,47,Chandigarh,Chandigarh,2022-02-27
103687,Rahul Gupta,Female,29,Chennai,Tamil Nadu,2023-11-13
103688,Rahul Gupta,Male,20,Mumbai,Maharashtra,2023-03-01
103689,Vivaan Mehta,Male,35,Bengaluru,Karnataka,2024-02-07
103690,Raj Patel,Male,49,Delhi,Delhi,2023-01-24
103691,Neha Patel,Female,28,Delhi,Delhi,2023-06-08
103692,Rohan Verma,Female,38,Chennai,Tamil Nadu,2024-01-01
103693,Rahul Singh,Female,38,Bengaluru,Karnataka,2022-05-18
103694,Aarav Malhotra,Male,34,Kochi,Kerala,2023-12-14
103695,Aman Sharma,Male,32,Mumbai,Maharashtra,2024-05-14
103696,Neha Agarwal,Male,24,Noida,Uttar Pradesh,2023-11-02
103697,Isha Joshi,Female,18,Bengaluru,Karnataka,2024-06-19
103698,Aarav Malhotra,Female,22,Mumbai,Maharashtra,2022-11-04
103699,Isha Singh,Female,28,Coimbatore,Tamil Nadu,2024-01-27
103700,Karan Malhotra,Male,42,Noida,Uttar Pradesh,2023-05-21
103701,Isha Agarwal,Female,31,Kolkata,West Bengal,2024-01-17
103702,Sneha Agarwal,Female,27,Lucknow,Uttar Pradesh,2023-05-06
103703,Aditya Malhotra,Male,24,Nagpur,Maharashtra,2023-05-22
103704,Pooja Sharma,Female,38,Kolkata,West Bengal,2024-11-08
103705,Vikram Mishra,Female,44,Delhi,Delhi,2022-12-01
103706,Kavya Patel,Female,42,Delhi,Delhi,2023-08-02
103707,Pooja Reddy,Female,37,Jaipur,Rajasthan,2022-11-23
103708,Kavya Das,Male,19,Jaipur,Rajasthan,2024-03-05
103709,Karan Sharma,Male,29,Ahmedabad,Gujarat,2024-03-30
103710,Rohan Gupta,Female,50,Delhi,Delhi,2022-10-18
103711,Vivaan Reddy,Male,42,Chandigarh,Chandigarh,2022-07-13
103712,Aditi Sharma,Female,18,Chennai,Tamil Nadu,2024-08-16
103713,Rahul Das,Female,31,Jaipur,Rajasthan,2024-09-14
103714,Vivaan Reddy,Female,35,Delhi,Delhi,2023-11-18
103715,Meera Das,Other,25,Kochi,Kerala,2022-03-30
103716,Pooja Patel,Male,18,Chennai,Tamil Nadu,2022-05-17
103717,Ananya Mishra,Male,33,Chennai,Tamil Nadu,2023-11-08
103718,Aditya Sharma,Male,25,Chandigarh,Chandigarh,2023-07-03
103719,Arjun Mehta,Male,25,Patna,Bihar,2024-05-21
103720,Rohan Gupta,Male,29,Mumbai,Maharashtra,2024-05-26
103721,Raj Malhotra,Male,31,Chandigarh,Chandigarh,2024-09-20
103722,Pooja Malhotra,Female,32,Ahmedabad,Gujarat,2023-03-03
103723,Kavya Gupta,Female,24,Delhi,Delhi,2022-01-09
103724,Neha Nair,Male,30,Mumbai,Maharashtra,2023-02-19
103725,Meera Kumar,Male,18,Hyderabad,Telangana,2022-01-14
103726,Vivaan Verma,Female,35,Chennai,Tamil Nadu,2022-11-07
103727,Raj Kumar,Male,18,Lucknow,Uttar Pradesh,2024-11-21
103728,Aditi Mishra,Male,29,Mumbai,Maharashtra,2023-11-30
103729,Priya Das,Male,40,Gurugram,Haryana,2023-02-23
103730,Aditya Iyer,Female,22,Surat,Gujarat,2022-11-19
103731,Sneha Das,Male,38,Kolkata,West Bengal,2024-08-04
103732,Kavya Verma,Female,42,Patna,Bihar,2023-01-02
103733,Raj Agarwal,Male,18,Gurugram,Haryana,2024-09-07
103734,Rahul Verma,Female,31,Mumbai,Maharashtra,2024-02-26
103735,Aman Kumar,Male,18,Noida,Uttar Pradesh,2024-05-30
103736,Riya Mehta,Male,31,Kochi,Kerala,2023-03-31
103737,Riya Singh,Female,32,Mumbai,Maharashtra,2023-06-07
103738,Karan Malhotra,Female,18,Coimbatore,Tamil Nadu,2023-10-11
103739,Vivaan Verma,Female,49,Delhi,Delhi,2022-05-23
103740,Meera Nair,Female,35,Chennai,Tamil Nadu,2024-01-30
103741,Riya Verma,Female,24,Ahmedabad,Gujarat,2022-05-06
103742,Isha Nair,Female,45,Noida,Uttar Pradesh,2022-12-04
103743,Pooja Mishra,Female,18,Ahmedabad,Gujarat,2023-10-18
103744,Raj Mehta,Male,21,Chennai,Tamil Nadu,2022-09-15
103745,Pooja Das,Male,18,Jaipur,Rajasthan,2024-11-26
103746,Ananya Patel,Male,48,Lucknow,Uttar Pradesh,2024-01-30
103747,Riya Malhotra,Female,35,Pune,Maharashtra,2023-09-07
103748,Pooja Kumar,Male,38,Kolkata,West Bengal,2024-05-23
103749,Rahul Malhotra,Male,35,Surat,Gujarat,2022-08-07
103750,Meera Agarwal,Female,37,Bengaluru,Karnataka,2023-05-04
103751,Riya Nair,Female,33,Chennai,Tamil Nadu,2022-01-10
103752,Isha Agarwal,Female,34,Delhi,Delhi,2024-08-14
103753,Rohan Mishra,Male,33,Lucknow,Uttar Pradesh,2023-01-26
103754,Pooja Singh,Female,27,Mumbai,Maharashtra,2022-01-16
103755,Raj Singh,Male,32,Pune,Maharashtra,2024-08-24
103756,Aarav Verma,Male,34,Mumbai,Maharashtra,2022-09-14
103757,Aarav Agarwal,Male,33,Delhi,Delhi,2022-01-17
103758,Arjun Nair,Male,19,Pune,Maharashtra,2024-07-24
103759,Karan Iyer,Male,20,Hyderabad,Telangana,2023-04-04
103760,Pooja Mehta,Female,42,Hyderabad,Telangana,2022-12-08
103761,Sneha Sharma,Male,29,Mumbai,Maharashtra,2024-09-17
103762,Ananya Kumar,Female,37,Chandigarh,Chandigarh,2024-08-31
103763,Kavya Iyer,Female,22,Delhi,Delhi,2024-08-18
103764,Karan Sharma,Male,19,Indore,Madhya Pradesh,2024-07-22
103765,Karan Nair,Female,24,Ahmedabad,Gujarat,2022-08-26
103766,Raj Patel,Male,30,Mumbai,Maharashtra,2022-09-05
103767,Aditya Patel,Female,26,Pune,Maharashtra,2024-10-23
103768,Raj Joshi,Male,44,Nagpur,Maharashtra,2023-08-23
103769,Kavya Kumar,Male,34,Jaipur,Rajasthan,2022-10-15
103770,Aarav Verma,Male,49,Delhi,Delhi,2023-10-16
103771,Ananya Kumar,Female,36,Pune,Maharashtra,2022-09-20
103772,Priya Nair,Female,18,Pune,Maharashtra,2024-09-11
103773,Meera Malhotra,Male,42,Noida,Uttar Pradesh,2024-10-29
103774,Aarav Das,Female,18,Patna,Bihar,2024-03-09
103775,Rohan Singh,Female,34,Delhi,Delhi,2023-02-11
103776,Ananya Das,Female,25,Bengaluru,Karnataka,2022-01-03
103777,Ananya Mishra,Female,51,Bengaluru,Karnataka,2022-05-06
103778,Isha Mishra,Female,45,Nagpur,Maharashtra,2022-01-18
103779,Isha Iyer,Female,25,Chennai,Tamil Nadu,2024-06-25
103780,Vivaan Reddy,Female,31,Indore,Madhya Pradesh,2022-06-19
103781,Rahul Agarwal,Male,34,Hyderabad,Telangana,2022-10-27
103782,Rahul Reddy,Male,40,Lucknow,Uttar Pradesh,2022-05-30
103783,Neha Mishra,Male,32,Bengaluru,Karnataka,2022-04-09
103784,Kavya Mishra,Female,23,Bhopal,Madhya Pradesh,2022-10-17
103785,Ananya Agarwal,Female,26,Pune,Maharashtra,2023-07-25
103786,Sneha Mishra,Male,32,Noida,Uttar Pradesh,2022-10-16
103787,Vivaan Das,Female,43,Bengaluru,Karnataka,2023-02-01
103788,Riya Patel,Male,36,Lucknow,Uttar Pradesh,2023-08-28
103789,Meera Nair,Male,25,Hyderabad,Telangana,2023-08-18
103790,Ananya Joshi,Other,38,Delhi,Delhi,2024-09-28
103791,Kavya Sharma,Male,29,Hyderabad,Telangana,2023-03-20
103792,Karan Malhotra,Male,40,Chennai,Tamil Nadu,2022-04-17
103793,Ananya Iyer,Female,55,Mumbai,Maharashtra,2023-12-16
103794,Aditi Verma,Female,29,Mumbai,Maharashtra,2024-09-17
103795,Rahul Patel,Male,39,Pune,Maharashtra,2024-07-04
103796,Aarav Kumar,Female,25,Bengaluru,Karnataka,2024-08-19
103797,Priya Reddy,Female,31,Hyderabad,Telangana,2022-07-12
103798,Kavya Das,Male,32,Pune,Maharashtra,2024-05-24
103799,Rohan Malhotra,Male,30,Mumbai,Maharashtra,2022-09-04
103800,Pooja Mehta,Female,54,Mumbai,Maharashtra,2024-08-30
103801,Rohan Malhotra,Male,29,Surat,Gujarat,2022-08-10
103802,Arjun Das,Female,37,Mumbai,Maharashtra,2024-02-10
103803,Raj Nair,Female,18,Jaipur,Rajasthan,2024-01-18
103804,Ananya Nair,Other,36,Hyderabad,Telangana,2024-06-08
103805,Vivaan Patel,Male,42,Coimbatore,Tamil Nadu,2023-12-18
103806,Sneha Verma,Female,27,Delhi,Delhi,2024-03-27
103807,Isha Mishra,Male,18,Gurugram,Haryana,2024-04-04
103808,Vikram Kumar,Male,32,Pune,Maharashtra,2024-07-21
103809,Neha Das,Male,32,Delhi,Delhi,2024-04-12
103810,Raj Singh,Male,39,Bengaluru,Karnataka,2023-08-30
103811,Riya Patel,Female,50,Hyderabad,Telangana,2022-03-25
103812,Rohan Verma,Male,29,Bengaluru,Karnataka,2024-02-13
103813,Aditi Iyer,Male,24,Bengaluru,Karnataka,2024-12-09
103814,Vivaan Iyer,Female,21,Patna,Bihar,2023-04-26
103815,Karan Mishra,Male,34,Bengaluru,Karnataka,2023-02-03
103816,Aditya Agarwal,Female,36,Hyderabad,Telangana,2023-08-12
103817,Riya Sharma,Male,27,Ahmedabad,Gujarat,2023-06-29
103818,Isha Mishra,Female,39,Noida,Uttar Pradesh,2022-02-02
103819,Riya Gupta,Female,36,Delhi,Delhi,2022-02-05
103820,Karan Kumar,Male,32,Lucknow,Uttar Pradesh,2024-01-21
103821,Isha Nair,Male,24,Pune,Maharashtra,2022-11-08
103822,Riya Patel,Male,28,Mumbai,Maharashtra,2022-11-27
103823,Ananya Gupta,Female,18,Bengaluru,Karnataka,2023-07-31
103824,Arjun Das,Male,34,Delhi,Delhi,2022-10-11
103825,Riya Reddy,Male,32,Bengaluru,Karnataka,2024-02-17
103826,Rahul Singh,Male,34,Bengaluru,Karnataka,2024-01-17
103827,Vivaan Agarwal,Male,37,Hyderabad,Telangana,2023-02-06
103828,Priya Nair,Male,35,Chennai,Tamil Nadu,2024-07-28
103829,Riya Verma,Female,31,Ahmedabad,Gujarat,2023-02-15
103830,Aarav Patel,Male,32,Kolkata,West Bengal,2023-01-09
103831,Vivaan Reddy,Male,19,Jaipur,Rajasthan,2022-09-18
103832,Pooja Das,Female,27,Surat,Gujarat,2022-06-30
103833,Aditya Kumar,Female,32,Indore,Madhya Pradesh,2022-06-05
103834,Neha Mishra,Male,25,Surat,Gujarat,2023-06-14
103835,Vivaan Verma,Male,40,Mumbai,Maharashtra,2023-05-15
103836,Riya Iyer,Male,26,Mumbai,Maharashtra,2022-01-28
103837,Raj Sharma,Female,34,,,2024-07-28
103838,Meera Iyer,Male,33,Bengaluru,Karnataka,2022-02-13
103839,Raj Reddy,Female,39,Mumbai,Maharashtra,2024-01-12
103840,Karan Kumar,Female,40,Bengaluru,Karnataka,2023-08-06
103841,Karan Singh,Female,38,Coimbatore,Tamil Nadu,2024-09-06
103842,Raj Patel,Male,18,Bengaluru,Karnataka,2023-05-14
103843,Kavya Kumar,Male,43,Hyderabad,Telangana,2024-05-12
103844,Neha Reddy,Male,46,Delhi,Delhi,2022-04-13
103845,Arjun Patel,Male,28,Lucknow,Uttar Pradesh,2022-08-22
103846,Rahul Gupta,Female,34,Hyderabad,Telangana,2023-11-17
103847,Aman Verma,Female,24,Delhi,Delhi,2024-10-06
103848,Aarav Malhotra,Female,18,Coimbatore,Tamil Nadu,2022-08-23
103849,Kavya Joshi,Female,25,Noida,Uttar Pradesh,2022-06-19
103850,Arjun Singh,Male,27,Lucknow,Uttar Pradesh,2023-11-05
103851,Kavya Kumar,Male,29,Kochi,Kerala,2022-03-18
103852,Kavya Kumar,Male,23,Hyderabad,Telangana,2022-07-16
103853,Aman Gupta,Female,25,Lucknow,Uttar Pradesh,2022-03-31
103854,Raj Malhotra,Female,32,Mumbai,Maharashtra,2022-05-22
103855,Vikram Gupta,Female,25,Lucknow,Uttar Pradesh,2024-03-23
103856,Aditya Patel,Male,37,Delhi,Delhi,2022-11-07
103857,Pooja Mishra,Male,38,Delhi,Delhi,2024-05-08
103858,Ananya Joshi,Female,53,Hyderabad,Telangana,2022-01-19
103859,Neha Sharma,Male,42,Delhi,Delhi,2022-03-04
103860,Rahul Sharma,Female,34,Pune,Maharashtra,2024-10-29
103861,Isha Mishra,Female,26,Chennai,Tamil Nadu,2022-03-08
103862,Vivaan Verma,Female,35,Kolkata,West Bengal,2022-10-03
103863,Priya Sharma,Male,35,Delhi,Delhi,2024-04-01
103864,Aditya Mehta,Male,27,Mumbai,Maharashtra,2023-12-16
103865,Priya Gupta,Male,39,Kolkata,West Bengal,2023-03-04
103866,Pooja Mishra,Male,19,Jaipur,Rajasthan,2023-06-20
103867,Meera Reddy,Male,30,Delhi,Delhi,2024-08-17
103868,Neha Malhotra,Female,37,Chennai,Tamil Nadu,2023-11-20
103869,Aditi Patel,Female,29,Noida,Uttar Pradesh,2024-07-22
103870,Ananya Das,Male,30,Delhi,Delhi,2023-02-21
103871,Karan Nair,Male,31,Hyderabad,Telangana,2023-03-28
103872,Kavya Verma,Male,24,Bengaluru,Karnataka,2023-10-15
103873,Neha Malhotra,Male,43,Patna,Bihar,2023-08-15
103874,Rahul Verma,Female,23,Mumbai,Maharashtra,2024-11-05
103875,Neha Verma,Male,35,Bengaluru,Karnataka,2024-10-21
103876,Neha Patel,Male,36,Bhopal,Madhya Pradesh,2023-02-28
103877,Neha Agarwal,Male,23,Bengaluru,Karnataka,2024-01-04
103878,Vikram Singh,Female,33,Chennai,Tamil Nadu,2024-10-04
103879,Rahul Das,Female,24,Delhi,Delhi,2022-07-02
103880,Pooja Patel,Male,45,Nagpur,Maharashtra,2023-01-18
103881,Aditi Mehta,Female,22,Gurugram,Haryana,2022-08-09
103882,Rohan Nair,Female,26,Kolkata,West Bengal,2023-08-04
103883,Ananya Iyer,Female,21,Delhi,Delhi,2024-04-05
103884,Ananya Agarwal,Male,20,Delhi,Delhi,2024-08-24
103885,Isha Sharma,Female,46,Chennai,Tamil Nadu,2022-07-06
103886,Aditya Agarwal,Female,37,Bengaluru,Karnataka,2023-06-01
103887,Arjun Kumar,Female,33,Kolkata,West Bengal,2024-02-27
103888,Isha Agarwal,Female,26,Kolkata,West Bengal,2023-05-12
103889,Rohan Patel,Female,40,Gurugram,Haryana,2024-10-31
103890,Aditi Malhotra,Male,25,Bengaluru,Karnataka,2024-04-26
103891,Meera Gupta,Female,39,Chennai,Tamil Nadu,2024-03-04
103892,Riya Verma,Female,24,Noida,Uttar Pradesh,2023-08-04
103893,Priya Das,Female,26,Pune,Maharashtra,2023-05-07
103894,Arjun Kumar,Male,39,Gurugram,Haryana,2022-11-16
103895,Kavya Reddy,Female,40,Mumbai,Maharashtra,2022-02-16
103896,Aditya Iyer,Female,37,Ahmedabad,Gujarat,2023-03-02
103897,Raj Joshi,Male,23,Chandigarh,Chandigarh,2022-07-07
103898,Neha Mehta,Female,28,Bengaluru,Karnataka,2024-10-10
103899,Meera Mehta,Female,33,Hyderabad,Telangana,2022-10-12
103900,Vikram Malhotra,Female,24,Delhi,Delhi,2024-04-14
103901,Vikram Joshi,Male,44,Kolkata,West Bengal,2024-05-16
103902,Rohan Agarwal,Male,18,Chennai,Tamil Nadu,2024-01-18
103903,Priya Verma,Female,25,Delhi,Delhi,2022-10-27
103904,Ananya Singh,Male,27,Ahmedabad,Gujarat,2024-11-27
103905,Meera Mehta,Female,18,Gurugram,Haryana,2022-10-18
103906,Sneha Malhotra,Male,19,Bhopal,Madhya Pradesh,2023-09-28
103907,Ananya Joshi,Female,38,Chennai,Tamil Nadu,2024-03-15
103908,Vikram Gupta,Male,32,Pune,Maharashtra,2023-11-14
103909,Aditya Nair,Female,46,Indore,Madhya Pradesh,2023-06-25
103910,Meera Das,Male,46,Hyderabad,Telangana,2022-12-07
103911,Isha Verma,Male,36,Jaipur,Rajasthan,2024-10-17
103912,Meera Malhotra,Male,35,Kolkata,West Bengal,2022-09-21
103913,Neha Kumar,Male,33,Hyderabad,Telangana,2023-08-18
103914,Kavya Verma,Female,18,Delhi,Delhi,2022-01-06
103915,Neha Gupta,Female,19,Delhi,Delhi,2022-03-22
103916,Raj Mehta,Male,33,Hyderabad,Telangana,2022-03-12
103917,Aditya Malhotra,Female,38,Pune,Maharashtra,2022-10-17
103918,Arjun Reddy,Male,35,Gurugram,Haryana,2022-02-12
103919,Pooja Iyer,Female,24,Hyderabad,Telangana,2024-03-12
103920,Priya Kumar,Female,40,Bengaluru,Karnataka,2022-04-12
103921,Isha Reddy,Female,45,Pune,Maharashtra,2022-06-26
103922,Vivaan Verma,Male,40,Mumbai,Maharashtra,2023-09-15
103923,Karan Das,Female,41,Delhi,Delhi,2024-02-12
103924,Rahul Mishra,Male,27,Delhi,Delhi,2022-02-05
103925,Meera Mishra,Other,42,Bengaluru,Karnataka,2023-10-17
103926,Aarav Iyer,Male,33,Delhi,Delhi,2022-06-26
103927,Rahul Reddy,Female,37,Mumbai,Maharashtra,2022-02-19
103928,Rahul Agarwal,Female,35,Noida,Uttar Pradesh,2023-11-24
103929,Kavya Patel,Female,31,Mumbai,Maharashtra,2023-07-28
103930,Priya Malhotra,Male,24,Delhi,Delhi,2023-03-03
103931,Meera Agarwal,Female,31,Kochi,Kerala,2022-10-21
103932,Karan Singh,Male,41,Kolkata,West Bengal,2024-10-11
103933,Ananya Patel,Female,28,Delhi,Delhi,2022-08-23
103934,Meera Iyer,Male,40,Delhi,Delhi,2024-03-31
103935,Raj Mishra,Male,39,Kolkata,West Bengal,2023-02-20
103936,Sneha Nair,Female,29,Chennai,Tamil Nadu,2022-04-27
103937,Aditi Verma,Male,44,Delhi,Delhi,2023-02-10
103938,Meera Sharma,Male,29,Mumbai,Maharashtra,2023-04-26
103939,Pooja Joshi,Male,46,Patna,Bihar,2023-10-18
103940,Priya Das,Male,36,Chennai,Tamil Nadu,2024-05-11
103941,Rahul Das,Female,32,Hyderabad,Telangana,2023-03-21
103942,Raj Sharma,Female,24,Mumbai,Maharashtra,2024-02-21
103943,Aditi Mishra,Male,31,Mumbai,Maharashtra,2023-02-16
103944,Kavya Sharma,Male,30,Hyderabad,Telangana,2022-01-27
103945,Aarav Nair,Male,21,Patna,Bihar,2022-07-03
103946,Kavya Das,Male,30,Delhi,Delhi,2022-04-30
103947,Aditi Verma,Female,25,Nagpur,Maharashtra,2022-04-27
103948,Raj Das,Female,37,Mumbai,Maharashtra,2022-03-19
103949,Aarav Singh,Male,44,Hyderabad,Telangana,2022-04-18
103950,Sneha Nair,Male,21,Delhi,Delhi,2024-12-13
103951,Meera Mehta,Male,47,Chennai,Tamil Nadu,2023-04-26
103952,Ananya Nair,Female,31,Pune,Maharashtra,2022-05-16
103953,Priya Mehta,Female,23,Jaipur,Rajasthan,2024-06-27
103954,Priya Mehta,Male,39,Chennai,Tamil Nadu,2024-12-03
103955,Kavya Singh,Male,28,Hyderabad,Telangana,2022-08-22
103956,Rohan Agarwal,Female,31,Ahmedabad,Gujarat,2022-01-08
103957,Rahul Singh,Female,28,Delhi,Delhi,2023-09-27
103958,Kavya Mehta,Male,25,Chennai,Tamil Nadu,2024-12-24
103959,Aditi Das,Male,39,Delhi,Delhi,2022-04-02
103960,Sneha Gupta,Male,29,Hyderabad,Telangana,2022-12-22
103961,Raj Das,Female,19,Noida,Uttar Pradesh,2024-12-14
103962,Rahul Gupta,Male,37,Mumbai,Maharashtra,2023-04-18
103963,Aarav Verma,Male,21,Chandigarh,Chandigarh,2023-11-19
103964,Aarav Gupta,Female,22,Indore,Madhya Pradesh,2023-07-25
103965,Isha Reddy,Male,43,Hyderabad,Telangana,2022-05-13
103966,Sneha Gupta,Female,21,Delhi,Delhi,2023-11-18
103967,Aditya Gupta,Male,18,Noida,Uttar Pradesh,2023-01-04
103968,Sneha Das,Male,38,Indore,Madhya Pradesh,2022-04-14
103969,Neha Mishra,Female,29,Mumbai,Maharashtra,2023-04-17
103970,Pooja Mishra,Male,30,Patna,Bihar,2022-04-12
103971,Sneha Malhotra,Female,29,Patna,Bihar,2023-06-22
103972,Rohan Agarwal,Female,34,Pune,Maharashtra,2023-03-28
103973,Riya Mehta,Male,25,Noida,Uttar Pradesh,2024-06-27
103974,Kavya Das,Female,45,Hyderabad,Telangana,2024-05-04
103975,Neha Mehta,Male,19,Chennai,Tamil Nadu,2024-05-19
103976,Aditi Singh,Female,36,Bengaluru,Karnataka,2022-07-01
103977,Rohan Mehta,Male,38,Mumbai,Maharashtra,2023-05-12
103978,Pooja Sharma,Female,25,Ahmedabad,Gujarat,2024-05-05
103979,Meera Agarwal,Male,23,Delhi,Delhi,2024-03-17
103980,Vikram Nair,Male,41,Chennai,Tamil Nadu,2022-12-15
103981,Riya Patel,Female,23,Surat,Gujarat,2024-12-29
103982,Sneha Mishra,Female,27,Mumbai,Maharashtra,2022-02-20
103983,Kavya Malhotra,Male,40,Bengaluru,Karnataka,2024-11-14
103984,Aditi Sharma,Male,32,Chennai,Tamil Nadu,2022-06-18
103985,Vivaan Malhotra,Female,18,Mumbai,Maharashtra,2022-10-15
103986,Isha Nair,Female,48,Surat,Gujarat,2022-10-08
103987,Aditi Verma,Male,27,Hyderabad,Telangana,2024-05-28
103988,Meera Agarwal,Male,28,Chennai,Tamil Nadu,2024-11-30
103989,Aditya Gupta,Male,34,Mumbai,Maharashtra,2022-05-17
103990,Riya Das,Female,38,Delhi,Delhi,2023-12-16
103991,Aman Agarwal,Male,50,Mumbai,Maharashtra,2023-09-13
103992,Riya Verma,Male,18,Delhi,Delhi,2024-07-28
103993,Riya Mishra,Female,39,,,2023-06-10
103994,Pooja Verma,Male,39,Chennai,Tamil Nadu,2024-07-26
103995,Vikram Agarwal,Female,31,Delhi,Delhi,2022-01-08
103996,Aditya Reddy,Male,39,Delhi,Delhi,2023-12-13
103997,Kavya Iyer,Male,40,Pune,Maharashtra,2023-03-28
103998,Meera Patel,Male,20,Noida,Uttar Pradesh,2022-05-31
103999,Pooja Sharma,Female,48,Kolkata,West Bengal,2022-06-30
104000,Ananya Joshi,Male,18,Delhi,Delhi,2022-03-16
104001,Aarav Agarwal,Female,22,Indore,Madhya Pradesh,2023-12-16
104002,Neha Joshi,Female,30,Patna,Bihar,2023-03-11
104003,Isha Malhotra,Female,49,Bengaluru,Karnataka,2023-05-16
104004,Ananya Mehta,Male,29,Kolkata,West Bengal,2022-01-18
104005,Aditi Iyer,Male,32,Pune,Maharashtra,2024-06-05
104006,Raj Patel,Male,45,Chandigarh,Chandigarh,2024-10-15
104007,Rohan Sharma,Male,29,Pune,Maharashtra,2023-02-20
104008,Pooja Nair,Male,21,Kochi,Kerala,2024-07-06
104009,Raj Nair,Female,28,Mumbai,Maharashtra,2024-10-28
104010,Meera Patel,Male,44,Bengaluru,Karnataka,2023-08-18
104011,Vivaan Reddy,Male,33,Noida,Uttar Pradesh,2022-10-13
104012,Isha Malhotra,Male,49,Noida,Uttar Pradesh,2022-07-13
104013,Rohan Malhotra,Female,39,Ahmedabad,Gujarat,2022-09-13
104014,Vivaan Reddy,Male,26,Surat,Gujarat,2023-09-24
104015,Raj Iyer,Female,32,Lucknow,Uttar Pradesh,2022-10-14
104016,Pooja Sharma,Male,24,Kolkata,West Bengal,2024-05-14
104017,Raj Agarwal,Female,26,Pune,Maharashtra,2023-04-22
104018,Aditya Gupta,Female,70,Pune,Maharashtra,2024-08-29
104019,Riya Verma,Male,41,Hyderabad,Telangana,2024-04-15
104020,Aman Patel,Male,40,Kolkata,West Bengal,2023-12-31
104021,Rahul Malhotra,Male,26,Hyderabad,Telangana,2022-02-28
104022,Aman Patel,Male,46,Mumbai,Maharashtra,2022-08-01
104023,Aman Sharma,Female,42,Delhi,Delhi,2024-04-10
104024,Arjun Malhotra,Female,49,Patna,Bihar,2024-09-21
104025,Rohan Mishra,Female,48,Delhi,Delhi,2024-05-24
104026,Meera Nair,Female,19,Delhi,Delhi,2024-09-07
104027,Rahul Reddy,Male,22,Hyderabad,Telangana,2022-07-21
104028,Neha Kumar,Male,23,Bengaluru,Karnataka,2024-11-08
104029,Rohan Patel,Female,24,Hyderabad,Telangana,2024-10-11
104030,Vikram Agarwal,Male,35,Delhi,Delhi,2024-09-07
104031,Rohan Iyer,Female,27,Mumbai,Maharashtra,2024-03-26
104032,Riya Das,Male,51,Noida,Uttar Pradesh,2022-09-14
104033,Vivaan Kumar,Male,49,Ahmedabad,Gujarat,2024-12-23
104034,Aditya Gupta,Other,32,Delhi,Delhi,2023-03-20
104035,Pooja Mishra,Male,50,Jaipur,Rajasthan,2024-04-17
104036,Rahul Das,Other,45,Kolkata,West Bengal,2023-04-29
104037,Isha Iyer,Female,28,Lucknow,Uttar Pradesh,2024-06-04
104038,Sneha Iyer,Female,18,Pune,Maharashtra,2024-12-13
104039,Priya Singh,Female,30,Bengaluru,Karnataka,2024-01-03
104040,Neha Nair,Female,26,Jaipur,Rajasthan,2022-02-20
104041,Rohan Singh,Female,34,Hyderabad,Telangana,2022-06-29
104042,Meera Nair,Male,33,Mumbai,Maharashtra,2024-03-23
104043,Aditi Sharma,Male,33,Hyderabad,Telangana,2022-11-27
104044,Aman Iyer,Female,37,Ahmedabad,Gujarat,2024-07-30
104045,Arjun Sharma,Male,21,Pune,Maharashtra,2024-04-02
104046,Rohan Agarwal,Male,36,Bengaluru,Karnataka,2022-12-19
104047,Priya Agarwal,Male,28,Gurugram,Haryana,2022-11-22
104048,Raj Agarwal,Female,34,Indore,Madhya Pradesh,2023-01-12
104049,Kavya Singh,Female,41,Hyderabad,Telangana,2024-05-20
104050,Priya Reddy,Male,21,Hyderabad,Telangana,2024-06-04
104051,Priya Agarwal,Female,29,Kolkata,West Bengal,2024-06-09
104052,Aman Gupta,Female,31,Delhi,Delhi,2024-06-28
104053,Riya Das,Female,27,Lucknow,Uttar Pradesh,2024-11-20
104054,Sneha Sharma,Female,40,Noida,Uttar Pradesh,2024-11-20
104055,Raj Mishra,Female,26,Hyderabad,Telangana,2022-01-23
104056,Neha Mehta,Male,27,Mumbai,Maharashtra,2023-02-03
104057,Ananya Joshi,Female,26,Delhi,Delhi,2024-07-05
104058,Vivaan Verma,Male,42,Kolkata,West Bengal,2024-03-24
104059,Kavya Reddy,Female,28,Bengaluru,Karnataka,2022-06-25
104060,Aditi Das,Other,36,Pune,Maharashtra,2024-03-20
104061,Sneha Malhotra,Male,50,,,2023-10-28
104062,Aman Kumar,Male,31,Mumbai,Maharashtra,2022-12-13
104063,Aman Patel,Female,42,Pune,Maharashtra,2023-01-19
104064,Arjun Patel,Male,47,Pune,Maharashtra,2022-01-02
104065,Meera Mehta,Female,41,Kolkata,West Bengal,2024-08-07
104066,Neha Iyer,Male,32,Mumbai,Maharashtra,2023-08-20
104067,Vikram Nair,Male,38,Mumbai,Maharashtra,2023-05-11
104068,Meera Iyer,Female,20,Gurugram,Haryana,2023-10-14
104069,Karan Joshi,Female,25,Lucknow,Uttar Pradesh,2022-08-06
104070,Ananya Reddy,Female,27,Ahmedabad,Gujarat,2022-10-05
104071,Rohan Kumar,Male,52,Delhi,Delhi,2023-10-25
104072,Kavya Sharma,Female,25,Mumbai,Maharashtra,2023-12-01
104073,Aarav Das,Female,25,Chennai,Tamil Nadu,2024-09-03
104074,Aditya Sharma,Female,23,Surat,Gujarat,2024-09-10
104075,Sneha Verma,Female,37,Indore,Madhya Pradesh,2024-08-10
104076,Riya Verma,Female,33,Gurugram,Haryana,2022-11-08
104077,Neha Kumar,Male,42,Delhi,Delhi,2024-06-07
104078,Vikram Nair,Male,38,Gurugram,Haryana,2023-10-23
104079,Raj Patel,Female,20,Bhopal,Madhya Pradesh,2024-10-12
104080,Karan Sharma,Male,25,Delhi,Delhi,2024-02-18
104081,Aarav Malhotra,Female,44,Hyderabad,Telangana,2023-08-30
104082,Aditya Sharma,Male,30,Chennai,Tamil Nadu,2022-02-21
104083,Pooja Reddy,Female,43,Mumbai,Maharashtra,2023-01-20
104084,Karan Malhotra,Female,31,Pune,Maharashtra,2024-01-27
104085,Arjun Nair,Male,23,Indore,Madhya Pradesh,2024-12-25
104086,Arjun Verma,Male,29,Surat,Gujarat,2022-02-20
104087,Pooja Gupta,Male,23,Chandigarh,Chandigarh,2023-10-12
104088,Priya Reddy,Female,27,Pune,Maharashtra,2022-03-02
104089,Meera Iyer,Female,34,Hyderabad,Telangana,2022-05-29
104090,Rohan Mishra,Male,37,Jaipur,Rajasthan,2023-08-19
104091,Arjun Nair,Female,18,Hyderabad,Telangana,2022-09-13
104092,Rohan Patel,Male,32,Delhi,Delhi,2024-06-21
104093,Raj Agarwal,Male,27,Lucknow,Uttar Pradesh,2022-08-12
104094,Aditya Reddy,Female,26,Bengaluru,Karnataka,2024-03-04
104095,Neha Mishra,Male,33,Delhi,Delhi,2023-11-07
104096,Aman Iyer,Male,27,Delhi,Delhi,2024-09-15
104097,Sneha Nair,Male,44,Chandigarh,Chandigarh,2023-01-21
104098,Ananya Patel,Male,43,Mumbai,Maharashtra,2022-05-24
104099,Rohan Iyer,Male,43,Hyderabad,Telangana,2022-10-12
104100,Aditya Patel,Male,28,Kochi,Kerala,2023-12-23
104101,Vivaan Mehta,Female,23,Pune,Maharashtra,2024-03-22
104102,Priya Kumar,Male,33,Delhi,Delhi,2023-12-20
104103,Vivaan Patel,Female,31,Chennai,Tamil Nadu,2022-07-10
104104,Aman Gupta,Male,27,Delhi,Delhi,2024-12-30
104105,Neha Verma,Male,21,Delhi,Delhi,2024-12-27
104106,Isha Mishra,Female,32,Surat,Gujarat,2024-06-22
104107,Karan Malhotra,Female,28,Bengaluru,Karnataka,2022-06-14
104108,Priya Gupta,Male,38,Jaipur,Rajasthan,2022-08-22
104109,Isha Verma,Female,38,Pune,Maharashtra,2023-09-24
104110,Rahul Joshi,Female,42,Mumbai,Maharashtra,2024-12-12
104111,Sneha Singh,Female,21,Pune,Maharashtra,2024-05-27
104112,Pooja Reddy,Female,36,Delhi,Delhi,2022-03-22
104113,Arjun Mishra,Male,25,Bengaluru,Karnataka,2022-04-25
104114,Neha Nair,Male,21,Chennai,Tamil Nadu,2024-01-10
104115,Aman Verma,Female,28,Mumbai,Maharashtra,2022-03-31
104116,Vivaan Verma,Male,42,Jaipur,Rajasthan,2022-01-09
104117,Aditya Malhotra,Female,29,Delhi,Delhi,2023-01-12
104118,Aman Iyer,Male,46,Pune,Maharashtra,2023-06-21
104119,Neha Sharma,Male,37,Lucknow,Uttar Pradesh,2023-07-07
104120,Isha Gupta,Female,28,Hyderabad,Telangana,2023-01-06
104121,Aarav Mishra,Male,42,Indore,Madhya Pradesh,2024-12-06
104122,Vivaan Reddy,Female,36,Kolkata,West Bengal,2024-07-04
104123,Priya Patel,Female,24,Kochi,Kerala,2024-10-03
104124,Rahul Nair,Female,49,Bengaluru,Karnataka,2023-12-17
104125,Ananya Mishra,Female,34,Chandigarh,Chandigarh,2024-08-06
104126,Priya Malhotra,Female,32,Kolkata,West Bengal,2022-04-12
104127,Aarav Joshi,Female,24,Ahmedabad,Gujarat,2023-04-23
104128,Isha Agarwal,Female,43,Bhopal,Madhya Pradesh,2022-02-04
104129,Sneha Mehta,Male,37,Chennai,Tamil Nadu,2022-10-17
104130,Aditya Joshi,Male,38,Surat,Gujarat,2023-02-06
104131,Vikram Sharma,Male,27,Chennai,Tamil Nadu,2022-02-06
104132,Priya Nair,Male,40,Kolkata,West Bengal,2022-09-10
104133,Isha Verma,Female,40,Hyderabad,Telangana,2022-07-28
104134,Meera Joshi,Female,26,Mumbai,Maharashtra,2022-11-04
104135,Aditi Kumar,Female,19,Chennai,Tamil Nadu,2023-11-28
104136,Raj Mehta,Male,37,Coimbatore,Tamil Nadu,2022-01-28
104137,Vivaan Reddy,Female,18,Noida,Uttar Pradesh,2022-05-11
104138,Aditya Kumar,Male,33,Ahmedabad,Gujarat,2024-11-04
104139,Kavya Das,Female,28,Kolkata,West Bengal,2024-03-12
104140,Ananya Verma,Female,43,Bengaluru,Karnataka,2022-03-15
104141,Neha Iyer,Male,28,Mumbai,Maharashtra,2024-10-07
104142,Raj Reddy,Male,42,Mumbai,Maharashtra,2023-07-18
104143,Karan Gupta,Male,27,Delhi,Delhi,2022-12-17
104144,Kavya Sharma,Female,41,Jaipur,Rajasthan,2022-02-17
104145,Priya Reddy,Female,51,Gurugram,Haryana,2024-04-02
104146,Karan Patel,Female,22,Bengaluru,Karnataka,2023-12-07
104147,Priya Mishra,Male,35,Delhi,Delhi,2022-11-02
104148,Arjun Reddy,Male,57,Bengaluru,Karnataka,2023-01-07
104149,Aditi Agarwal,Female,33,Bengaluru,Karnataka,2022-11-28
104150,Aditya Mishra,Female,33,Hyderabad,Telangana,2023-04-11
104151,Neha Nair,Male,39,Bengaluru,Karnataka,2023-01-23
104152,Karan Gupta,Male,32,Bengaluru,Karnataka,2024-04-15
104153,Vivaan Singh,Female,18,Bhopal,Madhya Pradesh,2023-03-08
104154,Aarav Nair,Male,42,Bengaluru,Karnataka,2022-09-01
104155,Meera Singh,Male,18,Noida,Uttar Pradesh,2022-02-02
104156,Isha Mehta,Male,28,Kolkata,West Bengal,2024-02-27
104157,Aditya Iyer,Female,43,Bengaluru,Karnataka,2022-12-11
104158,Kavya Reddy,Female,29,Gurugram,Haryana,2022-03-27
104159,Raj Agarwal,Female,26,Kolkata,West Bengal,2022-01-28
104160,Kavya Das,Female,40,Delhi,Delhi,2024-10-17
104161,Neha Sharma,Female,24,Delhi,Delhi,2023-02-05
104162,Vivaan Kumar,Male,21,Ahmedabad,Gujarat,2022-02-10
104163,Vivaan Kumar,Female,34,Hyderabad,Telangana,2022-10-06
104164,Vivaan Mehta,Male,30,Hyderabad,Telangana,2023-06-20
104165,Arjun Singh,Female,21,Mumbai,Maharashtra,2022-12-20
104166,Riya Agarwal,Male,38,Mumbai,Maharashtra,2024-02-28
104167,Kavya Gupta,Male,36,Noida,Uttar Pradesh,2024-05-17
104168,Meera Singh,Male,29,Gurugram,Haryana,2022-10-12
104169,Aditya Sharma,Male,29,Chennai,Tamil Nadu,2023-06-16
104170,Rahul Agarwal,Male,36,Bengaluru,Karnataka,2024-07-13
104171,Aarav Agarwal,Male,43,Chandigarh,Chandigarh,2024-01-15
104172,Pooja Sharma,Other,29,Kolkata,West Bengal,2023-05-05
104173,Vikram Nair,Male,38,Noida,Uttar Pradesh,2024-08-19
104174,Rahul Sharma,Female,37,Delhi,Delhi,2023-08-14
104175,Rohan Reddy,Female,40,Hyderabad,Telangana,2022-02-20
104176,Vivaan Mishra,Other,32,Indore,Madhya Pradesh,2023-10-31
104177,Raj Das,Female,24,Bengaluru,Karnataka,2024-10-10
104178,Arjun Agarwal,Female,28,Lucknow,Uttar Pradesh,2022-07-08
104179,Pooja Gupta,Male,35,Jaipur,Rajasthan,2023-07-22
104180,Meera Verma,Male,48,Mumbai,Maharashtra,2023-09-17
104181,Arjun Verma,Male,28,Noida,Uttar Pradesh,2024-03-11
104182,Isha Malhotra,Female,39,Delhi,Delhi,2024-01-23
104183,Pooja Singh,Female,29,Lucknow,Uttar Pradesh,2024-04-15
104184,Aditya Iyer,Male,33,Nagpur,Maharashtra,2024-10-12
104185,Karan Mehta,Male,46,Kochi,Kerala,2023-06-08
104186,Ananya Iyer,Female,39,Noida,Uttar Pradesh,2022-04-12
104187,Priya Kumar,Male,21,Chennai,Tamil Nadu,2024-02-19
104188,Arjun Reddy,Female,27,Jaipur,Rajasthan,2024-10-06
104189,Meera Joshi,Female,43,Lucknow,Uttar Pradesh,2023-03-03
104190,Rahul Kumar,Female,33,Delhi,Delhi,2024-01-12
104191,Karan Iyer,Female,22,Delhi,Delhi,2023-09-15
104192,Vivaan Malhotra,Female,25,Kolkata,West Bengal,2023-06-03
104193,Rohan Kumar,Female,38,Delhi,Delhi,2024-02-03
104194,Aditya Verma,Female,41,Bhopal,Madhya Pradesh,2023-03-25
104195,Aman Gupta,Female,32,Pune,Maharashtra,2023-06-05
104196,Sneha Gupta,Male,54,Bengaluru,Karnataka,2023-11-08
104197,Aditi Joshi,Male,39,Hyderabad,Telangana,2022-05-15
104198,Rohan Agarwal,Male,30,Surat,Gujarat,2023-07-29
104199,Vikram Mishra,Male,25,Patna,Bihar,2024-02-19
104200,Meera Sharma,Female,23,Delhi,Delhi,2024-05-28
104201,Rahul Verma,Female,35,Noida,Uttar Pradesh,2024-05-07
104202,Pooja Mehta,Male,28,Chennai,Tamil Nadu,2023-12-26
104203,Rohan Sharma,Male,47,Chennai,Tamil Nadu,2024-11-18
104204,Isha Verma,Female,45,Noida,Uttar Pradesh,2023-02-11
104205,Aarav Sharma,Male,38,Mumbai,Maharashtra,2023-07-03
104206,Rohan Mishra,Male,21,Chennai,Tamil Nadu,2024-11-03
104207,Aditya Nair,Female,26,Bengaluru,Karnataka,2023-02-11
104208,Meera Mishra,Female,43,Delhi,Delhi,2023-08-31
104209,Raj Mehta,Male,27,Delhi,Delhi,2023-04-14
104210,Isha Nair,Male,42,Mumbai,Maharashtra,2023-12-25
104211,Rahul Singh,Male,36,Kolkata,West Bengal,2024-05-28
104212,Rahul Reddy,Female,32,Delhi,Delhi,2022-11-24
104213,Aman Joshi,Female,26,Chennai,Tamil Nadu,2024-05-02
104214,Neha Mehta,Male,31,Chennai,Tamil Nadu,2024-10-09
104215,Vikram Gupta,Female,34,Bhopal,Madhya Pradesh,2023-03-19
104216,Pooja Nair,Female,41,Kolkata,West Bengal,2024-06-08
104217,Vivaan Malhotra,Male,24,Nagpur,Maharashtra,2024-03-13
104218,Rohan Nair,Female,30,Delhi,Delhi,2023-09-06
104219,Isha Malhotra,Female,32,Lucknow,Uttar Pradesh,2024-11-26
104220,Aditya Reddy,Male,38,Delhi,Delhi,2023-10-04
104221,Raj Kumar,Male,24,Lucknow,Uttar Pradesh,2023-05-08
104222,Sneha Sharma,Female,20,Hyderabad,Telangana,2022-11-12
104223,Kavya Singh,Female,38,Kolkata,West Bengal,2022-03-02
104224,Karan Verma,Female,18,Bengaluru,Karnataka,2024-08-01
104225,Riya Verma,Female,44,Mumbai,Maharashtra,2024-08-26
104226,Pooja Kumar,Female,31,Lucknow,Uttar Pradesh,2024-01-18
104227,Kavya Joshi,Male,18,Bhopal,Madhya Pradesh,2024-12-10
104228,Vikram Agarwal,Female,28,Mumbai,Maharashtra,2024-08-22
104229,Karan Patel,Male,35,Patna,Bihar,2022-01-10
104230,Vivaan Singh,Male,27,Mumbai,Maharashtra,2024-11-06
104231,Arjun Iyer,Female,32,Ahmedabad,Gujarat,2023-08-19
104232,Rahul Reddy,Female,39,Kochi,Kerala,2023-05-15
104233,Isha Agarwal,Male,30,Mumbai,Maharashtra,2022-11-22
104234,Rohan Gupta,Female,24,Hyderabad,Telangana,2024-04-16
104235,Vivaan Sharma,Male,29,Bengaluru,Karnataka,2023-03-24
104236,Aditi Patel,Male,45,Hyderabad,Telangana,2023-05-31
104237,Karan Mehta,Male,47,Ahmedabad,Gujarat,2023-09-08
104238,Aman Kumar,Female,18,Jaipur,Rajasthan,2023-05-15
104239,Pooja Iyer,Female,42,Coimbatore,Tamil Nadu,2024-05-31
104240,Neha Sharma,Male,34,Mumbai,Maharashtra,2023-11-22
104241,Arjun Nair,Female,40,Chennai,Tamil Nadu,2022-03-06
104242,Vivaan Mishra,Male,27,Hyderabad,Telangana,2023-12-31
104243,Kavya Gupta,Female,18,Patna,Bihar,2022-02-18
104244,Rohan Iyer,Male,37,Delhi,Delhi,2023-09-18
104245,Aarav Agarwal,Male,24,Nagpur,Maharashtra,2023-10-16
104246,Riya Verma,Female,20,Pune,Maharashtra,2022-05-03
104247,Aditya Mishra,Male,20,Kolkata,West Bengal,2024-01-10
104248,Vikram Nair,Male,37,Bengaluru,Karnataka,2022-03-07
104249,Neha Malhotra,Female,33,Surat,Gujarat,2022-12-25
104250,Meera Kumar,Female,39,Chennai,Tamil Nadu,2024-12-25
104251,Sneha Singh,Male,38,Jaipur,Rajasthan,2023-07-06
104252,Ananya Singh,Male,28,Jaipur,Rajasthan,2024-04-01
104253,Arjun Kumar,Male,31,Bengaluru,Karnataka,2024-08-07
104254,Vikram Verma,Female,27,Delhi,Delhi,2022-12-05
104255,Vikram Nair,Male,30,Noida,Uttar Pradesh,2022-01-17
104256,Sneha Das,Female,23,Bengaluru,Karnataka,2022-04-15
104257,Karan Mehta,Other,36,Surat,Gujarat,2024-07-26
104258,Vikram Verma,Male,42,Kolkata,West Bengal,2023-02-08
104259,Isha Malhotra,Male,25,Bengaluru,Karnataka,2023-07-29
104260,Isha Sharma,Male,44,Kolkata,West Bengal,2022-12-19
104261,Sneha Gupta,Male,33,Jaipur,Rajasthan,2023-02-06
104262,Karan Mishra,Female,34,Lucknow,Uttar Pradesh,2022-04-04
104263,Pooja Agarwal,Male,18,Gurugram,Haryana,2024-08-15
104264,Rohan Mehta,Male,18,Mumbai,Maharashtra,2024-07-04
104265,Aditi Gupta,Female,33,Chandigarh,Chandigarh,2023-04-11
104266,Neha Nair,Male,39,Hyderabad,Telangana,2024-09-30
104267,Karan Reddy,Female,26,Surat,Gujarat,2022-10-18
104268,Aditi Patel,Male,47,Mumbai,Maharashtra,2023-10-07
104269,Karan Kumar,Female,39,Delhi,Delhi,2023-07-07
104270,Rahul Sharma,Female,24,Chennai,Tamil Nadu,2023-12-09
104271,Meera Sharma,Female,32,Bengaluru,Karnataka,2022-01-10
104272,Aman Gupta,Female,54,Nagpur,Maharashtra,2023-05-10
104273,Arjun Das,Male,21,Delhi,Delhi,2022-02-28
104274,Neha Agarwal,Male,37,Delhi,Delhi,2022-05-10
104275,Sneha Gupta,Female,29,Delhi,Delhi,2024-05-13
104276,Ananya Singh,Female,38,Mumbai,Maharashtra,2022-10-10
104277,Raj Malhotra,Male,43,Chennai,Tamil Nadu,2023-11-18
104278,Rohan Iyer,Male,29,Pune,Maharashtra,2023-12-21
104279,Pooja Mishra,Male,42,Bengaluru,Karnataka,2022-08-14
104280,Rohan Malhotra,Male,52,Delhi,Delhi,2023-12-27
104281,Kavya Das,Male,33,Mumbai,Maharashtra,2022-03-20
104282,Vikram Verma,Female,39,Mumbai,Maharashtra,2022-09-29
104283,Sneha Das,Male,27,Ahmedabad,Gujarat,2022-01-10
104284,Riya Agarwal,Male,32,Noida,Uttar Pradesh,2023-09-07
104285,Karan Malhotra,Female,30,Noida,Uttar Pradesh,2023-12-05
104286,Isha Das,Female,39,Coimbatore,Tamil Nadu,2022-02-17
104287,Neha Patel,Female,43,Indore,Madhya Pradesh,2023-01-14
104288,Aarav Nair,Female,31,Pune,Maharashtra,2022-07-12
104289,Sneha Nair,Male,46,Hyderabad,Telangana,2023-10-01
104290,Vikram Singh,Female,46,Patna,Bihar,2023-03-06
104291,Ananya Mehta,Female,40,Kolkata,West Bengal,2023-12-05
104292,Meera Singh,Male,27,Bengaluru,Karnataka,2023-04-10
104293,Meera Gupta,Female,26,Chennai,Tamil Nadu,2022-05-13
104294,Meera Mishra,Female,25,Nagpur,Maharashtra,2022-10-13
104295,Aarav Mehta,Male,41,Surat,Gujarat,2024-08-08
104296,Vivaan Sharma,Male,21,Bengaluru,Karnataka,2023-06-27
104297,Isha Nair,Male,38,Kochi,Kerala,2023-04-22
104298,Riya Sharma,Male,22,Coimbatore,Tamil Nadu,2023-04-04
104299,Sneha Joshi,Male,39,Mumbai,Maharashtra,2024-10-03
104300,Priya Agarwal,Female,32,Indore,Madhya Pradesh,2023-11-09
104301,Arjun Agarwal,Male,44,Indore,Madhya Pradesh,2023-01-21
104302,Isha Singh,Female,42,Delhi,Delhi,2022-06-11
104303,Aditya Joshi,Female,45,Jaipur,Rajasthan,2022-07-25
104304,Aarav Nair,Female,45,Bengaluru,Karnataka,2022-08-17
104305,Sneha Singh,Female,33,Jaipur,Rajasthan,2022-10-19
104306,Rahul Kumar,Male,22,Patna,Bihar,2023-05-05
104307,Raj Singh,Male,23,Pune,Maharashtra,2023-12-24
104308,Aditya Sharma,Female,18,Hyderabad,Telangana,2022-03-01
104309,Isha Reddy,Female,22,Patna,Bihar,2023-07-17
104310,Raj Gupta,Female,33,Coimbatore,Tamil Nadu,2022-12-08
104311,Neha Das,Male,27,Delhi,Delhi,2024-04-01
104312,Meera Nair,Female,30,Patna,Bihar,2024-01-04
104313,Meera Sharma,Male,36,Delhi,Delhi,2023-01-14
104314,Neha Agarwal,Female,29,Bengaluru,Karnataka,2024-08-01
104315,Rahul Das,Female,22,Ahmedabad,Gujarat,2023-06-26
104316,Priya Gupta,Male,32,Noida,Uttar Pradesh,2022-11-02
104317,Aditi Reddy,Female,24,Lucknow,Uttar Pradesh,2024-06-08
104318,Neha Nair,Male,30,Delhi,Delhi,2024-02-18
104319,Aarav Das,Male,44,Mumbai,Maharashtra,2023-01-11
104320,Aditya Mehta,Female,30,Chandigarh,Chandigarh,2023-12-06
104321,Ananya Joshi,Female,48,Delhi,Delhi,2022-08-16
104322,Vivaan Patel,Female,45,Delhi,Delhi,2022-04-15
104323,Sneha Iyer,Female,27,Gurugram,Haryana,2024-12-08
104324,Aman Nair,Male,22,Kolkata,West Bengal,2024-01-15
104325,Pooja Joshi,Female,32,Bengaluru,Karnataka,2024-10-12
104326,Meera Iyer,Female,42,Mumbai,Maharashtra,2023-04-03
104327,Karan Iyer,Male,28,Indore,Madhya Pradesh,2024-12-18
104328,Aditya Malhotra,Other,40,Nagpur,Maharashtra,2023-01-30
104329,Ananya Nair,Male,43,Delhi,Delhi,2023-12-18
104330,Vivaan Joshi,Female,25,Chennai,Tamil Nadu,2023-12-15
104331,Aditi Mishra,Male,26,Bengaluru,Karnataka,2023-08-23
104332,Vivaan Verma,Male,38,Gurugram,Haryana,2023-12-02
104333,Priya Kumar,Male,33,Bengaluru,Karnataka,2022-06-14
104334,Neha Malhotra,Female,26,Lucknow,Uttar Pradesh,2023-06-16
104335,Vivaan Kumar,Male,29,Chennai,Tamil Nadu,2024-06-02
104336,Aditi Gupta,Male,31,Chennai,Tamil Nadu,2022-03-25
104337,Kavya Nair,Female,18,Surat,Gujarat,2022-06-15
104338,Aditya Joshi,Female,39,Pune,Maharashtra,2023-04-21
104339,Karan Gupta,Male,28,Surat,Gujarat,2023-10-26
104340,Ananya Singh,Male,18,Bengaluru,Karnataka,2022-07-12
104341,Kavya Verma,Male,32,Mumbai,Maharashtra,2022-06-10
104342,Isha Nair,Male,25,Pune,Maharashtra,2024-09-03
104343,Meera Das,Female,47,Pune,Maharashtra,2023-09-16
104344,Karan Iyer,Female,27,Pune,Maharashtra,2023-12-06
104345,Vikram Kumar,Female,22,Noida,Uttar Pradesh,2024-01-03
104346,Aditi Mishra,Male,37,Chennai,Tamil Nadu,2023-10-03
104347,Aman Joshi,Female,26,Indore,Madhya Pradesh,2023-03-27
104348,Sneha Patel,Female,25,Pune,Maharashtra,2024-07-18
104349,Vivaan Verma,Female,37,Mumbai,Maharashtra,2022-03-06
104350,Aditi Kumar,Female,23,Delhi,Delhi,2024-05-05
104351,Neha Agarwal,Female,19,Surat,Gujarat,2022-10-05
104352,Riya Joshi,Female,48,Delhi,Delhi,2024-08-28
104353,Arjun Agarwal,Male,37,Delhi,Delhi,2023-01-17
104354,Kavya Reddy,Female,30,Delhi,Delhi,2022-08-09
104355,Kavya Mishra,Female,32,Hyderabad,Telangana,2024-05-01
104356,Raj Agarwal,Female,37,Chennai,Tamil Nadu,2024-07-22
104357,Pooja Kumar,Male,41,Delhi,Delhi,2023-02-14
104358,Aditya Singh,Female,25,Pune,Maharashtra,2023-05-22
104359,Neha Verma,Female,35,Hyderabad,Telangana,2024-06-24
104360,Aditya Mehta,Male,27,Ahmedabad,Gujarat,2023-05-28
104361,Rohan Patel,Male,30,Gurugram,Haryana,2024-02-29
104362,Aditya Verma,Female,33,Jaipur,Rajasthan,2022-07-15
104363,Rohan Patel,Female,32,Pune,Maharashtra,2022-10-15
104364,Arjun Nair,Female,39,Mumbai,Maharashtra,2022-06-27
104365,Rahul Agarwal,Male,36,Surat,Gujarat,2023-10-13
104366,Rahul Das,Female,18,Bengaluru,Karnataka,2024-09-01
104367,Karan Joshi,Male,20,Bengaluru,Karnataka,2024-02-07
104368,Aarav Patel,Male,29,Patna,Bihar,2024-05-16
104369,Sneha Reddy,Male,48,Coimbatore,Tamil Nadu,2022-12-08
104370,Kavya Mishra,Male,24,Bhopal,Madhya Pradesh,2024-05-21
104371,Rahul Agarwal,Male,30,Nagpur,Maharashtra,2023-06-12
104372,Aditi Mehta,Male,27,Surat,Gujarat,2022-07-27
104373,Neha Nair,Male,27,Lucknow,Uttar Pradesh,2022-12-22
104374,Aarav Patel,Male,34,Bengaluru,Karnataka,2024-05-18
104375,Karan Verma,Female,45,Kochi,Kerala,2022-02-28
104376,Aarav Das,Male,36,Indore,Madhya Pradesh,2024-11-18
104377,Vikram Das,Male,25,Mumbai,Maharashtra,2023-06-12
104378,Riya Reddy,Female,57,Pune,Maharashtra,2024-12-12
104379,Ananya Mehta,Male,33,Delhi,Delhi,2022-08-31
104380,Meera Kumar,Female,27,Kochi,Kerala,2024-11-12
104381,Ananya Agarwal,Male,45,Chennai,Tamil Nadu,2024-06-24
104382,Meera Reddy,Male,28,Mumbai,Maharashtra,2024-03-14
104383,Riya Das,Female,47,Bengaluru,Karnataka,2022-11-24
104384,Kavya Agarwal,Female,24,Coimbatore,Tamil Nadu,2022-01-29
104385,Neha Patel,Female,45,Kolkata,West Bengal,2022-05-02
104386,Meera Gupta,Female,34,Hyderabad,Telangana,2024-05-18
104387,Raj Gupta,Female,44,Pune,Maharashtra,2023-04-25
104388,Aman Singh,Male,49,Delhi,Delhi,2022-06-21
104389,Isha Kumar,Male,22,Delhi,Delhi,2024-06-02
104390,Raj Iyer,Male,43,Kolkata,West Bengal,2023-05-08
104391,Vivaan Gupta,Male,19,Pune,Maharashtra,2022-02-11
104392,Aditi Patel,Female,23,Bengaluru,Karnataka,2023-04-27
104393,Neha Gupta,Female,25,Chennai,Tamil Nadu,2023-11-20
104394,Pooja Mishra,Male,37,Delhi,Delhi,2022-06-01
104395,Rohan Nair,Female,32,Chandigarh,Chandigarh,2024-06-11
104396,Kavya Patel,Female,30,Bengaluru,Karnataka,2024-10-08
104397,Rohan Gupta,Male,33,Delhi,Delhi,2022-05-02
104398,Rahul Gupta,Male,37,Mumbai,Maharashtra,2023-09-29
104399,Vikram Verma,Male,38,Delhi,Delhi,2023-11-19
104400,Vivaan Kumar,Male,42,Mumbai,Maharashtra,2022-03-08
104401,Meera Gupta,Male,48,Hyderabad,Telangana,2023-11-07
104402,Neha Patel,Female,32,Ahmedabad,Gujarat,2022-10-20
104403,Aditi Gupta,Male,27,Bengaluru,Karnataka,2022-09-14
104404,Karan Joshi,Male,38,Hyderabad,Telangana,2024-05-07
104405,Vivaan Reddy,Other,22,Patna,Bihar,2024-06-21
104406,Ananya Kumar,Female,26,Bengaluru,Karnataka,2023-04-12
104407,Rahul Kumar,Female,41,Noida,Uttar Pradesh,2022-07-24
104408,Neha Joshi,Male,31,Mumbai,Maharashtra,2022-12-21
104409,Rohan Joshi,Male,21,Mumbai,Maharashtra,2023-03-17
104410,Raj Verma,Female,19,Pune,Maharashtra,2023-07-29
104411,Aarav Mehta,Male,32,Mumbai,Maharashtra,2023-04-15
104412,Isha Iyer,Male,42,Bhopal,Madhya Pradesh,2024-12-23
104413,Rahul Agarwal,Female,42,Delhi,Delhi,2024-12-22
104414,Ananya Gupta,Female,33,Kolkata,West Bengal,2022-03-20
104415,Aarav Nair,Male,50,Kolkata,West Bengal,2023-09-24
104416,Kavya Joshi,Male,31,Delhi,Delhi,2024-10-25
104417,Ananya Reddy,Male,31,Ahmedabad,Gujarat,2023-12-06
104418,Raj Agarwal,Male,18,Pune,Maharashtra,2022-07-05
104419,Raj Iyer,Male,28,Lucknow,Uttar Pradesh,2023-08-21
104420,Meera Reddy,Male,40,Gurugram,Haryana,2022-11-08
104421,Rahul Iyer,Male,46,Bengaluru,Karnataka,2022-04-28
104422,Meera Nair,Female,25,Pune,Maharashtra,2022-10-25
104423,Neha Kumar,Female,36,Bengaluru,Karnataka,2024-01-27
104424,Arjun Nair,Female,41,Mumbai,Maharashtra,2023-05-12
104425,Isha Mishra,Male,32,Delhi,Delhi,2024-03-31
104426,Vivaan Gupta,Male,18,Kochi,Kerala,2023-09-02
104427,Kavya Verma,Male,34,Hyderabad,Telangana,2024-01-21
104428,Raj Sharma,Male,39,Delhi,Delhi,2022-04-05
104429,Priya Malhotra,Male,23,Delhi,Delhi,2022-10-24
104430,Vikram Agarwal,Female,30,Bengaluru,Karnataka,2022-12-26
104431,Aditi Verma,Female,22,Delhi,Delhi,2023-05-02
104432,Ananya Sharma,Female,18,Hyderabad,Telangana,2022-08-08
104433,Pooja Reddy,Male,41,Delhi,Delhi,2023-05-20
104434,Karan Malhotra,Female,32,Delhi,Delhi,2023-06-07
104435,Riya Singh,Male,46,Jaipur,Rajasthan,2022-09-29
104436,Aman Singh,Male,40,Bhopal,Madhya Pradesh,2024-08-23
104437,Aarav Verma,Male,29,Hyderabad,Telangana,2024-01-11
104438,Kavya Das,Female,31,Gurugram,Haryana,2024-01-30
104439,Neha Reddy,Other,37,Delhi,Delhi,2024-06-23
104440,Aditya Joshi,Male,41,Noida,Uttar Pradesh,2024-02-15
104441,Priya Singh,Female,35,Delhi,Delhi,2024-08-13
104442,Isha Kumar,Female,42,Gurugram,Haryana,2023-01-14
104443,Pooja Malhotra,Male,29,Indore,Madhya Pradesh,2022-05-11
104444,Riya Sharma,Male,23,Noida,Uttar Pradesh,2022-08-14
104445,Aditi Mehta,Male,31,Gurugram,Haryana,2023-11-10
104446,Rahul Nair,Female,34,Chennai,Tamil Nadu,2023-08-23
104447,Sneha Kumar,Male,21,Bengaluru,Karnataka,2022-02-19
104448,Priya Kumar,Female,20,Kolkata,West Bengal,2023-08-08
104449,Aarav Patel,Male,36,Hyderabad,Telangana,2023-06-14
104450,Aditi Kumar,Female,28,Delhi,Delhi,2023-02-02
104451,Raj Agarwal,Male,31,Pune,Maharashtra,2022-06-24
104452,Kavya Verma,Female,29,Jaipur,Rajasthan,2024-12-03
104453,Karan Nair,Female,46,Delhi,Delhi,2023-02-20
104454,Neha Nair,Female,43,Kolkata,West Bengal,2023-09-05
104455,Sneha Iyer,Female,21,Jaipur,Rajasthan,2023-05-25
104456,Neha Patel,Male,27,Mumbai,Maharashtra,2024-06-11
104457,Rohan Iyer,Female,40,Hyderabad,Telangana,2024-02-02
104458,Sneha Nair,Male,37,Kochi,Kerala,2023-04-06
104459,Sneha Gupta,Male,32,Indore,Madhya Pradesh,2022-06-23
104460,Meera Malhotra,Female,22,Hyderabad,Telangana,2022-03-20
104461,Aditya Gupta,Male,26,Bengaluru,Karnataka,2022-11-18
104462,Karan Patel,Female,27,Delhi,Delhi,2024-09-17
104463,Isha Das,Other,34,Delhi,Delhi,2024-09-17
104464,Riya Kumar,Male,47,Bengaluru,Karnataka,2022-09-01
104465,Aditya Mishra,Female,26,Chandigarh,Chandigarh,2022-08-08
104466,Meera Iyer,Male,23,Kochi,Kerala,2023-10-19
104467,Priya Verma,Male,31,Gurugram,Haryana,2022-02-02
104468,Aarav Mehta,Male,41,Bengaluru,Karnataka,2024-04-15
104469,Aman Mehta,Female,19,Mumbai,Maharashtra,2022-10-29
104470,Rohan Joshi,Female,45,Kolkata,West Bengal,2022-08-23
104471,Neha Nair,Female,30,Jaipur,Rajasthan,2024-08-15
104472,Meera Iyer,Other,25,Hyderabad,Telangana,2022-09-17
104473,Rahul Singh,Male,18,Lucknow,Uttar Pradesh,2024-03-09
104474,Rohan Das,Male,38,Ahmedabad,Gujarat,2023-11-27
104475,Priya Patel,Female,30,Noida,Uttar Pradesh,2022-05-12
104476,Kavya Agarwal,Male,34,Pune,Maharashtra,2024-07-14
104477,Vivaan Das,Male,24,Noida,Uttar Pradesh,2023-03-14
104478,Raj Das,Male,29,Delhi,Delhi,2022-11-28
104479,Meera Patel,Female,28,Jaipur,Rajasthan,2024-11-08
104480,Isha Joshi,Female,31,Mumbai,Maharashtra,2022-08-17
104481,Neha Singh,Male,26,Bengaluru,Karnataka,2024-05-25
104482,Aarav Iyer,Male,18,Delhi,Delhi,2022-10-17
104483,Aarav Gupta,Female,57,Mumbai,Maharashtra,2022-06-20
104484,Aman Patel,Female,20,Nagpur,Maharashtra,2022-04-20
104485,Isha Verma,Male,34,Hyderabad,Telangana,2024-10-28
104486,Raj Mehta,Female,18,Patna,Bihar,2024-09-28
104487,Rohan Agarwal,Male,18,Mumbai,Maharashtra,2023-04-14
104488,Vikram Sharma,Male,33,Mumbai,Maharashtra,2022-11-15
104489,Arjun Iyer,Female,34,Chennai,Tamil Nadu,2022-11-17
104490,Aman Agarwal,Female,43,Bengaluru,Karnataka,2022-07-20
104491,Aditya Malhotra,Male,36,Jaipur,Rajasthan,2023-05-20
104492,Aditi Malhotra,Female,31,Hyderabad,Telangana,2024-03-24
104493,Isha Malhotra,Female,23,Gurugram,Haryana,2022-06-04
104494,Sneha Das,Female,45,Hyderabad,Telangana,2023-10-22
104495,Aman Reddy,Female,40,Chennai,Tamil Nadu,2024-06-25
104496,Isha Nair,Female,21,Bengaluru,Karnataka,2023-03-23
104497,Arjun Kumar,Male,32,Lucknow,Uttar Pradesh,2024-08-01
104498,Riya Nair,Male,33,Jaipur,Rajasthan,2024-06-10
104499,Meera Sharma,Male,29,Hyderabad,Telangana,2024-09-18
104500,Aman Gupta,Male,39,Bengaluru,Karnataka,2022-08-22
104501,Meera Sharma,Female,39,Kolkata,West Bengal,2022-02-25
104502,Rahul Kumar,Female,30,Chandigarh,Chandigarh,2024-01-06
104503,Neha Mishra,Male,29,Mumbai,Maharashtra,2022-10-08
104504,Rahul Kumar,Male,45,Noida,Uttar Pradesh,2024-11-18
104505,Rohan Sharma,Female,40,Chennai,Tamil Nadu,2024-07-13
104506,Aman Kumar,Male,33,Chennai,Tamil Nadu,2024-09-25
104507,Sneha Reddy,Female,18,Kochi,Kerala,2022-01-03
104508,Aditi Sharma,Male,35,Kolkata,West Bengal,2024-06-24
104509,Raj Patel,Female,38,Gurugram,Haryana,2023-08-22
104510,Riya Reddy,Female,18,Pune,Maharashtra,2023-12-11
104511,Aditya Joshi,Male,34,Mumbai,Maharashtra,2022-06-15
104512,Karan Iyer,Male,28,Lucknow,Uttar Pradesh,2024-02-04
104513,Rohan Iyer,Male,30,Patna,Bihar,2023-02-07
104514,Arjun Malhotra,Female,24,Gurugram,Haryana,2022-04-26
104515,Rohan Joshi,Female,31,Mumbai,Maharashtra,2023-06-05
104516,Ananya Das,Male,45,Bengaluru,Karnataka,2023-07-16
104517,Ananya Das,Female,28,Pune,Maharashtra,2023-10-13
104518,Raj Patel,Female,41,Chennai,Tamil Nadu,2022-04-15
104519,Aditi Verma,Male,25,Mumbai,Maharashtra,2022-01-22
104520,Kavya Malhotra,Male,39,Mumbai,Maharashtra,2022-12-30
104521,Aditi Das,Female,32,Ahmedabad,Gujarat,2022-01-13
104522,Rahul Sharma,Female,35,Lucknow,Uttar Pradesh,2022-09-26
104523,Rahul Joshi,Female,32,Gurugram,Haryana,2024-02-12
104524,Raj Kumar,Female,38,Chandigarh,Chandigarh,2024-12-02
104525,Isha Mehta,Female,18,Bengaluru,Karnataka,2023-05-15
104526,Ananya Mishra,Male,19,Surat,Gujarat,2024-10-09
104527,Rohan Verma,Female,36,Jaipur,Rajasthan,2022-03-12
104528,Karan Gupta,Female,18,Kochi,Kerala,2023-03-13
104529,Riya Singh,Female,27,Bengaluru,Karnataka,2023-09-27
104530,Karan Iyer,Male,32,Bengaluru,Karnataka,2023-12-11
104531,Kavya Malhotra,Male,25,Lucknow,Uttar Pradesh,2022-04-24
104532,Riya Das,Male,26,Patna,Bihar,2022-12-15
104533,Kavya Nair,Male,34,Gurugram,Haryana,2023-10-10
104534,Kavya Nair,Male,41,Lucknow,Uttar Pradesh,2024-10-27
104535,Arjun Mehta,Female,23,Hyderabad,Telangana,2024-03-29
104536,Neha Mishra,Female,27,Lucknow,Uttar Pradesh,2024-07-15
104537,Aditya Verma,Male,25,Noida,Uttar Pradesh,2024-03-23
104538,Rahul Mishra,Female,18,Ahmedabad,Gujarat,2022-04-07
104539,Aarav Agarwal,Male,33,Jaipur,Rajasthan,2023-05-02
104540,Aditi Patel,Male,40,Delhi,Delhi,2022-04-08
104541,Aditi Gupta,Male,41,Jaipur,Rajasthan,2023-07-12
104542,Neha Mishra,Female,24,Pune,Maharashtra,2022-01-18
104543,Pooja Joshi,Male,21,Kochi,Kerala,2023-02-26
104544,Ananya Gupta,Male,32,Kolkata,West Bengal,2023-07-14
104545,Raj Sharma,Male,39,Kolkata,West Bengal,2024-04-15
104546,Arjun Singh,Female,33,Nagpur,Maharashtra,2024-07-29
104547,Rahul Das,Male,35,Delhi,Delhi,2023-12-14
104548,Rahul Nair,Female,42,Bengaluru,Karnataka,2023-09-02
104549,Vikram Patel,Female,25,Jaipur,Rajasthan,2022-05-21
104550,Rahul Singh,Female,30,Bengaluru,Karnataka,2022-10-27
104551,Rahul Verma,Female,47,Bengaluru,Karnataka,2023-05-07
104552,Sneha Nair,Male,30,Indore,Madhya Pradesh,2024-05-18
104553,Arjun Verma,Male,21,Chennai,Tamil Nadu,2024-10-31
104554,Aarav Iyer,Female,26,Delhi,Delhi,2022-07-17
104555,Isha Iyer,Male,24,Bengaluru,Karnataka,2022-04-02
104556,Sneha Sharma,Female,35,Delhi,Delhi,2022-06-04
104557,Karan Verma,Female,24,Chennai,Tamil Nadu,2023-05-14
104558,Vivaan Iyer,Female,34,Mumbai,Maharashtra,2022-09-28
104559,Riya Malhotra,Female,25,Surat,Gujarat,2024-07-03
104560,Vivaan Agarwal,Other,18,Chennai,Tamil Nadu,2022-12-20
104561,Arjun Mishra,Female,35,Delhi,Delhi,2022-05-27
104562,Aman Sharma,Male,33,Bengaluru,Karnataka,2022-04-10
104563,Aditya Patel,Female,37,Kolkata,West Bengal,2023-10-05
104564,Aarav Iyer,Male,26,Bengaluru,Karnataka,2022-07-25
104565,Arjun Iyer,Male,25,Pune,Maharashtra,2023-05-15
104566,Arjun Mishra,Female,36,Bhopal,Madhya Pradesh,2023-05-16
104567,Pooja Singh,Male,46,Bengaluru,Karnataka,2023-07-30
104568,Meera Mishra,Male,32,Bengaluru,Karnataka,2024-02-08
104569,Karan Gupta,Male,36,Gurugram,Haryana,2022-05-04
104570,Aditi Sharma,Female,29,Bengaluru,Karnataka,2022-07-25
104571,Aditya Gupta,Female,18,Delhi,Delhi,2023-09-28
104572,Aman Malhotra,Female,41,Mumbai,Maharashtra,2022-11-24
104573,Aditi Kumar,Male,40,Kochi,Kerala,2022-11-01
104574,Rohan Das,Female,38,Chandigarh,Chandigarh,2022-01-06
104575,Riya Iyer,Female,30,Mumbai,Maharashtra,2022-07-21
104576,Pooja Singh,Male,37,Chennai,Tamil Nadu,2023-04-27
104577,Riya Malhotra,Male,40,Mumbai,Maharashtra,2022-12-13
104578,Aditya Verma,Male,47,Jaipur,Rajasthan,2024-01-11
104579,Meera Iyer,Female,41,Mumbai,Maharashtra,2023-04-29
104580,Aarav Joshi,Female,33,Delhi,Delhi,2022-12-22
104581,Karan Nair,Female,20,Gurugram,Haryana,2022-03-06
104582,Karan Patel,Male,33,Bengaluru,Karnataka,2023-02-08
104583,Rohan Mishra,Female,34,Delhi,Delhi,2022-06-07
104584,Kavya Sharma,Female,38,Gurugram,Haryana,2024-03-03
104585,Arjun Mishra,Female,44,Ahmedabad,Gujarat,2024-12-07
104586,Karan Mishra,Female,31,Jaipur,Rajasthan,2022-09-06
104587,Riya Das,Male,51,Bhopal,Madhya Pradesh,2024-04-21
104588,Isha Kumar,Male,18,Pune,Maharashtra,2023-04-01
104589,Meera Gupta,Female,36,Delhi,Delhi,2024-04-30
104590,Neha Reddy,Female,25,Delhi,Delhi,2022-01-19
104591,Arjun Gupta,Female,18,Bengaluru,Karnataka,2023-05-02
104592,Aditi Mehta,Male,30,Delhi,Delhi,2022-06-26
104593,Sneha Singh,Female,19,Chennai,Tamil Nadu,2024-09-07
104594,Riya Singh,Male,31,Delhi,Delhi,2023-05-18
104595,Sneha Verma,Male,32,Hyderabad,Telangana,2024-02-19
104596,Ananya Verma,Female,42,Mumbai,Maharashtra,2022-01-26
104597,Neha Verma,Female,18,Hyderabad,Telangana,2024-08-12
104598,Riya Gupta,Male,40,Jaipur,Rajasthan,2024-11-11
104599,Isha Iyer,Male,33,Bengaluru,Karnataka,2023-09-20
104600,Aditi Nair,Male,41,Bengaluru,Karnataka,2024-09-22
104601,Raj Joshi,Male,28,Nagpur,Maharashtra,2024-05-27
104602,Vivaan Verma,Female,20,Lucknow,Uttar Pradesh,2024-09-14
104603,Ananya Agarwal,Female,21,Pune,Maharashtra,2023-01-13
104604,Arjun Mehta,Male,20,Chennai,Tamil Nadu,2022-04-05
104605,Raj Agarwal,Female,36,Kolkata,West Bengal,2022-03-29
104606,Pooja Nair,Female,45,Delhi,Delhi,2022-02-17
104607,Raj Reddy,Female,27,Delhi,Delhi,2023-12-26
104608,Neha Singh,Male,38,Jaipur,Rajasthan,2022-09-23
104609,Kavya Mehta,Female,18,Bengaluru,Karnataka,2022-06-15
104610,Raj Das,Male,34,Delhi,Delhi,2023-06-11
104611,Sneha Singh,Male,38,Bengaluru,Karnataka,2022-07-24
104612,Aditya Mishra,Male,19,Delhi,Delhi,2022-04-14
104613,Isha Reddy,Male,30,Patna,Bihar,2024-08-28
104614,Aditi Gupta,Male,38,Mumbai,Maharashtra,2022-01-19
104615,Aarav Reddy,Male,18,Mumbai,Maharashtra,2024-07-24
104616,Isha Reddy,Male,44,Kolkata,West Bengal,2022-08-22
104617,Arjun Mehta,Female,35,Chennai,Tamil Nadu,2024-06-07
104618,Neha Joshi,Female,38,Chennai,Tamil Nadu,2023-05-10
104619,Aditya Verma,Male,28,Hyderabad,Telangana,2023-07-05
104620,Rahul Mehta,Female,18,Pune,Maharashtra,2024-01-18
104621,Priya Nair,Female,37,Noida,Uttar Pradesh,2022-02-26
104622,Meera Verma,Female,31,Mumbai,Maharashtra,2024-12-27
104623,Rohan Verma,Male,32,Hyderabad,Telangana,2023-10-19
104624,Aditi Singh,Female,42,Kochi,Kerala,2022-08-02
104625,Ananya Singh,Female,39,Mumbai,Maharashtra,2023-01-05
104626,Pooja Das,Female,49,Bengaluru,Karnataka,2023-03-20
104627,Priya Verma,Male,33,Mumbai,Maharashtra,2024-07-28
104628,Vikram Das,Female,26,Delhi,Delhi,2022-01-14
104629,Sneha Nair,Female,30,Bengaluru,Karnataka,2024-12-19
104630,Isha Patel,Female,36,Delhi,Delhi,2024-01-31
104631,Meera Malhotra,Male,41,Mumbai,Maharashtra,2022-06-15
104632,Aman Iyer,Male,19,Bengaluru,Karnataka,2022-08-14
104633,Priya Kumar,Female,32,Delhi,Delhi,2022-06-14
104634,Isha Reddy,Female,46,Ahmedabad,Gujarat,2023-06-27
104635,Pooja Mehta,Male,30,Noida,Uttar Pradesh,2023-09-15
104636,Isha Joshi,Female,40,Hyderabad,Telangana,2024-01-11
104637,Aman Gupta,Male,36,Nagpur,Maharashtra,2023-06-16
104638,Neha Verma,Female,41,Jaipur,Rajasthan,2024-01-15
104639,Arjun Patel,Female,25,Ahmedabad,Gujarat,2024-05-10
104640,Isha Agarwal,Female,25,Mumbai,Maharashtra,2024-08-25
104641,Vikram Reddy,Female,32,Gurugram,Haryana,2022-10-18
104642,Rahul Sharma,Male,18,Chandigarh,Chandigarh,2024-03-20
104643,Arjun Nair,Female,30,Mumbai,Maharashtra,2023-12-06
104644,Vivaan Das,Male,34,Jaipur,Rajasthan,2023-11-25
104645,Aditya Agarwal,Female,48,Ahmedabad,Gujarat,2024-03-08
104646,Aarav Gupta,Female,36,Bengaluru,Karnataka,2022-08-24
104647,Priya Malhotra,Female,38,Pune,Maharashtra,2023-01-17
104648,Ananya Gupta,Male,42,Delhi,Delhi,2024-07-17
104649,Raj Malhotra,Female,23,Mumbai,Maharashtra,2024-05-26
104650,Pooja Verma,Male,31,Delhi,Delhi,2024-10-17
104651,Aditya Reddy,Male,54,Chennai,Tamil Nadu,2022-06-10
104652,Riya Iyer,Female,31,Kolkata,West Bengal,2023-04-29
104653,Isha Iyer,Male,42,Patna,Bihar,2024-06-18
104654,Neha Singh,Female,41,Chennai,Tamil Nadu,2024-07-02
104655,Raj Reddy,Male,19,Bengaluru,Karnataka,2022-08-27
104656,Isha Agarwal,Male,35,Delhi,Delhi,2024-10-23
104657,Riya Patel,Female,33,Indore,Madhya Pradesh,2024-10-21
104658,Kavya Kumar,Female,35,Pune,Maharashtra,2024-04-30
104659,Kavya Joshi,Male,25,Ahmedabad,Gujarat,2022-10-17
104660,Aarav Iyer,Female,22,Delhi,Delhi,2024-05-21
104661,Vivaan Mehta,Female,28,Pune,Maharashtra,2023-05-08
104662,Arjun Mehta,Female,31,Bengaluru,Karnataka,2023-12-27
104663,Neha Kumar,Male,43,Delhi,Delhi,2024-03-31
104664,Priya Agarwal,Female,48,Noida,Uttar Pradesh,2022-08-07
104665,Neha Sharma,Female,45,Pune,Maharashtra,2022-10-03
104666,Vivaan Gupta,Female,40,Bengaluru,Karnataka,2024-04-02
104667,Kavya Reddy,Male,23,Noida,Uttar Pradesh,2024-02-21
104668,Raj Mishra,Female,28,Hyderabad,Telangana,2024-06-21
104669,Rohan Agarwal,Female,34,Delhi,Delhi,2023-03-25
104670,Sneha Gupta,Female,26,Chandigarh,Chandigarh,2022-02-21
104671,Raj Nair,Male,37,Bengaluru,Karnataka,2024-02-02
104672,Priya Agarwal,Female,38,Gurugram,Haryana,2024-01-15
104673,Arjun Malhotra,Female,37,Gurugram,Haryana,2024-10-09
104674,Isha Reddy,Male,41,Mumbai,Maharashtra,2023-03-01
104675,Kavya Reddy,Male,24,Pune,Maharashtra,2024-07-28
104676,Kavya Malhotra,Female,40,Delhi,Delhi,2022-07-21
104677,Isha Agarwal,Male,26,Bengaluru,Karnataka,2023-02-05
104678,Kavya Das,Female,24,Ahmedabad,Gujarat,2024-12-10
104679,Rohan Joshi,Female,37,Mumbai,Maharashtra,2024-09-05
104680,Vivaan Mehta,Female,43,Delhi,Delhi,2023-08-10
104681,Aman Agarwal,Male,36,Pune,Maharashtra,2022-04-06
104682,Meera Mehta,Male,32,Chennai,Tamil Nadu,2022-12-06
104683,Pooja Reddy,Female,35,Jaipur,Rajasthan,2022-10-14
104684,Aditi Iyer,Male,33,Ahmedabad,Gujarat,2023-03-22
104685,Raj Kumar,Female,22,Lucknow,Uttar Pradesh,2023-08-15
104686,Vivaan Sharma,Male,21,Surat,Gujarat,2024-02-19
104687,Meera Sharma,Male,31,Mumbai,Maharashtra,2022-05-21
104688,Rahul Das,Male,33,Chennai,Tamil Nadu,2023-09-11
104689,Aditi Kumar,Female,32,Bengaluru,Karnataka,2023-09-01
104690,Meera Sharma,Female,38,Kochi,Kerala,2024-03-11
104691,Ananya Mehta,Male,30,Hyderabad,Telangana,2024-02-20
104692,Arjun Mehta,Male,37,Kochi,Kerala,2022-12-27
104693,Aditi Kumar,Male,31,Ahmedabad,Gujarat,2024-10-09
104694,Sneha Kumar,Female,48,Lucknow,Uttar Pradesh,2024-05-18
104695,Vivaan Reddy,Male,33,Pune,Maharashtra,2023-02-24
104696,Vikram Singh,Female,53,Hyderabad,Telangana,2023-03-24
104697,Vikram Reddy,Female,35,Chennai,Tamil Nadu,2022-01-02
104698,Raj Malhotra,Female,30,Bengaluru,Karnataka,2023-08-31
104699,Aditya Mishra,Male,24,Bhopal,Madhya Pradesh,2022-08-15
104700,Aditya Das,Other,19,Noida,Uttar Pradesh,2022-05-27
104701,Raj Verma,Male,23,Noida,Uttar Pradesh,2024-07-25
104702,Ananya Gupta,Male,24,Hyderabad,Telangana,2024-05-02
104703,Aarav Joshi,Female,36,Delhi,Delhi,2022-07-18
104704,Ananya Sharma,Female,27,Jaipur,Rajasthan,2023-09-03
104705,Neha Reddy,Male,34,Hyderabad,Telangana,2022-12-23
104706,Sneha Malhotra,Male,44,Indore,Madhya Pradesh,2022-07-29
104707,Riya Mishra,Female,31,Noida,Uttar Pradesh,2024-02-07
104708,Sneha Patel,Male,51,Mumbai,Maharashtra,2023-01-16
104709,Aarav Nair,Female,21,Kolkata,West Bengal,2023-08-29
104710,Isha Malhotra,Female,31,Lucknow,Uttar Pradesh,2024-11-13
104711,Aarav Kumar,Male,27,Chennai,Tamil Nadu,2023-04-10
104712,Priya Malhotra,Male,40,Pune,Maharashtra,2022-08-19
104713,Priya Kumar,Male,18,Mumbai,Maharashtra,2024-03-23
104714,Meera Verma,Female,19,Mumbai,Maharashtra,2024-12-25
104715,Isha Verma,Female,31,Ahmedabad,Gujarat,2024-05-13
104716,Karan Kumar,Male,46,Delhi,Delhi,2023-03-01
104717,Isha Joshi,Female,34,Noida,Uttar Pradesh,2024-05-01
104718,Ananya Gupta,Other,20,Chennai,Tamil Nadu,2023-06-21
104719,Pooja Patel,Male,21,Chandigarh,Chandigarh,2024-09-08
104720,Aditi Mehta,Female,47,Nagpur,Maharashtra,2022-02-25
104721,Karan Agarwal,Male,26,Jaipur,Rajasthan,2023-05-28
104722,Aditya Das,Male,24,Hyderabad,Telangana,2024-03-06
104723,Kavya Singh,Male,45,Pune,Maharashtra,2023-10-04
104724,Raj Patel,Male,41,Mumbai,Maharashtra,2024-02-12
104725,Vivaan Patel,Male,43,Delhi,Delhi,2024-03-04
104726,Meera Mehta,Male,23,Chennai,Tamil Nadu,2024-11-11
104727,Vikram Malhotra,Female,18,Noida,Uttar Pradesh,2024-09-16
104728,Aditya Nair,Female,33,Bengaluru,Karnataka,2022-02-14
104729,Meera Verma,Female,35,Hyderabad,Telangana,2023-03-20
104730,Meera Kumar,Male,35,Chennai,Tamil Nadu,2024-02-12
104731,Aman Verma,Male,45,Bhopal,Madhya Pradesh,2023-04-19
104732,Meera Iyer,Male,18,Mumbai,Maharashtra,2022-01-07
104733,Riya Agarwal,Female,40,Mumbai,Maharashtra,2022-02-27
104734,Sneha Singh,Female,22,Patna,Bihar,2023-07-24
104735,Aditi Iyer,Male,40,Delhi,Delhi,2023-03-27
104736,Aditya Reddy,Male,28,Jaipur,Rajasthan,2024-09-23
104737,Raj Joshi,Female,25,Kolkata,West Bengal,2023-04-12
104738,Raj Mehta,Male,27,Hyderabad,Telangana,2024-04-02
104739,Kavya Kumar,Male,19,Pune,Maharashtra,2023-04-10
104740,Karan Mehta,Female,32,Surat,Gujarat,2022-06-11
104741,Priya Patel,Female,25,Mumbai,Maharashtra,2023-12-07
104742,Pooja Joshi,Male,39,Mumbai,Maharashtra,2023-01-06
104743,Neha Reddy,Male,38,Pune,Maharashtra,2022-10-24
104744,Kavya Gupta,Other,47,Hyderabad,Telangana,2022-08-21
104745,Aarav Reddy,Male,35,Chennai,Tamil Nadu,2022-12-10
104746,Riya Das,Male,37,Patna,Bihar,2024-09-15
104747,Rohan Malhotra,Male,45,Patna,Bihar,2022-04-29
104748,Isha Singh,Male,26,Mumbai,Maharashtra,2024-02-25
104749,Neha Patel,Male,19,Bengaluru,Karnataka,2023-11-07
104750,Kavya Iyer,Female,34,Mumbai,Maharashtra,2023-04-02
104751,Pooja Das,Male,19,Patna,Bihar,2023-07-28
104752,Sneha Mishra,Male,54,Hyderabad,Telangana,2022-05-12
104753,Meera Nair,Female,45,Hyderabad,Telangana,2022-03-31
104754,Vivaan Joshi,Female,51,Noida,Uttar Pradesh,2023-06-26
104755,Karan Kumar,Female,33,Pune,Maharashtra,2022-04-13
104756,Neha Gupta,Female,37,Delhi,Delhi,2024-02-12
104757,Vikram Gupta,Male,28,Hyderabad,Telangana,2022-10-25
104758,Raj Das,Female,40,Kolkata,West Bengal,2022-07-12
104759,Sneha Mehta,Male,21,Lucknow,Uttar Pradesh,2022-06-17
104760,Ananya Das,Other,18,Jaipur,Rajasthan,2024-07-14
104761,Aditya Reddy,Male,25,Delhi,Delhi,2022-12-15
104762,Karan Das,Other,19,Bengaluru,Karnataka,2022-09-20
104763,Sneha Patel,Female,45,Ahmedabad,Gujarat,2024-11-17
104764,Raj Reddy,Male,48,Indore,Madhya Pradesh,2022-11-18
104765,Rohan Patel,Female,19,Delhi,Delhi,2023-07-30
104766,Pooja Singh,Other,44,Delhi,Delhi,2024-09-09
104767,Priya Singh,Female,41,Kolkata,West Bengal,2022-09-12
104768,Arjun Gupta,Male,18,Chennai,Tamil Nadu,2024-11-28
104769,Karan Sharma,Female,28,Mumbai,Maharashtra,2023-01-30
104770,Vikram Iyer,Male,27,Chennai,Tamil Nadu,2022-02-11
104771,Raj Agarwal,Male,39,Coimbatore,Tamil Nadu,2022-06-29
104772,Isha Joshi,Male,21,Kolkata,West Bengal,2022-08-22
104773,Sneha Mehta,Male,31,Hyderabad,Telangana,2024-07-03
104774,Vivaan Singh,Female,26,Gurugram,Haryana,2024-03-31
104775,Rohan Patel,Male,36,Mumbai,Maharashtra,2022-04-20
104776,Rahul Sharma,Female,30,Hyderabad,Telangana,2024-09-10
104777,Aman Iyer,Male,27,Chennai,Tamil Nadu,2023-11-17
104778,Aman Reddy,Male,30,Pune,Maharashtra,2024-07-06
104779,Kavya Gupta,Male,50,Patna,Bihar,2024-12-12
104780,Vivaan Nair,Male,28,Bengaluru,Karnataka,2024-12-02
104781,Isha Iyer,Male,23,Delhi,Delhi,2023-06-01
104782,Aarav Sharma,Male,37,Patna,Bihar,2024-09-04
104783,Aditya Kumar,Female,31,Mumbai,Maharashtra,2023-08-07
104784,Pooja Patel,Male,19,Hyderabad,Telangana,2024-07-08
104785,Aditya Mishra,Male,52,Chennai,Tamil Nadu,2022-04-27
104786,Sneha Mishra,Male,29,Coimbatore,Tamil Nadu,2023-10-09
104787,Aditi Reddy,Female,29,Chennai,Tamil Nadu,2022-11-27
104788,Aditya Mehta,Female,33,Hyderabad,Telangana,2022-10-04
104789,Rahul Singh,Female,48,Chennai,Tamil Nadu,2022-08-07
104790,Arjun Malhotra,Male,18,Coimbatore,Tamil Nadu,2024-10-01
104791,Riya Mishra,Male,34,Gurugram,Haryana,2022-09-12
104792,Arjun Joshi,Female,51,Mumbai,Maharashtra,2022-08-15
104793,Meera Iyer,Male,33,Noida,Uttar Pradesh,2023-07-26
104794,Riya Patel,Male,21,Gurugram,Haryana,2024-04-18
104795,Isha Mishra,Male,26,Lucknow,Uttar Pradesh,2023-11-19
104796,Aditya Singh,Male,34,Jaipur,Rajasthan,2024-05-05
104797,Pooja Verma,Male,44,Hyderabad,Telangana,2023-12-30
104798,Ananya Kumar,Female,29,Kolkata,West Bengal,2024-11-24
104799,Meera Nair,Male,39,Ahmedabad,Gujarat,2022-07-14
104800,Priya Iyer,Female,19,Delhi,Delhi,2024-12-30
104801,Vikram Mishra,Male,19,Bengaluru,Karnataka,2022-07-28
104802,Sneha Singh,Male,28,Mumbai,Maharashtra,2022-01-20
104803,Rahul Verma,Female,45,Gurugram,Haryana,2024-06-05
104804,Rohan Singh,Male,33,Jaipur,Rajasthan,2022-06-07
104805,Aman Agarwal,Female,35,Hyderabad,Telangana,2024-10-05
104806,Sneha Patel,Female,35,Gurugram,Haryana,2023-03-09
104807,Meera Sharma,Male,42,Lucknow,Uttar Pradesh,2023-10-04
104808,Isha Joshi,Female,27,Patna,Bihar,2024-04-12
104809,Aditi Nair,Male,38,Delhi,Delhi,2023-05-14
104810,Arjun Kumar,Female,25,Pune,Maharashtra,2022-07-13
104811,Kavya Mehta,Male,50,Lucknow,Uttar Pradesh,2024-04-15
104812,Isha Reddy,Female,25,Mumbai,Maharashtra,2023-02-14
104813,Vikram Patel,Male,24,Bengaluru,Karnataka,2022-07-12
104814,Rahul Kumar,Female,37,Hyderabad,Telangana,2022-12-11
104815,Isha Nair,Female,33,Noida,Uttar Pradesh,2024-08-02
104816,Aditi Das,Female,35,Pune,Maharashtra,2024-01-21
104817,Raj Sharma,Female,34,Pune,Maharashtra,2023-12-23
104818,Pooja Sharma,Female,22,Hyderabad,Telangana,2024-07-07
104819,Vivaan Nair,Female,47,Mumbai,Maharashtra,2022-12-31
104820,Vikram Patel,Male,40,Patna,Bihar,2024-04-28
104821,Kavya Mehta,Male,44,Bengaluru,Karnataka,2022-07-31
104822,Raj Reddy,Male,27,Chennai,Tamil Nadu,2024-05-07
104823,Aditi Mishra,Male,36,Mumbai,Maharashtra,2023-09-17
104824,Arjun Joshi,Male,34,Hyderabad,Telangana,2024-04-20
104825,Vikram Das,Female,42,Bhopal,Madhya Pradesh,2023-03-23
104826,Neha Mehta,Male,42,Nagpur,Maharashtra,2024-09-26
104827,Aarav Mishra,Female,34,Bengaluru,Karnataka,2024-11-04
104828,Priya Mishra,Male,18,Mumbai,Maharashtra,2022-05-26
104829,Aman Patel,Male,48,Bengaluru,Karnataka,2022-07-01
104830,Aditya Mishra,Female,37,Bengaluru,Karnataka,2023-03-09
104831,Vikram Patel,Female,27,Jaipur,Rajasthan,2024-12-12
104832,Karan Das,Female,36,Pune,Maharashtra,2022-04-20
104833,Rohan Mishra,Female,18,Ahmedabad,Gujarat,2024-03-13
104834,Neha Reddy,Male,41,Lucknow,Uttar Pradesh,2024-12-22
104835,Ananya Mishra,Female,19,Mumbai,Maharashtra,2022-12-08
104836,Sneha Iyer,Male,30,Noida,Uttar Pradesh,2022-04-07
104837,Vivaan Patel,Male,34,Surat,Gujarat,2022-08-22
104838,Aditya Das,Male,41,Kolkata,West Bengal,2023-03-01
104839,Isha Agarwal,Male,33,Patna,Bihar,2022-01-27
104840,Sneha Mishra,Male,38,Noida,Uttar Pradesh,2024-10-20
104841,Ananya Nair,Female,32,Kolkata,West Bengal,2022-06-07
104842,Sneha Mishra,Female,32,Bhopal,Madhya Pradesh,2024-05-22
104843,Arjun Das,Male,33,Kolkata,West Bengal,2024-10-08
104844,Rohan Nair,Male,30,Pune,Maharashtra,2023-12-14
104845,Aman Joshi,Male,18,Bengaluru,Karnataka,2023-01-22
104846,Aditya Kumar,Male,25,Indore,Madhya Pradesh,2022-12-18
104847,Sneha Malhotra,Female,34,Delhi,Delhi,2022-08-24
104848,Kavya Nair,Male,30,Pune,Maharashtra,2024-03-07
104849,Ananya Agarwal,Female,31,Chennai,Tamil Nadu,2023-03-31
104850,Aarav Iyer,Male,29,Chennai,Tamil Nadu,2023-02-03
104851,Vivaan Reddy,Other,24,Jaipur,Rajasthan,2024-05-13
104852,Rohan Reddy,Male,28,Pune,Maharashtra,2022-09-04
104853,Neha Iyer,Female,29,Bengaluru,Karnataka,2023-05-11
104854,Rahul Sharma,Male,32,Surat,Gujarat,2022-06-07
104855,Priya Singh,Female,36,Jaipur,Rajasthan,2024-08-20
104856,Raj Kumar,Male,30,Surat,Gujarat,2024-12-15
104857,Meera Verma,Male,23,Bengaluru,Karnataka,2023-11-06
104858,Arjun Gupta,Female,19,Kolkata,West Bengal,2023-07-03
104859,Vikram Joshi,Female,55,Lucknow,Uttar Pradesh,2022-03-17
104860,Rahul Das,Female,22,Hyderabad,Telangana,2022-04-03
104861,Pooja Reddy,Female,27,Gurugram,Haryana,2023-09-28
104862,Sneha Iyer,Female,37,Delhi,Delhi,2022-04-26
104863,Ananya Agarwal,Male,35,Kolkata,West Bengal,2023-05-12
104864,Isha Das,Male,37,Kolkata,West Bengal,2024-09-02
104865,Rahul Patel,Male,28,Chennai,Tamil Nadu,2022-12-01
104866,Rohan Reddy,Female,34,Kolkata,West Bengal,2024-01-02
104867,Meera Das,Male,33,Mumbai,Maharashtra,2023-08-29
104868,Ananya Iyer,Male,29,Jaipur,Rajasthan,2024-01-31
104869,Raj Singh,Female,34,Bengaluru,Karnataka,2024-11-22
104870,Aditya Mehta,Female,41,Hyderabad,Telangana,2023-11-13
104871,Aditi Gupta,Male,32,Bengaluru,Karnataka,2024-10-28
104872,Priya Mishra,Male,32,Pune,Maharashtra,2023-04-06
104873,Priya Das,Male,42,Kolkata,West Bengal,2023-12-01
104874,Meera Singh,Male,41,Gurugram,Haryana,2024-05-12
104875,Aarav Sharma,Male,46,Pune,Maharashtra,2023-04-26
104876,Kavya Reddy,Female,18,Bengaluru,Karnataka,2022-09-11
104877,Pooja Reddy,Female,40,Pune,Maharashtra,2022-11-10
104878,Vikram Mishra,Female,37,Lucknow,Uttar Pradesh,2024-09-13
104879,Aditya Agarwal,Male,24,Bengaluru,Karnataka,2023-07-25
104880,Karan Patel,Female,34,Hyderabad,Telangana,2023-03-23
104881,Rohan Sharma,Male,41,Chennai,Tamil Nadu,2022-11-12
104882,Priya Malhotra,Male,25,Bengaluru,Karnataka,2022-10-25
104883,Sneha Malhotra,Female,36,Mumbai,Maharashtra,2023-10-22
104884,Aman Gupta,Male,40,Mumbai,Maharashtra,2023-12-02
104885,Aditya Kumar,Male,22,Bengaluru,Karnataka,2022-08-05
104886,Rohan Malhotra,Female,31,Delhi,Delhi,2024-06-15
104887,Arjun Sharma,Male,35,Chennai,Tamil Nadu,2023-07-12
104888,Riya Mehta,Female,25,Mumbai,Maharashtra,2022-05-23
104889,Neha Das,Male,24,Hyderabad,Telangana,2023-01-13
104890,Isha Verma,Female,31,Bengaluru,Karnataka,2023-10-23
104891,Vikram Nair,Male,39,Kolkata,West Bengal,2022-05-17
104892,Karan Singh,Male,38,Surat,Gujarat,2023-06-05
104893,Aman Patel,Female,24,Kolkata,West Bengal,2024-10-07
104894,Isha Mehta,Male,38,Chennai,Tamil Nadu,2024-05-12
104895,Rahul Mehta,Male,24,Jaipur,Rajasthan,2023-01-03
104896,Karan Malhotra,Male,18,Delhi,Delhi,2022-08-06
104897,Karan Das,Male,29,Delhi,Delhi,2023-01-09
104898,Raj Nair,Male,42,Delhi,Delhi,2023-01-20
104899,Karan Mehta,Male,38,Delhi,Delhi,2024-04-11
104900,Rohan Mehta,Female,32,Bengaluru,Karnataka,2022-03-18
104901,Rahul Sharma,Male,28,Chennai,Tamil Nadu,2022-09-06
104902,Raj Patel,Male,28,Delhi,Delhi,2024-03-20
104903,Vikram Malhotra,Male,33,Chandigarh,Chandigarh,2023-04-23
104904,Neha Mishra,Male,22,Surat,Gujarat,2023-06-19
104905,Vikram Kumar,Female,29,Coimbatore,Tamil Nadu,2024-01-04
104906,Meera Reddy,Male,30,Delhi,Delhi,2023-06-13
104907,Neha Verma,Female,20,Surat,Gujarat,2022-07-20
104908,Aarav Agarwal,Male,24,Noida,Uttar Pradesh,2023-03-02
104909,Rahul Das,Female,36,Bhopal,Madhya Pradesh,2023-05-31
104910,Ananya Nair,Female,32,Chennai,Tamil Nadu,2023-10-14
104911,Priya Reddy,Female,29,Noida,Uttar Pradesh,2023-04-24
104912,Karan Nair,Female,24,Delhi,Delhi,2022-07-12
104913,Priya Nair,Female,46,Delhi,Delhi,2023-10-05
104914,Sneha Nair,Male,24,Delhi,Delhi,2024-03-08
104915,Pooja Patel,Male,34,Patna,Bihar,2023-03-22
104916,Aditya Verma,Female,28,Delhi,Delhi,2022-04-18
104917,Kavya Sharma,Male,32,Delhi,Delhi,2023-05-12
104918,Vivaan Kumar,Male,36,Patna,Bihar,2022-01-18
104919,Vikram Agarwal,Female,20,Delhi,Delhi,2024-08-21
104920,Aditi Malhotra,Male,32,Indore,Madhya Pradesh,2024-03-30
104921,Pooja Nair,Female,43,Noida,Uttar Pradesh,2024-12-03
104922,Vivaan Sharma,Female,48,Delhi,Delhi,2023-11-23
104923,Aman Joshi,Female,31,Delhi,Delhi,2022-04-05
104924,Pooja Mehta,Female,32,Chennai,Tamil Nadu,2024-05-27
104925,Raj Mehta,Male,52,Nagpur,Maharashtra,2023-09-19
104926,Aditi Gupta,Male,42,Indore,Madhya Pradesh,2024-01-13
104927,Kavya Sharma,Male,26,Bengaluru,Karnataka,2024-08-09
104928,Meera Gupta,Male,26,Hyderabad,Telangana,2022-10-05
104929,Aman Gupta,Female,41,Hyderabad,Telangana,2023-07-23
104930,Riya Agarwal,Female,23,Ahmedabad,Gujarat,2022-03-07
104931,Ananya Mishra,Male,42,Bengaluru,Karnataka,2022-12-27
104932,Neha Gupta,Male,35,Mumbai,Maharashtra,2022-08-09
104933,Aditya Kumar,Female,37,Ahmedabad,Gujarat,2024-08-01
104934,Riya Mehta,Male,30,Pune,Maharashtra,2024-09-17
104935,Rahul Patel,Male,26,Delhi,Delhi,2023-01-21
104936,Arjun Kumar,Male,45,Noida,Uttar Pradesh,2023-11-05
104937,Vivaan Gupta,Female,30,Chennai,Tamil Nadu,2022-07-10
104938,Isha Das,Female,28,Pune,Maharashtra,2024-05-07
104939,Aman Nair,Female,31,Jaipur,Rajasthan,2024-03-31
104940,Aditi Mishra,Female,34,Pune,Maharashtra,2024-11-06
104941,Sneha Patel,Male,23,Jaipur,Rajasthan,2022-05-12
104942,Aman Malhotra,Male,27,Surat,Gujarat,2022-05-17
104943,Aman Joshi,Female,26,Kolkata,West Bengal,2023-02-27
104944,Ananya Mehta,Male,40,Jaipur,Rajasthan,2023-03-18
104945,Rohan Kumar,Female,24,Kolkata,West Bengal,2024-08-21
104946,Isha Iyer,Female,18,Chennai,Tamil Nadu,2023-01-29
104947,Rahul Joshi,Female,18,Mumbai,Maharashtra,2024-05-28
104948,Neha Sharma,Female,19,Bengaluru,Karnataka,2024-07-16
104949,Karan Gupta,Female,44,Lucknow,Uttar Pradesh,2022-02-28
104950,Vivaan Singh,Female,32,Hyderabad,Telangana,2024-09-06
104951,Rohan Sharma,Male,37,Hyderabad,Telangana,2022-10-06
104952,Isha Patel,Male,37,Ahmedabad,Gujarat,2022-09-05
104953,Rohan Nair,Male,33,Delhi,Delhi,2024-09-07
104954,Neha Mehta,Female,31,Jaipur,Rajasthan,2023-04-09
104955,Arjun Mishra,Male,41,Pune,Maharashtra,2023-08-25
104956,Isha Sharma,Female,33,Hyderabad,Telangana,2022-01-23
104957,Neha Kumar,Male,45,Bengaluru,Karnataka,2023-01-05
104958,Kavya Agarwal,Female,38,Mumbai,Maharashtra,2023-09-18
104959,Neha Agarwal,Male,26,Bengaluru,Karnataka,2022-09-29
104960,Arjun Das,Female,28,Hyderabad,Telangana,2022-12-18
104961,Rahul Verma,Female,25,Hyderabad,Telangana,2022-12-16
104962,Aditi Verma,Male,43,Jaipur,Rajasthan,2023-07-08
104963,Karan Das,Male,28,Pune,Maharashtra,2022-07-12
104964,Raj Gupta,Female,25,Noida,Uttar Pradesh,2024-12-11
104965,Rohan Nair,Male,35,Kolkata,West Bengal,2023-04-16
104966,Riya Das,Male,31,Mumbai,Maharashtra,2022-05-06
104967,Aman Malhotra,Female,35,Bengaluru,Karnataka,2024-04-23
104968,Meera Singh,Female,49,Delhi,Delhi,2023-05-19
104969,Meera Sharma,Female,40,Chandigarh,Chandigarh,2023-01-14
104970,Riya Iyer,Male,32,Indore,Madhya Pradesh,2023-04-26
104971,Meera Gupta,Male,19,Delhi,Delhi,2024-06-07
104972,Sneha Mishra,Female,28,Chennai,Tamil Nadu,2023-10-03
104973,Aditya Singh,Female,38,Kochi,Kerala,2023-09-24
104974,Isha Reddy,Female,21,Ahmedabad,Gujarat,2022-01-30
104975,Arjun Mishra,Male,51,Pune,Maharashtra,2022-07-12
104976,Ananya Sharma,Male,32,Mumbai,Maharashtra,2022-07-24
104977,Raj Reddy,Male,32,Bengaluru,Karnataka,2023-09-27
104978,Arjun Mehta,Male,26,Ahmedabad,Gujarat,2023-08-18
104979,Aditi Malhotra,Male,36,Noida,Uttar Pradesh,2023-07-04
104980,Arjun Das,Male,22,Chennai,Tamil Nadu,2022-12-11
104981,Ananya Gupta,Female,51,Delhi,Delhi,2023-08-31
104982,Aarav Verma,Male,44,Chandigarh,Chandigarh,2023-07-09
104983,Neha Das,Female,41,Surat,Gujarat,2022-11-15
104984,Isha Agarwal,Female,19,Mumbai,Maharashtra,2022-03-05
104985,Aman Malhotra,Female,34,Delhi,Delhi,2022-11-19
104986,Aarav Kumar,Male,43,Chennai,Tamil Nadu,2023-07-27
104987,Vivaan Reddy,Female,37,Bengaluru,Karnataka,2023-05-17
104988,Pooja Agarwal,Female,23,Bengaluru,Karnataka,2024-01-24
104989,Ananya Nair,Female,26,Delhi,Delhi,2022-01-15
104990,Meera Gupta,Female,28,Kochi,Kerala,2023-09-23
104991,Karan Das,Female,27,Gurugram,Haryana,2024-06-18
104992,Vivaan Iyer,Female,46,Delhi,Delhi,2024-04-22
104993,Raj Kumar,Male,18,Indore,Madhya Pradesh,2023-12-20
104994,Vivaan Nair,Female,38,Jaipur,Rajasthan,2022-07-06
104995,Aditya Joshi,Male,20,Bengaluru,Karnataka,2022-08-30
104996,Pooja Mehta,Female,23,Indore,Madhya Pradesh,2024-11-20
104997,Aditya Mehta,Male,18,Kolkata,West Bengal,2024-05-22
104998,Aman Gupta,Male,27,Surat,Gujarat,2022-05-14
104999,Vikram Iyer,Female,46,Pune,Maharashtra,2023-11-20
105000,Priya Verma,Female,34,Pune,Maharashtra,2024-05-03
105001,Aarav Das,Male,21,Bengaluru,Karnataka,2023-07-16
105002,Karan Gupta,Male,41,Hyderabad,Telangana,2022-01-17
105003,Priya Iyer,Female,43,Chennai,Tamil Nadu,2023-08-07
105004,Priya Patel,Male,33,Chandigarh,Chandigarh,2022-07-31
105005,Rahul Verma,Female,50,Kolkata,West Bengal,2023-09-25
105006,Raj Agarwal,Male,39,Mumbai,Maharashtra,2024-10-10
105007,Sneha Nair,Female,38,Delhi,Delhi,2023-12-21
105008,Raj Mishra,Female,25,Surat,Gujarat,2023-01-30
105009,Pooja Gupta,Male,38,Bengaluru,Karnataka,2022-05-14
105010,Aditi Reddy,Male,34,Bengaluru,Karnataka,2023-01-30
105011,Arjun Das,Male,37,Noida,Uttar Pradesh,2024-08-15
105012,Aditi Joshi,Female,26,Chandigarh,Chandigarh,2022-03-21
105013,Karan Agarwal,Female,33,Ahmedabad,Gujarat,2023-10-18
105014,Neha Mishra,Female,25,Mumbai,Maharashtra,2023-09-30
105015,Priya Agarwal,Male,18,Hyderabad,Telangana,2022-10-02
105016,Aman Malhotra,Male,41,Ahmedabad,Gujarat,2023-09-07
105017,Pooja Mehta,Male,18,Bhopal,Madhya Pradesh,2023-10-28
105018,Aditya Iyer,Male,33,Nagpur,Maharashtra,2022-07-11
105019,Sneha Iyer,Female,35,Pune,Maharashtra,2022-04-25
105020,Aditi Malhotra,Female,35,Gurugram,Haryana,2024-11-07
105021,Rohan Mehta,Female,29,Delhi,Delhi,2023-01-02
105022,Sneha Verma,Male,34,Bengaluru,Karnataka,2024-02-29
105023,Vivaan Joshi,Female,36,Hyderabad,Telangana,2022-06-05
105024,Ananya Agarwal,Female,39,Coimbatore,Tamil Nadu,2022-05-25
105025,Vikram Reddy,Female,48,Delhi,Delhi,2022-02-25
105026,Rahul Mishra,Female,34,Bengaluru,Karnataka,2023-02-13
105027,Isha Joshi,Male,33,Patna,Bihar,2023-10-14
105028,Riya Verma,Male,24,Bengaluru,Karnataka,2024-02-25
105029,Raj Agarwal,Female,36,Mumbai,Maharashtra,2023-10-17
105030,Sneha Verma,Male,38,Lucknow,Uttar Pradesh,2023-07-02
105031,Isha Patel,Male,30,Ahmedabad,Gujarat,2023-01-07
105032,Rahul Gupta,Female,37,Pune,Maharashtra,2022-12-26
105033,Raj Das,Female,29,Chandigarh,Chandigarh,2022-03-14
105034,Vikram Joshi,Female,38,Mumbai,Maharashtra,2022-12-24
105035,Sneha Patel,Male,40,Patna,Bihar,2023-05-11
105036,Meera Sharma,Male,40,Ahmedabad,Gujarat,2024-09-10
105037,Kavya Verma,Female,33,Hyderabad,Telangana,2024-02-22
105038,Vivaan Joshi,Female,23,Noida,Uttar Pradesh,2024-02-21
105039,Arjun Joshi,Female,26,Mumbai,Maharashtra,2024-06-05
105040,Sneha Mehta,Female,37,Mumbai,Maharashtra,2024-05-17
105041,Arjun Agarwal,Female,54,Patna,Bihar,2022-12-21
105042,Meera Das,Female,29,Delhi,Delhi,2022-12-10
105043,Aman Kumar,Male,36,Delhi,Delhi,2023-12-12
105044,Aman Malhotra,Female,27,Hyderabad,Telangana,2023-04-24
105045,Aditya Iyer,Female,23,Delhi,Delhi,2023-04-20
105046,Riya Sharma,Female,26,Surat,Gujarat,2024-02-25
105047,Arjun Nair,Male,18,Patna,Bihar,2022-07-11
105048,Neha Gupta,Female,44,Pune,Maharashtra,2023-05-28
105049,Rohan Das,Male,18,Hyderabad,Telangana,2022-07-10
105050,Priya Sharma,Female,30,Chennai,Tamil Nadu,2022-05-14
105051,Aditya Mehta,Male,21,Mumbai,Maharashtra,2023-01-28
105052,Raj Kumar,Female,24,Bengaluru,Karnataka,2022-02-03
105053,Meera Nair,Male,44,Delhi,Delhi,2023-04-18
105054,Neha Iyer,Male,34,Hyderabad,Telangana,2023-09-18
105055,Neha Malhotra,Male,23,Kolkata,West Bengal,2022-09-17
105056,Aman Kumar,Female,27,Patna,Bihar,2023-07-29
105057,Rohan Singh,Male,25,Ahmedabad,Gujarat,2022-11-01
105058,Rohan Verma,Male,32,Lucknow,Uttar Pradesh,2023-08-26
105059,Pooja Patel,Female,34,Bengaluru,Karnataka,2022-01-05
105060,Arjun Mehta,Male,49,Indore,Madhya Pradesh,2024-02-15
105061,Kavya Sharma,Female,18,Chandigarh,Chandigarh,2024-05-19
105062,Aarav Mehta,Female,32,Chandigarh,Chandigarh,2022-12-30
105063,Arjun Sharma,Female,29,Delhi,Delhi,2024-11-15
105064,Rohan Reddy,Male,41,Kolkata,West Bengal,2023-01-20
105065,Isha Agarwal,Female,35,Kolkata,West Bengal,2023-07-08
105066,Priya Das,Male,37,Bengaluru,Karnataka,2024-04-19
105067,Pooja Nair,Male,35,Nagpur,Maharashtra,2023-01-27
105068,Isha Patel,Male,24,Bengaluru,Karnataka,2023-02-17
105069,Pooja Das,Female,43,Mumbai,Maharashtra,2023-09-07
105070,Pooja Kumar,Male,39,Pune,Maharashtra,2024-11-25
105071,Priya Iyer,Female,40,Bengaluru,Karnataka,2023-04-17
105072,Raj Verma,Female,43,Patna,Bihar,2023-05-03
105073,Rahul Gupta,Male,36,Hyderabad,Telangana,2023-06-12
105074,Aarav Singh,Male,45,Hyderabad,Telangana,2023-03-04
105075,Arjun Das,Female,35,Kolkata,West Bengal,2024-08-25
105076,Aarav Nair,Female,30,Delhi,Delhi,2024-01-30
105077,Karan Das,Female,32,Ahmedabad,Gujarat,2022-07-29
105078,Aarav Singh,Male,32,Ahmedabad,Gujarat,2024-12-14
105079,Isha Reddy,Male,27,Pune,Maharashtra,2024-02-20
105080,Rahul Reddy,Male,47,Kochi,Kerala,2024-06-12
105081,Vikram Mehta,Male,35,Chennai,Tamil Nadu,2023-06-06
105082,Kavya Singh,Male,33,Lucknow,Uttar Pradesh,2022-03-18
105083,Aditya Patel,Female,35,Patna,Bihar,2024-11-05
105084,Neha Gupta,Male,59,Jaipur,Rajasthan,2024-06-09
105085,Isha Mehta,Male,22,Hyderabad,Telangana,2024-01-12
105086,Aarav Verma,Female,24,Delhi,Delhi,2023-08-13
105087,Rohan Mishra,Female,20,Lucknow,Uttar Pradesh,2022-12-26
105088,Rahul Nair,Male,30,Kochi,Kerala,2023-08-06
105089,Neha Agarwal,Female,34,Pune,Maharashtra,2023-05-26
105090,Isha Sharma,Male,28,Bengaluru,Karnataka,2022-12-28
105091,Neha Malhotra,Male,27,Pune,Maharashtra,2024-02-25
105092,Vikram Singh,Male,33,Lucknow,Uttar Pradesh,2022-10-01
105093,Raj Malhotra,Female,27,Delhi,Delhi,2023-11-07
105094,Priya Sharma,Male,35,Indore,Madhya Pradesh,2023-12-05
105095,Ananya Sharma,Male,42,Indore,Madhya Pradesh,2022-02-12
105096,Arjun Reddy,Male,38,Chennai,Tamil Nadu,2024-07-10
105097,Sneha Mehta,Female,40,Delhi,Delhi,2023-07-05
105098,Isha Nair,Male,42,Jaipur,Rajasthan,2023-02-23
105099,Meera Malhotra,Male,35,Mumbai,Maharashtra,2023-11-28
105100,Kavya Patel,Male,31,Pune,Maharashtra,2022-02-14
105101,Vivaan Agarwal,Male,25,Delhi,Delhi,2023-12-13
105102,Priya Agarwal,Female,28,Chennai,Tamil Nadu,2022-12-01
105103,Riya Malhotra,Female,27,Bengaluru,Karnataka,2024-12-07
105104,Pooja Mishra,Male,39,Gurugram,Haryana,2024-02-04
105105,Isha Singh,Male,35,Noida,Uttar Pradesh,2023-07-12
105106,Vivaan Joshi,Male,38,Nagpur,Maharashtra,2024-09-09
105107,Aarav Mehta,Male,22,Bengaluru,Karnataka,2022-01-17
105108,Meera Kumar,Male,45,Delhi,Delhi,2023-05-25
105109,Kavya Verma,Female,28,Hyderabad,Telangana,2024-05-24
105110,Aman Mishra,Female,22,Delhi,Delhi,2024-05-14
105111,Sneha Mishra,Female,28,Mumbai,Maharashtra,2023-08-04
105112,Isha Verma,Female,54,Kolkata,West Bengal,2023-11-01
105113,Isha Malhotra,Female,29,Kolkata,West Bengal,2023-03-06
105114,Aditi Agarwal,Female,29,Delhi,Delhi,2023-10-23
105115,Sneha Sharma,Male,30,Hyderabad,Telangana,2022-07-16
105116,Rohan Patel,Female,31,Chennai,Tamil Nadu,2024-08-21
105117,Karan Agarwal,Male,25,Bengaluru,Karnataka,2024-04-09
105118,Aditi Agarwal,Male,33,Indore,Madhya Pradesh,2023-11-04
105119,Vikram Joshi,Female,42,Mumbai,Maharashtra,2022-04-02
105120,Vikram Malhotra,Male,35,Bengaluru,Karnataka,2023-06-14
105121,Ananya Mishra,Male,22,Mumbai,Maharashtra,2024-07-26
105122,Pooja Das,Female,29,Delhi,Delhi,2022-09-13
105123,Neha Gupta,Male,27,Indore,Madhya Pradesh,2024-12-07
105124,Raj Nair,Male,32,Bengaluru,Karnataka,2023-02-17
105125,Priya Mehta,Female,44,Lucknow,Uttar Pradesh,2022-01-10
105126,Aditi Iyer,Female,31,Hyderabad,Telangana,2022-03-19
105127,Isha Iyer,Female,31,Kolkata,West Bengal,2023-11-28
105128,Rohan Malhotra,Male,48,Patna,Bihar,2023-07-16
105129,Karan Patel,Male,40,Surat,Gujarat,2022-10-07
105130,Aditya Reddy,Female,37,Delhi,Delhi,2024-11-07
105131,Isha Gupta,Female,50,Surat,Gujarat,2024-07-21
105132,Rohan Singh,Female,36,Hyderabad,Telangana,2023-03-11
105133,Rohan Malhotra,Male,18,Bengaluru,Karnataka,2023-07-17
105134,Isha Verma,Male,39,Jaipur,Rajasthan,2023-08-07
105135,Sneha Agarwal,Female,18,Kochi,Kerala,2024-04-03
105136,Raj Singh,Male,36,Delhi,Delhi,2024-02-12
105137,Karan Joshi,Female,18,Ahmedabad,Gujarat,2024-11-23
105138,Vivaan Sharma,Male,28,Mumbai,Maharashtra,2024-06-07
105139,Aditi Mishra,Female,29,Hyderabad,Telangana,2024-05-30
105140,Aman Kumar,Female,25,Indore,Madhya Pradesh,2024-07-10
105141,Rohan Gupta,Female,29,Chennai,Tamil Nadu,2023-06-13
105142,Riya Sharma,Male,41,Delhi,Delhi,2024-07-24
105143,Aditya Kumar,Female,26,Pune,Maharashtra,2022-02-03
105144,Sneha Verma,Female,37,Noida,Uttar Pradesh,2024-04-16
105145,Pooja Singh,Male,23,Chennai,Tamil Nadu,2022-08-07
105146,Arjun Joshi,Female,30,Mumbai,Maharashtra,2024-07-26
105147,Vikram Agarwal,Female,35,Hyderabad,Telangana,2022-02-15
105148,Aman Kumar,Female,23,Patna,Bihar,2024-06-06
105149,Aditi Iyer,Female,20,Jaipur,Rajasthan,2022-04-16
105150,Vivaan Iyer,Male,36,Lucknow,Uttar Pradesh,2022-06-24
105151,Kavya Patel,Male,42,Noida,Uttar Pradesh,2023-06-19
105152,Rahul Das,Male,31,Delhi,Delhi,2024-06-20
105153,Riya Malhotra,Female,28,Chennai,Tamil Nadu,2022-06-18
105154,Arjun Nair,Female,33,Hyderabad,Telangana,2022-06-15
105155,Vivaan Mishra,Female,32,Mumbai,Maharashtra,2022-02-23
105156,Neha Iyer,Male,34,Mumbai,Maharashtra,2023-03-17
105157,Neha Das,Male,18,Noida,Uttar Pradesh,2024-12-08
105158,Arjun Verma,Female,22,Mumbai,Maharashtra,2023-06-18
105159,Pooja Malhotra,Male,24,Bengaluru,Karnataka,2024-07-06
105160,Arjun Das,Male,33,Bengaluru,Karnataka,2022-07-30
105161,Kavya Sharma,Female,34,Delhi,Delhi,2023-11-21
105162,Riya Verma,Male,38,Pune,Maharashtra,2024-03-14
105163,Rohan Reddy,Male,34,Ahmedabad,Gujarat,2024-09-10
105164,Arjun Das,Male,20,Delhi,Delhi,2024-01-05
105165,Karan Mishra,Male,45,Delhi,Delhi,2024-05-07
105166,Aditi Gupta,Other,43,Lucknow,Uttar Pradesh,2024-06-04
105167,Raj Nair,Male,21,Kolkata,West Bengal,2023-10-30
105168,Neha Iyer,Male,35,Lucknow,Uttar Pradesh,2022-01-01
105169,Riya Agarwal,Male,27,Mumbai,Maharashtra,2023-11-25
105170,Arjun Gupta,Female,33,Noida,Uttar Pradesh,2022-06-06
105171,Aditi Kumar,Male,41,Pune,Maharashtra,2024-10-31
105172,Rahul Verma,Female,51,Kolkata,West Bengal,2024-05-15
105173,Karan Agarwal,Male,39,Delhi,Delhi,2022-02-10
105174,Sneha Iyer,Male,35,Mumbai,Maharashtra,2022-07-16
105175,Aarav Singh,Male,29,Ahmedabad,Gujarat,2024-02-27
105176,Isha Kumar,Female,34,Mumbai,Maharashtra,2024-10-03
105177,Raj Joshi,Female,44,Delhi,Delhi,2023-08-23
105178,Rohan Verma,Male,32,Kolkata,West Bengal,2023-06-19
105179,Aman Kumar,Female,24,Chennai,Tamil Nadu,2023-01-06
105180,Sneha Kumar,Female,18,Kolkata,West Bengal,2023-02-23
105181,Vikram Gupta,Male,37,Kolkata,West Bengal,2023-08-05
105182,Riya Mehta,Female,34,Pune,Maharashtra,2023-03-01
105183,Vikram Gupta,Male,26,Pune,Maharashtra,2024-01-24
105184,Sneha Mehta,Female,41,Patna,Bihar,2024-06-09
105185,Sneha Mishra,Female,28,Chennai,Tamil Nadu,2024-11-25
105186,Neha Das,Female,31,Kolkata,West Bengal,2023-11-03
105187,Riya Iyer,Female,32,Bengaluru,Karnataka,2022-02-08
105188,Aditi Sharma,Male,29,Indore,Madhya Pradesh,2023-07-24
105189,Neha Gupta,Female,34,Delhi,Delhi,2023-10-26
105190,Aarav Nair,Male,42,Chennai,Tamil Nadu,2022-02-04
105191,Riya Verma,Male,22,Hyderabad,Telangana,2023-11-18
105192,Aditya Kumar,Female,36,Kolkata,West Bengal,2024-04-17
105193,Ananya Mehta,Female,34,Bengaluru,Karnataka,2024-04-16
105194,Rohan Mehta,Female,33,Lucknow,Uttar Pradesh,2023-04-15
105195,Vivaan Mehta,Male,40,Delhi,Delhi,2024-09-19
105196,Vivaan Reddy,Female,32,Hyderabad,Telangana,2023-12-04
105197,Rahul Mishra,Female,36,Gurugram,Haryana,2023-09-29
105198,Meera Sharma,Male,38,Mumbai,Maharashtra,2022-04-04
105199,Riya Patel,Male,27,Delhi,Delhi,2022-10-05
105200,Sneha Mehta,Male,35,Pune,Maharashtra,2023-06-26
105201,Kavya Das,Male,30,Coimbatore,Tamil Nadu,2022-12-31
105202,Raj Nair,Other,31,Delhi,Delhi,2024-06-09
105203,Ananya Mishra,Female,29,Delhi,Delhi,2022-05-28
105204,Aditi Sharma,Female,36,Kolkata,West Bengal,2024-08-23
105205,Aman Mishra,Female,33,Mumbai,Maharashtra,2022-12-10
105206,Riya Malhotra,Male,36,Hyderabad,Telangana,2023-11-10
105207,Rahul Nair,Female,32,Gurugram,Haryana,2024-07-01
105208,Priya Agarwal,Male,18,Mumbai,Maharashtra,2022-09-12
105209,Karan Mishra,Female,32,Lucknow,Uttar Pradesh,2023-09-08
105210,Kavya Malhotra,Male,33,Pune,Maharashtra,2022-03-10
105211,Pooja Reddy,Female,34,Bhopal,Madhya Pradesh,2022-09-24
105212,Neha Nair,Male,27,Coimbatore,Tamil Nadu,2023-11-08
105213,Aditi Mishra,Male,21,Pune,Maharashtra,2022-04-25
105214,Priya Iyer,Female,38,Chennai,Tamil Nadu,2023-05-08
105215,Karan Mishra,Male,30,Ahmedabad,Gujarat,2023-10-25
105216,Raj Verma,Female,34,Bengaluru,Karnataka,2024-10-01
105217,Vivaan Joshi,Male,29,Mumbai,Maharashtra,2024-05-26
105218,Ananya Mehta,Female,32,Kochi,Kerala,2022-12-20
105219,Rahul Joshi,Male,28,Hyderabad,Telangana,2024-02-10
105220,Kavya Patel,Male,23,Delhi,Delhi,2023-09-09
105221,Karan Verma,Male,36,Gurugram,Haryana,2024-11-19
105222,Riya Joshi,Male,27,Kolkata,West Bengal,2022-05-27
105223,Raj Joshi,Male,33,Mumbai,Maharashtra,2024-04-22
105224,Ananya Iyer,Male,36,Delhi,Delhi,2023-05-26
105225,Rohan Sharma,Male,27,Bengaluru,Karnataka,2024-11-25
105226,Aarav Mishra,Male,21,Patna,Bihar,2023-08-12
105227,Kavya Malhotra,Female,54,Chandigarh,Chandigarh,2023-05-16
105228,Aman Singh,Female,27,Bengaluru,Karnataka,2024-04-13
105229,Raj Nair,Male,38,Gurugram,Haryana,2022-04-17
105230,Sneha Joshi,Female,49,Hyderabad,Telangana,2024-02-29
105231,Arjun Nair,Female,39,Jaipur,Rajasthan,2023-02-06
105232,Vivaan Das,Male,29,Bengaluru,Karnataka,2023-10-24
105233,Aditi Patel,Female,31,Pune,Maharashtra,2024-11-14
105234,Riya Kumar,Male,25,Bengaluru,Karnataka,2023-12-20
105235,Arjun Sharma,Female,40,Delhi,Delhi,2023-03-29
105236,Arjun Agarwal,Male,37,Mumbai,Maharashtra,2022-02-08
105237,Raj Malhotra,Female,27,Bengaluru,Karnataka,2022-06-23
105238,Aarav Agarwal,Female,23,Coimbatore,Tamil Nadu,2022-02-14
105239,Ananya Singh,Male,20,Coimbatore,Tamil Nadu,2022-06-12
105240,Meera Malhotra,Male,41,Gurugram,Haryana,2022-10-17
105241,Kavya Das,Female,33,Mumbai,Maharashtra,2024-06-18
105242,Pooja Singh,Male,34,Hyderabad,Telangana,2024-02-12
105243,Aditi Patel,Female,25,Hyderabad,Telangana,2023-11-14
105244,Raj Reddy,Female,19,Hyderabad,Telangana,2022-06-22
105245,Meera Reddy,Female,41,Delhi,Delhi,2023-03-03
105246,Rahul Nair,Female,32,Chennai,Tamil Nadu,2022-01-04
105247,Priya Joshi,Female,40,Delhi,Delhi,2023-08-26
105248,Vikram Verma,Female,29,Noida,Uttar Pradesh,2024-10-28
105249,Ananya Joshi,Male,30,Lucknow,Uttar Pradesh,2024-01-26
105250,Meera Singh,Male,38,Bengaluru,Karnataka,2022-10-29
105251,Aditi Agarwal,Male,39,Jaipur,Rajasthan,2024-09-29
105252,Arjun Gupta,Female,39,Mumbai,Maharashtra,2024-07-30
105253,Sneha Das,Female,29,Bengaluru,Karnataka,2023-12-19
105254,Sneha Verma,Male,38,Bengaluru,Karnataka,2024-12-09
105255,Aditya Sharma,Female,42,Noida,Uttar Pradesh,2024-02-10
105256,Sneha Mishra,Male,31,Mumbai,Maharashtra,2024-08-30
105257,Rahul Agarwal,Male,27,Chennai,Tamil Nadu,2022-04-10
105258,Karan Agarwal,Female,44,Mumbai,Maharashtra,2023-03-19
105259,Aditya Kumar,Male,26,Bengaluru,Karnataka,2024-03-04
105260,Riya Mehta,Female,38,Mumbai,Maharashtra,2023-11-02
105261,Meera Joshi,Male,31,Jaipur,Rajasthan,2024-04-29
105262,Riya Iyer,Female,18,Chennai,Tamil Nadu,2022-10-28
105263,Priya Das,Female,42,Lucknow,Uttar Pradesh,2022-04-16
105264,Aman Malhotra,Male,18,Mumbai,Maharashtra,2023-02-02
105265,Isha Reddy,Female,18,Delhi,Delhi,2024-05-15
105266,Sneha Agarwal,Female,37,Jaipur,Rajasthan,2023-03-18
105267,Isha Nair,Male,37,Delhi,Delhi,2023-06-04
105268,Sneha Das,Male,26,Mumbai,Maharashtra,2023-09-15
105269,Rohan Gupta,Female,33,Bengaluru,Karnataka,2023-07-31
105270,Riya Gupta,Male,18,Ahmedabad,Gujarat,2023-03-09
105271,Isha Nair,Male,38,Kolkata,West Bengal,2023-06-13
105272,Neha Gupta,Male,34,Mumbai,Maharashtra,2024-04-05
105273,Riya Das,Male,32,Kolkata,West Bengal,2024-11-07
105274,Riya Verma,Female,32,Lucknow,Uttar Pradesh,2024-02-13
105275,Karan Agarwal,Male,36,Hyderabad,Telangana,2023-05-16
105276,Isha Sharma,Male,32,Mumbai,Maharashtra,2023-04-22
105277,Rohan Joshi,Male,18,Jaipur,Rajasthan,2022-08-03
105278,Aditi Mishra,Male,52,Kolkata,West Bengal,2022-05-28
105279,Arjun Malhotra,Female,43,Delhi,Delhi,2022-11-05
105280,Sneha Verma,Male,20,Jaipur,Rajasthan,2023-02-06
105281,Arjun Kumar,Other,29,Pune,Maharashtra,2023-04-01
105282,Meera Patel,Male,30,Ahmedabad,Gujarat,2024-01-30
105283,Vivaan Joshi,Male,42,Mumbai,Maharashtra,2024-06-19
105284,Rahul Verma,Female,18,Bengaluru,Karnataka,2024-05-13
105285,Aditi Patel,Male,28,Chennai,Tamil Nadu,2022-07-01
105286,Aditi Patel,Female,18,Pune,Maharashtra,2024-09-03
105287,Raj Agarwal,Other,29,Hyderabad,Telangana,2022-04-08
105288,Aarav Iyer,Male,28,Ahmedabad,Gujarat,2024-07-07
105289,Rahul Gupta,Male,33,Chennai,Tamil Nadu,2023-03-27
105290,Meera Mehta,Female,27,Lucknow,Uttar Pradesh,2022-09-12
105291,Vivaan Mishra,Male,25,Mumbai,Maharashtra,2024-07-03
105292,Raj Mishra,Male,38,Lucknow,Uttar Pradesh,2023-09-10
105293,Raj Singh,Male,36,Pune,Maharashtra,2023-07-28
105294,Rohan Das,Male,37,Delhi,Delhi,2024-01-02
105295,Isha Sharma,Female,30,Mumbai,Maharashtra,2024-08-02
105296,Arjun Joshi,Male,27,Delhi,Delhi,2024-08-03
105297,Aditi Verma,Male,31,Pune,Maharashtra,2024-05-26
105298,Vivaan Mehta,Female,37,Bengaluru,Karnataka,2022-12-21
105299,Isha Malhotra,Male,18,Nagpur,Maharashtra,2024-04-26
105300,Raj Malhotra,Male,36,Surat,Gujarat,2022-10-06
105301,Neha Mishra,Female,35,Gurugram,Haryana,2024-03-05
105302,Ananya Iyer,Male,33,Pune,Maharashtra,2023-05-17
105303,Priya Agarwal,Female,31,Noida,Uttar Pradesh,2024-03-14
105304,Pooja Gupta,Female,18,Bengaluru,Karnataka,2024-06-29
105305,Rahul Joshi,Male,28,Chennai,Tamil Nadu,2023-10-04
105306,Neha Iyer,Female,48,Hyderabad,Telangana,2022-03-26
105307,Neha Reddy,Male,32,Mumbai,Maharashtra,2024-11-09
105308,Neha Gupta,Male,29,Delhi,Delhi,2024-09-27
105309,Ananya Verma,Female,32,Chennai,Tamil Nadu,2024-10-12
105310,Pooja Reddy,Female,35,Delhi,Delhi,2023-06-27
105311,Pooja Mehta,Male,38,Lucknow,Uttar Pradesh,2024-10-12
105312,Priya Singh,Female,30,Patna,Bihar,2024-02-06
105313,Priya Kumar,Female,36,Mumbai,Maharashtra,2023-07-13
105314,Kavya Sharma,Female,47,Pune,Maharashtra,2023-08-11
105315,Neha Nair,Female,41,Ahmedabad,Gujarat,2023-05-06
105316,Aman Reddy,Male,53,Bengaluru,Karnataka,2023-08-08
105317,Aditya Das,Male,26,Patna,Bihar,2024-10-25
105318,Rohan Nair,Female,47,Indore,Madhya Pradesh,2023-11-16
105319,Aarav Malhotra,Male,25,Delhi,Delhi,2022-10-11
105320,Raj Joshi,Female,35,Delhi,Delhi,2023-12-27
105321,Arjun Reddy,Male,39,Coimbatore,Tamil Nadu,2023-01-25
105322,Kavya Verma,Male,27,Kochi,Kerala,2024-07-02
105323,Karan Malhotra,Male,33,Hyderabad,Telangana,2024-07-30
105324,Kavya Malhotra,Other,40,Delhi,Delhi,2023-06-04
105325,Vivaan Malhotra,Male,26,Kolkata,West Bengal,2022-02-26
105326,Riya Singh,Female,47,Bengaluru,Karnataka,2023-05-07
105327,Isha Joshi,Male,20,Chandigarh,Chandigarh,2024-09-02
105328,Aarav Verma,Male,49,Noida,Uttar Pradesh,2024-03-08
105329,Kavya Gupta,Male,41,Jaipur,Rajasthan,2024-08-11
105330,Aarav Patel,Female,31,,,2024-05-09
105331,Karan Singh,Male,28,Lucknow,Uttar Pradesh,2024-08-31
105332,Meera Agarwal,Male,27,Bengaluru,Karnataka,2023-07-31
105333,Aditya Iyer,Male,31,Delhi,Delhi,2022-02-21
105334,Kavya Malhotra,Male,32,Pune,Maharashtra,2023-06-28
105335,Ananya Mehta,Female,43,Pune,Maharashtra,2022-11-04
105336,Meera Sharma,Female,50,Ahmedabad,Gujarat,2022-02-16
105337,Isha Das,Male,34,Surat,Gujarat,2024-09-10
105338,Aarav Kumar,Female,24,Bengaluru,Karnataka,2024-05-12
105339,Sneha Gupta,Female,27,Hyderabad,Telangana,2024-08-14
105340,Sneha Sharma,Male,30,Pune,Maharashtra,2023-12-28
105341,Riya Kumar,Female,23,Bengaluru,Karnataka,2022-06-14
105342,Priya Patel,Female,21,Ahmedabad,Gujarat,2023-09-24
105343,Aditya Verma,Male,51,Chennai,Tamil Nadu,2024-06-30
105344,Arjun Joshi,Male,35,Patna,Bihar,2023-12-20
105345,Rohan Patel,Female,25,Jaipur,Rajasthan,2023-02-14
105346,Rahul Gupta,Female,39,Mumbai,Maharashtra,2023-09-03
105347,Aman Iyer,Male,21,Mumbai,Maharashtra,2022-06-30
105348,Aditya Gupta,Male,22,Hyderabad,Telangana,2022-06-05
105349,Raj Mehta,Male,25,Bengaluru,Karnataka,2023-10-12
105350,Rohan Sharma,Female,47,Hyderabad,Telangana,2024-08-22
105351,Pooja Kumar,Female,30,Mumbai,Maharashtra,2023-03-02
105352,Rohan Sharma,Other,18,Coimbatore,Tamil Nadu,2023-03-02
105353,Vivaan Patel,Male,43,Mumbai,Maharashtra,2022-05-02
105354,Priya Verma,Female,29,Jaipur,Rajasthan,2022-04-30
105355,Ananya Gupta,Female,18,Delhi,Delhi,2022-03-08
105356,Sneha Mishra,Male,29,Hyderabad,Telangana,2022-04-06
105357,Ananya Patel,Male,37,Bengaluru,Karnataka,2023-07-23
105358,Priya Das,Female,36,Hyderabad,Telangana,2022-03-10
105359,Arjun Sharma,Female,48,Pune,Maharashtra,2024-04-17
105360,Karan Singh,Female,24,Kolkata,West Bengal,2024-02-03
105361,Pooja Malhotra,Female,32,Chennai,Tamil Nadu,2024-03-26
105362,Vikram Agarwal,Male,26,Kolkata,West Bengal,2024-01-02
105363,Riya Iyer,Female,18,Surat,Gujarat,2024-11-02
105364,Riya Mehta,Female,40,Indore,Madhya Pradesh,2022-11-04
105365,Arjun Patel,Female,36,Ahmedabad,Gujarat,2023-05-11
105366,Vivaan Kumar,Other,35,Delhi,Delhi,2023-08-18
105367,Neha Joshi,Female,36,Kochi,Kerala,2023-06-24
105368,Sneha Verma,Male,26,Chandigarh,Chandigarh,2023-12-05
105369,Isha Sharma,Female,23,Lucknow,Uttar Pradesh,2023-05-16
105370,Sneha Reddy,Male,32,Pune,Maharashtra,2024-12-11
105371,Vikram Mishra,Male,42,Mumbai,Maharashtra,2023-11-15
105372,Aarav Patel,Male,46,Ahmedabad,Gujarat,2024-05-15
105373,Kavya Malhotra,Male,39,Indore,Madhya Pradesh,2024-01-19
105374,Arjun Singh,Female,32,Jaipur,Rajasthan,2023-05-19
105375,Kavya Reddy,Male,34,Kolkata,West Bengal,2023-12-02
105376,Rahul Patel,Female,32,Mumbai,Maharashtra,2023-01-05
105377,Meera Mehta,Female,23,Bengaluru,Karnataka,2023-02-15
105378,Neha Verma,Male,32,Lucknow,Uttar Pradesh,2022-09-24
105379,Riya Singh,Female,20,Delhi,Delhi,2024-04-22
105380,Rahul Kumar,Male,31,Kolkata,West Bengal,2024-05-30
105381,Kavya Gupta,Male,47,Ahmedabad,Gujarat,2022-03-07
105382,Vikram Joshi,Female,39,Bengaluru,Karnataka,2022-01-28
105383,Sneha Mishra,Male,24,Delhi,Delhi,2022-03-17
105384,Kavya Agarwal,Male,31,Gurugram,Haryana,2023-06-17
105385,Vivaan Sharma,Female,24,Mumbai,Maharashtra,2024-08-13
105386,Neha Das,Female,31,Hyderabad,Telangana,2022-03-01
105387,Pooja Patel,Male,41,Lucknow,Uttar Pradesh,2022-06-11
105388,Rohan Sharma,Female,38,Gurugram,Haryana,2022-05-24
105389,Vivaan Mishra,Female,54,Surat,Gujarat,2022-05-03
105390,Isha Patel,Female,43,Chennai,Tamil Nadu,2023-05-18
105391,Pooja Patel,Male,34,Pune,Maharashtra,2023-09-23
105392,Priya Kumar,Female,38,Surat,Gujarat,2024-01-11
105393,Karan Malhotra,Female,30,Chennai,Tamil Nadu,2024-05-13
105394,Riya Patel,Female,22,Chennai,Tamil Nadu,2022-06-09
105395,Vivaan Gupta,Female,44,Hyderabad,Telangana,2022-06-11
105396,Kavya Malhotra,Male,41,Hyderabad,Telangana,2024-10-24
105397,Aditya Patel,Male,30,Pune,Maharashtra,2024-03-28
105398,Aditya Mehta,Male,34,Bengaluru,Karnataka,2023-10-06
105399,Arjun Das,Male,43,Bengaluru,Karnataka,2022-06-14
105400,Rahul Nair,Female,40,Nagpur,Maharashtra,2022-06-27
105401,Kavya Patel,Male,19,Bengaluru,Karnataka,2022-07-28
105402,Sneha Singh,Female,34,Bengaluru,Karnataka,2023-10-14
105403,Pooja Joshi,Female,30,Bengaluru,Karnataka,2024-10-25
105404,Ananya Mishra,Male,42,Chennai,Tamil Nadu,2023-03-17
105405,Ananya Reddy,Male,41,Bhopal,Madhya Pradesh,2024-07-06
105406,Aman Iyer,Female,44,Noida,Uttar Pradesh,2023-07-21
105407,Neha Patel,Female,22,Gurugram,Haryana,2024-04-02
105408,Vikram Reddy,Male,25,Surat,Gujarat,2024-05-23
105409,Ananya Kumar,Male,42,Patna,Bihar,2022-06-06
105410,Karan Agarwal,Female,27,Mumbai,Maharashtra,2023-10-01
105411,Pooja Kumar,Female,18,Pune,Maharashtra,2023-09-20
105412,Aarav Mishra,Male,37,Hyderabad,Telangana,2024-08-21
105413,Rahul Reddy,Female,27,Hyderabad,Telangana,2024-07-07
105414,Aarav Malhotra,Male,48,Jaipur,Rajasthan,2024-05-20
105415,Isha Sharma,Male,35,Hyderabad,Telangana,2022-07-10
105416,Aarav Reddy,Male,33,Kolkata,West Bengal,2024-11-11
105417,Rohan Mehta,Male,29,Hyderabad,Telangana,2024-04-16
105418,Kavya Mishra,Male,46,Bengaluru,Karnataka,2024-11-12
105419,Isha Iyer,Female,35,Bengaluru,Karnataka,2024-09-24
105420,Priya Joshi,Male,28,Noida,Uttar Pradesh,2022-01-01
105421,Aditya Iyer,Male,25,Kolkata,West Bengal,2023-07-29
105422,Aditya Joshi,Male,31,Coimbatore,Tamil Nadu,2024-08-03
105423,Aarav Mishra,Female,23,Gurugram,Haryana,2024-04-22
105424,Neha Reddy,Male,41,Pune,Maharashtra,2024-03-29
105425,Arjun Kumar,Male,18,Mumbai,Maharashtra,2024-02-25
105426,Priya Das,Female,31,Jaipur,Rajasthan,2022-10-29
105427,Pooja Kumar,Other,37,Lucknow,Uttar Pradesh,2022-02-02
105428,Priya Gupta,Male,35,Pune,Maharashtra,2024-02-03
105429,Aarav Verma,Female,26,Mumbai,Maharashtra,2022-09-30
105430,Neha Kumar,Female,38,Chennai,Tamil Nadu,2024-01-26
105431,Karan Agarwal,Female,24,Bengaluru,Karnataka,2024-04-07
105432,Aarav Singh,Male,32,Chandigarh,Chandigarh,2023-12-04
105433,Aarav Iyer,Female,38,Kolkata,West Bengal,2024-02-07
105434,Aman Reddy,Male,36,Bengaluru,Karnataka,2022-02-04
105435,Aditi Singh,Female,26,Mumbai,Maharashtra,2024-12-14
105436,Aditya Das,Female,43,Lucknow,Uttar Pradesh,2022-05-19
105437,Pooja Reddy,Male,33,Lucknow,Uttar Pradesh,2023-07-20
105438,Raj Iyer,Female,39,Kolkata,West Bengal,2022-12-03
105439,Vikram Singh,Male,46,Kolkata,West Bengal,2023-04-22
105440,Isha Kumar,Female,42,Kolkata,West Bengal,2023-04-20
105441,Vivaan Patel,Male,42,Bengaluru,Karnataka,2022-01-08
105442,Isha Mishra,Male,34,Chandigarh,Chandigarh,2023-01-05
105443,Pooja Singh,Male,39,Pune,Maharashtra,2023-01-16
105444,Aarav Singh,Female,34,Delhi,Delhi,2024-10-13
105445,Priya Verma,Male,21,Bengaluru,Karnataka,2024-05-15
105446,Aman Malhotra,Male,35,Delhi,Delhi,2023-08-09
105447,Riya Agarwal,Male,34,Bengaluru,Karnataka,2022-02-05
105448,Rohan Joshi,Female,37,Kolkata,West Bengal,2023-10-09
105449,Karan Reddy,Female,31,Delhi,Delhi,2023-07-24
105450,Meera Reddy,Male,25,Indore,Madhya Pradesh,2024-09-12
105451,Pooja Malhotra,Male,38,Kolkata,West Bengal,2023-05-11
105452,Rohan Verma,Male,20,Bengaluru,Karnataka,2024-12-31
105453,Meera Gupta,Male,45,Bengaluru,Karnataka,2024-05-14
105454,Aditya Gupta,Male,30,Pune,Maharashtra,2022-12-24
105455,Aman Mishra,Female,34,Mumbai,Maharashtra,2022-11-15
105456,Meera Das,Male,37,Delhi,Delhi,2022-05-18
105457,Vikram Mishra,Male,37,Delhi,Delhi,2023-06-03
105458,Riya Nair,Male,19,Bengaluru,Karnataka,2022-04-23
105459,Aman Singh,Female,39,Delhi,Delhi,2023-12-28
105460,Aarav Nair,Female,35,Delhi,Delhi,2022-05-18
105461,Kavya Malhotra,Female,26,Surat,Gujarat,2023-03-19
105462,Aman Reddy,Male,25,Bengaluru,Karnataka,2022-06-30
105463,Kavya Mishra,Male,29,Pune,Maharashtra,2024-12-25
105464,Neha Sharma,Male,20,Mumbai,Maharashtra,2024-03-06
105465,Sneha Reddy,Male,48,Delhi,Delhi,2024-02-10
105466,Vivaan Das,Female,45,Ahmedabad,Gujarat,2022-03-08
105467,Ananya Mehta,Female,36,Delhi,Delhi,2023-09-24
105468,Sneha Patel,Female,30,Delhi,Delhi,2024-09-19
105469,Arjun Reddy,Female,30,Chennai,Tamil Nadu,2023-09-22
105470,Riya Agarwal,Male,39,Delhi,Delhi,2024-07-12
105471,Isha Kumar,Female,48,Hyderabad,Telangana,2023-05-14
105472,Riya Iyer,Male,27,Bengaluru,Karnataka,2023-03-13
105473,Vivaan Mishra,Male,22,Bengaluru,Karnataka,2022-07-04
105474,Vikram Sharma,Female,46,Delhi,Delhi,2023-06-03
105475,Aman Mishra,Male,18,Kochi,Kerala,2024-07-18
105476,Sneha Joshi,Male,23,Pune,Maharashtra,2024-10-21
105477,Neha Kumar,Male,30,Chennai,Tamil Nadu,2023-11-27
105478,Aarav Mehta,Female,18,Jaipur,Rajasthan,2022-12-10
105479,Karan Kumar,Female,42,Noida,Uttar Pradesh,2023-06-19
105480,Aditya Mishra,Male,40,Kolkata,West Bengal,2024-07-21
105481,Meera Iyer,Female,27,Ahmedabad,Gujarat,2023-09-05
105482,Aarav Nair,Male,44,,,2023-09-12
105483,Vikram Nair,Male,45,Hyderabad,Telangana,2022-09-20
105484,Sneha Verma,Female,31,Gurugram,Haryana,2022-01-06
105485,Vikram Singh,Female,28,Surat,Gujarat,2023-01-20
105486,Rohan Kumar,Other,52,Mumbai,Maharashtra,2023-11-02
105487,Raj Verma,Male,38,Chennai,Tamil Nadu,2023-06-22
105488,Arjun Sharma,Female,34,Jaipur,Rajasthan,2023-08-01
105489,Isha Mehta,Female,44,Delhi,Delhi,2022-07-31
105490,Aarav Malhotra,Female,35,Patna,Bihar,2022-02-04
105491,Ananya Das,Male,27,Pune,Maharashtra,2022-12-07
105492,Aman Singh,Female,33,Jaipur,Rajasthan,2023-04-08
105493,Arjun Agarwal,Female,41,Mumbai,Maharashtra,2024-10-30
105494,Vikram Kumar,Male,18,Bengaluru,Karnataka,2024-09-11
105495,Vivaan Das,Male,29,Delhi,Delhi,2023-04-08
105496,Ananya Joshi,Male,44,Bengaluru,Karnataka,2024-01-02
105497,Vikram Verma,Female,27,Pune,Maharashtra,2022-06-18
105498,Pooja Malhotra,Female,46,Gurugram,Haryana,2024-04-12
105499,Neha Iyer,Female,45,Chennai,Tamil Nadu,2024-04-27
105500,Arjun Reddy,Female,31,Mumbai,Maharashtra,2023-09-28
105501,Neha Malhotra,Female,27,Delhi,Delhi,2024-10-14
105502,Arjun Verma,Male,29,Kolkata,West Bengal,2024-09-08
105503,Vivaan Mishra,Male,56,Hyderabad,Telangana,2023-09-12
105504,Vivaan Mehta,Female,49,Nagpur,Maharashtra,2022-07-15
105505,Ananya Mishra,Male,33,Noida,Uttar Pradesh,2023-02-22
105506,Aditya Iyer,Male,27,Noida,Uttar Pradesh,2022-07-04
105507,Rahul Sharma,Female,33,Delhi,Delhi,2023-02-21
105508,Neha Sharma,Male,34,Noida,Uttar Pradesh,2024-01-21
105509,Raj Malhotra,Male,21,Mumbai,Maharashtra,2022-06-06
105510,Sneha Verma,Male,33,Chennai,Tamil Nadu,2024-11-01
105511,Arjun Reddy,Male,44,Hyderabad,Telangana,2023-01-20
105512,Vivaan Joshi,Female,18,Chennai,Tamil Nadu,2022-01-18
105513,Vivaan Patel,Female,39,Mumbai,Maharashtra,2022-10-17
105514,Priya Mehta,Female,44,Pune,Maharashtra,2023-12-29
105515,Arjun Malhotra,Male,27,Delhi,Delhi,2024-11-18
105516,Sneha Singh,Female,47,Delhi,Delhi,2024-02-05
105517,Pooja Iyer,Female,26,Jaipur,Rajasthan,2023-02-05
105518,Pooja Sharma,Female,36,Kochi,Kerala,2023-07-02
105519,Neha Mehta,Male,29,Noida,Uttar Pradesh,2024-05-06
105520,Neha Iyer,Female,29,Pune,Maharashtra,2023-10-14
105521,Sneha Mishra,Female,26,Delhi,Delhi,2024-12-30
105522,Pooja Malhotra,Female,38,Delhi,Delhi,2022-06-10
105523,Arjun Kumar,Female,40,Mumbai,Maharashtra,2023-12-17
105524,Aarav Agarwal,Male,31,Coimbatore,Tamil Nadu,2023-03-07
105525,Riya Kumar,Female,20,Hyderabad,Telangana,2024-12-15
105526,Meera Singh,Male,36,Gurugram,Haryana,2024-01-17
105527,Arjun Verma,Female,36,Lucknow,Uttar Pradesh,2022-12-10
105528,Aarav Malhotra,Male,30,Kolkata,West Bengal,2022-09-01
105529,Aditya Malhotra,Male,49,Kochi,Kerala,2024-09-28
105530,Karan Mishra,Male,18,Mumbai,Maharashtra,2023-11-03
105531,Meera Gupta,Female,18,Pune,Maharashtra,2023-12-05
105532,Riya Patel,Male,25,Surat,Gujarat,2022-04-29
105533,Aditi Mehta,Female,38,Chennai,Tamil Nadu,2024-12-06
105534,Isha Nair,Female,22,Mumbai,Maharashtra,2023-09-14
105535,Pooja Agarwal,Male,23,Mumbai,Maharashtra,2022-06-05
105536,Rohan Singh,Male,41,Ahmedabad,Gujarat,2022-12-16
105537,Rahul Iyer,Male,36,Delhi,Delhi,2024-02-08
105538,Vivaan Sharma,Female,35,Patna,Bihar,2023-11-08
105539,Rahul Patel,Female,39,Delhi,Delhi,2024-01-10
105540,Meera Mehta,Male,28,Kolkata,West Bengal,2024-11-28
105541,Riya Reddy,Male,29,Kolkata,West Bengal,2022-08-15
105542,Aditi Patel,Female,39,Chennai,Tamil Nadu,2024-02-11
105543,Meera Mishra,Female,20,Pune,Maharashtra,2024-08-01
105544,Kavya Iyer,Female,18,Surat,Gujarat,2023-12-08
105545,Rahul Gupta,Female,28,Jaipur,Rajasthan,2022-12-31
105546,Isha Patel,Male,40,Noida,Uttar Pradesh,2023-03-17
105547,Pooja Kumar,Male,34,Delhi,Delhi,2023-02-25
105548,Raj Kumar,Male,40,Delhi,Delhi,2022-07-18
105549,Aarav Joshi,Male,18,Delhi,Delhi,2023-03-28
105550,Meera Reddy,Male,35,Mumbai,Maharashtra,2023-09-30
105551,Rahul Sharma,Male,38,Jaipur,Rajasthan,2024-12-26
105552,Vikram Joshi,Male,20,Pune,Maharashtra,2022-07-07
105553,Kavya Das,Female,40,Ahmedabad,Gujarat,2022-03-26
105554,Vivaan Mehta,Female,31,Mumbai,Maharashtra,2022-04-24
105555,Aditi Singh,Female,60,Hyderabad,Telangana,2023-02-06
105556,Karan Reddy,Female,18,Indore,Madhya Pradesh,2024-12-27
105557,Karan Iyer,Male,44,Chandigarh,Chandigarh,2022-05-14
105558,Aditya Kumar,Female,28,Patna,Bihar,2023-06-13
105559,Karan Reddy,Male,18,Gurugram,Haryana,2024-02-28
105560,Isha Nair,Female,27,Lucknow,Uttar Pradesh,2023-01-23
105561,Neha Malhotra,Male,34,Patna,Bihar,2023-06-15
105562,Ananya Das,Other,41,Lucknow,Uttar Pradesh,2022-09-18
105563,Meera Malhotra,Male,47,Kochi,Kerala,2022-12-21
105564,Ananya Malhotra,Male,45,Delhi,Delhi,2023-10-01
105565,Raj Mehta,Female,23,Patna,Bihar,2022-11-18
105566,Ananya Gupta,Male,42,Chennai,Tamil Nadu,2022-07-30
105567,Arjun Agarwal,Female,36,Delhi,Delhi,2024-01-28
105568,Vivaan Agarwal,Female,26,Mumbai,Maharashtra,2024-08-06
105569,Vikram Mishra,Female,30,Surat,Gujarat,2023-05-11
105570,Aarav Reddy,Female,26,Pune,Maharashtra,2022-04-17
105571,Vikram Nair,Female,32,Nagpur,Maharashtra,2022-07-28
105572,Vikram Agarwal,Male,25,Delhi,Delhi,2022-12-22
105573,Pooja Singh,Female,23,Hyderabad,Telangana,2022-05-10
105574,Vikram Agarwal,Female,36,Bengaluru,Karnataka,2024-11-20
105575,Ananya Iyer,Female,38,Pune,Maharashtra,2023-10-06
105576,Priya Singh,Male,30,Kolkata,West Bengal,2022-11-13
105577,Priya Gupta,Female,44,Jaipur,Rajasthan,2024-08-25
105578,Aarav Kumar,Other,30,Delhi,Delhi,2023-01-31
105579,Aarav Verma,Female,29,Delhi,Delhi,2023-08-28
105580,Aditi Sharma,Male,38,Delhi,Delhi,2022-07-05
105581,Kavya Verma,Male,31,Surat,Gujarat,2022-06-28
105582,Rahul Patel,Male,33,Bengaluru,Karnataka,2023-08-29
105583,Neha Singh,Female,18,Hyderabad,Telangana,2024-04-02
105584,Meera Mishra,Female,32,Hyderabad,Telangana,2022-06-30
105585,Aditi Sharma,Male,18,Surat,Gujarat,2023-02-07
105586,Aarav Singh,Male,21,Delhi,Delhi,2023-05-26
105587,Karan Patel,Male,20,Delhi,Delhi,2022-06-21
105588,Rohan Singh,Male,23,Jaipur,Rajasthan,2023-11-12
105589,Aman Nair,Female,27,Kochi,Kerala,2023-12-31
105590,Rohan Kumar,Female,28,Kolkata,West Bengal,2024-01-13
105591,Kavya Singh,Male,38,Bengaluru,Karnataka,2023-02-05
105592,Rohan Singh,Female,34,Pune,Maharashtra,2022-04-21
105593,Aarav Gupta,Male,18,Coimbatore,Tamil Nadu,2022-05-09
105594,Aman Mishra,Female,33,Chennai,Tamil Nadu,2023-10-19
105595,Arjun Sharma,Male,35,Hyderabad,Telangana,2023-04-03
105596,Rahul Mehta,Male,29,Hyderabad,Telangana,2022-03-21
105597,Arjun Kumar,Male,31,Coimbatore,Tamil Nadu,2023-01-24
105598,Karan Patel,Female,34,Lucknow,Uttar Pradesh,2022-05-01
105599,Neha Singh,Female,39,Lucknow,Uttar Pradesh,2023-09-22
105600,Aditi Iyer,Female,18,Mumbai,Maharashtra,2023-08-31
105601,Aditi Reddy,Male,30,Chennai,Tamil Nadu,2022-01-22
105602,Rohan Joshi,Male,46,Bengaluru,Karnataka,2024-07-10
105603,Pooja Mishra,Male,45,Mumbai,Maharashtra,2024-06-22
105604,Sneha Mishra,Female,40,Indore,Madhya Pradesh,2024-12-27
105605,Aditya Verma,Male,37,Hyderabad,Telangana,2022-06-30
105606,Rahul Mishra,Female,47,Bengaluru,Karnataka,2022-07-24
105607,Rahul Iyer,Female,49,Chandigarh,Chandigarh,2022-04-08
105608,Karan Singh,Female,31,Mumbai,Maharashtra,2024-04-14
105609,Kavya Mehta,Male,23,Ahmedabad,Gujarat,2024-01-09
105610,Aditi Kumar,Male,30,Jaipur,Rajasthan,2023-09-13
105611,Pooja Mehta,Male,60,Patna,Bihar,2023-10-03
105612,Vikram Mishra,Female,18,Gurugram,Haryana,2023-10-17
105613,Vivaan Iyer,Female,28,Lucknow,Uttar Pradesh,2024-07-24
105614,Pooja Malhotra,Male,19,Bengaluru,Karnataka,2024-04-13
105615,Karan Das,Male,33,Pune,Maharashtra,2024-06-04
105616,Kavya Patel,Female,21,Chandigarh,Chandigarh,2023-05-02
105617,Rahul Kumar,Female,31,Delhi,Delhi,2023-09-18
105618,Vikram Sharma,Male,18,Noida,Uttar Pradesh,2023-10-29
105619,Aman Das,Female,38,Mumbai,Maharashtra,2023-09-14
105620,Rahul Das,Male,43,Mumbai,Maharashtra,2022-09-03
105621,Riya Malhotra,Male,29,Mumbai,Maharashtra,2023-01-12
105622,Isha Singh,Female,31,Delhi,Delhi,2022-07-21
105623,Aditya Iyer,Female,31,Nagpur,Maharashtra,2022-10-17
105624,Isha Iyer,Female,34,Indore,Madhya Pradesh,2024-04-12
105625,Pooja Verma,Male,32,Pune,Maharashtra,2023-07-01
105626,Rohan Joshi,Female,39,Lucknow,Uttar Pradesh,2023-11-30
105627,Priya Iyer,Male,43,Chennai,Tamil Nadu,2022-11-09
105628,Riya Kumar,Male,25,Gurugram,Haryana,2022-04-23
105629,Isha Joshi,Female,29,Surat,Gujarat,2024-05-03
105630,Neha Gupta,Male,40,Mumbai,Maharashtra,2023-09-21
105631,Ananya Nair,Female,19,Pune,Maharashtra,2022-06-18
105632,Aditi Joshi,Female,18,Kolkata,West Bengal,2022-07-30
105633,Isha Nair,Male,34,Coimbatore,Tamil Nadu,2022-02-16
105634,Isha Agarwal,Male,36,Jaipur,Rajasthan,2024-05-08
105635,Aman Malhotra,Male,25,Bhopal,Madhya Pradesh,2022-08-03
105636,Priya Reddy,Male,27,Surat,Gujarat,2024-02-23
105637,Meera Reddy,Female,25,Chennai,Tamil Nadu,2024-02-19
105638,Vivaan Singh,Female,24,Indore,Madhya Pradesh,2022-07-11
105639,Vikram Mishra,Male,38,Hyderabad,Telangana,2022-02-05
105640,Karan Agarwal,Male,21,Hyderabad,Telangana,2022-05-01
105641,Vikram Mehta,Female,30,Noida,Uttar Pradesh,2024-12-14
105642,Karan Patel,Female,24,Mumbai,Maharashtra,2022-09-29
105643,Sneha Mishra,Male,19,Bengaluru,Karnataka,2022-11-24
105644,Priya Malhotra,Male,40,Kolkata,West Bengal,2023-05-28
105645,Rohan Mishra,Female,27,Hyderabad,Telangana,2022-10-02
105646,Aditi Patel,Male,34,Chandigarh,Chandigarh,2022-09-10
105647,Kavya Verma,Male,18,Kochi,Kerala,2024-04-08
105648,Rahul Iyer,Female,25,Pune,Maharashtra,2022-10-17
105649,Aditya Patel,Female,39,Chennai,Tamil Nadu,2024-05-04
105650,Neha Joshi,Female,55,Lucknow,Uttar Pradesh,2024-10-28
105651,Aditi Singh,Female,18,Pune,Maharashtra,2022-09-15
105652,Meera Sharma,Female,30,Mumbai,Maharashtra,2022-11-08
105653,Neha Joshi,Male,36,Ahmedabad,Gujarat,2022-06-21
105654,Pooja Kumar,Male,26,Ahmedabad,Gujarat,2024-10-19
105655,Sneha Agarwal,Male,40,Mumbai,Maharashtra,2023-12-30
105656,Neha Mehta,Male,24,Gurugram,Haryana,2024-04-03
105657,Sneha Kumar,Female,33,Kolkata,West Bengal,2022-12-16
105658,Isha Kumar,Female,27,Mumbai,Maharashtra,2024-02-20
105659,Aman Mehta,Female,43,Jaipur,Rajasthan,2024-02-21
105660,Aarav Gupta,Female,26,Mumbai,Maharashtra,2022-10-27
105661,Neha Singh,Male,29,Bengaluru,Karnataka,2022-03-04
105662,Aman Reddy,Male,41,Surat,Gujarat,2024-12-19
105663,Aditya Kumar,Female,23,Patna,Bihar,2023-02-01
105664,Aditya Patel,Female,33,Bengaluru,Karnataka,2023-07-09
105665,Riya Joshi,Female,18,Patna,Bihar,2024-10-13
105666,Kavya Reddy,Female,22,Mumbai,Maharashtra,2022-06-26
105667,Aditya Iyer,Female,35,Delhi,Delhi,2022-01-08
105668,Aman Mishra,Female,23,Delhi,Delhi,2022-01-23
105669,Vikram Verma,Male,27,Mumbai,Maharashtra,2023-12-09
105670,Arjun Verma,Female,36,Hyderabad,Telangana,2023-04-17
105671,Aditi Sharma,Female,27,Patna,Bihar,2022-10-12
105672,Kavya Singh,Male,39,Mumbai,Maharashtra,2023-12-22
105673,Ananya Singh,Female,34,Hyderabad,Telangana,2024-10-05
105674,Ananya Patel,Male,36,Ahmedabad,Gujarat,2022-09-23
105675,Raj Nair,Female,43,Bengaluru,Karnataka,2022-09-29
105676,Aman Singh,Male,35,Jaipur,Rajasthan,2024-07-22
105677,Pooja Gupta,Female,46,Hyderabad,Telangana,2022-04-11
105678,Kavya Mishra,Male,40,Mumbai,Maharashtra,2023-02-17
105679,Aman Sharma,Female,27,Ahmedabad,Gujarat,2022-11-20
105680,Raj Patel,Male,44,Delhi,Delhi,2022-10-26
105681,Aditi Iyer,Male,34,Bengaluru,Karnataka,2022-03-04
105682,Priya Mehta,Female,28,Bengaluru,Karnataka,2022-04-06
105683,Meera Iyer,Female,35,Pune,Maharashtra,2024-08-06
105684,Aarav Agarwal,Male,42,Jaipur,Rajasthan,2023-07-02
105685,Riya Iyer,Male,36,Pune,Maharashtra,2023-11-27
105686,Rahul Das,Female,48,Kolkata,West Bengal,2024-10-07
105687,Priya Singh,Female,42,Kolkata,West Bengal,2022-09-21
105688,Vikram Nair,Female,37,Hyderabad,Telangana,2023-06-05
105689,Karan Agarwal,Male,23,Chandigarh,Chandigarh,2023-01-27
105690,Vikram Joshi,Female,30,Kochi,Kerala,2024-08-06
105691,Meera Iyer,Male,33,Chennai,Tamil Nadu,2022-09-08
105692,Kavya Iyer,Male,38,Delhi,Delhi,2022-10-24
105693,Neha Nair,Female,38,Pune,Maharashtra,2023-12-18
105694,Neha Kumar,Female,34,Mumbai,Maharashtra,2022-06-30
105695,Aditya Kumar,Female,33,Pune,Maharashtra,2023-08-28
105696,Karan Mehta,Male,38,Mumbai,Maharashtra,2023-11-17
105697,Sneha Singh,Male,24,Lucknow,Uttar Pradesh,2023-01-17
105698,Neha Agarwal,Male,47,Delhi,Delhi,2022-04-02
105699,Kavya Sharma,Other,18,Kochi,Kerala,2023-11-10
105700,Aditi Gupta,Male,45,Mumbai,Maharashtra,2024-11-14
105701,Meera Das,Male,32,Jaipur,Rajasthan,2022-02-17
105702,Rahul Patel,Male,41,Patna,Bihar,2022-10-29
105703,Aarav Agarwal,Female,35,Mumbai,Maharashtra,2024-11-22
105704,Aditi Kumar,Male,35,Chandigarh,Chandigarh,2024-03-29
105705,Vikram Mehta,Female,37,Hyderabad,Telangana,2022-02-02
105706,Sneha Reddy,Male,39,Kochi,Kerala,2024-02-18
105707,Priya Iyer,Female,29,Coimbatore,Tamil Nadu,2022-03-31
105708,Kavya Patel,Male,41,Mumbai,Maharashtra,2023-08-13
105709,Ananya Malhotra,Female,22,Gurugram,Haryana,2022-02-28
105710,Aarav Malhotra,Female,32,Mumbai,Maharashtra,2022-12-22
105711,Vivaan Mishra,Male,40,Mumbai,Maharashtra,2023-01-08
105712,Rahul Gupta,Female,41,Delhi,Delhi,2023-06-21
105713,Ananya Malhotra,Male,36,Mumbai,Maharashtra,2022-01-27
105714,Pooja Mishra,Female,28,Kolkata,West Bengal,2024-05-07
105715,Pooja Malhotra,Female,40,Hyderabad,Telangana,2024-01-05
105716,Priya Mehta,Male,26,Noida,Uttar Pradesh,2023-09-08
105717,Karan Mehta,Male,48,Bengaluru,Karnataka,2024-09-04
105718,Aditya Joshi,Male,31,Coimbatore,Tamil Nadu,2023-06-24
105719,Priya Singh,Male,18,Delhi,Delhi,2024-07-12
105720,Isha Verma,Male,21,Delhi,Delhi,2024-03-28
105721,Ananya Malhotra,Male,32,Lucknow,Uttar Pradesh,2023-11-30
105722,Neha Reddy,Male,33,Indore,Madhya Pradesh,2022-03-27
105723,Raj Verma,Female,50,Noida,Uttar Pradesh,2022-02-17
105724,Rohan Verma,Male,23,Pune,Maharashtra,2023-06-11
105725,Kavya Gupta,Male,32,Bengaluru,Karnataka,2022-06-20
105726,Vivaan Das,Female,22,Delhi,Delhi,2024-10-26
105727,Pooja Agarwal,Male,28,Pune,Maharashtra,2024-10-31
105728,Aarav Gupta,Male,47,Pune,Maharashtra,2023-11-08
105729,Karan Verma,Male,22,Bengaluru,Karnataka,2024-06-11
105730,Priya Patel,Female,37,Chennai,Tamil Nadu,2024-03-14
105731,Karan Singh,Female,36,Lucknow,Uttar Pradesh,2023-06-16
105732,Raj Reddy,Male,32,Lucknow,Uttar Pradesh,2023-02-23
105733,Riya Verma,Female,37,Bengaluru,Karnataka,2022-03-14
105734,Neha Sharma,Female,22,Chennai,Tamil Nadu,2022-07-12
105735,Aditi Joshi,Female,47,Mumbai,Maharashtra,2024-03-07
105736,Aarav Gupta,Female,49,Delhi,Delhi,2023-11-06
105737,Ananya Das,Female,32,Noida,Uttar Pradesh,2023-12-27
105738,Sneha Mehta,Male,54,Lucknow,Uttar Pradesh,2024-06-02
105739,Rohan Verma,Male,28,Ahmedabad,Gujarat,2022-10-03
105740,Rahul Joshi,Male,36,Mumbai,Maharashtra,2023-03-28
105741,Sneha Agarwal,Female,45,Patna,Bihar,2024-11-20
105742,Aditya Mehta,Female,28,Mumbai,Maharashtra,2024-10-04
105743,Karan Gupta,Female,20,Indore,Madhya Pradesh,2024-12-23
105744,Karan Patel,Other,18,Bengaluru,Karnataka,2024-11-07
105745,Sneha Das,Male,51,Delhi,Delhi,2024-11-11
105746,Isha Gupta,Female,27,Bengaluru,Karnataka,2024-06-25
105747,Pooja Malhotra,Female,30,Mumbai,Maharashtra,2024-02-20
105748,Raj Malhotra,Female,22,Pune,Maharashtra,2023-12-13
105749,Karan Joshi,Other,41,Kochi,Kerala,2024-05-21
105750,Neha Patel,Female,25,Bengaluru,Karnataka,2023-05-02
105751,Karan Sharma,Male,28,Kolkata,West Bengal,2022-06-01
105752,Rahul Agarwal,Female,35,Indore,Madhya Pradesh,2023-02-26
105753,Aditya Das,Male,22,Kolkata,West Bengal,2024-03-08
105754,Priya Malhotra,Female,30,Bengaluru,Karnataka,2022-04-18
105755,Vikram Joshi,Female,45,Nagpur,Maharashtra,2024-05-03
105756,Ananya Mishra,Male,36,Mumbai,Maharashtra,2022-09-20
105757,Meera Mishra,Female,33,Chennai,Tamil Nadu,2022-10-10
105758,Isha Agarwal,Male,34,Noida,Uttar Pradesh,2022-02-17
105759,Neha Malhotra,Male,28,Delhi,Delhi,2022-06-30
105760,Vivaan Nair,Male,50,Lucknow,Uttar Pradesh,2022-07-20
105761,Aditya Patel,Female,25,Bengaluru,Karnataka,2023-02-01
105762,Neha Kumar,Female,34,Mumbai,Maharashtra,2024-02-22
105763,Raj Mehta,Female,33,Bengaluru,Karnataka,2022-01-19
105764,Pooja Das,Male,41,Coimbatore,Tamil Nadu,2023-07-27
105765,Rohan Mehta,Female,42,Indore,Madhya Pradesh,2024-09-14
105766,Vikram Gupta,Female,32,Mumbai,Maharashtra,2023-07-22
105767,Pooja Nair,Male,35,Delhi,Delhi,2024-07-04
105768,Sneha Agarwal,Male,35,Bengaluru,Karnataka,2022-06-13
105769,Priya Mishra,Male,18,Kolkata,West Bengal,2022-02-01
105770,Rohan Nair,Female,18,Surat,Gujarat,2023-03-15
105771,Meera Verma,Female,27,Coimbatore,Tamil Nadu,2024-11-08
105772,Priya Nair,Female,27,Ahmedabad,Gujarat,2022-02-04
105773,Vivaan Singh,Male,21,Kolkata,West Bengal,2023-03-01
105774,Rohan Patel,Female,39,Mumbai,Maharashtra,2023-11-06
105775,Kavya Patel,Male,32,Delhi,Delhi,2022-09-06
105776,Aditya Nair,Male,30,Kolkata,West Bengal,2023-06-10
105777,Karan Mishra,Female,21,Chennai,Tamil Nadu,2024-12-03
105778,Isha Mehta,Male,32,Surat,Gujarat,2023-10-23
105779,Kavya Verma,Female,18,Bengaluru,Karnataka,2023-05-19
105780,Aditi Verma,Male,31,Delhi,Delhi,2022-12-12
105781,Arjun Joshi,Female,33,Hyderabad,Telangana,2023-08-17
105782,Ananya Mehta,Male,34,Coimbatore,Tamil Nadu,2023-09-23
105783,Neha Gupta,Female,18,Noida,Uttar Pradesh,2022-05-31
105784,Aman Singh,Male,34,Delhi,Delhi,2022-09-07
105785,Riya Sharma,Male,23,Indore,Madhya Pradesh,2023-06-16
105786,Neha Sharma,Female,25,Pune,Maharashtra,2024-07-30
105787,Aditya Reddy,Male,38,Bengaluru,Karnataka,2022-04-08
105788,Neha Mehta,Female,50,Bengaluru,Karnataka,2024-01-11
105789,Ananya Nair,Other,32,Kolkata,West Bengal,2023-04-23
105790,Priya Das,Male,25,Chennai,Tamil Nadu,2023-09-23
105791,Karan Mehta,Male,34,Jaipur,Rajasthan,2024-06-21
105792,Vivaan Sharma,Female,40,Chennai,Tamil Nadu,2022-09-20
105793,Aman Verma,Female,38,Mumbai,Maharashtra,2023-05-06
105794,Rahul Kumar,Female,57,Bengaluru,Karnataka,2024-01-05
105795,Neha Agarwal,Female,26,Gurugram,Haryana,2022-07-10
105796,Neha Verma,Female,34,Jaipur,Rajasthan,2024-04-17
105797,Aditya Joshi,Male,46,Hyderabad,Telangana,2024-08-29
105798,Vikram Nair,Female,45,Mumbai,Maharashtra,2023-03-17
105799,Neha Gupta,Female,18,Delhi,Delhi,2022-04-26
105800,Isha Das,Male,32,Bengaluru,Karnataka,2023-11-10
105801,Aman Das,Male,45,Delhi,Delhi,2023-03-29
105802,Rohan Gupta,Male,58,Pune,Maharashtra,2022-09-16
105803,Aarav Malhotra,Male,38,Gurugram,Haryana,2024-03-17
105804,Arjun Gupta,Female,29,Bengaluru,Karnataka,2024-10-07
105805,Raj Verma,Male,23,Surat,Gujarat,2022-01-17
105806,Kavya Nair,Male,52,Lucknow,Uttar Pradesh,2023-06-08
105807,Priya Gupta,Male,39,Delhi,Delhi,2024-11-11
105808,Aditya Reddy,Other,24,Jaipur,Rajasthan,2024-11-24
105809,Aarav Reddy,Female,30,Mumbai,Maharashtra,2024-04-07
105810,Aman Gupta,Male,35,Jaipur,Rajasthan,2024-12-18
105811,Neha Kumar,Male,37,Mumbai,Maharashtra,2024-04-27
105812,Rohan Singh,Other,24,Hyderabad,Telangana,2023-11-11
105813,Vivaan Mishra,Female,26,Chennai,Tamil Nadu,2024-02-18
105814,Kavya Singh,Male,18,Delhi,Delhi,2022-11-02
105815,Neha Nair,Male,41,Mumbai,Maharashtra,2022-12-08
105816,Vivaan Das,Male,29,Bengaluru,Karnataka,2024-01-23
105817,Riya Reddy,Male,36,Pune,Maharashtra,2024-12-31
105818,Arjun Mehta,Female,45,Surat,Gujarat,2023-01-16
105819,Raj Agarwal,Female,34,Mumbai,Maharashtra,2022-11-22
105820,Vivaan Malhotra,Female,31,Bengaluru,Karnataka,2024-12-12
105821,Aarav Sharma,Female,34,Pune,Maharashtra,2022-12-04
105822,Priya Iyer,Male,33,Bengaluru,Karnataka,2022-01-04
105823,Karan Mishra,Female,43,Kolkata,West Bengal,2022-08-15
105824,Vikram Kumar,Female,35,Bengaluru,Karnataka,2024-12-15
105825,Vikram Singh,Male,27,Ahmedabad,Gujarat,2023-03-24
105826,Aditya Sharma,Male,41,Pune,Maharashtra,2022-11-12
105827,Sneha Sharma,Female,43,Delhi,Delhi,2023-05-18
105828,Aarav Kumar,Male,20,Kolkata,West Bengal,2024-02-04
105829,Karan Reddy,Male,46,Chennai,Tamil Nadu,2023-03-06
105830,Aditya Singh,Female,35,Bengaluru,Karnataka,2022-03-27
105831,Arjun Iyer,Other,35,Delhi,Delhi,2024-06-13
105832,Rohan Nair,Male,41,Mumbai,Maharashtra,2024-11-10
105833,Rohan Sharma,Female,27,Hyderabad,Telangana,2024-11-19
105834,Sneha Joshi,Male,41,Mumbai,Maharashtra,2023-12-04
105835,Arjun Das,Female,29,Chennai,Tamil Nadu,2024-05-24
105836,Ananya Kumar,Female,19,Lucknow,Uttar Pradesh,2023-09-03
105837,Kavya Reddy,Female,23,Surat,Gujarat,2024-05-15
105838,Karan Malhotra,Male,37,Jaipur,Rajasthan,2024-09-20
105839,Karan Mishra,Female,23,Lucknow,Uttar Pradesh,2024-04-18
105840,Kavya Mehta,Female,46,Kolkata,West Bengal,2024-10-11
105841,Sneha Verma,Male,43,Nagpur,Maharashtra,2024-10-25
105842,Vikram Singh,Male,44,Bengaluru,Karnataka,2022-02-07
105843,Arjun Kumar,Male,33,Bengaluru,Karnataka,2024-03-28
105844,Ananya Gupta,Male,34,Delhi,Delhi,2023-07-25
105845,Aarav Mehta,Female,21,Pune,Maharashtra,2023-10-26
105846,Ananya Sharma,Male,41,Delhi,Delhi,2023-03-25
105847,Priya Singh,Male,35,Bengaluru,Karnataka,2024-09-09
105848,Neha Singh,Female,37,Pune,Maharashtra,2023-07-05
105849,Aditya Reddy,Male,47,Kochi,Kerala,2023-07-29
105850,Aman Reddy,Female,27,Kochi,Kerala,2023-10-29
105851,Pooja Kumar,Male,31,Ahmedabad,Gujarat,2024-08-30
105852,Vivaan Verma,Female,35,Hyderabad,Telangana,2023-11-17
105853,Karan Mehta,Female,24,Surat,Gujarat,2022-10-28
105854,Raj Iyer,Female,30,Indore,Madhya Pradesh,2022-06-12
105855,Pooja Agarwal,Male,36,Bhopal,Madhya Pradesh,2023-04-19
105856,Arjun Nair,Female,29,Kolkata,West Bengal,2024-01-02
105857,Kavya Iyer,Male,44,Mumbai,Maharashtra,2023-02-15
105858,Meera Gupta,Male,18,Delhi,Delhi,2022-06-16
105859,Aman Verma,Male,42,Patna,Bihar,2024-09-05
105860,Pooja Kumar,Female,38,Delhi,Delhi,2023-10-23
105861,Priya Reddy,Male,27,Bengaluru,Karnataka,2023-12-07
105862,Rahul Kumar,Female,24,Pune,Maharashtra,2023-11-07
105863,Rohan Reddy,Male,18,Delhi,Delhi,2022-11-21
105864,Ananya Das,Male,25,Bhopal,Madhya Pradesh,2024-10-27
105865,Isha Verma,Female,41,Bengaluru,Karnataka,2024-09-27
105866,Ananya Sharma,Male,31,Delhi,Delhi,2023-07-17
105867,Pooja Mishra,Female,42,Nagpur,Maharashtra,2024-07-25
105868,Meera Agarwal,Male,26,Bengaluru,Karnataka,2023-07-21
105869,Priya Joshi,Female,38,Indore,Madhya Pradesh,2022-06-28
105870,Vikram Joshi,Female,26,Pune,Maharashtra,2022-05-12
105871,Meera Nair,Male,23,Jaipur,Rajasthan,2023-08-20
105872,Aarav Singh,Male,31,Mumbai,Maharashtra,2024-12-14
105873,Aarav Malhotra,Female,26,Pune,Maharashtra,2024-03-01
105874,Arjun Patel,Female,18,Bengaluru,Karnataka,2022-11-17
105875,Vikram Nair,Male,30,Kochi,Kerala,2024-05-27
105876,Sneha Iyer,Male,33,Delhi,Delhi,2024-06-27
105877,Vikram Malhotra,Female,43,Bengaluru,Karnataka,2023-10-24
105878,Aditya Sharma,Female,40,Indore,Madhya Pradesh,2022-09-04
105879,Rahul Kumar,Male,43,Pune,Maharashtra,2022-08-30
105880,Isha Patel,Male,38,Kolkata,West Bengal,2024-10-06
105881,Karan Gupta,Male,35,Jaipur,Rajasthan,2024-05-19
105882,Priya Singh,Female,21,Delhi,Delhi,2023-06-11
105883,Vivaan Singh,Male,33,Delhi,Delhi,2023-11-17
105884,Pooja Agarwal,Other,37,Chandigarh,Chandigarh,2023-04-04
105885,Ananya Gupta,Male,45,Bengaluru,Karnataka,2023-07-04
105886,Aman Kumar,Male,38,Hyderabad,Telangana,2024-04-12
105887,Vivaan Joshi,Female,43,Jaipur,Rajasthan,2023-12-30
105888,Sneha Reddy,Female,23,Mumbai,Maharashtra,2023-10-14
105889,Raj Iyer,Female,29,Ahmedabad,Gujarat,2022-05-28
105890,Aarav Singh,Male,36,Pune,Maharashtra,2024-01-04
105891,Ananya Kumar,Female,42,Surat,Gujarat,2024-06-11
105892,Vikram Singh,Female,31,Bengaluru,Karnataka,2023-09-29
105893,Kavya Sharma,Female,31,Mumbai,Maharashtra,2022-08-17
105894,Vikram Iyer,Male,38,Gurugram,Haryana,2024-04-05
105895,Vikram Malhotra,Male,22,Bengaluru,Karnataka,2024-06-21
105896,Priya Joshi,Male,46,Hyderabad,Telangana,2024-12-20
105897,Ananya Gupta,Female,24,Noida,Uttar Pradesh,2024-05-24
105898,Neha Reddy,Male,18,Kolkata,West Bengal,2023-05-02
105899,Aarav Verma,Female,32,Hyderabad,Telangana,2022-01-17
105900,Isha Verma,Female,47,Mumbai,Maharashtra,2022-04-13
105901,Karan Sharma,Female,37,Ahmedabad,Gujarat,2023-02-28
105902,Rahul Singh,Female,39,Mumbai,Maharashtra,2023-12-20
105903,Rahul Verma,Male,32,Patna,Bihar,2024-10-29
105904,Rohan Malhotra,Male,31,Mumbai,Maharashtra,2023-01-12
105905,Kavya Das,Male,18,Noida,Uttar Pradesh,2022-05-05
105906,Karan Singh,Female,18,Hyderabad,Telangana,2022-08-14
105907,Riya Verma,Male,34,Mumbai,Maharashtra,2024-03-22
105908,Sneha Nair,Female,44,Hyderabad,Telangana,2023-01-28
105909,Neha Patel,Male,35,Mumbai,Maharashtra,2022-03-19
105910,Rohan Nair,Male,38,Mumbai,Maharashtra,2022-06-25
105911,Karan Singh,Male,46,Mumbai,Maharashtra,2023-11-02
105912,Sneha Gupta,Female,35,Surat,Gujarat,2024-08-31
105913,Pooja Singh,Female,31,Delhi,Delhi,2022-11-14
105914,Raj Patel,Male,25,Coimbatore,Tamil Nadu,2022-12-20
105915,Meera Agarwal,Female,50,Delhi,Delhi,2023-07-30
105916,Karan Patel,Male,37,Jaipur,Rajasthan,2022-10-24
105917,Isha Verma,Other,24,Surat,Gujarat,2022-09-16
105918,Aditi Mehta,Female,21,Chandigarh,Chandigarh,2024-12-09
105919,Priya Gupta,Male,43,Mumbai,Maharashtra,2023-07-30
105920,Isha Agarwal,Female,23,Lucknow,Uttar Pradesh,2023-03-17
105921,Sneha Joshi,Male,49,Delhi,Delhi,2023-09-18
105922,Pooja Nair,Female,18,Bengaluru,Karnataka,2022-12-09
105923,Sneha Iyer,Male,45,Ahmedabad,Gujarat,2024-09-09
105924,Rahul Das,Female,36,Bengaluru,Karnataka,2024-02-21
105925,Isha Sharma,Male,33,Bengaluru,Karnataka,2024-04-20
105926,Priya Mehta,Female,30,Delhi,Delhi,2022-04-10
105927,Aditya Iyer,Female,49,Delhi,Delhi,2024-11-30
105928,Raj Malhotra,Female,38,Delhi,Delhi,2023-06-05
105929,Kavya Gupta,Female,24,Indore,Madhya Pradesh,2024-06-11
105930,Kavya Nair,Female,18,Delhi,Delhi,2022-04-11
105931,Rohan Patel,Male,34,Lucknow,Uttar Pradesh,2022-06-19
105932,Priya Agarwal,Male,32,Ahmedabad,Gujarat,2024-11-02
105933,Raj Agarwal,Male,18,Chennai,Tamil Nadu,2022-03-10
105934,Raj Mehta,Other,32,Ahmedabad,Gujarat,2023-07-17
105935,Kavya Malhotra,Male,27,Jaipur,Rajasthan,2022-01-17
105936,Isha Verma,Female,32,Pune,Maharashtra,2023-02-22
105937,Ananya Gupta,Female,39,Hyderabad,Telangana,2023-02-07
105938,Isha Singh,Male,45,Chandigarh,Chandigarh,2023-09-07
105939,Rahul Mishra,Male,40,Coimbatore,Tamil Nadu,2022-01-11
105940,Karan Sharma,Male,26,Jaipur,Rajasthan,2022-05-28
105941,Aarav Das,Male,35,Mumbai,Maharashtra,2023-11-15
105942,Riya Nair,Male,33,Hyderabad,Telangana,2023-03-25
105943,Aditi Agarwal,Male,20,Pune,Maharashtra,2024-06-17
105944,Priya Mishra,Female,36,Ahmedabad,Gujarat,2023-05-11
105945,Sneha Mehta,Female,49,Jaipur,Rajasthan,2024-02-07
105946,Aditi Mehta,Male,32,Pune,Maharashtra,2024-12-15
105947,Isha Patel,Male,18,Jaipur,Rajasthan,2024-03-28
105948,Meera Verma,Male,32,Delhi,Delhi,2024-03-30
105949,Sneha Mishra,Female,21,Noida,Uttar Pradesh,2024-09-22
105950,Vivaan Mishra,Female,40,Mumbai,Maharashtra,2022-08-02
105951,Arjun Mehta,Male,37,Jaipur,Rajasthan,2023-12-10
105952,Meera Gupta,Male,30,Delhi,Delhi,2023-10-31
105953,Karan Iyer,Female,29,Delhi,Delhi,2023-06-19
105954,Sneha Patel,Female,30,Delhi,Delhi,2023-07-13
105955,Aditi Joshi,Male,32,Bhopal,Madhya Pradesh,2024-05-03
105956,Isha Reddy,Female,25,Kolkata,West Bengal,2022-02-02
105957,Aditi Nair,Male,20,Bengaluru,Karnataka,2023-12-08
105958,Vivaan Reddy,Male,42,Noida,Uttar Pradesh,2023-05-17
105959,Priya Mishra,Female,29,Kolkata,West Bengal,2022-11-12
105960,Sneha Nair,Female,34,Kolkata,West Bengal,2024-03-15
105961,Vikram Singh,Male,35,Pune,Maharashtra,2022-03-25
105962,Isha Sharma,Female,35,Delhi,Delhi,2024-06-14
105963,Aditi Reddy,Male,21,Bengaluru,Karnataka,2024-09-19
105964,Aarav Nair,Female,18,Delhi,Delhi,2023-07-02
105965,Rahul Patel,Male,27,Jaipur,Rajasthan,2024-04-05
105966,Pooja Agarwal,Female,36,Mumbai,Maharashtra,2022-10-10
105967,Rahul Patel,Female,25,Hyderabad,Telangana,2024-10-12
105968,Vikram Malhotra,Male,29,Bengaluru,Karnataka,2022-10-06
105969,Meera Reddy,Female,51,Mumbai,Maharashtra,2022-04-09
105970,Rohan Sharma,Female,18,Kochi,Kerala,2023-11-13
105971,Arjun Iyer,Female,25,Chandigarh,Chandigarh,2023-02-27
105972,Aditya Reddy,Male,49,Delhi,Delhi,2024-03-20
105973,Priya Mehta,Female,32,Gurugram,Haryana,2023-09-05
105974,Meera Mishra,Female,26,Pune,Maharashtra,2022-05-09
105975,Aditya Joshi,Male,43,Ahmedabad,Gujarat,2022-08-08
105976,Karan Mishra,Female,32,Mumbai,Maharashtra,2022-11-10
105977,Sneha Gupta,Male,29,Mumbai,Maharashtra,2024-12-22
105978,Sneha Patel,Male,34,Indore,Madhya Pradesh,2023-12-16
105979,Raj Joshi,Female,26,Bhopal,Madhya Pradesh,2024-04-17
105980,Kavya Reddy,Female,23,Pune,Maharashtra,2024-06-29
105981,Priya Malhotra,Female,31,Indore,Madhya Pradesh,2022-11-11
105982,Raj Nair,Male,23,Jaipur,Rajasthan,2024-10-23
105983,Sneha Iyer,Female,32,Mumbai,Maharashtra,2024-01-17
105984,Aditya Verma,Male,35,Bengaluru,Karnataka,2022-03-29
105985,Meera Iyer,Male,40,Mumbai,Maharashtra,2022-12-16
105986,Aditi Das,Male,42,Noida,Uttar Pradesh,2022-06-25
105987,Rahul Patel,Female,28,Nagpur,Maharashtra,2024-01-02
105988,Karan Mishra,Female,36,Chennai,Tamil Nadu,2023-10-20
105989,Priya Nair,Female,36,Jaipur,Rajasthan,2023-03-22
105990,Raj Sharma,Female,35,Ahmedabad,Gujarat,2023-05-19
105991,Rohan Das,Male,28,Mumbai,Maharashtra,2022-02-10
105992,Isha Sharma,Female,23,Bengaluru,Karnataka,2024-10-15
105993,Arjun Verma,Male,37,Hyderabad,Telangana,2024-07-18
105994,Sneha Joshi,Female,18,Kolkata,West Bengal,2023-11-28
105995,Sneha Reddy,Male,30,Surat,Gujarat,2023-10-18
105996,Raj Nair,Female,18,Bengaluru,Karnataka,2022-10-12
105997,Sneha Gupta,Female,20,Pune,Maharashtra,2022-07-02
105998,Rohan Kumar,Female,24,Ahmedabad,Gujarat,2022-11-22
105999,Rohan Nair,Male,42,Delhi,Delhi,2024-03-02
106000,Rahul Singh,Male,38,Pune,Maharashtra,2023-01-09
106001,Isha Gupta,Female,27,Mumbai,Maharashtra,2024-05-03
106002,Riya Verma,Male,39,Chennai,Tamil Nadu,2023-06-17
106003,Neha Malhotra,Female,40,Ahmedabad,Gujarat,2023-03-22
106004,Karan Gupta,Female,31,Mumbai,Maharashtra,2024-01-30
106005,Karan Sharma,Male,20,Surat,Gujarat,2024-03-25
106006,Rohan Iyer,Female,30,Bengaluru,Karnataka,2024-09-05
106007,Karan Patel,Female,31,Mumbai,Maharashtra,2024-11-14
106008,Sneha Agarwal,Male,21,Pune,Maharashtra,2023-07-01
106009,Pooja Verma,Female,35,Indore,Madhya Pradesh,2023-08-14
106010,Rohan Verma,Male,35,Delhi,Delhi,2024-03-20
106011,Raj Verma,Female,36,Bengaluru,Karnataka,2022-01-06
106012,Priya Verma,Female,35,Jaipur,Rajasthan,2024-07-02
106013,Aman Verma,Female,39,Bengaluru,Karnataka,2022-02-15
106014,Ananya Sharma,Female,30,Delhi,Delhi,2024-09-11
106015,Meera Singh,Male,34,Bengaluru,Karnataka,2023-12-05
106016,Isha Agarwal,Female,28,Gurugram,Haryana,2022-06-18
106017,Arjun Sharma,Male,27,Coimbatore,Tamil Nadu,2022-07-24
106018,Vivaan Patel,Female,44,Delhi,Delhi,2024-10-30
106019,Aarav Reddy,Female,18,Chennai,Tamil Nadu,2022-05-13
106020,Meera Iyer,Male,40,Delhi,Delhi,2024-07-23
106021,Vivaan Verma,Male,26,Jaipur,Rajasthan,2024-09-16
106022,Karan Joshi,Female,25,Delhi,Delhi,2024-02-07
106023,Aarav Mehta,Female,34,Delhi,Delhi,2024-01-29
106024,Pooja Joshi,Male,19,Noida,Uttar Pradesh,2022-05-21
106025,Aman Mishra,Male,25,Delhi,Delhi,2022-11-10
106026,Isha Agarwal,Male,24,Bengaluru,Karnataka,2023-07-22
106027,Ananya Malhotra,Female,30,Kochi,Kerala,2023-09-05
106028,Sneha Kumar,Male,25,Nagpur,Maharashtra,2022-07-16
106029,Aditi Reddy,Female,46,Mumbai,Maharashtra,2023-09-21
106030,Ananya Kumar,Male,48,Chennai,Tamil Nadu,2022-12-05
106031,Vikram Kumar,Female,18,Chennai,Tamil Nadu,2023-11-26
106032,Priya Mehta,Male,37,Pune,Maharashtra,2023-02-26
106033,Pooja Sharma,Female,40,Patna,Bihar,2022-07-25
106034,Aditi Das,Male,37,Ahmedabad,Gujarat,2024-05-29
106035,Ananya Iyer,Female,26,Ahmedabad,Gujarat,2023-07-19
106036,Arjun Sharma,Male,30,Bengaluru,Karnataka,2022-12-31
106037,Neha Das,Female,25,Hyderabad,Telangana,2024-11-30
106038,Priya Nair,Female,28,Pune,Maharashtra,2023-05-16
106039,Rahul Sharma,Male,21,Bengaluru,Karnataka,2024-11-25
106040,Pooja Verma,Female,31,Delhi,Delhi,2023-11-20
106041,Riya Patel,Female,18,Delhi,Delhi,2024-09-01
106042,Vikram Kumar,Male,30,Mumbai,Maharashtra,2023-07-12
106043,Neha Malhotra,Male,21,Mumbai,Maharashtra,2024-06-20
106044,Isha Joshi,Male,34,Mumbai,Maharashtra,2024-06-30
106045,Sneha Reddy,Female,26,Bengaluru,Karnataka,2024-06-08
106046,Karan Sharma,Female,35,Pune,Maharashtra,2023-12-19
106047,Ananya Sharma,Male,42,Pune,Maharashtra,2024-02-16
106048,Aditi Das,Female,46,Bengaluru,Karnataka,2023-10-16
106049,Vivaan Iyer,Female,18,Bhopal,Madhya Pradesh,2022-03-17
106050,Ananya Reddy,Female,24,Chennai,Tamil Nadu,2024-09-12
106051,Neha Singh,Female,29,Noida,Uttar Pradesh,2022-02-08
106052,Pooja Agarwal,Female,36,Patna,Bihar,2024-01-11
106053,Priya Nair,Female,18,Mumbai,Maharashtra,2023-10-30
106054,Pooja Iyer,Male,23,Hyderabad,Telangana,2023-09-13
106055,Aditya Kumar,Female,33,Hyderabad,Telangana,2023-06-24
106056,Sneha Mishra,Female,33,Bengaluru,Karnataka,2023-03-07
106057,Isha Reddy,Male,35,Delhi,Delhi,2023-09-19
106058,Arjun Nair,Female,36,Gurugram,Haryana,2023-04-01
106059,Priya Patel,Female,35,Delhi,Delhi,2024-06-03
106060,Pooja Singh,Female,34,Nagpur,Maharashtra,2024-08-22
106061,Rahul Das,Male,33,Ahmedabad,Gujarat,2024-10-05
106062,Riya Mishra,Male,38,Chennai,Tamil Nadu,2022-07-28
106063,Meera Iyer,Female,18,Mumbai,Maharashtra,2023-11-20
106064,Riya Sharma,Female,46,Pune,Maharashtra,2024-04-20
106065,Rahul Agarwal,Male,18,Bengaluru,Karnataka,2022-12-24
106066,Aditya Patel,Female,22,Bengaluru,Karnataka,2022-10-16
106067,Kavya Das,Male,30,Gurugram,Haryana,2022-01-06
106068,Neha Gupta,Male,38,Hyderabad,Telangana,2023-06-29
106069,Neha Verma,Male,18,Hyderabad,Telangana,2022-04-21
106070,Isha Reddy,Male,32,Gurugram,Haryana,2024-09-24
106071,Kavya Singh,Female,39,Delhi,Delhi,2024-04-09
106072,Vikram Singh,Male,41,Kolkata,West Bengal,2023-05-09
106073,Rohan Iyer,Male,26,Chennai,Tamil Nadu,2023-09-04
106074,Aditya Verma,Male,29,Hyderabad,Telangana,2022-08-19
106075,Sneha Nair,Male,26,Gurugram,Haryana,2023-12-10
106076,Aarav Gupta,Male,28,Chandigarh,Chandigarh,2023-03-08
106077,Ananya Mishra,Male,23,Pune,Maharashtra,2024-01-08
106078,Priya Iyer,Female,24,Pune,Maharashtra,2024-08-07
106079,Aman Singh,Female,36,Pune,Maharashtra,2024-08-13
106080,Aman Reddy,Male,33,Lucknow,Uttar Pradesh,2022-09-13
106081,Isha Mishra,Male,36,Jaipur,Rajasthan,2022-04-15
106082,Arjun Reddy,Female,34,Mumbai,Maharashtra,2022-04-08
106083,Rahul Mishra,Male,38,Delhi,Delhi,2022-08-13
106084,Kavya Reddy,Male,40,Kochi,Kerala,2022-09-10
106085,Isha Verma,Male,18,Bengaluru,Karnataka,2023-11-14
106086,Ananya Das,Male,24,Kolkata,West Bengal,2023-06-01
106087,Vikram Mishra,Female,30,Gurugram,Haryana,2024-08-04
106088,Meera Iyer,Male,32,Bengaluru,Karnataka,2024-07-20
106089,Pooja Verma,Female,26,Kolkata,West Bengal,2023-04-14
106090,Ananya Mehta,Male,40,Delhi,Delhi,2023-08-13
106091,Priya Reddy,Male,50,Coimbatore,Tamil Nadu,2023-06-23
106092,Kavya Das,Female,34,Delhi,Delhi,2023-05-08
106093,Sneha Iyer,Male,33,Hyderabad,Telangana,2022-05-27
106094,Vikram Singh,Female,40,Chennai,Tamil Nadu,2023-06-22
106095,Aman Verma,Male,18,Noida,Uttar Pradesh,2024-09-17
106096,Raj Verma,Female,32,Delhi,Delhi,2022-10-01
106097,Arjun Verma,Male,41,Hyderabad,Telangana,2022-12-21
106098,Ananya Nair,Female,26,Bengaluru,Karnataka,2023-12-23
106099,Meera Mishra,Male,21,Bengaluru,Karnataka,2024-01-19
106100,Karan Nair,Female,30,Noida,Uttar Pradesh,2024-08-17
106101,Arjun Malhotra,Male,31,Delhi,Delhi,2024-10-21
106102,Aditi Gupta,Female,24,Ahmedabad,Gujarat,2023-11-21
106103,Ananya Mehta,Male,51,Gurugram,Haryana,2024-04-01
106104,Meera Nair,Female,28,Bhopal,Madhya Pradesh,2023-06-06
106105,Aarav Patel,Male,22,Kolkata,West Bengal,2022-08-01
106106,Vivaan Malhotra,Male,31,Bengaluru,Karnataka,2023-04-03
106107,Kavya Singh,Female,40,Hyderabad,Telangana,2023-12-03
106108,Priya Mehta,Male,32,Coimbatore,Tamil Nadu,2023-07-08
106109,Ananya Iyer,Male,36,Indore,Madhya Pradesh,2024-09-26
106110,Aditi Iyer,Female,24,Pune,Maharashtra,2023-09-25
106111,Rahul Joshi,Female,45,Chandigarh,Chandigarh,2022-07-15
106112,Pooja Malhotra,Male,37,Gurugram,Haryana,2024-03-16
106113,Vikram Verma,Female,41,Bhopal,Madhya Pradesh,2024-12-29
106114,Priya Sharma,Female,35,Jaipur,Rajasthan,2023-11-05
106115,Kavya Das,Male,39,Surat,Gujarat,2024-02-06
106116,Neha Kumar,Female,24,Indore,Madhya Pradesh,2024-08-15
106117,Rahul Das,Female,28,Delhi,Delhi,2023-03-15
106118,Raj Das,Other,44,Kochi,Kerala,2023-10-06
106119,Vikram Agarwal,Male,46,Bengaluru,Karnataka,2022-11-07
106120,Neha Gupta,Female,22,Hyderabad,Telangana,2023-05-02
106121,Pooja Patel,Male,34,Noida,Uttar Pradesh,2022-10-24
106122,Rahul Nair,Male,28,Jaipur,Rajasthan,2024-01-22
106123,Vivaan Malhotra,Male,26,Indore,Madhya Pradesh,2024-02-03
106124,Ananya Patel,Other,35,Hyderabad,Telangana,2023-12-17
106125,Riya Nair,Female,42,Hyderabad,Telangana,2022-02-06
106126,Arjun Patel,Female,36,Delhi,Delhi,2023-12-06
106127,Meera Agarwal,Female,29,Pune,Maharashtra,2024-09-22
106128,Karan Agarwal,Male,37,Lucknow,Uttar Pradesh,2023-09-10
106129,Raj Nair,Male,29,Bengaluru,Karnataka,2024-09-26
106130,Priya Sharma,Male,36,Pune,Maharashtra,2024-01-12
106131,Ananya Gupta,Male,45,Mumbai,Maharashtra,2024-10-24
106132,Karan Das,Female,18,Ahmedabad,Gujarat,2022-07-20
106133,Vikram Nair,Female,39,Delhi,Delhi,2024-04-17
106134,Vivaan Mishra,Male,18,Lucknow,Uttar Pradesh,2024-04-04
106135,Rohan Das,Male,43,Hyderabad,Telangana,2022-04-01
106136,Isha Nair,Male,26,Delhi,Delhi,2022-11-15
106137,Priya Patel,Male,21,Surat,Gujarat,2024-12-23
106138,Rohan Sharma,Female,38,Pune,Maharashtra,2023-06-22
106139,Kavya Mehta,Female,35,Kolkata,West Bengal,2022-08-29
106140,Ananya Mehta,Female,23,Ahmedabad,Gujarat,2023-02-01
106141,Isha Kumar,Male,21,Jaipur,Rajasthan,2024-04-20
106142,Priya Mehta,Male,30,Ahmedabad,Gujarat,2022-12-10
106143,Aditya Joshi,Male,21,Ahmedabad,Gujarat,2023-05-04
106144,Raj Patel,Female,22,Chennai,Tamil Nadu,2023-03-14
106145,Karan Nair,Female,33,Hyderabad,Telangana,2023-09-11
106146,Kavya Mehta,Male,23,Mumbai,Maharashtra,2024-06-28
106147,Arjun Gupta,Female,36,Bhopal,Madhya Pradesh,2022-01-04
106148,Ananya Iyer,Male,45,Coimbatore,Tamil Nadu,2023-09-08
106149,Meera Das,Female,31,Bengaluru,Karnataka,2022-02-07
106150,Vivaan Das,Female,33,Delhi,Delhi,2024-08-10
106151,Raj Agarwal,Female,50,Mumbai,Maharashtra,2022-07-28
106152,Rohan Malhotra,Female,21,Jaipur,Rajasthan,2023-05-31
106153,Rahul Agarwal,Male,43,Mumbai,Maharashtra,2024-03-31
106154,Isha Patel,Male,42,Noida,Uttar Pradesh,2024-06-29
106155,Rahul Singh,Male,40,Patna,Bihar,2022-07-16
106156,Karan Iyer,Male,44,Kochi,Kerala,2023-06-06
106157,Karan Nair,Female,35,Delhi,Delhi,2024-10-06
106158,Aarav Kumar,Female,27,Kochi,Kerala,2024-09-28
106159,Meera Verma,Male,42,Ahmedabad,Gujarat,2023-05-18
106160,Rahul Mehta,Female,42,Delhi,Delhi,2023-08-19
106161,Sneha Reddy,Male,42,Hyderabad,Telangana,2022-09-12
106162,Rohan Mishra,Male,32,Lucknow,Uttar Pradesh,2023-12-17
106163,Vivaan Verma,Male,26,Kochi,Kerala,2023-10-17
106164,Aditi Agarwal,Male,34,Mumbai,Maharashtra,2023-11-28
106165,Rohan Sharma,Male,40,Delhi,Delhi,2022-03-27
106166,Arjun Joshi,Male,41,Pune,Maharashtra,2024-11-27
106167,Ananya Malhotra,Male,28,Coimbatore,Tamil Nadu,2023-03-20
106168,Sneha Gupta,Other,35,Coimbatore,Tamil Nadu,2024-10-19
106169,Priya Singh,Male,20,Mumbai,Maharashtra,2023-08-04
106170,Vivaan Verma,Male,41,Bengaluru,Karnataka,2024-02-03
106171,Vikram Mehta,Male,25,Bhopal,Madhya Pradesh,2024-04-04
106172,Isha Patel,Female,39,Ahmedabad,Gujarat,2022-03-17
106173,Pooja Gupta,Male,22,Coimbatore,Tamil Nadu,2022-09-09
106174,Priya Iyer,Female,41,Indore,Madhya Pradesh,2024-08-03
106175,Aditya Iyer,Female,35,Mumbai,Maharashtra,2022-02-22
106176,Neha Das,Female,25,Ahmedabad,Gujarat,2023-01-27
106177,Priya Patel,Female,38,Delhi,Delhi,2024-03-06
106178,Neha Kumar,Male,27,Gurugram,Haryana,2022-07-26
106179,Aarav Verma,Male,39,Kolkata,West Bengal,2022-02-09
106180,Arjun Verma,Male,30,Kochi,Kerala,2022-06-09
106181,Arjun Agarwal,Female,18,Kochi,Kerala,2024-07-31
106182,Riya Singh,Male,23,Delhi,Delhi,2023-12-14
106183,Aarav Malhotra,Male,28,Mumbai,Maharashtra,2022-03-05
106184,Meera Malhotra,Female,44,Pune,Maharashtra,2022-03-22
106185,Isha Patel,Male,40,Indore,Madhya Pradesh,2022-08-03
106186,Arjun Iyer,Female,47,Gurugram,Haryana,2024-06-16
106187,Meera Gupta,Female,47,Kochi,Kerala,2022-03-14
106188,Priya Agarwal,Male,27,Kolkata,West Bengal,2024-02-24
106189,Sneha Patel,Male,30,Bengaluru,Karnataka,2024-07-31
106190,Meera Gupta,Male,28,Delhi,Delhi,2023-07-07
106191,Arjun Kumar,Female,26,Mumbai,Maharashtra,2022-03-10
106192,Aditya Nair,Female,18,Jaipur,Rajasthan,2024-09-28
106193,Kavya Gupta,Female,32,Patna,Bihar,2024-06-04
106194,Priya Das,Female,20,Bengaluru,Karnataka,2022-12-31
106195,Aarav Mehta,Female,32,Indore,Madhya Pradesh,2024-12-19
106196,Kavya Das,Male,51,Hyderabad,Telangana,2023-10-03
106197,Kavya Iyer,Male,27,Bengaluru,Karnataka,2023-10-05
106198,Riya Agarwal,Female,34,Pune,Maharashtra,2022-07-20
106199,Aditya Joshi,Male,40,Hyderabad,Telangana,2024-03-25
106200,Meera Joshi,Male,35,Patna,Bihar,2022-11-16
106201,Arjun Iyer,Female,35,Pune,Maharashtra,2022-08-13
106202,Karan Reddy,Male,29,Bengaluru,Karnataka,2024-01-18
106203,Arjun Gupta,Female,30,Gurugram,Haryana,2023-04-30
106204,Pooja Nair,Female,23,Nagpur,Maharashtra,2024-05-18
106205,Rohan Sharma,Male,40,Jaipur,Rajasthan,2024-06-30
106206,Kavya Agarwal,Female,18,Mumbai,Maharashtra,2024-04-02
106207,Ananya Verma,Male,41,Mumbai,Maharashtra,2023-05-27
106208,Vivaan Gupta,Male,19,Delhi,Delhi,2023-12-24
106209,Meera Singh,Male,41,Delhi,Delhi,2023-02-10
106210,Rohan Verma,Male,29,Patna,Bihar,2024-05-27
106211,Kavya Patel,Female,21,Delhi,Delhi,2024-09-23
106212,Vivaan Verma,Male,37,Pune,Maharashtra,2023-05-07
106213,Arjun Joshi,Male,40,Lucknow,Uttar Pradesh,2024-01-24
106214,Raj Kumar,Male,28,Surat,Gujarat,2023-12-31
106215,Kavya Gupta,Female,38,Mumbai,Maharashtra,2024-12-15
106216,Sneha Reddy,Female,18,Hyderabad,Telangana,2024-04-14
106217,Aarav Singh,Male,20,Mumbai,Maharashtra,2022-04-04
106218,Raj Sharma,Male,44,Bengaluru,Karnataka,2024-09-28
106219,Riya Mishra,Male,30,Bengaluru,Karnataka,2022-04-29
106220,Raj Reddy,Male,18,Chennai,Tamil Nadu,2024-07-19
106221,Kavya Agarwal,Female,26,Delhi,Delhi,2022-09-20
106222,Rahul Malhotra,Female,24,Hyderabad,Telangana,2022-09-30
106223,Isha Nair,Male,31,Mumbai,Maharashtra,2024-12-29
106224,Ananya Joshi,Male,29,Coimbatore,Tamil Nadu,2023-03-16
106225,Aditi Malhotra,Male,34,Chennai,Tamil Nadu,2023-07-08
106226,Kavya Joshi,Female,31,Surat,Gujarat,2022-06-24
106227,Karan Nair,Male,44,Mumbai,Maharashtra,2023-03-14
106228,Arjun Reddy,Other,36,Gurugram,Haryana,2023-04-18
106229,Vivaan Singh,Female,36,Hyderabad,Telangana,2023-12-09
106230,Vivaan Singh,Male,42,Mumbai,Maharashtra,2022-08-07
106231,Rahul Patel,Female,29,Ahmedabad,Gujarat,2023-02-02
106232,Karan Gupta,Female,21,Ahmedabad,Gujarat,2022-01-15
106233,Pooja Joshi,Female,43,Nagpur,Maharashtra,2022-06-02
106234,Karan Malhotra,Male,33,Noida,Uttar Pradesh,2023-07-12
106235,Aditi Patel,Male,33,Mumbai,Maharashtra,2023-01-24
106236,Rahul Nair,Female,26,Bengaluru,Karnataka,2022-04-07
106237,Pooja Mehta,Female,26,Hyderabad,Telangana,2024-08-16
106238,Aditya Joshi,Female,40,Delhi,Delhi,2023-09-27
106239,Aman Patel,Female,41,Noida,Uttar Pradesh,2022-12-04
106240,Priya Reddy,Female,39,Chennai,Tamil Nadu,2024-10-05
106241,Rohan Mehta,Female,39,Chandigarh,Chandigarh,2023-09-27
106242,Neha Verma,Male,37,Chennai,Tamil Nadu,2023-04-10
106243,Aman Reddy,Female,33,Chennai,Tamil Nadu,2024-06-04
106244,Sneha Nair,Female,30,Delhi,Delhi,2024-04-09
106245,Rahul Joshi,Female,43,Mumbai,Maharashtra,2023-04-06
106246,Karan Verma,Female,29,Surat,Gujarat,2023-10-05
106247,Aman Reddy,Male,35,Nagpur,Maharashtra,2024-09-09
106248,Karan Nair,Female,25,Hyderabad,Telangana,2024-04-27
106249,Aditi Malhotra,Female,26,Gurugram,Haryana,2024-06-23
106250,Riya Malhotra,Male,30,Kolkata,West Bengal,2022-05-09
106251,Rohan Mehta,Male,25,Kochi,Kerala,2023-07-03
106252,Rahul Kumar,Male,39,Mumbai,Maharashtra,2024-12-01
106253,Sneha Mehta,Male,20,Chennai,Tamil Nadu,2022-02-15
106254,Aarav Malhotra,Male,33,Hyderabad,Telangana,2023-02-06
106255,Vikram Verma,Male,33,Chennai,Tamil Nadu,2022-01-23
106256,Aman Verma,Female,18,Bengaluru,Karnataka,2022-04-16
106257,Kavya Verma,Female,28,Pune,Maharashtra,2024-07-23
106258,Kavya Mehta,Female,34,Kolkata,West Bengal,2023-04-13
106259,Aditya Kumar,Female,36,Delhi,Delhi,2024-01-16
106260,Aditya Kumar,Male,30,Ahmedabad,Gujarat,2024-06-13
106261,Ananya Iyer,Male,38,Lucknow,Uttar Pradesh,2024-01-18
106262,Aman Gupta,Female,31,Indore,Madhya Pradesh,2022-11-11
106263,Vikram Patel,Male,32,Hyderabad,Telangana,2024-03-09
106264,Aarav Verma,Female,34,Delhi,Delhi,2022-02-21
106265,Priya Singh,Female,40,Pune,Maharashtra,2024-11-17
106266,Priya Verma,Female,26,Mumbai,Maharashtra,2022-12-23
106267,Arjun Gupta,Other,28,Jaipur,Rajasthan,2023-12-03
106268,Riya Nair,Male,26,Delhi,Delhi,2023-01-07
106269,Raj Malhotra,Male,29,Hyderabad,Telangana,2024-04-30
106270,Isha Verma,Female,45,Delhi,Delhi,2023-05-01
106271,Riya Kumar,Male,37,Delhi,Delhi,2024-08-22
106272,Meera Das,Female,22,Kochi,Kerala,2023-06-26
106273,Raj Joshi,Male,27,Nagpur,Maharashtra,2022-05-20
106274,Aman Malhotra,Female,35,Chennai,Tamil Nadu,2022-10-17
106275,Arjun Mishra,Female,24,Mumbai,Maharashtra,2024-11-03
106276,Vivaan Gupta,Female,25,Bhopal,Madhya Pradesh,2024-12-07
106277,Ananya Iyer,Male,44,Patna,Bihar,2024-03-10
106278,Priya Gupta,Male,26,Surat,Gujarat,2024-05-28
106279,Aditi Iyer,Female,41,Chennai,Tamil Nadu,2022-08-01
106280,Kavya Joshi,Male,43,Delhi,Delhi,2022-07-01
106281,Pooja Mishra,Female,25,Delhi,Delhi,2022-09-16
106282,Priya Agarwal,Female,24,Bhopal,Madhya Pradesh,2022-09-21
106283,Meera Gupta,Female,30,Indore,Madhya Pradesh,2023-02-06
106284,Aman Sharma,Female,22,Hyderabad,Telangana,2022-12-07
106285,Riya Nair,Male,33,Bengaluru,Karnataka,2022-06-04
106286,Rahul Reddy,Female,30,Jaipur,Rajasthan,2023-06-25
106287,Rahul Gupta,Female,35,Noida,Uttar Pradesh,2022-12-07
106288,Priya Malhotra,Male,45,Ahmedabad,Gujarat,2023-10-23
106289,Aman Sharma,Female,39,Kolkata,West Bengal,2022-11-22
106290,Aditi Nair,Male,36,Mumbai,Maharashtra,2024-02-13
106291,Vikram Reddy,Male,18,Bengaluru,Karnataka,2022-06-19
106292,Pooja Mehta,Male,36,Lucknow,Uttar Pradesh,2022-08-10
106293,Neha Gupta,Female,48,Noida,Uttar Pradesh,2024-09-28
106294,Neha Kumar,Male,18,Delhi,Delhi,2022-10-28
106295,Neha Joshi,Female,38,Mumbai,Maharashtra,2023-11-14
106296,Raj Patel,Female,31,Jaipur,Rajasthan,2023-09-19
106297,Sneha Joshi,Male,24,Hyderabad,Telangana,2024-03-18
106298,Vikram Patel,Male,39,Chennai,Tamil Nadu,2023-10-15
106299,Aditya Patel,Female,47,Kolkata,West Bengal,2024-07-13
106300,Sneha Iyer,Male,39,Noida,Uttar Pradesh,2023-06-25
106301,Ananya Das,Female,29,Noida,Uttar Pradesh,2023-07-13
106302,Aditya Reddy,Male,24,Bengaluru,Karnataka,2024-02-13
106303,Aditya Verma,Male,33,Chennai,Tamil Nadu,2024-02-02
106304,Vikram Verma,Female,40,Delhi,Delhi,2023-03-16
106305,Rohan Malhotra,Male,29,Gurugram,Haryana,2023-01-06
106306,Vivaan Verma,Male,29,Surat,Gujarat,2024-02-07
106307,Raj Joshi,Male,57,Bengaluru,Karnataka,2023-10-12
106308,Isha Iyer,Male,42,Mumbai,Maharashtra,2023-07-28
106309,Aarav Mehta,Female,42,Delhi,Delhi,2023-08-10
106310,Riya Mishra,Female,19,Chennai,Tamil Nadu,2022-06-06
106311,Rahul Agarwal,Male,26,Delhi,Delhi,2022-08-13
106312,Isha Joshi,Female,33,Jaipur,Rajasthan,2024-12-02
106313,Kavya Nair,Female,23,Jaipur,Rajasthan,2022-07-19
106314,Arjun Mehta,Male,46,Kolkata,West Bengal,2024-12-26
106315,Aarav Malhotra,Male,45,Indore,Madhya Pradesh,2023-12-03
106316,Karan Mishra,Female,27,Hyderabad,Telangana,2022-06-24
106317,Aarav Nair,Female,48,Bhopal,Madhya Pradesh,2023-03-14
106318,Sneha Nair,Female,32,Delhi,Delhi,2024-02-22
106319,Kavya Nair,Female,55,Delhi,Delhi,2024-07-10
106320,Aditi Singh,Male,33,Hyderabad,Telangana,2023-01-20
106321,Riya Reddy,Female,37,Kolkata,West Bengal,2024-11-12
106322,Pooja Sharma,Female,45,Delhi,Delhi,2022-02-07
106323,Pooja Agarwal,Female,43,Chennai,Tamil Nadu,2023-11-24
106324,Rohan Reddy,Male,37,Bengaluru,Karnataka,2022-10-23
106325,Riya Mishra,Male,31,Indore,Madhya Pradesh,2022-04-29
106326,Vikram Gupta,Male,37,Chennai,Tamil Nadu,2023-02-27
106327,Aditya Kumar,Female,25,Chennai,Tamil Nadu,2022-07-25
106328,Rahul Joshi,Male,33,Chandigarh,Chandigarh,2023-03-20
106329,Aditi Sharma,Male,22,Ahmedabad,Gujarat,2024-06-29
106330,Sneha Agarwal,Male,18,Hyderabad,Telangana,2024-05-28
106331,Priya Gupta,Male,32,Pune,Maharashtra,2024-11-16
106332,Aditi Verma,Female,43,Jaipur,Rajasthan,2023-09-09
106333,Ananya Mishra,Female,40,Mumbai,Maharashtra,2022-07-24
106334,Vikram Das,Female,31,Delhi,Delhi,2023-07-27
106335,Kavya Das,Male,48,Bengaluru,Karnataka,2024-10-14
106336,Arjun Patel,Female,27,Noida,Uttar Pradesh,2022-06-14
106337,Raj Agarwal,Male,18,Bengaluru,Karnataka,2023-06-17
106338,Raj Patel,Male,18,Mumbai,Maharashtra,2024-02-22
106339,Karan Sharma,Male,21,Mumbai,Maharashtra,2022-10-03
106340,Meera Mehta,Male,39,Jaipur,Rajasthan,2022-12-06
106341,Karan Mishra,Male,26,Kolkata,West Bengal,2022-02-27
106342,Raj Mishra,Female,36,Lucknow,Uttar Pradesh,2022-06-02
106343,Riya Das,Female,47,Bengaluru,Karnataka,2023-06-19
106344,Vivaan Mishra,Female,22,Bhopal,Madhya Pradesh,2024-12-05
106345,Neha Mishra,Male,36,Hyderabad,Telangana,2023-05-15
106346,Pooja Das,Male,37,Pune,Maharashtra,2023-02-11
106347,Isha Sharma,Male,24,Kochi,Kerala,2023-05-13
106348,Aditi Sharma,Other,44,Coimbatore,Tamil Nadu,2023-10-25
106349,Pooja Agarwal,Female,29,Jaipur,Rajasthan,2023-07-01
106350,Ananya Patel,Female,29,Chandigarh,Chandigarh,2022-05-03
106351,Aditi Verma,Male,51,Chennai,Tamil Nadu,2022-07-19
106352,Aarav Kumar,Female,37,Bengaluru,Karnataka,2022-08-16
106353,Rohan Mehta,Male,40,Bengaluru,Karnataka,2023-01-14
106354,Aditi Sharma,Female,44,Chennai,Tamil Nadu,2024-06-26
106355,Arjun Mehta,Female,26,Kolkata,West Bengal,2022-12-13
106356,Isha Singh,Female,43,Hyderabad,Telangana,2023-03-01
106357,Aditya Joshi,Female,27,Indore,Madhya Pradesh,2024-03-08
106358,Riya Mishra,Male,27,Hyderabad,Telangana,2022-01-24
106359,Rahul Mehta,Female,30,Bengaluru,Karnataka,2023-02-05
106360,Arjun Mishra,Female,26,Delhi,Delhi,2022-01-04
106361,Isha Sharma,Male,39,Coimbatore,Tamil Nadu,2024-11-06
106362,Rahul Iyer,Male,34,Gurugram,Haryana,2024-09-13
106363,Aman Singh,Male,28,Kolkata,West Bengal,2024-03-19
106364,Isha Mehta,Male,38,Gurugram,Haryana,2023-08-20
106365,Aditi Patel,Male,30,Gurugram,Haryana,2024-08-17
106366,Aditi Mehta,Female,29,Chandigarh,Chandigarh,2024-09-15
106367,Rohan Joshi,Male,32,Hyderabad,Telangana,2022-04-05
106368,Aman Verma,Male,36,Chennai,Tamil Nadu,2022-01-22
106369,Neha Reddy,Female,36,Delhi,Delhi,2024-05-13
106370,Neha Gupta,Female,29,Coimbatore,Tamil Nadu,2024-09-16
106371,Rahul Kumar,Female,40,Nagpur,Maharashtra,2024-06-10
106372,Sneha Sharma,Male,30,Noida,Uttar Pradesh,2022-08-11
106373,Aditi Mishra,Female,26,Pune,Maharashtra,2023-05-01
106374,Karan Verma,Female,19,Pune,Maharashtra,2024-08-10
106375,Karan Patel,Male,41,Hyderabad,Telangana,2024-02-12
106376,Vivaan Gupta,Male,32,Bengaluru,Karnataka,2022-10-23
106377,Priya Mehta,Female,34,Chennai,Tamil Nadu,2024-02-04
106378,Ananya Mishra,Female,41,Delhi,Delhi,2022-01-06
106379,Vivaan Gupta,Female,28,Nagpur,Maharashtra,2024-09-16
106380,Karan Agarwal,Female,20,Hyderabad,Telangana,2024-05-12
106381,Aman Verma,Female,33,Patna,Bihar,2024-09-15
106382,Sneha Agarwal,Female,35,Lucknow,Uttar Pradesh,2022-05-15
106383,Kavya Agarwal,Male,30,Bengaluru,Karnataka,2024-05-02
106384,Rahul Kumar,Male,45,Mumbai,Maharashtra,2023-01-15
106385,Priya Joshi,Male,18,Nagpur,Maharashtra,2022-07-12
106386,Priya Gupta,Female,42,Ahmedabad,Gujarat,2024-10-18
106387,Arjun Verma,Female,39,Mumbai,Maharashtra,2022-10-29
106388,Aarav Gupta,Female,36,Delhi,Delhi,2022-03-27
106389,Rahul Kumar,Male,18,Lucknow,Uttar Pradesh,2023-08-01
106390,Riya Sharma,Female,44,Bengaluru,Karnataka,2024-12-08
106391,Vikram Sharma,Male,23,Mumbai,Maharashtra,2024-11-23
106392,Ananya Mehta,Male,27,Ahmedabad,Gujarat,2024-03-19
106393,Pooja Nair,Female,30,Jaipur,Rajasthan,2022-04-12
106394,Aarav Mehta,Female,36,Pune,Maharashtra,2023-09-06
106395,Isha Patel,Other,38,Chandigarh,Chandigarh,2022-07-30
106396,Raj Agarwal,Male,40,Jaipur,Rajasthan,2024-10-23
106397,Aditya Iyer,Female,39,Indore,Madhya Pradesh,2024-03-09
106398,Sneha Singh,Male,34,Mumbai,Maharashtra,2023-04-01
106399,Pooja Gupta,Male,36,Bengaluru,Karnataka,2022-04-02
106400,Riya Gupta,Female,22,Delhi,Delhi,2023-04-09
106401,Vikram Patel,Female,25,Bengaluru,Karnataka,2022-11-28
106402,Arjun Das,Female,40,Coimbatore,Tamil Nadu,2024-03-03
106403,Aman Nair,Male,40,Kochi,Kerala,2023-09-02
106404,Vikram Reddy,Female,39,Ahmedabad,Gujarat,2023-11-04
106405,Sneha Singh,Male,27,Pune,Maharashtra,2024-03-31
106406,Isha Nair,Female,40,Noida,Uttar Pradesh,2023-06-10
106407,Arjun Nair,Male,22,Chennai,Tamil Nadu,2024-05-29
106408,Riya Malhotra,Male,42,Delhi,Delhi,2024-08-14
106409,Rohan Singh,Female,30,Pune,Maharashtra,2023-09-04
106410,Meera Reddy,Female,47,Kolkata,West Bengal,2022-08-12
106411,Rahul Singh,Male,18,Bengaluru,Karnataka,2022-06-20
106412,Arjun Gupta,Male,48,Mumbai,Maharashtra,2024-04-01
106413,Priya Sharma,Female,29,Bengaluru,Karnataka,2022-03-17
106414,Aman Singh,Male,29,Kolkata,West Bengal,2023-10-24
106415,Rahul Mehta,Male,34,Mumbai,Maharashtra,2023-04-18
106416,Aarav Malhotra,Male,26,Lucknow,Uttar Pradesh,2022-02-11
106417,Karan Verma,Male,31,Hyderabad,Telangana,2024-03-03
106418,Vivaan Mehta,Female,25,Bengaluru,Karnataka,2023-05-28
106419,Sneha Joshi,Female,26,Noida,Uttar Pradesh,2022-03-09
106420,Raj Nair,Female,36,Pune,Maharashtra,2024-09-23
106421,Vikram Singh,Other,24,Hyderabad,Telangana,2022-02-01
106422,Ananya Mehta,Male,25,Indore,Madhya Pradesh,2023-04-15
106423,Isha Sharma,Male,20,Hyderabad,Telangana,2023-09-04
106424,Riya Mehta,Male,27,Surat,Gujarat,2022-09-25
106425,Vivaan Patel,Male,44,Pune,Maharashtra,2023-11-20
106426,Arjun Patel,Male,24,Mumbai,Maharashtra,2022-08-23
106427,Aditi Patel,Female,25,Kolkata,West Bengal,2024-07-11
106428,Aditi Nair,Female,34,Bengaluru,Karnataka,2022-04-19
106429,Sneha Singh,Male,29,Mumbai,Maharashtra,2022-09-10
106430,Ananya Mishra,Female,52,Delhi,Delhi,2022-05-22
106431,Vivaan Gupta,Female,31,Mumbai,Maharashtra,2024-02-05
106432,Vivaan Sharma,Female,35,Ahmedabad,Gujarat,2022-07-24
106433,Vivaan Reddy,Female,40,Gurugram,Haryana,2023-01-20
106434,Ananya Singh,Female,40,Surat,Gujarat,2024-03-24
106435,Raj Agarwal,Female,34,Bengaluru,Karnataka,2022-10-19
106436,Aman Mishra,Female,31,Jaipur,Rajasthan,2024-03-12
106437,Pooja Verma,Female,50,Mumbai,Maharashtra,2024-08-09
106438,Sneha Gupta,Male,31,Kolkata,West Bengal,2022-01-23
106439,Aman Agarwal,Male,28,Indore,Madhya Pradesh,2024-08-04
106440,Aditi Kumar,Female,26,Delhi,Delhi,2023-07-22
106441,Raj Verma,Male,18,Nagpur,Maharashtra,2022-12-25
106442,Arjun Reddy,Male,39,Gurugram,Haryana,2022-08-30
106443,Aarav Reddy,Female,18,Ahmedabad,Gujarat,2023-11-12
106444,Kavya Iyer,Male,32,Lucknow,Uttar Pradesh,2023-05-21
106445,Rahul Kumar,Female,30,Ahmedabad,Gujarat,2022-05-18
106446,Aditi Nair,Female,52,Nagpur,Maharashtra,2023-05-25
106447,Aditi Nair,Female,18,Ahmedabad,Gujarat,2024-03-26
106448,Meera Joshi,Male,24,Bengaluru,Karnataka,2022-10-11
106449,Pooja Kumar,Male,31,Kolkata,West Bengal,2023-11-30
106450,Vikram Reddy,Female,30,Bengaluru,Karnataka,2022-12-18
106451,Aman Singh,Female,27,Coimbatore,Tamil Nadu,2024-04-02
106452,Meera Mehta,Other,31,Bhopal,Madhya Pradesh,2022-01-08
106453,Aditya Mishra,Male,21,Chennai,Tamil Nadu,2022-10-15
106454,Arjun Gupta,Male,35,Noida,Uttar Pradesh,2022-12-23
106455,Pooja Verma,Female,18,Bhopal,Madhya Pradesh,2022-08-20
106456,Vivaan Malhotra,Male,32,Mumbai,Maharashtra,2024-05-17
106457,Karan Singh,Female,27,Chennai,Tamil Nadu,2022-02-21
106458,Neha Mishra,Male,41,Pune,Maharashtra,2024-11-10
106459,Arjun Verma,Male,48,Ahmedabad,Gujarat,2024-07-21
106460,Kavya Malhotra,Male,29,Hyderabad,Telangana,2024-01-22
106461,Ananya Patel,Male,45,Lucknow,Uttar Pradesh,2023-07-20
106462,Isha Iyer,Female,29,Hyderabad,Telangana,2024-11-19
106463,Karan Joshi,Female,23,Delhi,Delhi,2022-01-22
106464,Rahul Sharma,Male,48,Delhi,Delhi,2022-10-17
106465,Rahul Singh,Female,37,Delhi,Delhi,2023-04-20
106466,Sneha Joshi,Male,32,Delhi,Delhi,2023-02-12
106467,Aman Mishra,Female,38,Chennai,Tamil Nadu,2024-01-24
106468,Kavya Kumar,Male,34,Jaipur,Rajasthan,2023-04-18
106469,Aditi Agarwal,Female,31,Delhi,Delhi,2024-10-28
106470,Arjun Mishra,Female,20,Kolkata,West Bengal,2023-09-03
106471,Sneha Verma,Female,30,Kolkata,West Bengal,2023-01-29
106472,Isha Mehta,Female,38,Mumbai,Maharashtra,2022-06-19
106473,Riya Mishra,Female,31,Hyderabad,Telangana,2022-01-09
106474,Riya Iyer,Female,40,Ahmedabad,Gujarat,2024-04-16
106475,Aarav Gupta,Female,35,Delhi,Delhi,2024-01-12
106476,Pooja Patel,Female,24,Mumbai,Maharashtra,2024-07-07
106477,Rahul Patel,Female,20,Nagpur,Maharashtra,2023-05-06
106478,Vivaan Malhotra,Male,31,Ahmedabad,Gujarat,2023-10-31
106479,Vivaan Iyer,Female,27,Pune,Maharashtra,2022-06-22
106480,Karan Nair,Male,35,Kolkata,West Bengal,2024-09-10
106481,Priya Agarwal,Female,26,Surat,Gujarat,2023-09-30
106482,Kavya Das,Male,26,Gurugram,Haryana,2023-11-24
106483,Riya Verma,Female,41,Bengaluru,Karnataka,2023-06-04
106484,Rohan Agarwal,Male,33,Pune,Maharashtra,2024-02-12
106485,Riya Mehta,Male,26,Kolkata,West Bengal,2023-03-22
106486,Kavya Iyer,Female,32,Delhi,Delhi,2023-12-08
106487,Priya Mehta,Female,44,Chandigarh,Chandigarh,2022-09-08
106488,Pooja Patel,Male,35,Hyderabad,Telangana,2022-02-23
106489,Karan Gupta,Male,37,Hyderabad,Telangana,2022-11-30
106490,Aarav Gupta,Female,25,Bhopal,Madhya Pradesh,2022-06-16
106491,Meera Singh,Female,41,Delhi,Delhi,2023-09-16
106492,Meera Nair,Male,53,Delhi,Delhi,2022-04-07
106493,Aarav Mishra,Male,25,Jaipur,Rajasthan,2022-07-01
106494,Riya Agarwal,Male,21,Hyderabad,Telangana,2022-11-05
106495,Riya Nair,Female,34,Ahmedabad,Gujarat,2023-05-16
106496,Riya Patel,Male,40,Delhi,Delhi,2023-01-23
106497,Raj Das,Male,31,Hyderabad,Telangana,2022-06-27
106498,Vikram Patel,Male,23,Mumbai,Maharashtra,2023-11-08
106499,Aman Joshi,Male,31,Ahmedabad,Gujarat,2024-01-23
106500,Arjun Gupta,Female,37,Mumbai,Maharashtra,2024-11-17
106501,Vikram Sharma,Male,28,Pune,Maharashtra,2024-09-14
106502,Kavya Singh,Male,37,Gurugram,Haryana,2022-01-25
106503,Raj Sharma,Male,42,Patna,Bihar,2023-03-28
106504,Rahul Mishra,Male,34,Lucknow,Uttar Pradesh,2023-11-26
106505,Aman Mishra,Male,32,Hyderabad,Telangana,2024-07-18
106506,Rahul Patel,Female,39,Chennai,Tamil Nadu,2022-07-24
106507,Vivaan Reddy,Female,24,Lucknow,Uttar Pradesh,2024-10-06
106508,Vikram Das,Female,23,Indore,Madhya Pradesh,2024-10-06
106509,Karan Joshi,Female,30,Indore,Madhya Pradesh,2022-06-16
106510,Arjun Sharma,Female,28,Chandigarh,Chandigarh,2024-09-22
106511,Aditi Reddy,Male,25,Gurugram,Haryana,2022-02-24
106512,Pooja Kumar,Female,48,Mumbai,Maharashtra,2023-01-29
106513,Ananya Verma,Female,52,Ahmedabad,Gujarat,2022-03-08
106514,Kavya Patel,Female,29,Gurugram,Haryana,2023-12-09
106515,Rahul Mehta,Female,33,Indore,Madhya Pradesh,2024-04-21
106516,Pooja Patel,Male,30,Patna,Bihar,2024-10-21
106517,Ananya Sharma,Female,42,Pune,Maharashtra,2024-07-14
106518,Aarav Das,Female,44,Jaipur,Rajasthan,2022-04-27
106519,Aditi Singh,Other,18,Delhi,Delhi,2023-09-14
106520,Aman Gupta,Male,36,Chennai,Tamil Nadu,2022-05-31
106521,Aman Sharma,Male,20,Pune,Maharashtra,2022-09-23
106522,Kavya Reddy,Male,48,Kochi,Kerala,2023-06-04
106523,Meera Verma,Female,36,Bhopal,Madhya Pradesh,2024-02-22
106524,Priya Reddy,Male,25,Noida,Uttar Pradesh,2022-01-10
106525,Aman Das,Male,30,Delhi,Delhi,2023-11-07
106526,Pooja Joshi,Other,29,Hyderabad,Telangana,2022-07-10
106527,Karan Das,Male,37,Lucknow,Uttar Pradesh,2024-03-14
106528,Neha Singh,Female,41,Delhi,Delhi,2023-06-03
106529,Ananya Patel,Male,22,Mumbai,Maharashtra,2023-04-20
106530,Karan Malhotra,Female,49,Indore,Madhya Pradesh,2023-10-19
106531,Priya Gupta,Female,46,Delhi,Delhi,2023-03-04
106532,Neha Singh,Female,24,Delhi,Delhi,2023-05-05
106533,Sneha Kumar,Female,33,Chennai,Tamil Nadu,2024-07-06
106534,Rahul Mishra,Male,47,Chandigarh,Chandigarh,2024-02-28
106535,Isha Verma,Male,43,Gurugram,Haryana,2023-06-15
106536,Isha Gupta,Male,29,Coimbatore,Tamil Nadu,2022-08-25
106537,Neha Gupta,Female,39,Ahmedabad,Gujarat,2024-07-17
106538,Rohan Singh,Female,59,Hyderabad,Telangana,2024-04-06
106539,Meera Agarwal,Male,33,Chandigarh,Chandigarh,2024-07-25
106540,Rohan Reddy,Female,26,Hyderabad,Telangana,2024-08-09
106541,Raj Sharma,Male,34,Bengaluru,Karnataka,2024-06-11
106542,Raj Gupta,Female,34,Hyderabad,Telangana,2022-05-05
106543,Rohan Das,Female,27,Gurugram,Haryana,2022-01-20
106544,Priya Reddy,Male,36,Patna,Bihar,2024-03-05
106545,Pooja Singh,Female,21,Bengaluru,Karnataka,2023-07-28
106546,Aditya Gupta,Male,26,Pune,Maharashtra,2023-04-05
106547,Aditya Mehta,Female,39,Bhopal,Madhya Pradesh,2023-09-28
106548,Vikram Agarwal,Female,18,Delhi,Delhi,2023-10-27
106549,Priya Verma,Male,40,Noida,Uttar Pradesh,2024-07-20
106550,Riya Gupta,Male,18,Pune,Maharashtra,2023-04-23
106551,Aarav Malhotra,Male,18,Hyderabad,Telangana,2022-06-13
106552,Arjun Mehta,Female,28,Hyderabad,Telangana,2024-08-25
106553,Priya Sharma,Female,35,Hyderabad,Telangana,2023-04-30
106554,Arjun Das,Male,44,Ahmedabad,Gujarat,2022-04-02
106555,Aarav Iyer,Female,33,Patna,Bihar,2023-04-12
106556,Vivaan Gupta,Female,30,Pune,Maharashtra,2023-04-08
106557,Vikram Iyer,Male,37,Gurugram,Haryana,2022-12-29
106558,Aditya Patel,Male,24,Ahmedabad,Gujarat,2023-06-26
106559,Rahul Reddy,Female,33,Bengaluru,Karnataka,2024-05-10
106560,Pooja Sharma,Female,21,Chennai,Tamil Nadu,2024-07-13
106561,Aarav Iyer,Male,33,Jaipur,Rajasthan,2023-11-14
106562,Arjun Joshi,Male,31,Delhi,Delhi,2024-10-20
106563,Ananya Das,Male,25,Hyderabad,Telangana,2023-06-25
106564,Aditya Singh,Female,33,Nagpur,Maharashtra,2023-11-28
106565,Rahul Agarwal,Male,33,Kolkata,West Bengal,2022-08-27
106566,Meera Mishra,Male,43,Bengaluru,Karnataka,2022-01-01
106567,Neha Das,Female,18,Mumbai,Maharashtra,2023-09-11
106568,Rohan Patel,Female,31,Mumbai,Maharashtra,2023-07-30
106569,Ananya Agarwal,Male,25,Hyderabad,Telangana,2024-12-28
106570,Rahul Singh,Male,40,Mumbai,Maharashtra,2022-03-30
106571,Vivaan Joshi,Female,39,Mumbai,Maharashtra,2023-09-14
106572,Aman Reddy,Male,37,Bengaluru,Karnataka,2024-06-17
106573,Kavya Verma,Male,26,Kolkata,West Bengal,2023-03-21
106574,Aarav Das,Female,40,Mumbai,Maharashtra,2022-08-28
106575,Vivaan Verma,Male,18,Delhi,Delhi,2022-07-09
106576,Kavya Patel,Female,18,Delhi,Delhi,2023-12-07
106577,Arjun Joshi,Female,21,Bengaluru,Karnataka,2024-03-03
106578,Sneha Gupta,Male,32,Mumbai,Maharashtra,2022-02-10
106579,Aarav Mishra,Male,38,Chennai,Tamil Nadu,2023-11-30
106580,Vikram Sharma,Female,18,Pune,Maharashtra,2023-08-16
106581,Vikram Mehta,Female,44,Bengaluru,Karnataka,2022-11-29
106582,Priya Gupta,Female,33,Gurugram,Haryana,2024-09-17
106583,Aditi Reddy,Female,18,Pune,Maharashtra,2022-04-16
106584,Raj Singh,Male,33,Delhi,Delhi,2024-07-20
106585,Priya Reddy,Female,42,Bengaluru,Karnataka,2024-01-08
106586,Arjun Agarwal,Male,37,Coimbatore,Tamil Nadu,2023-09-05
106587,Rohan Verma,Male,42,Coimbatore,Tamil Nadu,2024-09-04
106588,Vikram Verma,Male,20,Bengaluru,Karnataka,2024-04-26
106589,Raj Kumar,Male,28,Mumbai,Maharashtra,2022-08-29
106590,Aditya Malhotra,Female,24,Pune,Maharashtra,2022-08-04
106591,Ananya Verma,Male,47,Pune,Maharashtra,2022-08-09
106592,Aditi Mishra,Male,38,Hyderabad,Telangana,2022-04-15
106593,Aditya Mishra,Male,58,Chennai,Tamil Nadu,2024-09-18
106594,Vivaan Malhotra,Female,28,Mumbai,Maharashtra,2024-08-26
106595,Rahul Gupta,Female,25,Delhi,Delhi,2024-03-14
106596,Sneha Joshi,Male,31,Chennai,Tamil Nadu,2023-09-21
106597,Ananya Malhotra,Male,44,Chandigarh,Chandigarh,2024-07-09
106598,Rohan Reddy,Male,29,Mumbai,Maharashtra,2024-01-12
106599,Sneha Gupta,Female,33,Lucknow,Uttar Pradesh,2023-08-17
106600,Raj Malhotra,Female,33,Hyderabad,Telangana,2023-12-21
106601,Raj Kumar,Female,32,Bengaluru,Karnataka,2024-05-06
106602,Arjun Patel,Female,26,Surat,Gujarat,2023-12-01
106603,Isha Reddy,Male,31,Pune,Maharashtra,2024-08-02
106604,Aditi Mishra,Female,30,Chennai,Tamil Nadu,2022-11-03
106605,Aman Iyer,Female,32,Hyderabad,Telangana,2024-11-14
106606,Aditya Iyer,Male,40,Delhi,Delhi,2024-07-22
106607,Aarav Das,Male,48,Kolkata,West Bengal,2022-11-07
106608,Rahul Iyer,Female,24,Hyderabad,Telangana,2022-12-07
106609,Rahul Kumar,Female,28,Delhi,Delhi,2024-03-04
106610,Rahul Mehta,Male,25,Kolkata,West Bengal,2023-03-07
106611,Neha Nair,Female,34,Delhi,Delhi,2023-08-30
106612,Isha Das,Female,27,Mumbai,Maharashtra,2024-11-04
106613,Aditya Verma,Male,34,Noida,Uttar Pradesh,2023-11-23
106614,Meera Mehta,Male,42,Delhi,Delhi,2023-07-04
106615,Aman Gupta,Male,18,Jaipur,Rajasthan,2022-02-20
106616,Aditya Kumar,Female,36,Kochi,Kerala,2023-02-21
106617,Rahul Gupta,Male,28,Mumbai,Maharashtra,2022-01-22
106618,Priya Kumar,Male,36,Hyderabad,Telangana,2024-11-05
106619,Ananya Agarwal,Female,24,Chennai,Tamil Nadu,2023-06-13
106620,Sneha Agarwal,Female,43,Hyderabad,Telangana,2024-02-18
106621,Sneha Malhotra,Male,40,Kolkata,West Bengal,2024-12-18
106622,Ananya Gupta,Male,37,Hyderabad,Telangana,2023-12-16
106623,Vikram Mehta,Male,39,Mumbai,Maharashtra,2024-05-03
106624,Sneha Joshi,Female,25,Delhi,Delhi,2022-01-24
106625,Isha Joshi,Female,26,Ahmedabad,Gujarat,2024-06-07
106626,Kavya Agarwal,Male,39,Mumbai,Maharashtra,2024-02-16
106627,Kavya Joshi,Female,25,Surat,Gujarat,2023-01-08
106628,Vikram Mehta,Female,45,Ahmedabad,Gujarat,2024-04-15
106629,Aditya Malhotra,Female,29,Delhi,Delhi,2022-05-19
106630,Sneha Joshi,Female,37,Mumbai,Maharashtra,2023-03-24
106631,Meera Iyer,Male,51,Bengaluru,Karnataka,2024-11-29
106632,Vikram Nair,Male,26,Kolkata,West Bengal,2022-09-28
106633,Aditya Singh,Female,33,Gurugram,Haryana,2024-04-19
106634,Aditi Sharma,Female,41,Delhi,Delhi,2024-09-02
106635,Karan Das,Female,41,Mumbai,Maharashtra,2022-03-11
106636,Aarav Kumar,Male,29,Hyderabad,Telangana,2024-06-25
106637,Kavya Agarwal,Female,27,Mumbai,Maharashtra,2024-06-21
106638,Rahul Mishra,Female,30,Chennai,Tamil Nadu,2024-07-23
106639,Arjun Sharma,Male,45,Pune,Maharashtra,2024-06-18
106640,Aditi Kumar,Male,29,Bengaluru,Karnataka,2024-02-07
106641,Rahul Patel,Female,33,Pune,Maharashtra,2024-08-17
106642,Neha Gupta,Female,28,Bengaluru,Karnataka,2022-03-25
106643,Kavya Mishra,Female,38,Bengaluru,Karnataka,2023-02-25
106644,Sneha Singh,Female,33,Bengaluru,Karnataka,2024-04-12
106645,Karan Das,Male,23,Chennai,Tamil Nadu,2022-10-23
106646,Vikram Sharma,Male,23,Hyderabad,Telangana,2024-02-10
106647,Rahul Verma,Female,18,Mumbai,Maharashtra,2023-04-02
106648,Rahul Mehta,Female,25,Delhi,Delhi,2024-10-14
106649,Aarav Nair,Female,39,Mumbai,Maharashtra,2024-08-17
106650,Sneha Kumar,Female,44,Delhi,Delhi,2023-01-12
106651,Vivaan Nair,Male,38,Hyderabad,Telangana,2024-06-28
106652,Arjun Reddy,Female,37,Mumbai,Maharashtra,2022-05-23
106653,Meera Verma,Male,31,Hyderabad,Telangana,2022-06-24
106654,Isha Das,Male,39,Bengaluru,Karnataka,2022-04-23
106655,Pooja Das,Male,35,Chennai,Tamil Nadu,2024-06-15
106656,Rohan Sharma,Male,48,Lucknow,Uttar Pradesh,2023-05-04
106657,Rahul Kumar,Male,31,Pune,Maharashtra,2024-01-03
106658,Rahul Verma,Male,44,Delhi,Delhi,2022-09-10
106659,Vikram Verma,Male,40,Delhi,Delhi,2022-09-24
106660,Aarav Malhotra,Male,39,Mumbai,Maharashtra,2024-05-09
106661,Sneha Gupta,Female,18,Hyderabad,Telangana,2022-12-20
106662,Rohan Agarwal,Male,40,Delhi,Delhi,2023-01-19
106663,Rahul Nair,Male,31,Bengaluru,Karnataka,2022-03-08
106664,Riya Nair,Female,28,Indore,Madhya Pradesh,2024-04-13
106665,Raj Agarwal,Female,19,Delhi,Delhi,2022-12-10
106666,Sneha Nair,Female,32,Kochi,Kerala,2023-08-12
106667,Ananya Agarwal,Male,32,Surat,Gujarat,2023-02-18
106668,Aarav Patel,Female,20,Gurugram,Haryana,2022-12-02
106669,Arjun Gupta,Male,19,Surat,Gujarat,2023-04-20
106670,Vivaan Mishra,Male,36,Delhi,Delhi,2023-01-30
106671,Vivaan Malhotra,Male,40,Mumbai,Maharashtra,2023-05-11
106672,Rohan Joshi,Female,34,Mumbai,Maharashtra,2022-04-17
106673,Rohan Sharma,Male,42,Delhi,Delhi,2022-10-21
106674,Priya Das,Male,31,Bengaluru,Karnataka,2023-03-18
106675,Sneha Reddy,Male,32,Gurugram,Haryana,2023-04-16
106676,Neha Joshi,Female,24,Mumbai,Maharashtra,2023-06-01
106677,Aman Mishra,Female,18,Mumbai,Maharashtra,2023-07-28
106678,Meera Joshi,Male,49,Jaipur,Rajasthan,2024-02-16
106679,Raj Nair,Female,42,Delhi,Delhi,2022-02-16
106680,Vikram Mehta,Female,19,Bengaluru,Karnataka,2024-04-01
106681,Rohan Patel,Female,33,Bengaluru,Karnataka,2022-02-26
106682,Aditya Joshi,Male,31,Surat,Gujarat,2024-02-13
106683,Priya Gupta,Female,30,Pune,Maharashtra,2023-06-14
106684,Karan Mehta,Male,28,Jaipur,Rajasthan,2023-04-10
106685,Pooja Sharma,Female,35,Delhi,Delhi,2022-01-05
106686,Vikram Mehta,Male,39,Patna,Bihar,2024-03-27
106687,Rohan Das,Male,36,Bengaluru,Karnataka,2023-12-06
106688,Kavya Malhotra,Male,31,Lucknow,Uttar Pradesh,2022-09-25
106689,Aditya Das,Female,31,Kochi,Kerala,2023-01-26
106690,Neha Agarwal,Male,40,Pune,Maharashtra,2023-11-30
106691,Ananya Reddy,Female,36,Pune,Maharashtra,2024-06-15
106692,Priya Das,Male,33,Delhi,Delhi,2024-03-13
106693,Priya Gupta,Female,32,Hyderabad,Telangana,2023-10-24
106694,Vivaan Iyer,Female,35,Surat,Gujarat,2022-10-15
106695,Aditi Reddy,Female,28,Mumbai,Maharashtra,2023-09-18
106696,Sneha Singh,Female,39,Patna,Bihar,2022-07-05
106697,Aman Verma,Female,22,Jaipur,Rajasthan,2022-10-07
106698,Arjun Verma,Male,28,Hyderabad,Telangana,2024-11-01
106699,Aditi Malhotra,Female,37,Chennai,Tamil Nadu,2023-12-05
106700,Ananya Sharma,Male,22,Mumbai,Maharashtra,2023-05-12
106701,Vikram Patel,Female,18,Mumbai,Maharashtra,2024-09-14
106702,Rohan Joshi,Female,33,Bengaluru,Karnataka,2022-04-10
106703,Arjun Verma,Male,18,Hyderabad,Telangana,2022-03-09
106704,Karan Malhotra,Male,20,Patna,Bihar,2024-02-23
106705,Aarav Iyer,Male,39,Hyderabad,Telangana,2023-06-27
106706,Raj Singh,Female,30,Chennai,Tamil Nadu,2023-06-04
106707,Kavya Singh,Female,44,Mumbai,Maharashtra,2024-12-23
106708,Vivaan Singh,Female,21,Ahmedabad,Gujarat,2023-11-20
106709,Aman Verma,Female,31,Chennai,Tamil Nadu,2023-08-12
106710,Meera Malhotra,Female,36,Hyderabad,Telangana,2024-12-24
106711,Vivaan Malhotra,Male,21,Chandigarh,Chandigarh,2024-09-07
106712,Isha Sharma,Male,41,Indore,Madhya Pradesh,2023-11-29
106713,Vivaan Kumar,Female,37,Jaipur,Rajasthan,2023-05-18
106714,Aditya Patel,Female,18,Patna,Bihar,2022-08-07
106715,Aarav Kumar,Female,32,Chennai,Tamil Nadu,2022-08-27
106716,Raj Mehta,Male,35,Gurugram,Haryana,2024-12-01
106717,Riya Singh,Male,27,Hyderabad,Telangana,2022-01-21
106718,Ananya Iyer,Male,19,Delhi,Delhi,2023-06-09
106719,Priya Nair,Male,35,Nagpur,Maharashtra,2022-12-08
106720,Aditi Gupta,Male,52,Mumbai,Maharashtra,2024-01-12
106721,Arjun Kumar,Female,29,Mumbai,Maharashtra,2023-12-18
106722,Sneha Mishra,Male,46,Mumbai,Maharashtra,2023-09-29
106723,Riya Verma,Female,25,Bengaluru,Karnataka,2022-10-21
106724,Riya Iyer,Male,34,Bengaluru,Karnataka,2024-12-20
106725,Rahul Sharma,Female,39,Kolkata,West Bengal,2022-01-14
106726,Meera Iyer,Male,32,Nagpur,Maharashtra,2023-10-26
106727,Priya Agarwal,Male,29,Delhi,Delhi,2023-05-23
106728,Meera Das,Male,39,Noida,Uttar Pradesh,2024-06-28
106729,Vivaan Patel,Female,49,Delhi,Delhi,2024-04-20
106730,Rohan Gupta,Female,35,Delhi,Delhi,2023-09-12
106731,Neha Verma,Male,27,Kolkata,West Bengal,2022-09-28
106732,Aditya Nair,Male,30,Indore,Madhya Pradesh,2024-01-18
106733,Vikram Mishra,Female,55,Mumbai,Maharashtra,2023-11-14
106734,Karan Iyer,Male,33,Bengaluru,Karnataka,2022-03-03
106735,Rahul Iyer,Male,27,Mumbai,Maharashtra,2024-09-09
106736,Rohan Joshi,Female,22,Bhopal,Madhya Pradesh,2024-05-18
106737,Riya Nair,Female,18,Bengaluru,Karnataka,2024-12-21
106738,Pooja Reddy,Male,35,Hyderabad,Telangana,2024-07-03
106739,Riya Mishra,Male,38,Indore,Madhya Pradesh,2024-03-23
106740,Ananya Agarwal,Female,28,Chennai,Tamil Nadu,2022-02-26
106741,Rahul Kumar,Male,32,Chandigarh,Chandigarh,2023-01-05
106742,Raj Kumar,Male,21,Patna,Bihar,2022-03-28
106743,Pooja Das,Female,33,Pune,Maharashtra,2023-04-14
106744,Sneha Sharma,Female,36,Chennai,Tamil Nadu,2022-09-24
106745,Priya Singh,Male,27,Mumbai,Maharashtra,2022-12-12
106746,Karan Malhotra,Other,47,Nagpur,Maharashtra,2022-09-08
106747,Pooja Verma,Female,24,Bengaluru,Karnataka,2023-05-26
106748,Rahul Malhotra,Male,35,Noida,Uttar Pradesh,2022-06-03
106749,Isha Verma,Other,40,Bengaluru,Karnataka,2024-09-11
106750,Aarav Gupta,Male,31,Bengaluru,Karnataka,2022-03-12
106751,Raj Joshi,Male,30,Delhi,Delhi,2022-07-10
106752,Aditya Agarwal,Female,19,Chennai,Tamil Nadu,2023-10-30
106753,Arjun Agarwal,Male,44,Mumbai,Maharashtra,2024-04-01
106754,Ananya Gupta,Male,30,Mumbai,Maharashtra,2024-04-29
106755,Raj Gupta,Male,37,Mumbai,Maharashtra,2023-03-04
106756,Aditya Patel,Male,38,Mumbai,Maharashtra,2022-09-27
106757,Meera Kumar,Female,26,Pune,Maharashtra,2024-08-24
106758,Aditi Verma,Female,30,Hyderabad,Telangana,2024-12-10
106759,Aditya Gupta,Other,44,Delhi,Delhi,2024-09-18
106760,Neha Patel,Male,22,Chennai,Tamil Nadu,2022-11-23
106761,Isha Patel,Male,51,Noida,Uttar Pradesh,2024-11-29
106762,Neha Reddy,Male,25,Chennai,Tamil Nadu,2024-10-14
106763,Rahul Verma,Male,21,Coimbatore,Tamil Nadu,2023-02-20
106764,Meera Agarwal,Male,33,Delhi,Delhi,2022-06-06
106765,Vivaan Kumar,Female,52,Gurugram,Haryana,2023-05-31
106766,Raj Mehta,Female,18,Pune,Maharashtra,2022-11-19
106767,Sneha Das,Female,31,Pune,Maharashtra,2023-09-27
106768,Pooja Mishra,Male,36,Pune,Maharashtra,2024-01-12
106769,Rahul Agarwal,Female,32,Bengaluru,Karnataka,2024-04-17
106770,Aditi Joshi,Male,35,Bengaluru,Karnataka,2022-12-22
106771,Pooja Kumar,Male,26,Kolkata,West Bengal,2022-08-20
106772,Aditi Verma,Female,27,Delhi,Delhi,2024-08-28
106773,Sneha Joshi,Female,31,Chennai,Tamil Nadu,2024-03-14
106774,Neha Patel,Male,22,Lucknow,Uttar Pradesh,2023-09-27
106775,Vivaan Malhotra,Male,32,Bengaluru,Karnataka,2023-09-08
106776,Vivaan Nair,Male,29,Mumbai,Maharashtra,2022-08-24
106777,Vikram Nair,Female,28,Mumbai,Maharashtra,2024-05-24
106778,Kavya Sharma,Male,35,Delhi,Delhi,2022-01-18
106779,Rahul Das,Other,18,Delhi,Delhi,2023-04-26
106780,Arjun Patel,Male,30,Mumbai,Maharashtra,2023-02-03
106781,Priya Gupta,Male,53,Delhi,Delhi,2023-01-10
106782,Meera Mehta,Male,22,Bengaluru,Karnataka,2024-11-03
106783,Aditya Singh,Female,44,Bengaluru,Karnataka,2022-01-14
106784,Priya Das,Male,32,Nagpur,Maharashtra,2024-08-22
106785,Neha Reddy,Female,27,Nagpur,Maharashtra,2022-01-10
106786,Aditya Kumar,Female,20,Mumbai,Maharashtra,2022-02-09
106787,Neha Agarwal,Female,33,Mumbai,Maharashtra,2023-10-26
106788,Kavya Mishra,Female,45,Pune,Maharashtra,2022-06-10
106789,Neha Verma,Female,28,Mumbai,Maharashtra,2022-03-26
106790,Aditya Gupta,Female,31,Pune,Maharashtra,2023-01-02
106791,Arjun Mishra,Female,41,Hyderabad,Telangana,2024-12-15
106792,Priya Iyer,Male,35,Bengaluru,Karnataka,2024-09-25
106793,Sneha Singh,Male,18,Gurugram,Haryana,2023-10-02
106794,Priya Kumar,Male,33,Gurugram,Haryana,2023-11-25
106795,Aditya Kumar,Male,46,Nagpur,Maharashtra,2022-06-12
106796,Ananya Malhotra,Male,32,Mumbai,Maharashtra,2022-11-04
106797,Isha Singh,Female,18,Indore,Madhya Pradesh,2022-02-13
106798,Isha Verma,Male,35,Chennai,Tamil Nadu,2022-10-29
106799,Aman Agarwal,Male,30,Kolkata,West Bengal,2022-11-23
106800,Vivaan Joshi,Female,18,Bhopal,Madhya Pradesh,2022-01-08
106801,Rahul Agarwal,Male,18,Chandigarh,Chandigarh,2022-06-18
106802,Rahul Reddy,Male,41,Lucknow,Uttar Pradesh,2024-09-28
106803,Karan Kumar,Male,25,Bengaluru,Karnataka,2024-01-10
106804,Meera Sharma,Male,24,Pune,Maharashtra,2023-09-02
106805,Pooja Iyer,Male,32,Kolkata,West Bengal,2024-01-21
106806,Priya Sharma,Female,26,Gurugram,Haryana,2023-07-11
106807,Aditi Iyer,Female,33,Jaipur,Rajasthan,2022-05-17
106808,Sneha Agarwal,Male,30,Hyderabad,Telangana,2024-03-26
106809,Karan Sharma,Male,21,Hyderabad,Telangana,2023-07-19
106810,Karan Das,Male,27,Delhi,Delhi,2024-12-21
106811,Aarav Iyer,Female,36,Patna,Bihar,2024-10-17
106812,Sneha Patel,Male,32,Delhi,Delhi,2022-10-09
106813,Aman Reddy,Male,31,Chennai,Tamil Nadu,2022-05-20
106814,Rohan Verma,Female,49,Indore,Madhya Pradesh,2022-04-24
106815,Rahul Verma,Male,39,Hyderabad,Telangana,2023-07-06
106816,Aman Mehta,Male,40,Noida,Uttar Pradesh,2024-04-11
106817,Aditya Patel,Male,31,Noida,Uttar Pradesh,2024-04-30
106818,Neha Das,Female,34,Delhi,Delhi,2022-09-27
106819,Sneha Joshi,Female,28,Hyderabad,Telangana,2024-08-13
106820,Karan Reddy,Female,39,Lucknow,Uttar Pradesh,2023-10-17
106821,Aman Gupta,Male,31,Hyderabad,Telangana,2022-02-06
106822,Vivaan Verma,Female,34,Chennai,Tamil Nadu,2022-07-20
106823,Sneha Kumar,Female,33,Kolkata,West Bengal,2023-12-30
106824,Raj Gupta,Female,32,Mumbai,Maharashtra,2022-12-17
106825,Karan Kumar,Male,58,Hyderabad,Telangana,2024-04-10
106826,Sneha Agarwal,Female,26,Delhi,Delhi,2024-07-05
106827,Isha Joshi,Male,26,Mumbai,Maharashtra,2023-06-02
106828,Rohan Nair,Male,38,Pune,Maharashtra,2023-07-19
106829,Sneha Kumar,Female,27,Chennai,Tamil Nadu,2022-12-16
106830,Meera Mehta,Male,29,Mumbai,Maharashtra,2022-04-15
106831,Aarav Joshi,Female,22,Ahmedabad,Gujarat,2023-04-16
106832,Pooja Singh,Male,36,Hyderabad,Telangana,2024-03-26
106833,Aditya Nair,Female,37,Patna,Bihar,2022-04-24
106834,Meera Malhotra,Female,29,Hyderabad,Telangana,2024-09-12
106835,Rahul Kumar,Female,38,Mumbai,Maharashtra,2024-12-30
106836,Ananya Sharma,Male,18,Ahmedabad,Gujarat,2023-12-01
106837,Rahul Mishra,Male,26,Chennai,Tamil Nadu,2023-08-22
106838,Neha Mishra,Female,30,Hyderabad,Telangana,2023-01-22
106839,Rahul Agarwal,Male,21,Bengaluru,Karnataka,2023-02-18
106840,Ananya Verma,Female,18,Mumbai,Maharashtra,2022-01-28
106841,Sneha Patel,Female,29,Bengaluru,Karnataka,2024-02-02
106842,Riya Nair,Male,38,Delhi,Delhi,2024-11-05
106843,Aarav Agarwal,Male,44,Pune,Maharashtra,2024-10-07
106844,Rahul Reddy,Male,27,Bhopal,Madhya Pradesh,2022-10-18
106845,Neha Reddy,Female,39,Noida,Uttar Pradesh,2023-05-03
106846,Meera Verma,Male,38,Delhi,Delhi,2023-03-19
106847,Vivaan Singh,Male,43,Indore,Madhya Pradesh,2024-03-25
106848,Karan Mehta,Male,29,Pune,Maharashtra,2024-12-31
106849,Kavya Iyer,Female,18,Mumbai,Maharashtra,2022-01-22
106850,Rohan Malhotra,Male,33,Ahmedabad,Gujarat,2024-05-22
106851,Priya Singh,Male,23,Bengaluru,Karnataka,2022-04-11
106852,Aditi Singh,Female,25,Bengaluru,Karnataka,2022-06-30
106853,Karan Reddy,Female,29,Mumbai,Maharashtra,2023-06-16
106854,Meera Sharma,Female,29,Pune,Maharashtra,2023-11-19
106855,Aditi Das,Male,33,Delhi,Delhi,2024-07-01
106856,Aditi Sharma,Male,38,Noida,Uttar Pradesh,2022-11-11
106857,Raj Mishra,Female,29,Pune,Maharashtra,2023-04-15
106858,Raj Joshi,Male,36,Hyderabad,Telangana,2022-10-03
106859,Arjun Nair,Female,32,Delhi,Delhi,2024-04-01
106860,Isha Reddy,Female,40,Gurugram,Haryana,2024-09-21
106861,Neha Mehta,Male,30,Pune,Maharashtra,2022-06-04
106862,Sneha Kumar,Female,31,Hyderabad,Telangana,2023-07-03
106863,Aditi Das,Female,29,Ahmedabad,Gujarat,2024-12-24
106864,Kavya Mehta,Male,31,Delhi,Delhi,2023-12-02
106865,Riya Iyer,Female,25,Hyderabad,Telangana,2024-10-21
106866,Ananya Verma,Male,24,Chennai,Tamil Nadu,2022-07-24
106867,Rohan Agarwal,Male,39,Pune,Maharashtra,2024-07-31
106868,Sneha Kumar,Male,22,Mumbai,Maharashtra,2022-01-15
106869,Rohan Joshi,Female,29,Bengaluru,Karnataka,2022-07-15
106870,Pooja Gupta,Female,41,Bengaluru,Karnataka,2024-01-18
106871,Kavya Mehta,Female,29,Nagpur,Maharashtra,2022-04-01
106872,Priya Patel,Male,39,Bengaluru,Karnataka,2022-08-07
106873,Sneha Reddy,Female,27,Mumbai,Maharashtra,2024-06-04
106874,Raj Nair,Male,23,Gurugram,Haryana,2024-10-13
106875,Pooja Mishra,Female,18,Hyderabad,Telangana,2024-09-16
106876,Arjun Verma,Male,44,Hyderabad,Telangana,2022-09-28
106877,Arjun Verma,Male,22,Chennai,Tamil Nadu,2022-02-26
106878,Aarav Malhotra,Male,39,Kolkata,West Bengal,2022-09-22
106879,Sneha Verma,Female,23,Chennai,Tamil Nadu,2023-12-19
106880,Isha Nair,Male,44,Delhi,Delhi,2022-05-31
106881,Pooja Mishra,Female,52,Gurugram,Haryana,2022-09-25
106882,Kavya Verma,Male,18,Mumbai,Maharashtra,2022-04-05
106883,Neha Joshi,Male,22,Bengaluru,Karnataka,2022-09-02
106884,Meera Iyer,Male,39,Mumbai,Maharashtra,2022-11-13
106885,Vivaan Reddy,Female,37,Ahmedabad,Gujarat,2023-12-24
106886,Raj Das,Female,39,Chennai,Tamil Nadu,2022-09-16
106887,Sneha Singh,Male,27,Ahmedabad,Gujarat,2023-05-03
106888,Vikram Iyer,Male,50,Jaipur,Rajasthan,2023-04-10
106889,Neha Joshi,Male,33,Delhi,Delhi,2022-11-02
106890,Priya Verma,Female,21,Bengaluru,Karnataka,2024-07-10
106891,Karan Das,Male,30,Pune,Maharashtra,2022-01-08
106892,Isha Verma,Female,21,Bengaluru,Karnataka,2023-07-05
106893,Aditi Iyer,Female,46,Mumbai,Maharashtra,2023-02-09
106894,Neha Mehta,Male,26,Indore,Madhya Pradesh,2024-09-03
106895,Priya Sharma,Female,36,Ahmedabad,Gujarat,2023-11-29
106896,Aditi Iyer,Female,28,Bengaluru,Karnataka,2024-11-01
106897,Vikram Joshi,Female,26,Ahmedabad,Gujarat,2022-11-27
106898,Raj Patel,Male,18,Kolkata,West Bengal,2022-07-31
106899,Aman Patel,Male,37,Delhi,Delhi,2023-12-05
106900,Sneha Reddy,Male,44,Hyderabad,Telangana,2024-02-01
106901,Vikram Sharma,Male,24,Bengaluru,Karnataka,2023-10-23
106902,Sneha Sharma,Male,18,Mumbai,Maharashtra,2022-09-13
106903,Aarav Sharma,Male,39,Mumbai,Maharashtra,2022-06-08
106904,Rahul Iyer,Female,18,Chandigarh,Chandigarh,2024-05-29
106905,Aditi Das,Male,43,Pune,Maharashtra,2023-03-09
106906,Riya Das,Male,24,Surat,Gujarat,2024-06-27
106907,Pooja Kumar,Male,22,Mumbai,Maharashtra,2022-06-20
106908,Ananya Gupta,Female,34,Mumbai,Maharashtra,2023-08-02
106909,Meera Mehta,Female,23,Indore,Madhya Pradesh,2022-12-04
106910,Vikram Joshi,Male,26,Pune,Maharashtra,2022-02-09
106911,Priya Singh,Male,35,Indore,Madhya Pradesh,2024-08-13
106912,Pooja Reddy,Female,18,Delhi,Delhi,2023-11-16
106913,Priya Das,Male,47,Patna,Bihar,2024-07-30
106914,Vivaan Iyer,Male,32,Hyderabad,Telangana,2023-09-12
106915,Meera Mehta,Male,20,Mumbai,Maharashtra,2022-08-15
106916,Rahul Reddy,Male,23,Jaipur,Rajasthan,2023-09-27
106917,Priya Nair,Male,41,Noida,Uttar Pradesh,2023-01-11
106918,Rohan Mehta,Female,37,Delhi,Delhi,2023-09-05
106919,Ananya Joshi,Female,44,Nagpur,Maharashtra,2024-08-15
106920,Rohan Mehta,Male,26,Lucknow,Uttar Pradesh,2023-05-03
106921,Vikram Verma,Female,35,Bengaluru,Karnataka,2024-04-23
106922,Rahul Joshi,Male,36,Mumbai,Maharashtra,2022-11-21
106923,Arjun Reddy,Male,38,Hyderabad,Telangana,2024-02-29
106924,Meera Iyer,Female,42,Mumbai,Maharashtra,2022-09-24
106925,Priya Das,Female,26,Pune,Maharashtra,2023-12-10
106926,Aman Das,Male,31,Noida,Uttar Pradesh,2022-06-13
106927,Kavya Gupta,Male,27,Jaipur,Rajasthan,2024-11-25
106928,Ananya Singh,Female,32,Hyderabad,Telangana,2023-05-02
106929,Aditya Verma,Female,38,Delhi,Delhi,2022-05-24
106930,Aarav Mehta,Female,18,Kochi,Kerala,2022-12-31
106931,Aarav Reddy,Male,42,Bengaluru,Karnataka,2023-09-08
106932,Meera Gupta,Male,22,Bengaluru,Karnataka,2024-08-20
106933,Aarav Malhotra,Male,29,Jaipur,Rajasthan,2024-07-09
106934,Kavya Mishra,Male,43,Ahmedabad,Gujarat,2023-04-28
106935,Aditya Malhotra,Female,35,Nagpur,Maharashtra,2024-06-08
106936,Priya Sharma,Male,35,Coimbatore,Tamil Nadu,2024-08-02
106937,Rahul Agarwal,Male,21,Patna,Bihar,2024-09-10
106938,Aditi Gupta,Female,23,Hyderabad,Telangana,2022-12-18
106939,Vikram Reddy,Female,40,Mumbai,Maharashtra,2023-06-13
106940,Vikram Patel,Male,27,Chennai,Tamil Nadu,2023-09-01
106941,Karan Joshi,Female,28,Delhi,Delhi,2023-01-27
106942,Vikram Nair,Female,41,Mumbai,Maharashtra,2023-09-19
106943,Priya Iyer,Female,23,Delhi,Delhi,2023-02-09
106944,Aman Reddy,Male,34,Mumbai,Maharashtra,2023-12-03
106945,Vivaan Patel,Female,32,Pune,Maharashtra,2023-09-16
106946,Aditya Mishra,Female,32,Hyderabad,Telangana,2024-08-05
106947,Rahul Reddy,Male,27,Hyderabad,Telangana,2024-11-28
106948,Aarav Reddy,Male,27,Gurugram,Haryana,2024-10-11
106949,Meera Das,Female,22,Jaipur,Rajasthan,2022-12-04
106950,Arjun Verma,Male,36,Chandigarh,Chandigarh,2024-02-10
106951,Neha Mishra,Female,26,Hyderabad,Telangana,2024-01-12
106952,Pooja Verma,Male,41,Bengaluru,Karnataka,2024-09-02
106953,Arjun Gupta,Male,30,Delhi,Delhi,2022-08-14
106954,Raj Patel,Male,22,Jaipur,Rajasthan,2023-11-23
106955,Rohan Verma,Female,30,Gurugram,Haryana,2024-04-11
106956,Aditya Agarwal,Male,28,Mumbai,Maharashtra,2023-09-22
106957,Aditi Mishra,Female,41,Indore,Madhya Pradesh,2023-04-02
106958,Karan Mehta,Female,29,Chennai,Tamil Nadu,2024-11-27
106959,Arjun Agarwal,Female,30,Mumbai,Maharashtra,2022-03-30
106960,Aarav Mehta,Female,45,Kolkata,West Bengal,2022-11-17
106961,Aditya Agarwal,Female,37,Pune,Maharashtra,2022-04-07
106962,Aditya Singh,Male,47,Delhi,Delhi,2023-04-09
106963,Sneha Mehta,Female,43,Hyderabad,Telangana,2023-07-08
106964,Ananya Reddy,Female,24,Noida,Uttar Pradesh,2024-12-29
106965,Neha Iyer,Male,41,Chennai,Tamil Nadu,2022-02-08
106966,Rohan Gupta,Male,46,Bengaluru,Karnataka,2023-08-31
106967,Raj Sharma,Female,46,Patna,Bihar,2022-09-14
106968,Rohan Reddy,Male,41,Mumbai,Maharashtra,2023-08-24
106969,Meera Reddy,Female,41,Bengaluru,Karnataka,2024-08-22
106970,Pooja Das,Male,29,Bengaluru,Karnataka,2024-05-07
106971,Vivaan Verma,Male,24,Indore,Madhya Pradesh,2022-04-14
106972,Ananya Kumar,Female,29,Pune,Maharashtra,2022-03-04
106973,Isha Malhotra,Male,18,Jaipur,Rajasthan,2022-04-13
106974,Pooja Joshi,Male,44,Coimbatore,Tamil Nadu,2023-08-11
106975,Aarav Gupta,Female,29,Noida,Uttar Pradesh,2022-01-20
106976,Riya Nair,Male,44,Mumbai,Maharashtra,2022-05-15
106977,Aman Mishra,Female,21,Noida,Uttar Pradesh,2024-05-08
106978,Arjun Singh,Female,42,Ahmedabad,Gujarat,2023-12-27
106979,Pooja Sharma,Female,28,Mumbai,Maharashtra,2024-09-16
106980,Kavya Sharma,Male,20,Bengaluru,Karnataka,2023-04-13
106981,Riya Joshi,Male,47,Lucknow,Uttar Pradesh,2024-09-05
106982,Rahul Singh,Female,42,Mumbai,Maharashtra,2024-04-30
106983,Aditi Verma,Female,34,Mumbai,Maharashtra,2022-09-19
106984,Karan Sharma,Female,32,Lucknow,Uttar Pradesh,2023-08-13
106985,Ananya Gupta,Female,36,Indore,Madhya Pradesh,2022-12-10
106986,Vikram Verma,Male,34,Delhi,Delhi,2024-04-10
106987,Rahul Patel,Male,25,Hyderabad,Telangana,2024-02-22
106988,Aman Agarwal,Male,28,Kolkata,West Bengal,2022-10-11
106989,Karan Verma,Male,50,Jaipur,Rajasthan,2022-09-15
106990,Aditi Nair,Male,56,Nagpur,Maharashtra,2024-01-20
106991,Kavya Reddy,Female,46,Jaipur,Rajasthan,2023-06-20
106992,Raj Agarwal,Male,36,Kolkata,West Bengal,2022-11-11
106993,Isha Mehta,Male,29,Nagpur,Maharashtra,2022-03-09
106994,Riya Mehta,Male,25,Delhi,Delhi,2023-03-29
106995,Karan Patel,Female,25,Delhi,Delhi,2024-04-24
106996,Rohan Singh,Female,27,Chennai,Tamil Nadu,2023-04-18
106997,Aman Mehta,Female,51,Bengaluru,Karnataka,2022-04-19
106998,Arjun Malhotra,Female,48,Delhi,Delhi,2022-06-23
106999,Meera Patel,Male,39,Bengaluru,Karnataka,2023-07-04
107000,Rohan Iyer,Female,23,Jaipur,Rajasthan,2022-05-01
107001,Karan Nair,Male,40,Indore,Madhya Pradesh,2022-07-25
107002,Isha Mehta,Male,30,Delhi,Delhi,2023-11-12
107003,Neha Mehta,Female,18,Chennai,Tamil Nadu,2022-10-31
107004,Pooja Nair,Female,35,Bengaluru,Karnataka,2024-08-13
107005,Aman Das,Male,24,Jaipur,Rajasthan,2023-05-11
107006,Ananya Malhotra,Male,25,Chennai,Tamil Nadu,2022-08-11
107007,Arjun Malhotra,Female,30,Patna,Bihar,2022-08-21
107008,Priya Mehta,Male,28,Delhi,Delhi,2024-07-31
107009,Karan Malhotra,Male,32,Pune,Maharashtra,2023-01-13
107010,Aditi Kumar,Male,31,Mumbai,Maharashtra,2023-01-09
107011,Aditya Agarwal,Male,18,Chennai,Tamil Nadu,2024-03-22
107012,Rohan Mishra,Female,46,Surat,Gujarat,2023-09-29
107013,Vivaan Joshi,Male,23,Bhopal,Madhya Pradesh,2022-05-15
107014,Aman Malhotra,Male,23,Hyderabad,Telangana,2023-06-14
107015,Sneha Patel,Female,29,Gurugram,Haryana,2024-10-03
107016,Pooja Das,Female,31,Bengaluru,Karnataka,2023-11-04
107017,Riya Kumar,Male,45,Delhi,Delhi,2024-05-12
107018,Priya Sharma,Male,34,Surat,Gujarat,2022-01-27
107019,Arjun Gupta,Male,37,Delhi,Delhi,2022-01-24
107020,Ananya Mehta,Female,34,Delhi,Delhi,2022-05-15
107021,Rohan Kumar,Female,34,Bengaluru,Karnataka,2024-12-04
107022,Vikram Verma,Female,35,Hyderabad,Telangana,2023-06-29
107023,Karan Reddy,Female,18,Delhi,Delhi,2022-09-15
107024,Aditi Kumar,Female,30,Gurugram,Haryana,2023-04-02
107025,Rahul Iyer,Female,42,Hyderabad,Telangana,2023-03-22
107026,Ananya Verma,Female,67,Pune,Maharashtra,2023-11-07
107027,Aarav Kumar,Male,21,Bengaluru,Karnataka,2024-12-16
107028,Aarav Nair,Other,36,Pune,Maharashtra,2023-07-13
107029,Ananya Singh,Male,27,Ahmedabad,Gujarat,2024-07-07
107030,Neha Malhotra,Male,50,Bhopal,Madhya Pradesh,2023-09-20
107031,Ananya Mishra,Female,20,Coimbatore,Tamil Nadu,2022-12-02
107032,Vikram Joshi,Male,38,Hyderabad,Telangana,2022-11-20
107033,Aditya Mehta,Female,19,Nagpur,Maharashtra,2023-05-12
107034,Raj Malhotra,Female,29,Bengaluru,Karnataka,2023-10-24
107035,Karan Joshi,Male,32,Delhi,Delhi,2024-05-04
107036,Karan Verma,Female,42,Ahmedabad,Gujarat,2024-04-30
107037,Kavya Patel,Male,22,Mumbai,Maharashtra,2024-09-12
107038,Pooja Mishra,Male,38,Delhi,Delhi,2024-09-03
107039,Aditya Malhotra,Female,32,Patna,Bihar,2022-06-18
107040,Sneha Reddy,Female,34,Noida,Uttar Pradesh,2023-12-24
107041,Sneha Kumar,Female,41,Delhi,Delhi,2023-05-26
107042,Ananya Singh,Male,20,Noida,Uttar Pradesh,2022-02-10
107043,Karan Sharma,Female,39,Surat,Gujarat,2022-12-12
107044,Isha Agarwal,Male,27,Bhopal,Madhya Pradesh,2022-12-07
107045,Vivaan Patel,Female,42,Chennai,Tamil Nadu,2024-06-02
107046,Sneha Verma,Male,35,Lucknow,Uttar Pradesh,2022-12-01
107047,Arjun Agarwal,Female,30,Ahmedabad,Gujarat,2023-09-09
107048,Rohan Malhotra,Male,27,Lucknow,Uttar Pradesh,2024-08-10
107049,Ananya Malhotra,Male,39,Jaipur,Rajasthan,2023-04-29
107050,Priya Singh,Male,43,Chennai,Tamil Nadu,2024-04-04
107051,Meera Sharma,Female,27,Pune,Maharashtra,2023-10-27
107052,Raj Sharma,Female,22,Nagpur,Maharashtra,2022-01-22
107053,Meera Sharma,Female,38,Bengaluru,Karnataka,2022-03-29
107054,Neha Patel,Male,19,Delhi,Delhi,2023-02-20
107055,Rahul Das,Female,20,Ahmedabad,Gujarat,2022-10-21
107056,Priya Sharma,Male,22,Mumbai,Maharashtra,2022-02-02
107057,Kavya Mishra,Female,28,Chennai,Tamil Nadu,2022-03-19
107058,Riya Sharma,Male,20,Delhi,Delhi,2022-04-24
107059,Ananya Reddy,Female,18,Kolkata,West Bengal,2024-06-04
107060,Aarav Verma,Female,22,Chandigarh,Chandigarh,2023-09-08
107061,Isha Verma,Female,38,Lucknow,Uttar Pradesh,2024-07-17
107062,Sneha Nair,Female,21,Mumbai,Maharashtra,2024-04-12
107063,Raj Patel,Female,29,Coimbatore,Tamil Nadu,2022-05-19
107064,Ananya Iyer,Female,50,Bengaluru,Karnataka,2023-10-01
107065,Aditi Mehta,Male,32,Hyderabad,Telangana,2023-09-09
107066,Aditya Joshi,Female,35,Pune,Maharashtra,2022-10-26
107067,Ananya Agarwal,Male,23,Nagpur,Maharashtra,2024-07-13
107068,Pooja Sharma,Female,51,Delhi,Delhi,2024-10-27
107069,Priya Patel,Male,27,Lucknow,Uttar Pradesh,2024-09-28
107070,Neha Agarwal,Male,30,Bengaluru,Karnataka,2023-05-26
107071,Arjun Das,Male,44,Delhi,Delhi,2023-10-28
107072,Aditi Malhotra,Male,30,Chandigarh,Chandigarh,2023-10-14
107073,Arjun Sharma,Female,32,Chennai,Tamil Nadu,2023-06-17
107074,Vikram Sharma,Male,29,Ahmedabad,Gujarat,2022-04-18
107075,Aarav Gupta,Female,30,Mumbai,Maharashtra,2023-08-05
107076,Arjun Kumar,Male,35,Ahmedabad,Gujarat,2022-12-27
107077,Sneha Singh,Female,37,Gurugram,Haryana,2023-05-25
107078,Rohan Verma,Female,26,Hyderabad,Telangana,2022-09-13
107079,Karan Nair,Female,25,Chennai,Tamil Nadu,2024-03-31
107080,Aditi Das,Female,27,Coimbatore,Tamil Nadu,2024-10-06
107081,Kavya Sharma,Male,19,Surat,Gujarat,2022-10-22
107082,Vivaan Patel,Female,18,Hyderabad,Telangana,2022-05-06
107083,Vivaan Verma,Male,35,Jaipur,Rajasthan,2024-06-05
107084,Vivaan Patel,Male,40,Noida,Uttar Pradesh,2024-06-26
107085,Aditya Patel,Female,40,Delhi,Delhi,2024-01-15
107086,Ananya Nair,Male,18,Chennai,Tamil Nadu,2023-07-03
107087,Pooja Iyer,Female,30,Nagpur,Maharashtra,2023-04-06
107088,Priya Patel,Female,22,Chandigarh,Chandigarh,2023-02-07
107089,Rohan Mishra,Male,33,Gurugram,Haryana,2023-09-19
107090,Rahul Malhotra,Male,28,Delhi,Delhi,2023-04-19
107091,Neha Verma,Male,37,Nagpur,Maharashtra,2024-03-30
107092,Rahul Kumar,Female,32,Kolkata,West Bengal,2022-02-09
107093,Rahul Iyer,Female,18,Mumbai,Maharashtra,2023-07-22
107094,Meera Mishra,Male,23,Jaipur,Rajasthan,2023-10-17
107095,Sneha Reddy,Male,32,Surat,Gujarat,2023-03-11
107096,Neha Reddy,Female,33,Delhi,Delhi,2023-01-11
107097,Arjun Joshi,Female,19,Patna,Bihar,2023-12-12
107098,Riya Singh,Male,18,Patna,Bihar,2022-12-24
107099,Meera Agarwal,Male,33,Delhi,Delhi,2024-11-17
107100,Isha Patel,Female,19,Bhopal,Madhya Pradesh,2024-08-18
107101,Ananya Iyer,Male,18,Chandigarh,Chandigarh,2023-04-01
107102,Isha Singh,Male,28,Delhi,Delhi,2023-11-16
107103,Aditya Patel,Female,28,Bengaluru,Karnataka,2024-07-24
107104,Raj Nair,Female,24,Hyderabad,Telangana,2023-02-10
107105,Aditya Kumar,Male,26,Bengaluru,Karnataka,2023-05-24
107106,Kavya Das,Male,32,Ahmedabad,Gujarat,2024-11-12
107107,Vikram Reddy,Male,26,Bengaluru,Karnataka,2022-07-21
107108,Karan Nair,Male,33,Kochi,Kerala,2023-03-30
107109,Aditya Verma,Female,29,Nagpur,Maharashtra,2023-05-20
107110,Isha Sharma,Male,34,Bengaluru,Karnataka,2022-02-10
107111,Karan Sharma,Female,40,Pune,Maharashtra,2024-09-12
107112,Karan Agarwal,Female,40,Chennai,Tamil Nadu,2023-04-22
107113,Priya Singh,Male,44,Chennai,Tamil Nadu,2023-07-22
107114,Isha Verma,Male,40,Hyderabad,Telangana,2023-11-29
107115,Ananya Singh,Female,34,Mumbai,Maharashtra,2023-05-25
107116,Meera Iyer,Female,28,Delhi,Delhi,2023-03-03
107117,Riya Joshi,Female,29,Delhi,Delhi,2022-04-14
107118,Ananya Iyer,Male,24,Bhopal,Madhya Pradesh,2023-01-06
107119,Raj Nair,Female,32,Bengaluru,Karnataka,2023-04-17
107120,Neha Reddy,Female,38,Delhi,Delhi,2024-05-16
107121,Rahul Das,Female,25,Kolkata,West Bengal,2023-09-28
107122,Riya Verma,Male,32,Delhi,Delhi,2022-07-27
107123,Rahul Singh,Female,26,Delhi,Delhi,2023-01-02
107124,Aditi Mehta,Female,34,Kolkata,West Bengal,2022-11-09
107125,Neha Das,Male,27,Kolkata,West Bengal,2023-08-24
107126,Pooja Joshi,Male,25,Delhi,Delhi,2024-09-01
107127,Karan Iyer,Male,26,Pune,Maharashtra,2023-06-04
107128,Priya Singh,Male,37,Hyderabad,Telangana,2022-02-14
107129,Aditya Patel,Male,31,Chennai,Tamil Nadu,2024-02-06
107130,Sneha Gupta,Female,28,Ahmedabad,Gujarat,2023-01-26
107131,Raj Das,Male,34,Bengaluru,Karnataka,2024-07-28
107132,Meera Reddy,Male,28,Hyderabad,Telangana,2022-11-19
107133,Arjun Gupta,Female,42,Noida,Uttar Pradesh,2022-04-23
107134,Neha Mishra,Male,23,Patna,Bihar,2023-05-11
107135,Arjun Nair,Male,30,Indore,Madhya Pradesh,2023-04-17
107136,Arjun Singh,Female,19,Pune,Maharashtra,2023-12-12
107137,Aarav Mishra,Female,29,Pune,Maharashtra,2022-04-02
107138,Neha Gupta,Female,18,Chennai,Tamil Nadu,2023-10-26
107139,Aman Sharma,Female,39,Surat,Gujarat,2022-05-29
107140,Isha Reddy,Male,39,Gurugram,Haryana,2024-03-29
107141,Riya Agarwal,Female,39,Bengaluru,Karnataka,2022-04-09
107142,Aditi Patel,Male,32,Mumbai,Maharashtra,2022-09-15
107143,Arjun Mishra,Female,24,Hyderabad,Telangana,2023-05-25
107144,Kavya Verma,Male,25,Bengaluru,Karnataka,2022-09-28
107145,Aditi Mehta,Female,46,Kochi,Kerala,2023-10-31
107146,Karan Gupta,Female,45,Bengaluru,Karnataka,2022-07-16
107147,Priya Joshi,Female,33,Mumbai,Maharashtra,2022-02-28
107148,Sneha Joshi,Male,27,Bhopal,Madhya Pradesh,2024-09-25
107149,Ananya Sharma,Male,44,Delhi,Delhi,2022-07-03
107150,Neha Patel,Female,26,Bengaluru,Karnataka,2024-01-19
107151,Aditi Verma,Female,34,Hyderabad,Telangana,2024-01-01
107152,Vivaan Reddy,Male,44,Kolkata,West Bengal,2023-10-27
107153,Priya Nair,Female,24,Bengaluru,Karnataka,2024-12-30
107154,Sneha Singh,Female,39,Pune,Maharashtra,2024-10-18
107155,Raj Singh,Male,37,Mumbai,Maharashtra,2022-04-21
107156,Priya Gupta,Female,32,Chennai,Tamil Nadu,2023-07-01
107157,Pooja Patel,Female,23,Hyderabad,Telangana,2022-04-18
107158,Riya Malhotra,Male,25,Surat,Gujarat,2023-07-14
107159,Isha Joshi,Male,35,Hyderabad,Telangana,2022-11-08
107160,Sneha Verma,Female,19,Hyderabad,Telangana,2022-11-08
107161,Vivaan Reddy,Female,33,Kolkata,West Bengal,2023-09-05
107162,Vikram Verma,Male,37,Delhi,Delhi,2023-11-30
107163,Vikram Verma,Female,41,Mumbai,Maharashtra,2024-03-16
107164,Vivaan Mishra,Female,19,Noida,Uttar Pradesh,2023-09-18
107165,Vivaan Malhotra,Female,44,Bengaluru,Karnataka,2022-05-26
107166,Aman Singh,Male,47,Jaipur,Rajasthan,2022-06-11
107167,Aditya Joshi,Female,36,Delhi,Delhi,2022-11-17
107168,Arjun Patel,Male,23,Gurugram,Haryana,2024-01-31
107169,Vikram Mishra,Male,29,Nagpur,Maharashtra,2024-02-02
107170,Pooja Nair,Male,32,Hyderabad,Telangana,2022-06-29
107171,Priya Mehta,Male,34,Pune,Maharashtra,2022-09-27
107172,Priya Verma,Female,32,Hyderabad,Telangana,2023-10-19
107173,Vikram Nair,Male,35,Indore,Madhya Pradesh,2023-04-22
107174,Aman Agarwal,Female,31,Delhi,Delhi,2024-11-11
107175,Karan Gupta,Male,34,Jaipur,Rajasthan,2022-03-14
107176,Karan Kumar,Male,28,Jaipur,Rajasthan,2024-09-22
107177,Raj Nair,Other,29,Hyderabad,Telangana,2024-11-24
107178,Pooja Patel,Female,27,Mumbai,Maharashtra,2022-06-04
107179,Aarav Verma,Male,49,Mumbai,Maharashtra,2022-07-06
107180,Rohan Joshi,Female,45,Noida,Uttar Pradesh,2023-05-26
107181,Pooja Agarwal,Male,37,Delhi,Delhi,2023-12-09
107182,Raj Das,Male,44,Chennai,Tamil Nadu,2022-02-13
107183,Vikram Gupta,Female,39,Bengaluru,Karnataka,2023-12-17
107184,Ananya Reddy,Female,34,Bengaluru,Karnataka,2023-04-03
107185,Aditya Gupta,Male,18,Pune,Maharashtra,2023-09-28
107186,Rohan Kumar,Female,30,Bhopal,Madhya Pradesh,2023-06-05
107187,Neha Gupta,Female,29,Kolkata,West Bengal,2022-05-21
107188,Aarav Reddy,Male,22,Noida,Uttar Pradesh,2024-08-21
107189,Isha Mehta,Female,19,Kolkata,West Bengal,2022-08-14
107190,Ananya Sharma,Female,36,Lucknow,Uttar Pradesh,2023-11-14
107191,Rohan Patel,Female,35,Hyderabad,Telangana,2024-10-15
107192,Aditya Gupta,Male,21,Patna,Bihar,2023-10-06
107193,Aarav Malhotra,Female,25,Pune,Maharashtra,2024-01-04
107194,Aditi Agarwal,Male,42,Chennai,Tamil Nadu,2024-10-13
107195,Meera Sharma,Female,24,Chennai,Tamil Nadu,2022-09-06
107196,Isha Das,Female,34,Bengaluru,Karnataka,2024-03-14
107197,Vikram Agarwal,Male,30,Mumbai,Maharashtra,2024-06-04
107198,Arjun Sharma,Female,37,Delhi,Delhi,2023-04-18
107199,Aarav Malhotra,Female,24,Lucknow,Uttar Pradesh,2022-12-22
107200,Raj Das,Female,33,Bengaluru,Karnataka,2024-11-20
107201,Vikram Joshi,Male,34,Hyderabad,Telangana,2022-09-27
107202,Riya Gupta,Male,34,Patna,Bihar,2023-07-23
107203,Rahul Iyer,Female,33,Chennai,Tamil Nadu,2024-04-18
107204,Arjun Verma,Male,35,Delhi,Delhi,2023-05-19
107205,Raj Iyer,Female,52,Noida,Uttar Pradesh,2022-02-05
107206,Ananya Agarwal,Male,55,Bengaluru,Karnataka,2024-05-31
107207,Isha Nair,Male,26,Chennai,Tamil Nadu,2022-09-04
107208,Aditi Joshi,Male,18,Pune,Maharashtra,2024-04-20
107209,Aman Reddy,Male,37,Mumbai,Maharashtra,2022-10-02
107210,Isha Patel,Female,34,Delhi,Delhi,2022-06-02
107211,Aditi Agarwal,Male,42,Mumbai,Maharashtra,2024-01-17
107212,Aarav Das,Male,35,Delhi,Delhi,2024-06-04
107213,Aditi Patel,Male,33,Bengaluru,Karnataka,2023-05-02
107214,Ananya Mishra,Female,42,Nagpur,Maharashtra,2023-10-10
107215,Riya Iyer,Male,43,Hyderabad,Telangana,2022-09-27
107216,Pooja Agarwal,Female,20,Surat,Gujarat,2022-01-19
107217,Arjun Patel,Female,25,Chennai,Tamil Nadu,2022-01-02
107218,Riya Nair,Female,31,Jaipur,Rajasthan,2024-07-27
107219,Aarav Gupta,Female,33,Mumbai,Maharashtra,2024-06-11
107220,Sneha Das,Female,30,Bengaluru,Karnataka,2022-05-30
107221,Vikram Reddy,Female,36,Pune,Maharashtra,2023-10-03
107222,Rahul Kumar,Male,41,Indore,Madhya Pradesh,2022-03-27
107223,Isha Sharma,Male,48,Delhi,Delhi,2023-08-16
107224,Vikram Malhotra,Male,37,Pune,Maharashtra,2022-11-12
107225,Sneha Kumar,Female,24,Delhi,Delhi,2022-04-23
107226,Karan Nair,Female,31,Pune,Maharashtra,2023-10-06
107227,Aditya Singh,Female,31,Kolkata,West Bengal,2024-02-29
107228,Priya Reddy,Male,37,Ahmedabad,Gujarat,2024-10-22
107229,Arjun Patel,Female,35,Mumbai,Maharashtra,2024-01-05
107230,Kavya Mishra,Male,50,Mumbai,Maharashtra,2024-05-10
107231,Neha Mishra,Male,28,Pune,Maharashtra,2024-07-01
107232,Riya Gupta,Male,35,Nagpur,Maharashtra,2024-08-01
107233,Aman Mishra,Male,53,Bengaluru,Karnataka,2022-06-08
107234,Aditi Mishra,Female,27,Hyderabad,Telangana,2023-09-19
107235,Ananya Mehta,Male,33,Hyderabad,Telangana,2023-01-24
107236,Meera Mehta,Male,23,Delhi,Delhi,2023-03-18
107237,Aman Patel,Female,33,Noida,Uttar Pradesh,2024-05-15
107238,Karan Sharma,Female,25,Bengaluru,Karnataka,2022-02-19
107239,Meera Joshi,Female,41,Lucknow,Uttar Pradesh,2024-10-31
107240,Ananya Das,Male,33,Pune,Maharashtra,2022-03-28
107241,Pooja Verma,Female,24,Kolkata,West Bengal,2022-03-19
107242,Sneha Iyer,Female,40,Delhi,Delhi,2022-08-12
107243,Neha Malhotra,Male,34,Indore,Madhya Pradesh,2022-04-01
107244,Aditi Patel,Female,41,Mumbai,Maharashtra,2022-06-11
107245,Arjun Sharma,Male,22,Jaipur,Rajasthan,2023-08-06
107246,Isha Mishra,Male,35,Noida,Uttar Pradesh,2024-05-05
107247,Rahul Agarwal,Female,39,Chennai,Tamil Nadu,2022-07-16
107248,Rahul Joshi,Female,28,Bengaluru,Karnataka,2022-04-13
107249,Raj Malhotra,Male,21,Coimbatore,Tamil Nadu,2023-03-20
107250,Kavya Reddy,Female,32,Bengaluru,Karnataka,2022-11-01
107251,Rohan Patel,Female,43,Kochi,Kerala,2024-09-21
107252,Isha Patel,Female,42,Mumbai,Maharashtra,2024-11-17
107253,Aditya Iyer,Male,28,Hyderabad,Telangana,2024-12-10
107254,Raj Sharma,Female,20,Mumbai,Maharashtra,2024-10-22
107255,Neha Sharma,Male,28,Delhi,Delhi,2022-07-21
107256,Karan Patel,Female,28,Bengaluru,Karnataka,2023-03-01
107257,Meera Verma,Male,36,Delhi,Delhi,2022-03-20
107258,Vivaan Agarwal,Male,31,Nagpur,Maharashtra,2023-07-30
107259,Raj Sharma,Female,25,Ahmedabad,Gujarat,2024-03-11
107260,Sneha Kumar,Male,42,Delhi,Delhi,2022-08-23
107261,Aarav Sharma,Male,33,Mumbai,Maharashtra,2024-03-01
107262,Aman Gupta,Male,36,Jaipur,Rajasthan,2023-05-13
107263,Aditi Mishra,Female,18,Hyderabad,Telangana,2024-12-07
107264,Raj Iyer,Male,18,Gurugram,Haryana,2022-08-22
107265,Riya Reddy,Female,19,Pune,Maharashtra,2024-04-14
107266,Kavya Gupta,Male,28,Jaipur,Rajasthan,2024-11-06
107267,Aditya Nair,Male,37,Kolkata,West Bengal,2024-08-26
107268,Aman Gupta,Male,18,Kolkata,West Bengal,2023-12-23
107269,Karan Mehta,Male,46,Mumbai,Maharashtra,2022-07-01
107270,Meera Mishra,Male,34,Hyderabad,Telangana,2024-12-16
107271,Aditya Patel,Male,44,Delhi,Delhi,2023-12-25
107272,Vikram Sharma,Female,24,Chennai,Tamil Nadu,2024-05-11
107273,Isha Mishra,Female,37,Pune,Maharashtra,2022-04-04
107274,Aditi Singh,Male,33,Ahmedabad,Gujarat,2023-12-19
107275,Priya Mehta,Male,39,Mumbai,Maharashtra,2022-03-14
107276,Priya Mishra,Female,30,Hyderabad,Telangana,2024-02-21
107277,Arjun Mishra,Male,36,Mumbai,Maharashtra,2023-11-16
107278,Aman Mishra,Male,42,Kolkata,West Bengal,2024-03-30
107279,Raj Malhotra,Female,26,Surat,Gujarat,2022-11-25
107280,Raj Gupta,Female,34,Ahmedabad,Gujarat,2024-02-18
107281,Meera Mehta,Female,18,Chandigarh,Chandigarh,2024-09-07
107282,Ananya Iyer,Male,38,Coimbatore,Tamil Nadu,2022-12-27
107283,Meera Gupta,Male,50,Ahmedabad,Gujarat,2024-12-09
107284,Karan Patel,Female,21,Bengaluru,Karnataka,2022-03-12
107285,Rahul Mehta,Male,31,Mumbai,Maharashtra,2022-01-25
107286,Kavya Singh,Female,40,Hyderabad,Telangana,2024-09-08
107287,Raj Patel,Female,32,Nagpur,Maharashtra,2022-11-16
107288,Aditya Patel,Male,33,Hyderabad,Telangana,2024-09-26
107289,Meera Mishra,Female,28,Mumbai,Maharashtra,2022-11-17
107290,Neha Joshi,Female,28,Chandigarh,Chandigarh,2022-01-04
107291,Rohan Mehta,Female,31,Hyderabad,Telangana,2022-08-18
107292,Sneha Verma,Male,32,Lucknow,Uttar Pradesh,2023-08-18
107293,Rahul Joshi,Male,21,Noida,Uttar Pradesh,2024-07-05
107294,Neha Nair,Female,31,Gurugram,Haryana,2022-11-13
107295,Ananya Joshi,Male,46,Gurugram,Haryana,2023-01-31
107296,Aditi Agarwal,Female,28,Gurugram,Haryana,2024-07-27
107297,Aditi Mehta,Male,21,Jaipur,Rajasthan,2023-03-08
107298,Neha Mehta,Male,31,Hyderabad,Telangana,2023-12-22
107299,Sneha Agarwal,Male,26,Jaipur,Rajasthan,2024-05-10
107300,Aarav Mishra,Female,20,Gurugram,Haryana,2023-08-03
107301,Kavya Sharma,Male,33,Bengaluru,Karnataka,2022-02-06
107302,Sneha Verma,Male,26,Bengaluru,Karnataka,2024-08-12
107303,Rahul Malhotra,Male,26,Bengaluru,Karnataka,2024-11-22
107304,Raj Iyer,Female,33,Chennai,Tamil Nadu,2023-04-03
107305,Vikram Malhotra,Male,18,Delhi,Delhi,2022-02-28
107306,Riya Kumar,Female,18,Noida,Uttar Pradesh,2024-12-28
107307,Rahul Malhotra,Female,38,Mumbai,Maharashtra,2023-03-31
107308,Kavya Mishra,Male,18,Mumbai,Maharashtra,2022-04-12
107309,Meera Mishra,Female,23,Mumbai,Maharashtra,2024-03-30
107310,Raj Sharma,Male,18,Chennai,Tamil Nadu,2024-06-27
107311,Priya Gupta,Female,28,Bengaluru,Karnataka,2024-12-01
107312,Priya Reddy,Female,36,Hyderabad,Telangana,2024-01-31
107313,Aarav Agarwal,Male,33,Chandigarh,Chandigarh,2022-07-31
107314,Riya Agarwal,Male,54,Surat,Gujarat,2023-06-07
107315,Vivaan Verma,Male,42,Surat,Gujarat,2023-12-11
107316,Vivaan Patel,Other,24,Chennai,Tamil Nadu,2023-08-05
107317,Arjun Kumar,Male,21,Surat,Gujarat,2023-02-23
107318,Pooja Verma,Female,56,Noida,Uttar Pradesh,2024-04-23
107319,Raj Malhotra,Male,42,Kochi,Kerala,2024-08-03
107320,Isha Nair,Female,37,Delhi,Delhi,2022-06-12
107321,Ananya Das,Male,33,Delhi,Delhi,2023-06-17
107322,Vivaan Verma,Female,34,Mumbai,Maharashtra,2024-03-04
107323,Meera Reddy,Male,19,Patna,Bihar,2024-09-11
107324,Riya Nair,Female,33,Kolkata,West Bengal,2023-06-24
107325,Vivaan Nair,Male,33,Hyderabad,Telangana,2022-03-14
107326,Karan Joshi,Male,24,Pune,Maharashtra,2024-06-09
107327,Rahul Joshi,Male,27,Gurugram,Haryana,2024-02-16
107328,Isha Gupta,Female,46,Patna,Bihar,2024-12-14
107329,Vikram Mishra,Male,31,Lucknow,Uttar Pradesh,2024-11-20
107330,Rahul Patel,Female,51,Ahmedabad,Gujarat,2024-05-05
107331,Raj Nair,Male,18,Bengaluru,Karnataka,2024-07-09
107332,Aarav Iyer,Female,27,Pune,Maharashtra,2024-02-03
107333,Isha Malhotra,Female,18,Indore,Madhya Pradesh,2022-05-21
107334,Karan Verma,Female,21,Noida,Uttar Pradesh,2023-11-23
107335,Aditya Sharma,Male,25,Jaipur,Rajasthan,2024-10-03
107336,Rahul Malhotra,Male,35,Delhi,Delhi,2022-07-26
107337,Arjun Joshi,Male,34,Delhi,Delhi,2022-06-22
107338,Arjun Singh,Male,26,Delhi,Delhi,2024-05-20
107339,Karan Verma,Female,18,Chennai,Tamil Nadu,2023-09-16
107340,Isha Sharma,Female,45,Chennai,Tamil Nadu,2023-12-27
107341,Riya Agarwal,Female,29,Chandigarh,Chandigarh,2024-06-01
107342,Priya Sharma,Male,22,Lucknow,Uttar Pradesh,2022-04-04
107343,Arjun Patel,Female,34,Bengaluru,Karnataka,2023-12-21
107344,Priya Agarwal,Male,34,Mumbai,Maharashtra,2024-01-19
107345,Rohan Das,Female,29,Surat,Gujarat,2024-04-03
107346,Vikram Das,Male,33,Pune,Maharashtra,2023-03-01
107347,Kavya Patel,Male,22,Jaipur,Rajasthan,2023-09-14
107348,Pooja Reddy,Male,39,Chennai,Tamil Nadu,2023-05-25
107349,Neha Das,Female,23,Delhi,Delhi,2022-07-03
107350,Pooja Verma,Female,27,Delhi,Delhi,2024-10-28
107351,Sneha Gupta,Male,38,Hyderabad,Telangana,2022-04-10
107352,Aarav Gupta,Male,43,Bengaluru,Karnataka,2024-06-17
107353,Rahul Das,Female,46,Jaipur,Rajasthan,2023-03-06
107354,Vikram Gupta,Female,42,Kolkata,West Bengal,2022-10-28
107355,Riya Nair,Male,29,Coimbatore,Tamil Nadu,2022-02-03
107356,Kavya Singh,Female,18,Surat,Gujarat,2022-03-08
107357,Isha Agarwal,Other,45,Pune,Maharashtra,2022-10-03
107358,Raj Patel,Female,44,Pune,Maharashtra,2023-12-17
107359,Arjun Malhotra,Male,26,Jaipur,Rajasthan,2024-12-19
107360,Isha Kumar,Female,40,Delhi,Delhi,2023-12-10
107361,Aman Mehta,Female,29,Nagpur,Maharashtra,2024-05-27
107362,Priya Nair,Male,46,Pune,Maharashtra,2023-11-10
107363,Arjun Agarwal,Female,27,Bhopal,Madhya Pradesh,2023-03-15
107364,Sneha Das,Female,50,Coimbatore,Tamil Nadu,2023-05-07
107365,Sneha Gupta,Male,39,Chennai,Tamil Nadu,2024-08-19
107366,Aarav Patel,Male,48,Delhi,Delhi,2024-09-03
107367,Neha Verma,Female,28,Chennai,Tamil Nadu,2024-09-14
107368,Meera Mehta,Female,36,Kolkata,West Bengal,2023-05-11
107369,Aarav Malhotra,Male,23,Noida,Uttar Pradesh,2022-02-07
107370,Raj Sharma,Female,40,Delhi,Delhi,2023-02-14
107371,Pooja Agarwal,Female,40,Pune,Maharashtra,2022-07-23
107372,Vivaan Mishra,Female,54,Patna,Bihar,2024-02-15
107373,Aditi Gupta,Male,36,Nagpur,Maharashtra,2024-10-11
107374,Neha Mishra,Female,39,Mumbai,Maharashtra,2024-09-12
107375,Neha Patel,Male,28,Indore,Madhya Pradesh,2022-08-10
107376,Aarav Gupta,Male,37,Mumbai,Maharashtra,2022-11-26
107377,Aditi Joshi,Female,29,Gurugram,Haryana,2024-05-01
107378,Riya Singh,Male,33,Bengaluru,Karnataka,2022-08-09
107379,Aditi Mishra,Female,34,Kochi,Kerala,2024-01-31
107380,Riya Mehta,Male,29,Lucknow,Uttar Pradesh,2023-08-03
107381,Riya Verma,Male,33,Hyderabad,Telangana,2024-09-11
107382,Rohan Reddy,Male,29,Bengaluru,Karnataka,2022-11-11
107383,Rahul Kumar,Other,29,Mumbai,Maharashtra,2022-01-26
107384,Meera Kumar,Female,42,Jaipur,Rajasthan,2022-07-31
107385,Neha Nair,Female,34,Bhopal,Madhya Pradesh,2022-10-22
107386,Rahul Patel,Male,35,Ahmedabad,Gujarat,2023-06-22
107387,Raj Mishra,Male,19,Gurugram,Haryana,2022-04-28
107388,Priya Verma,Female,36,Noida,Uttar Pradesh,2022-10-11
107389,Isha Mehta,Male,37,Coimbatore,Tamil Nadu,2024-02-07
107390,Isha Malhotra,Male,28,Ahmedabad,Gujarat,2023-08-18
107391,Rohan Malhotra,Female,51,Mumbai,Maharashtra,2023-11-22
107392,Riya Iyer,Male,18,Noida,Uttar Pradesh,2023-10-20
107393,Riya Patel,Female,39,Bengaluru,Karnataka,2022-02-18
107394,Rahul Nair,Female,38,Nagpur,Maharashtra,2022-04-29
107395,Ananya Malhotra,Male,37,Hyderabad,Telangana,2023-12-02
107396,Meera Kumar,Male,34,Bengaluru,Karnataka,2023-08-29
107397,Meera Malhotra,Male,37,Mumbai,Maharashtra,2022-03-06
107398,Priya Verma,Female,40,Jaipur,Rajasthan,2024-11-04
107399,Vivaan Sharma,Female,25,Delhi,Delhi,2022-03-16
107400,Rohan Singh,Male,35,Kochi,Kerala,2023-03-04
107401,Arjun Reddy,Male,30,Bengaluru,Karnataka,2024-10-12
107402,Arjun Agarwal,Female,22,Bengaluru,Karnataka,2024-04-02
107403,Isha Kumar,Female,38,Delhi,Delhi,2024-07-27
107404,Vikram Iyer,Male,27,Mumbai,Maharashtra,2023-05-01
107405,Vikram Verma,Male,19,Hyderabad,Telangana,2024-12-01
107406,Rohan Nair,Male,27,Hyderabad,Telangana,2024-11-10
107407,Priya Iyer,Female,25,Bengaluru,Karnataka,2024-09-06
107408,Sneha Mishra,Female,41,Delhi,Delhi,2022-10-04
107409,Aditya Sharma,Male,33,Bengaluru,Karnataka,2023-09-27
107410,Pooja Patel,Female,44,Noida,Uttar Pradesh,2024-02-13
107411,Arjun Sharma,Male,26,Hyderabad,Telangana,2022-07-19
107412,Aditya Agarwal,Male,40,Bengaluru,Karnataka,2024-03-13
107413,Aditi Malhotra,Male,58,Bengaluru,Karnataka,2023-03-16
107414,Aarav Mishra,Female,35,Chennai,Tamil Nadu,2022-01-28
107415,Rohan Kumar,Male,40,Bengaluru,Karnataka,2023-02-19
107416,Arjun Nair,Female,38,Kolkata,West Bengal,2023-08-01
107417,Neha Mehta,Male,19,Nagpur,Maharashtra,2023-05-25
107418,Rahul Reddy,Male,37,Delhi,Delhi,2024-12-13
107419,Meera Joshi,Male,35,Mumbai,Maharashtra,2023-03-27
107420,Karan Singh,Female,30,Mumbai,Maharashtra,2022-05-02
107421,Aman Agarwal,Male,24,Hyderabad,Telangana,2022-02-26
107422,Neha Reddy,Female,38,Delhi,Delhi,2022-03-03
107423,Raj Singh,Male,23,Pune,Maharashtra,2022-06-12
107424,Karan Nair,Male,51,Patna,Bihar,2023-08-20
107425,Rohan Mehta,Male,33,Delhi,Delhi,2023-04-03
107426,Riya Iyer,Male,21,Bengaluru,Karnataka,2023-10-03
107427,Karan Verma,Male,27,Ahmedabad,Gujarat,2022-11-19
107428,Meera Sharma,Male,29,Mumbai,Maharashtra,2023-09-22
107429,Arjun Singh,Female,54,Delhi,Delhi,2023-04-08
107430,Vivaan Iyer,Female,24,Kolkata,West Bengal,2022-02-06
107431,Rahul Mishra,Male,31,Delhi,Delhi,2024-10-04
107432,Aarav Kumar,Male,27,Noida,Uttar Pradesh,2023-07-24
107433,Sneha Malhotra,Male,36,Delhi,Delhi,2022-08-06
107434,Kavya Das,Male,27,Chennai,Tamil Nadu,2024-06-15
107435,Aditya Kumar,Male,22,Ahmedabad,Gujarat,2024-04-25
107436,Rohan Reddy,Female,30,Mumbai,Maharashtra,2023-10-06
107437,Riya Agarwal,Male,29,Delhi,Delhi,2023-07-10
107438,Karan Das,Male,27,Mumbai,Maharashtra,2024-04-26
107439,Karan Malhotra,Male,27,Surat,Gujarat,2024-03-04
107440,Isha Joshi,Male,43,Lucknow,Uttar Pradesh,2022-11-09
107441,Aditi Kumar,Female,29,Mumbai,Maharashtra,2024-11-14
107442,Pooja Mishra,Male,22,Lucknow,Uttar Pradesh,2024-10-13
107443,Kavya Das,Male,28,Lucknow,Uttar Pradesh,2023-02-03
107444,Rahul Iyer,Female,32,Nagpur,Maharashtra,2024-01-06
107445,Aditya Agarwal,Male,20,Hyderabad,Telangana,2022-07-24
107446,Sneha Reddy,Female,47,Surat,Gujarat,2024-12-04
107447,Priya Das,Female,40,Hyderabad,Telangana,2024-02-13
107448,Aditya Malhotra,Male,45,Bhopal,Madhya Pradesh,2022-11-18
107449,Aditya Gupta,Female,36,Delhi,Delhi,2022-10-25
107450,Riya Patel,Male,18,Mumbai,Maharashtra,2023-11-21
107451,Arjun Verma,Female,46,Surat,Gujarat,2022-11-14
107452,Isha Singh,Male,24,Gurugram,Haryana,2024-07-15
107453,Vivaan Malhotra,Male,25,Bengaluru,Karnataka,2023-11-02
107454,Kavya Kumar,Female,33,Kolkata,West Bengal,2024-04-07
107455,Aarav Singh,Female,44,Hyderabad,Telangana,2022-04-25
107456,Raj Mishra,Other,41,Delhi,Delhi,2022-01-09
107457,Aman Mehta,Female,40,Delhi,Delhi,2022-12-06
107458,Aditi Verma,Male,29,Delhi,Delhi,2022-09-18
107459,Rohan Patel,Male,29,Kolkata,West Bengal,2023-05-27
107460,Aditya Joshi,Male,35,Bengaluru,Karnataka,2022-03-18
107461,Meera Singh,Male,31,Mumbai,Maharashtra,2022-09-23
107462,Riya Mishra,Male,40,Chandigarh,Chandigarh,2023-04-05
107463,Pooja Joshi,Female,39,Delhi,Delhi,2023-08-11
107464,Raj Mehta,Male,37,Jaipur,Rajasthan,2022-03-21
107465,Pooja Sharma,Male,18,Indore,Madhya Pradesh,2024-02-02
107466,Kavya Nair,Male,33,Mumbai,Maharashtra,2024-02-22
107467,Arjun Malhotra,Female,31,Mumbai,Maharashtra,2024-08-16
107468,Isha Mishra,Female,34,Chennai,Tamil Nadu,2024-07-13
107469,Aman Reddy,Female,25,Pune,Maharashtra,2022-07-29
107470,Aarav Sharma,Male,20,Pune,Maharashtra,2023-01-13
107471,Ananya Mehta,Female,36,Chennai,Tamil Nadu,2024-01-07
107472,Aman Singh,Male,29,Kochi,Kerala,2022-06-11
107473,Ananya Mishra,Female,37,Delhi,Delhi,2024-01-26
107474,Vivaan Gupta,Female,26,Ahmedabad,Gujarat,2024-11-28
107475,Karan Joshi,Male,45,Mumbai,Maharashtra,2022-03-31
107476,Ananya Mishra,Female,41,Hyderabad,Telangana,2023-06-22
107477,Vivaan Singh,Female,35,Delhi,Delhi,2022-07-29
107478,Isha Verma,Male,30,Hyderabad,Telangana,2024-11-23
107479,Meera Mishra,Female,40,Noida,Uttar Pradesh,2022-12-06
107480,Pooja Nair,Male,36,Delhi,Delhi,2024-11-04
107481,Vivaan Kumar,Male,34,Bengaluru,Karnataka,2022-01-25
107482,Aditya Mehta,Male,41,Hyderabad,Telangana,2023-11-21
107483,Pooja Nair,Male,45,Delhi,Delhi,2022-05-23
107484,Pooja Mishra,Female,21,Ahmedabad,Gujarat,2024-04-25
107485,Aditya Mishra,Male,23,Noida,Uttar Pradesh,2024-04-04
107486,Kavya Agarwal,Female,25,Gurugram,Haryana,2024-06-02
107487,Rahul Patel,Male,18,Chennai,Tamil Nadu,2022-03-30
107488,Vivaan Verma,Female,31,Pune,Maharashtra,2022-08-24
107489,Vivaan Agarwal,Female,37,Bengaluru,Karnataka,2023-01-04
107490,Riya Singh,Female,32,Jaipur,Rajasthan,2023-03-22
107491,Aditi Mehta,Male,27,Hyderabad,Telangana,2022-09-18
107492,Isha Patel,Male,42,Coimbatore,Tamil Nadu,2024-09-26
107493,Vikram Sharma,Male,33,Coimbatore,Tamil Nadu,2024-12-15
107494,Vivaan Sharma,Female,35,Bhopal,Madhya Pradesh,2023-08-25
107495,Karan Joshi,Female,42,Bengaluru,Karnataka,2023-07-19
107496,Pooja Das,Male,31,Hyderabad,Telangana,2024-09-22
107497,Priya Reddy,Male,51,Surat,Gujarat,2022-03-10
107498,Aarav Joshi,Female,28,Lucknow,Uttar Pradesh,2024-02-21
107499,Isha Sharma,Male,50,Lucknow,Uttar Pradesh,2023-02-01
107500,Priya Iyer,Female,23,Bengaluru,Karnataka,2024-05-02
107501,Priya Nair,Female,37,Gurugram,Haryana,2022-06-19
107502,Rahul Mehta,Female,26,Chennai,Tamil Nadu,2023-10-31
107503,Sneha Joshi,Male,42,Hyderabad,Telangana,2022-10-15
107504,Rahul Verma,Male,28,Surat,Gujarat,2024-08-28
107505,Neha Verma,Female,35,Hyderabad,Telangana,2024-03-11
107506,Pooja Mishra,Female,26,Jaipur,Rajasthan,2023-10-24
107507,Aditi Kumar,Male,40,Pune,Maharashtra,2023-08-01
107508,Karan Kumar,Male,26,Kolkata,West Bengal,2023-09-13
107509,Sneha Mishra,Female,47,Delhi,Delhi,2023-09-13
107510,Vivaan Singh,Female,23,Pune,Maharashtra,2022-11-15
107511,Vikram Verma,Female,20,Chennai,Tamil Nadu,2022-01-31
107512,Meera Sharma,Other,41,Pune,Maharashtra,2022-10-24
107513,Vikram Mehta,Male,27,Surat,Gujarat,2022-11-24
107514,Kavya Malhotra,Male,32,Bengaluru,Karnataka,2023-06-16
107515,Vivaan Iyer,Female,29,Indore,Madhya Pradesh,2022-11-02
107516,Aarav Das,Female,20,Hyderabad,Telangana,2023-05-30
107517,Vikram Das,Male,31,Lucknow,Uttar Pradesh,2024-03-15
107518,Vivaan Verma,Male,43,Delhi,Delhi,2023-01-27
107519,Vivaan Gupta,Female,41,Mumbai,Maharashtra,2022-05-25
107520,Neha Gupta,Male,34,Ahmedabad,Gujarat,2023-05-16
107521,Raj Sharma,Male,42,Delhi,Delhi,2024-08-03
107522,Ananya Kumar,Female,22,Coimbatore,Tamil Nadu,2023-04-26
107523,Pooja Reddy,Female,29,Mumbai,Maharashtra,2024-08-04
107524,Vikram Patel,Female,36,Bhopal,Madhya Pradesh,2022-06-07
107525,Rahul Malhotra,Male,31,Pune,Maharashtra,2023-09-07
107526,Priya Agarwal,Female,30,Chennai,Tamil Nadu,2024-01-22
107527,Arjun Reddy,Female,21,Delhi,Delhi,2022-03-27
107528,Aditya Verma,Female,18,Hyderabad,Telangana,2023-04-09
107529,Aman Joshi,Female,39,Mumbai,Maharashtra,2022-05-31
107530,Karan Agarwal,Male,34,Chennai,Tamil Nadu,2022-08-14
107531,Aditi Mishra,Male,40,Chennai,Tamil Nadu,2024-12-27
107532,Vikram Agarwal,Male,28,Lucknow,Uttar Pradesh,2022-03-06
107533,Raj Kumar,Male,26,Indore,Madhya Pradesh,2022-11-09
107534,Kavya Patel,Female,32,Pune,Maharashtra,2024-02-18
107535,Vikram Joshi,Female,40,Mumbai,Maharashtra,2024-02-19
107536,Aman Kumar,Female,30,Bengaluru,Karnataka,2022-09-07
107537,Kavya Joshi,Female,39,Surat,Gujarat,2023-06-24
107538,Arjun Sharma,Male,23,Mumbai,Maharashtra,2022-09-06
107539,Aditi Mishra,Male,31,Kolkata,West Bengal,2023-05-25
107540,Sneha Nair,Male,31,Delhi,Delhi,2024-04-17
107541,Pooja Agarwal,Male,43,Mumbai,Maharashtra,2022-01-14
107542,Aman Verma,Male,34,Kolkata,West Bengal,2024-02-24
107543,Karan Mishra,Female,48,Pune,Maharashtra,2022-06-24
107544,Rahul Das,Other,20,Pune,Maharashtra,2022-02-20
107545,Riya Singh,Male,33,Jaipur,Rajasthan,2023-06-25
107546,Raj Nair,Male,34,Mumbai,Maharashtra,2024-07-19
107547,Kavya Singh,Female,38,Bengaluru,Karnataka,2022-07-09
107548,Arjun Kumar,Male,25,Jaipur,Rajasthan,2024-10-23
107549,Rahul Sharma,Female,47,Chennai,Tamil Nadu,2022-09-12
107550,Vikram Nair,Female,32,Delhi,Delhi,2022-07-28
107551,Neha Reddy,Female,22,Jaipur,Rajasthan,2022-09-14
107552,Neha Verma,Male,32,Kolkata,West Bengal,2023-10-08
107553,Aarav Agarwal,Female,29,Delhi,Delhi,2024-02-14
107554,Vivaan Patel,Male,57,Ahmedabad,Gujarat,2022-10-20
107555,Aman Malhotra,Female,41,Chennai,Tamil Nadu,2023-09-15
107556,Priya Patel,Male,32,Mumbai,Maharashtra,2024-09-22
107557,Aditya Sharma,Male,31,Chennai,Tamil Nadu,2024-04-18
107558,Aman Das,Female,41,Kolkata,West Bengal,2023-03-09
107559,Pooja Mehta,Female,41,Patna,Bihar,2023-08-16
107560,Isha Sharma,Female,18,Ahmedabad,Gujarat,2022-05-10
107561,Priya Mehta,Female,38,Bengaluru,Karnataka,2022-04-03
107562,Neha Sharma,Female,32,Delhi,Delhi,2023-03-28
107563,Vikram Singh,Male,20,Surat,Gujarat,2023-06-21
107564,Priya Gupta,Female,40,Surat,Gujarat,2022-06-10
107565,Sneha Joshi,Female,52,Mumbai,Maharashtra,2023-07-30
107566,Vivaan Reddy,Female,37,Delhi,Delhi,2022-07-10
107567,Raj Sharma,Female,42,Lucknow,Uttar Pradesh,2023-02-10
107568,Kavya Iyer,Male,48,Lucknow,Uttar Pradesh,2022-05-23
107569,Aditi Mishra,Female,25,Mumbai,Maharashtra,2024-11-22
107570,Aarav Mishra,Male,18,Jaipur,Rajasthan,2022-08-01
107571,Pooja Iyer,Male,38,Bengaluru,Karnataka,2022-08-16
107572,Ananya Mishra,Female,30,Bengaluru,Karnataka,2022-08-01
107573,Aman Iyer,Male,20,Bengaluru,Karnataka,2023-10-02
107574,Meera Singh,Female,31,Pune,Maharashtra,2022-01-20
107575,Aarav Kumar,Male,39,Noida,Uttar Pradesh,2023-12-02
107576,Pooja Mehta,Male,31,Pune,Maharashtra,2022-06-25
107577,Sneha Iyer,Female,25,Bengaluru,Karnataka,2023-04-20
107578,Vivaan Iyer,Female,30,Indore,Madhya Pradesh,2022-11-17
107579,Arjun Joshi,Female,32,Delhi,Delhi,2023-10-07
107580,Priya Nair,Female,18,Noida,Uttar Pradesh,2022-08-26
107581,Raj Das,Female,31,Noida,Uttar Pradesh,2024-06-30
107582,Kavya Agarwal,Male,20,Bengaluru,Karnataka,2022-01-05
107583,Sneha Malhotra,Male,38,Mumbai,Maharashtra,2023-09-27
107584,Meera Iyer,Male,18,Indore,Madhya Pradesh,2023-10-01
107585,Riya Patel,Female,41,Chennai,Tamil Nadu,2024-07-11
107586,Rohan Mehta,Female,28,Delhi,Delhi,2022-03-20
107587,Neha Nair,Male,27,Indore,Madhya Pradesh,2024-10-25
107588,Vikram Gupta,Female,35,Bengaluru,Karnataka,2024-01-10
107589,Aarav Patel,Female,24,Bengaluru,Karnataka,2024-04-28
107590,Aman Verma,Male,35,Kolkata,West Bengal,2022-01-03
107591,Vikram Iyer,Male,25,Jaipur,Rajasthan,2023-07-17
107592,Kavya Patel,Female,27,Bengaluru,Karnataka,2022-04-08
107593,Ananya Malhotra,Female,36,Mumbai,Maharashtra,2024-03-02
107594,Priya Sharma,Female,22,Chennai,Tamil Nadu,2024-07-17
107595,Pooja Patel,Male,21,Kolkata,West Bengal,2022-07-24
107596,Aditi Patel,Other,34,Surat,Gujarat,2023-08-30
107597,Aman Iyer,Male,32,Pune,Maharashtra,2024-10-27
107598,Pooja Sharma,Male,34,Jaipur,Rajasthan,2024-07-28
107599,Arjun Patel,Other,35,Delhi,Delhi,2024-12-14
107600,Meera Reddy,Male,33,Indore,Madhya Pradesh,2023-03-12
107601,Ananya Das,Female,37,Bengaluru,Karnataka,2022-05-22
107602,Aman Das,Male,33,Kolkata,West Bengal,2022-02-14
107603,Rohan Agarwal,Female,18,Patna,Bihar,2023-02-10
107604,Neha Sharma,Female,18,Gurugram,Haryana,2022-08-03
107605,Neha Sharma,Male,49,Kolkata,West Bengal,2023-06-22
107606,Neha Sharma,Female,32,Lucknow,Uttar Pradesh,2023-12-26
107607,Aditi Agarwal,Male,41,Patna,Bihar,2024-03-09
107608,Kavya Singh,Female,29,Gurugram,Haryana,2023-07-11
107609,Sneha Sharma,Male,31,Kolkata,West Bengal,2023-10-07
107610,Meera Verma,Male,28,Jaipur,Rajasthan,2024-08-28
107611,Aman Mishra,Male,54,Mumbai,Maharashtra,2022-09-14
107612,Pooja Joshi,Male,34,Pune,Maharashtra,2022-11-09
107613,Ananya Verma,Female,27,Bengaluru,Karnataka,2024-07-26
107614,Neha Gupta,Male,18,Hyderabad,Telangana,2023-11-03
107615,Aman Iyer,Male,50,Jaipur,Rajasthan,2024-08-25
107616,Aman Patel,Male,31,Mumbai,Maharashtra,2023-07-05
107617,Isha Gupta,Male,39,Delhi,Delhi,2022-04-22
107618,Vikram Reddy,Female,40,Hyderabad,Telangana,2024-07-20
107619,Rohan Gupta,Female,28,Bengaluru,Karnataka,2023-07-03
107620,Pooja Reddy,Male,38,Hyderabad,Telangana,2022-02-25
107621,Vivaan Singh,Female,27,Chandigarh,Chandigarh,2023-04-01
107622,Arjun Reddy,Female,23,Lucknow,Uttar Pradesh,2023-03-16
107623,Vivaan Gupta,Male,42,Bengaluru,Karnataka,2024-07-10
107624,Riya Das,Female,31,Mumbai,Maharashtra,2023-06-28
107625,Neha Malhotra,Female,37,Kolkata,West Bengal,2023-06-13
107626,Ananya Sharma,Female,36,Jaipur,Rajasthan,2024-12-11
107627,Kavya Nair,Female,38,Pune,Maharashtra,2024-07-10
107628,Vikram Sharma,Male,18,Mumbai,Maharashtra,2022-01-08
107629,Aman Patel,Female,27,Delhi,Delhi,2023-04-16
107630,Aarav Reddy,Female,29,Bengaluru,Karnataka,2023-05-21
107631,Aditi Joshi,Male,25,Pune,Maharashtra,2022-08-07
107632,Vivaan Malhotra,Female,36,Noida,Uttar Pradesh,2023-04-14
107633,Vikram Kumar,Male,43,Surat,Gujarat,2024-03-16
107634,Arjun Verma,Other,44,Hyderabad,Telangana,2023-08-15
107635,Riya Agarwal,Female,29,Noida,Uttar Pradesh,2022-07-02
107636,Arjun Joshi,Male,35,Nagpur,Maharashtra,2023-01-16
107637,Aditya Singh,Male,36,Lucknow,Uttar Pradesh,2024-04-08
107638,Karan Kumar,Female,38,Lucknow,Uttar Pradesh,2023-09-08
107639,Meera Kumar,Male,24,Bhopal,Madhya Pradesh,2022-05-26
107640,Sneha Verma,Male,48,Bengaluru,Karnataka,2022-01-09
107641,Sneha Mishra,Male,40,Delhi,Delhi,2024-02-29
107642,Raj Gupta,Male,41,Nagpur,Maharashtra,2022-02-04
107643,Aarav Kumar,Male,43,Pune,Maharashtra,2023-04-05
107644,Pooja Iyer,Male,37,Noida,Uttar Pradesh,2022-12-10
107645,Aditi Kumar,Male,23,Gurugram,Haryana,2024-05-23
107646,Sneha Mishra,Female,31,Hyderabad,Telangana,2024-07-12
107647,Aditi Agarwal,Female,18,Chennai,Tamil Nadu,2023-12-20
107648,Raj Malhotra,Male,36,Chennai,Tamil Nadu,2023-04-24
107649,Aarav Gupta,Male,30,Mumbai,Maharashtra,2022-05-14
107650,Aditi Sharma,Female,32,Delhi,Delhi,2022-04-04
107651,Raj Mishra,Male,43,Chennai,Tamil Nadu,2023-12-14
107652,Rahul Mishra,Male,28,Delhi,Delhi,2024-09-28
107653,Meera Sharma,Male,30,Bengaluru,Karnataka,2024-03-23
107654,Arjun Malhotra,Female,32,Mumbai,Maharashtra,2023-05-10
107655,Karan Iyer,Female,18,Lucknow,Uttar Pradesh,2022-06-29
107656,Ananya Joshi,Female,30,Indore,Madhya Pradesh,2022-03-16
107657,Riya Iyer,Female,18,Chennai,Tamil Nadu,2022-06-16
107658,Meera Nair,Female,27,Hyderabad,Telangana,2022-02-24
107659,Aditi Singh,Male,40,Nagpur,Maharashtra,2024-12-29
107660,Priya Das,Female,36,Delhi,Delhi,2024-04-11
107661,Meera Sharma,Male,27,Bengaluru,Karnataka,2023-11-12
107662,Rahul Mehta,Female,32,Bengaluru,Karnataka,2023-08-28
107663,Aditya Verma,Female,22,Bengaluru,Karnataka,2024-04-13
107664,Vikram Malhotra,Female,32,Mumbai,Maharashtra,2022-07-13
107665,Riya Malhotra,Male,58,Bengaluru,Karnataka,2022-12-06
107666,Kavya Nair,Male,49,Bengaluru,Karnataka,2023-10-22
107667,Sneha Joshi,Female,32,Pune,Maharashtra,2023-04-08
107668,Arjun Das,Female,33,Hyderabad,Telangana,2024-03-22
107669,Riya Iyer,Female,23,Kolkata,West Bengal,2022-03-18
107670,Vivaan Malhotra,Male,25,Pune,Maharashtra,2024-03-06
107671,Isha Reddy,Female,35,Mumbai,Maharashtra,2023-08-15
107672,Riya Joshi,Female,27,Gurugram,Haryana,2022-02-13
107673,Neha Kumar,Female,40,Pune,Maharashtra,2022-05-06
107674,Aman Singh,Female,46,Mumbai,Maharashtra,2023-07-30
107675,Meera Patel,Female,35,Mumbai,Maharashtra,2024-06-21
107676,Vikram Kumar,Female,33,Noida,Uttar Pradesh,2023-08-19
107677,Vikram Iyer,Female,18,Lucknow,Uttar Pradesh,2024-12-03
107678,Aditi Singh,Female,39,Pune,Maharashtra,2024-03-30
107679,Neha Kumar,Male,22,Bengaluru,Karnataka,2024-08-08
107680,Arjun Nair,Male,28,Pune,Maharashtra,2023-09-08
107681,Vikram Agarwal,Female,41,Kolkata,West Bengal,2024-02-15
107682,Sneha Kumar,Female,41,Indore,Madhya Pradesh,2024-11-28
107683,Aditya Kumar,Female,28,Chennai,Tamil Nadu,2023-07-11
107684,Kavya Joshi,Male,28,Bengaluru,Karnataka,2024-11-07
107685,Aditya Mishra,Male,26,Delhi,Delhi,2023-06-01
107686,Aditi Reddy,Female,21,Mumbai,Maharashtra,2024-11-24
107687,Isha Malhotra,Female,26,Jaipur,Rajasthan,2022-05-23
107688,Vikram Agarwal,Male,18,Mumbai,Maharashtra,2024-08-15
107689,Sneha Singh,Male,38,Pune,Maharashtra,2022-01-25
107690,Meera Das,Female,36,Lucknow,Uttar Pradesh,2023-05-20
107691,Rahul Mishra,Male,37,Bengaluru,Karnataka,2024-04-10
107692,Kavya Singh,Female,23,Jaipur,Rajasthan,2022-08-07
107693,Sneha Reddy,Male,21,Chennai,Tamil Nadu,2022-02-21
107694,Meera Reddy,Female,32,Hyderabad,Telangana,2022-04-20
107695,Rahul Malhotra,Female,33,Bhopal,Madhya Pradesh,2024-07-22
107696,Aman Iyer,Female,31,Lucknow,Uttar Pradesh,2024-08-17
107697,Raj Kumar,Male,29,Bengaluru,Karnataka,2022-01-09
107698,Ananya Verma,Female,47,Noida,Uttar Pradesh,2022-05-28
107699,Aditya Mehta,Male,36,Ahmedabad,Gujarat,2024-06-29
107700,Sneha Joshi,Male,50,Noida,Uttar Pradesh,2024-09-22
107701,Rahul Malhotra,Other,43,Kolkata,West Bengal,2023-03-31
107702,Isha Reddy,Female,47,Hyderabad,Telangana,2024-09-11
107703,Karan Mishra,Female,22,Bengaluru,Karnataka,2023-10-04
107704,Rohan Mishra,Male,37,Jaipur,Rajasthan,2023-09-27
107705,Neha Sharma,Male,28,Mumbai,Maharashtra,2023-02-09
107706,Rohan Verma,Male,18,Gurugram,Haryana,2023-02-18
107707,Sneha Patel,Female,45,Hyderabad,Telangana,2022-03-17
107708,Kavya Nair,Female,29,Kolkata,West Bengal,2024-06-28
107709,Isha Nair,Female,23,Pune,Maharashtra,2024-12-16
107710,Arjun Gupta,Female,28,Pune,Maharashtra,2022-07-31
107711,Vivaan Das,Male,25,Ahmedabad,Gujarat,2022-08-15
107712,Sneha Sharma,Male,26,Kolkata,West Bengal,2022-06-01
107713,Rohan Verma,Male,30,Mumbai,Maharashtra,2024-06-24
107714,Rahul Joshi,Male,48,Delhi,Delhi,2022-08-07
107715,Riya Mishra,Male,26,Gurugram,Haryana,2024-05-16
107716,Priya Mishra,Female,47,Indore,Madhya Pradesh,2022-04-17
107717,Sneha Kumar,Male,40,Mumbai,Maharashtra,2022-03-16
107718,Rahul Mehta,Female,36,Bengaluru,Karnataka,2023-07-24
107719,Kavya Singh,Male,39,Bengaluru,Karnataka,2022-02-18
107720,Raj Verma,Other,32,Chandigarh,Chandigarh,2022-12-15
107721,Ananya Mishra,Female,44,Mumbai,Maharashtra,2022-07-10
107722,Ananya Malhotra,Female,37,Mumbai,Maharashtra,2023-07-03
107723,Pooja Malhotra,Male,18,Mumbai,Maharashtra,2023-08-10
107724,Arjun Nair,Female,35,Lucknow,Uttar Pradesh,2023-08-25
107725,Vivaan Verma,Female,39,Indore,Madhya Pradesh,2022-06-26
107726,Aditi Agarwal,Male,29,Hyderabad,Telangana,2024-01-01
107727,Sneha Reddy,Male,33,Mumbai,Maharashtra,2023-11-16
107728,Neha Nair,Male,26,Chennai,Tamil Nadu,2024-05-16
107729,Sneha Patel,Female,20,Mumbai,Maharashtra,2024-07-05
107730,Isha Nair,Female,18,Delhi,Delhi,2023-07-27
107731,Rahul Nair,Female,18,Indore,Madhya Pradesh,2023-04-11
107732,Rohan Nair,Male,38,Indore,Madhya Pradesh,2023-04-21
107733,Meera Mishra,Male,18,Coimbatore,Tamil Nadu,2023-04-23
107734,Riya Verma,Female,26,Pune,Maharashtra,2024-11-28
107735,Rahul Mishra,Male,25,Bengaluru,Karnataka,2023-09-13
107736,Aarav Malhotra,Female,29,Ahmedabad,Gujarat,2024-04-13
107737,Meera Kumar,Female,18,Mumbai,Maharashtra,2023-12-03
107738,Neha Mehta,Male,36,Mumbai,Maharashtra,2024-02-06
107739,Ananya Agarwal,Female,21,Bengaluru,Karnataka,2022-11-28
107740,Rohan Joshi,Male,42,Kochi,Kerala,2023-04-14
107741,Meera Patel,Female,26,Lucknow,Uttar Pradesh,2022-08-12
107742,Arjun Singh,Male,31,Mumbai,Maharashtra,2024-09-10
107743,Raj Agarwal,Female,32,Delhi,Delhi,2022-02-24
107744,Ananya Sharma,Male,34,Gurugram,Haryana,2023-03-09
107745,Meera Joshi,Male,32,Noida,Uttar Pradesh,2023-04-25
107746,Riya Malhotra,Female,28,Jaipur,Rajasthan,2024-01-08
107747,Riya Das,Male,35,Mumbai,Maharashtra,2023-05-15
107748,Sneha Patel,Female,36,Pune,Maharashtra,2022-01-03
107749,Ananya Mehta,Male,25,Kolkata,West Bengal,2022-04-24
107750,Ananya Iyer,Female,36,Chandigarh,Chandigarh,2023-09-30
107751,Rohan Gupta,Male,43,Mumbai,Maharashtra,2023-01-04
107752,Vivaan Das,Female,38,Pune,Maharashtra,2024-02-27
107753,Karan Mehta,Male,40,Mumbai,Maharashtra,2024-04-07
107754,Riya Patel,Male,34,Hyderabad,Telangana,2023-12-14
107755,Meera Mishra,Male,24,Mumbai,Maharashtra,2023-03-16
107756,Pooja Kumar,Female,25,Gurugram,Haryana,2024-03-01
107757,Arjun Kumar,Male,35,Bengaluru,Karnataka,2022-08-17
107758,Raj Gupta,Female,40,Hyderabad,Telangana,2024-09-05
107759,Arjun Patel,Female,57,Hyderabad,Telangana,2024-07-23
107760,Aman Agarwal,Male,41,Surat,Gujarat,2023-04-28
107761,Neha Singh,Female,21,Ahmedabad,Gujarat,2022-08-01
107762,Rohan Patel,Male,25,Delhi,Delhi,2024-07-19
107763,Aman Malhotra,Male,53,Delhi,Delhi,2023-03-20
107764,Arjun Mishra,Female,30,Chennai,Tamil Nadu,2023-09-14
107765,Vikram Reddy,Female,32,Hyderabad,Telangana,2024-05-25
107766,Aman Gupta,Female,23,Bengaluru,Karnataka,2022-11-13
107767,Arjun Singh,Male,46,Noida,Uttar Pradesh,2023-07-14
107768,Kavya Das,Male,37,Delhi,Delhi,2024-11-03
107769,Riya Iyer,Male,25,Coimbatore,Tamil Nadu,2024-10-11
107770,Rohan Sharma,Female,23,Delhi,Delhi,2022-11-08
107771,Pooja Mishra,Female,35,Delhi,Delhi,2023-02-06
107772,Vivaan Mishra,Female,32,Bengaluru,Karnataka,2023-12-16
107773,Kavya Joshi,Male,39,Pune,Maharashtra,2024-12-13
107774,Karan Sharma,Male,37,Mumbai,Maharashtra,2024-02-10
107775,Isha Das,Male,30,Ahmedabad,Gujarat,2023-11-06
107776,Aarav Kumar,Male,27,Bengaluru,Karnataka,2023-05-14
107777,Karan Patel,Male,31,Delhi,Delhi,2022-11-11
107778,Meera Mehta,Female,27,Indore,Madhya Pradesh,2024-09-08
107779,Neha Joshi,Female,31,Chandigarh,Chandigarh,2024-03-05
107780,Rahul Das,Female,32,Kolkata,West Bengal,2024-07-17
107781,Neha Patel,Male,24,Noida,Uttar Pradesh,2022-07-09
107782,Arjun Nair,Male,38,Delhi,Delhi,2023-06-19
107783,Arjun Agarwal,Female,29,Bengaluru,Karnataka,2022-06-10
107784,Sneha Agarwal,Male,24,Bengaluru,Karnataka,2023-05-10
107785,Aman Verma,Female,29,Kochi,Kerala,2023-07-15
107786,Rahul Patel,Male,34,Pune,Maharashtra,2023-02-16
107787,Arjun Kumar,Male,33,Delhi,Delhi,2022-09-12
107788,Aditya Nair,Female,36,Hyderabad,Telangana,2024-09-13
107789,Vikram Nair,Male,40,Delhi,Delhi,2024-03-10
107790,Aditya Kumar,Female,44,Mumbai,Maharashtra,2024-06-20
107791,Rohan Joshi,Female,35,Pune,Maharashtra,2022-03-10
107792,Ananya Patel,Male,22,Bengaluru,Karnataka,2024-05-31
107793,Neha Reddy,Male,30,Delhi,Delhi,2022-01-13
107794,Riya Reddy,Female,23,Delhi,Delhi,2024-01-19
107795,Aditya Nair,Female,47,Chennai,Tamil Nadu,2024-01-16
107796,Ananya Mishra,Male,50,Lucknow,Uttar Pradesh,2022-07-27
107797,Vivaan Mehta,Female,38,Hyderabad,Telangana,2024-09-05
107798,Arjun Mishra,Male,40,Ahmedabad,Gujarat,2023-04-14
107799,Riya Kumar,Male,34,Mumbai,Maharashtra,2023-10-17
107800,Karan Das,Male,35,Delhi,Delhi,2024-08-05
107801,Kavya Reddy,Male,18,Gurugram,Haryana,2022-09-14
107802,Vivaan Reddy,Male,31,Bengaluru,Karnataka,2022-08-31
107803,Aarav Singh,Other,24,Hyderabad,Telangana,2022-09-06
107804,Rahul Malhotra,Male,35,Chandigarh,Chandigarh,2024-03-06
107805,Priya Das,Male,31,Hyderabad,Telangana,2022-10-07
107806,Vikram Reddy,Male,50,Delhi,Delhi,2023-11-26
107807,Karan Patel,Female,40,Chandigarh,Chandigarh,2022-02-20
107808,Isha Gupta,Female,35,Delhi,Delhi,2024-03-16
107809,Isha Das,Male,30,Jaipur,Rajasthan,2023-01-20
107810,Rohan Nair,Male,47,Bengaluru,Karnataka,2024-01-30
107811,Isha Patel,Male,32,Pune,Maharashtra,2023-06-23
107812,Rahul Singh,Male,35,Chennai,Tamil Nadu,2024-03-16
107813,Aditya Joshi,Male,32,Hyderabad,Telangana,2023-09-12
107814,Karan Sharma,Male,28,Noida,Uttar Pradesh,2024-03-31
107815,Sneha Verma,Male,32,Chandigarh,Chandigarh,2023-03-04
107816,Isha Joshi,Female,18,Delhi,Delhi,2024-12-31
107817,Pooja Singh,Male,18,Noida,Uttar Pradesh,2024-07-06
107818,Rohan Sharma,Female,35,Delhi,Delhi,2022-02-01
107819,Sneha Nair,Female,46,Delhi,Delhi,2022-07-28
107820,Aman Malhotra,Female,35,Kochi,Kerala,2023-08-30
107821,Priya Reddy,Male,26,Pune,Maharashtra,2023-11-03
107822,Meera Singh,Male,19,Mumbai,Maharashtra,2024-01-09
107823,Aditi Agarwal,Male,39,Chennai,Tamil Nadu,2024-09-22
107824,Riya Reddy,Female,27,Bengaluru,Karnataka,2022-01-11
107825,Rohan Mishra,Male,38,Pune,Maharashtra,2023-04-18
107826,Raj Das,Female,36,Kolkata,West Bengal,2023-05-02
107827,Vikram Mishra,Female,36,Surat,Gujarat,2023-05-29
107828,Raj Reddy,Male,32,Delhi,Delhi,2022-09-28
107829,Isha Agarwal,Female,35,Mumbai,Maharashtra,2024-08-31
107830,Priya Malhotra,Male,31,Delhi,Delhi,2022-07-22
107831,Aditi Joshi,Male,26,Delhi,Delhi,2024-03-20
107832,Isha Patel,Male,23,Chandigarh,Chandigarh,2024-03-25
107833,Arjun Singh,Male,18,Chandigarh,Chandigarh,2022-11-06
107834,Arjun Mishra,Female,30,Ahmedabad,Gujarat,2024-01-12
107835,Raj Mehta,Male,46,Kolkata,West Bengal,2023-10-22
107836,Neha Kumar,Male,39,Surat,Gujarat,2022-09-16
107837,Vikram Reddy,Female,34,Delhi,Delhi,2022-04-23
107838,Sneha Verma,Female,25,Delhi,Delhi,2023-11-06
107839,Rohan Agarwal,Male,41,Bengaluru,Karnataka,2022-02-18
107840,Ananya Reddy,Female,31,Gurugram,Haryana,2022-12-22
107841,Arjun Kumar,Female,46,Pune,Maharashtra,2024-03-08
107842,Priya Nair,Male,23,Pune,Maharashtra,2022-04-20
107843,Rahul Iyer,Male,25,Mumbai,Maharashtra,2022-01-15
107844,Isha Das,Male,24,Jaipur,Rajasthan,2022-04-09
107845,Isha Malhotra,Female,19,Indore,Madhya Pradesh,2022-06-14
107846,Sneha Reddy,Female,24,Bengaluru,Karnataka,2022-08-16
107847,Vikram Sharma,Female,33,Kolkata,West Bengal,2022-04-24
107848,Raj Patel,Female,26,Bengaluru,Karnataka,2022-06-20
107849,Riya Singh,Male,18,Noida,Uttar Pradesh,2023-11-01
107850,Sneha Sharma,Male,42,Pune,Maharashtra,2024-05-18
107851,Kavya Iyer,Male,18,Bengaluru,Karnataka,2022-06-01
107852,Ananya Patel,Female,37,Hyderabad,Telangana,2024-04-30
107853,Ananya Mehta,Female,32,Delhi,Delhi,2022-05-25
107854,Priya Iyer,Male,51,Surat,Gujarat,2024-07-30
107855,Neha Mehta,Female,41,Kochi,Kerala,2023-01-30
107856,Priya Patel,Male,27,Pune,Maharashtra,2023-06-13
107857,Vivaan Patel,Male,26,Mumbai,Maharashtra,2023-06-01
107858,Isha Nair,Male,46,Jaipur,Rajasthan,2024-11-19
107859,Vikram Kumar,Male,19,Pune,Maharashtra,2022-06-17
107860,Vivaan Patel,Male,34,Bengaluru,Karnataka,2022-10-13
107861,Neha Mehta,Male,31,Delhi,Delhi,2022-06-29
107862,Vikram Malhotra,Male,29,Indore,Madhya Pradesh,2023-04-19
107863,Rohan Joshi,Male,35,Noida,Uttar Pradesh,2022-01-03
107864,Karan Iyer,Female,34,Gurugram,Haryana,2022-04-07
107865,Arjun Malhotra,Male,36,Hyderabad,Telangana,2024-11-14
107866,Pooja Kumar,Female,33,Ahmedabad,Gujarat,2022-10-14
107867,Rahul Malhotra,Male,36,Chennai,Tamil Nadu,2023-01-31
107868,Kavya Sharma,Male,33,Hyderabad,Telangana,2024-12-23
107869,Aarav Iyer,Male,26,Gurugram,Haryana,2023-09-13
107870,Priya Verma,Male,32,Nagpur,Maharashtra,2024-02-08
107871,Ananya Mishra,Female,26,Bhopal,Madhya Pradesh,2022-04-15
107872,Aditi Iyer,Male,25,Noida,Uttar Pradesh,2024-04-09
107873,Kavya Verma,Female,29,Ahmedabad,Gujarat,2024-09-06
107874,Vivaan Joshi,Female,31,Jaipur,Rajasthan,2022-09-19
107875,Karan Kumar,Female,32,Surat,Gujarat,2023-02-07
107876,Kavya Singh,Female,40,Pune,Maharashtra,2023-03-23
107877,Rohan Das,Female,28,Mumbai,Maharashtra,2022-05-31
107878,Kavya Mehta,Male,34,Ahmedabad,Gujarat,2022-05-06
107879,Vikram Patel,Female,33,Patna,Bihar,2023-06-25
107880,Rohan Mishra,Male,27,Bengaluru,Karnataka,2023-06-22
107881,Aditi Kumar,Male,33,Noida,Uttar Pradesh,2024-12-19
107882,Sneha Singh,Male,41,Bengaluru,Karnataka,2022-09-13
107883,Kavya Nair,Female,34,Chandigarh,Chandigarh,2024-10-08
107884,Vikram Sharma,Female,34,Jaipur,Rajasthan,2024-08-12
107885,Vivaan Das,Male,26,Chennai,Tamil Nadu,2023-05-17
107886,Aarav Iyer,Female,50,Noida,Uttar Pradesh,2024-04-25
107887,Riya Verma,Male,26,Gurugram,Haryana,2024-01-14
107888,Riya Mehta,Male,18,Indore,Madhya Pradesh,2023-10-12
107889,Isha Sharma,Male,40,Bhopal,Madhya Pradesh,2024-05-08
107890,Rohan Patel,Male,31,Delhi,Delhi,2022-05-24
107891,Raj Sharma,Male,29,Delhi,Delhi,2022-10-11
107892,Vikram Reddy,Female,27,Gurugram,Haryana,2022-09-16
107893,Vikram Sharma,Female,49,Chandigarh,Chandigarh,2022-05-28
107894,Aman Nair,Male,35,Bengaluru,Karnataka,2024-12-22
107895,Arjun Das,Female,37,Delhi,Delhi,2022-10-06
107896,Priya Reddy,Female,33,Bengaluru,Karnataka,2022-10-14
107897,Priya Gupta,Female,34,Hyderabad,Telangana,2022-02-12
107898,Aman Das,Female,45,Ahmedabad,Gujarat,2024-04-21
107899,Aditya Verma,Male,30,Delhi,Delhi,2023-03-13
107900,Aditya Joshi,Female,19,Mumbai,Maharashtra,2022-06-17
107901,Sneha Sharma,Female,40,Indore,Madhya Pradesh,2024-12-13
107902,Aarav Nair,Male,36,Mumbai,Maharashtra,2024-03-25
107903,Kavya Malhotra,Male,33,Ahmedabad,Gujarat,2023-08-12
107904,Rahul Verma,Female,36,Bengaluru,Karnataka,2022-09-06
107905,Meera Iyer,Male,29,Jaipur,Rajasthan,2024-09-11
107906,Priya Singh,Other,32,Delhi,Delhi,2024-02-27
107907,Pooja Das,Male,31,Bengaluru,Karnataka,2022-05-10
107908,Raj Iyer,Female,27,Hyderabad,Telangana,2023-04-03
107909,Ananya Mehta,Male,43,Surat,Gujarat,2022-03-01
107910,Riya Nair,Female,19,Chennai,Tamil Nadu,2022-11-15
107911,Aarav Patel,Female,53,Delhi,Delhi,2023-01-24
107912,Aman Agarwal,Male,40,Noida,Uttar Pradesh,2024-04-26
107913,Karan Verma,Female,18,Delhi,Delhi,2023-06-21
107914,Aman Reddy,Male,30,Chandigarh,Chandigarh,2022-08-27
107915,Meera Agarwal,Male,30,Mumbai,Maharashtra,2024-06-12
107916,Priya Patel,Male,36,Pune,Maharashtra,2023-05-04
107917,Sneha Verma,Female,23,Delhi,Delhi,2024-05-17
107918,Vikram Mehta,Male,32,Chennai,Tamil Nadu,2024-11-03
107919,Kavya Patel,Male,31,Pune,Maharashtra,2023-01-23
107920,Isha Patel,Male,25,Hyderabad,Telangana,2023-10-11
107921,Kavya Joshi,Female,24,Delhi,Delhi,2022-05-16
107922,Vikram Mehta,Female,40,Indore,Madhya Pradesh,2024-04-27
107923,Aarav Agarwal,Male,18,Noida,Uttar Pradesh,2024-08-05
107924,Priya Kumar,Male,36,Kolkata,West Bengal,2024-06-08
107925,Kavya Nair,Female,39,Chennai,Tamil Nadu,2023-07-15
107926,Arjun Agarwal,Male,30,Lucknow,Uttar Pradesh,2022-01-31
107927,Vikram Malhotra,Female,32,Mumbai,Maharashtra,2023-05-15
107928,Aarav Mehta,Female,42,Chandigarh,Chandigarh,2022-10-29
107929,Vikram Agarwal,Female,26,Bengaluru,Karnataka,2023-04-07
107930,Aditi Agarwal,Male,27,Jaipur,Rajasthan,2022-05-19
107931,Meera Verma,Female,28,Kolkata,West Bengal,2023-04-13
107932,Raj Kumar,Female,42,Kolkata,West Bengal,2023-01-03
107933,Rahul Iyer,Female,44,Indore,Madhya Pradesh,2023-12-05
107934,Aditya Verma,Male,19,Bengaluru,Karnataka,2022-10-14
107935,Kavya Gupta,Male,41,Ahmedabad,Gujarat,2024-12-28
107936,Karan Das,Male,39,Kolkata,West Bengal,2022-11-02
107937,Isha Malhotra,Female,46,Delhi,Delhi,2024-04-03
107938,Vikram Verma,Female,35,Hyderabad,Telangana,2024-07-19
107939,Rahul Mehta,Male,32,Gurugram,Haryana,2022-07-28
107940,Pooja Das,Male,42,Bengaluru,Karnataka,2022-12-25
107941,Isha Joshi,Male,38,Pune,Maharashtra,2024-02-19
107942,Meera Iyer,Female,52,Pune,Maharashtra,2023-05-08
107943,Vikram Sharma,Female,41,Kolkata,West Bengal,2024-08-02
107944,Isha Patel,Male,33,Indore,Madhya Pradesh,2023-06-17
107945,Sneha Patel,Male,21,Mumbai,Maharashtra,2023-10-20
107946,Ananya Das,Male,27,Pune,Maharashtra,2022-12-05
107947,Rahul Sharma,Female,19,Hyderabad,Telangana,2023-01-17
107948,Ananya Nair,Female,30,Bengaluru,Karnataka,2023-10-04
107949,Meera Malhotra,Female,40,Patna,Bihar,2023-01-14
107950,Sneha Das,Male,32,Delhi,Delhi,2024-04-28
107951,Aarav Patel,Female,41,Delhi,Delhi,2023-06-11
107952,Karan Iyer,Male,35,Ahmedabad,Gujarat,2023-06-13
107953,Kavya Iyer,Female,28,Bengaluru,Karnataka,2023-09-10
107954,Isha Joshi,Male,33,Lucknow,Uttar Pradesh,2024-12-01
107955,Isha Kumar,Female,36,Gurugram,Haryana,2023-07-25
107956,Vikram Kumar,Female,33,Bengaluru,Karnataka,2023-05-24
107957,Neha Nair,Female,33,Mumbai,Maharashtra,2024-05-29
107958,Isha Joshi,Female,25,Mumbai,Maharashtra,2024-06-09
107959,Kavya Das,Male,28,Mumbai,Maharashtra,2024-11-04
107960,Aditya Mishra,Male,52,Bengaluru,Karnataka,2022-08-20
107961,Arjun Mehta,Female,43,Surat,Gujarat,2022-08-26
107962,Aditya Mehta,Male,19,Ahmedabad,Gujarat,2022-06-02
107963,Rahul Iyer,Male,18,Delhi,Delhi,2023-09-26
107964,Aarav Gupta,Male,33,Indore,Madhya Pradesh,2023-04-01
107965,Riya Nair,Female,40,Delhi,Delhi,2023-03-29
107966,Arjun Gupta,Male,27,Jaipur,Rajasthan,2022-04-05
107967,Karan Agarwal,Male,41,Mumbai,Maharashtra,2024-05-22
107968,Arjun Sharma,Male,33,Delhi,Delhi,2023-06-12
107969,Sneha Agarwal,Male,31,Ahmedabad,Gujarat,2022-02-19
107970,Rohan Reddy,Female,39,Pune,Maharashtra,2024-11-30
107971,Riya Agarwal,Other,27,Kolkata,West Bengal,2022-02-20
107972,Rahul Nair,Female,29,Hyderabad,Telangana,2023-10-19
107973,Kavya Mehta,Male,38,Delhi,Delhi,2024-10-20
107974,Priya Sharma,Female,32,Ahmedabad,Gujarat,2024-09-07
107975,Raj Verma,Female,49,Gurugram,Haryana,2022-06-24
107976,Sneha Patel,Male,38,Delhi,Delhi,2023-11-15
107977,Aman Joshi,Female,38,Hyderabad,Telangana,2023-10-12
107978,Ananya Malhotra,Female,32,Chennai,Tamil Nadu,2023-12-14
107979,Aditi Malhotra,Female,40,Kolkata,West Bengal,2022-04-25
107980,Rohan Gupta,Female,29,Chennai,Tamil Nadu,2024-03-06
107981,Raj Joshi,Male,35,Lucknow,Uttar Pradesh,2022-12-08
107982,Karan Iyer,Male,24,Coimbatore,Tamil Nadu,2024-09-13
107983,Pooja Nair,Female,41,Hyderabad,Telangana,2024-12-22
107984,Aditi Joshi,Male,35,Chennai,Tamil Nadu,2024-09-07
107985,Pooja Patel,Male,50,Lucknow,Uttar Pradesh,2022-04-17
107986,Isha Agarwal,Female,54,Kolkata,West Bengal,2022-12-18
107987,Karan Mishra,Female,39,Hyderabad,Telangana,2023-12-31
107988,Ananya Mishra,Male,33,Kolkata,West Bengal,2022-07-20
107989,Rahul Gupta,Female,23,Jaipur,Rajasthan,2022-11-08
107990,Riya Nair,Female,40,Chennai,Tamil Nadu,2022-02-02
107991,Isha Sharma,Female,34,Mumbai,Maharashtra,2023-06-30
107992,Ananya Mehta,Male,37,Pune,Maharashtra,2024-03-10
107993,Rohan Gupta,Male,48,Indore,Madhya Pradesh,2023-04-28
107994,Isha Verma,Male,25,Surat,Gujarat,2024-08-16
107995,Aarav Patel,Male,24,Ahmedabad,Gujarat,2022-12-11
107996,Karan Singh,Male,30,Lucknow,Uttar Pradesh,2022-08-27
107997,Arjun Joshi,Male,39,Mumbai,Maharashtra,2024-04-24
107998,Neha Kumar,Male,37,Pune,Maharashtra,2023-01-01
107999,Arjun Sharma,Female,24,Delhi,Delhi,2024-03-23
108000,Pooja Agarwal,Male,39,Gurugram,Haryana,2024-03-20
108001,Pooja Gupta,Female,21,Bengaluru,Karnataka,2022-02-16
108002,Aditya Kumar,Female,24,Ahmedabad,Gujarat,2023-03-20
108003,Kavya Mishra,Male,31,Gurugram,Haryana,2022-10-26
108004,Vikram Kumar,Female,27,Indore,Madhya Pradesh,2023-01-25
108005,Aarav Mishra,Female,40,Ahmedabad,Gujarat,2023-10-26
108006,Karan Patel,Male,35,Chennai,Tamil Nadu,2024-11-07
108007,Raj Das,Female,48,Kolkata,West Bengal,2023-09-01
108008,Sneha Malhotra,Male,30,Bengaluru,Karnataka,2022-05-29
108009,Raj Kumar,Female,31,Mumbai,Maharashtra,2022-01-14
108010,Pooja Iyer,Male,43,Mumbai,Maharashtra,2022-12-25
108011,Priya Mishra,Female,31,Mumbai,Maharashtra,2023-10-17
108012,Aman Joshi,Male,45,Chandigarh,Chandigarh,2023-12-07
108013,Kavya Reddy,Female,37,Mumbai,Maharashtra,2024-09-29
108014,Karan Verma,Male,18,Lucknow,Uttar Pradesh,2024-08-17
108015,Meera Gupta,Female,43,Mumbai,Maharashtra,2023-04-11
108016,Arjun Nair,Female,40,Coimbatore,Tamil Nadu,2024-07-21
108017,Karan Patel,Male,41,Hyderabad,Telangana,2023-02-05
108018,Rohan Patel,Female,18,Hyderabad,Telangana,2024-01-06
108019,Meera Verma,Male,26,Hyderabad,Telangana,2024-09-28
108020,Rahul Iyer,Female,27,Gurugram,Haryana,2023-10-09
108021,Riya Malhotra,Female,24,Mumbai,Maharashtra,2023-12-11
108022,Priya Kumar,Female,48,Gurugram,Haryana,2022-05-19
108023,Meera Iyer,Female,32,Jaipur,Rajasthan,2022-10-27
108024,Meera Malhotra,Male,32,Mumbai,Maharashtra,2023-06-06
108025,Aman Iyer,Male,37,Delhi,Delhi,2024-07-13
108026,Pooja Reddy,Male,37,Noida,Uttar Pradesh,2023-07-06
108027,Isha Singh,Female,18,Mumbai,Maharashtra,2022-06-24
108028,Rohan Sharma,Male,26,Indore,Madhya Pradesh,2022-05-31
108029,Vikram Singh,Female,19,Delhi,Delhi,2022-05-12
108030,Aditya Mishra,Female,36,Kolkata,West Bengal,2024-09-08
108031,Pooja Gupta,Male,29,Lucknow,Uttar Pradesh,2023-03-20
108032,Rahul Gupta,Female,32,Jaipur,Rajasthan,2024-03-12
108033,Isha Das,Male,18,Bengaluru,Karnataka,2024-07-22
108034,Aarav Kumar,Male,29,Indore,Madhya Pradesh,2022-01-25
108035,Aditya Mishra,Female,42,Ahmedabad,Gujarat,2023-03-24
108036,Vivaan Gupta,Male,45,Pune,Maharashtra,2024-12-16
108037,Riya Iyer,Male,38,Kolkata,West Bengal,2024-05-21
108038,Neha Mehta,Female,20,Chennai,Tamil Nadu,2022-10-31
108039,Isha Kumar,Male,43,Chandigarh,Chandigarh,2023-12-29
108040,Raj Joshi,Female,39,Bhopal,Madhya Pradesh,2024-03-15
108041,Arjun Singh,Female,31,Mumbai,Maharashtra,2024-08-06
108042,Kavya Mehta,Male,18,Bengaluru,Karnataka,2024-06-01
108043,Priya Iyer,Male,41,Coimbatore,Tamil Nadu,2022-08-02
108044,Priya Nair,Female,27,Mumbai,Maharashtra,2022-07-31
108045,Isha Kumar,Male,35,Kochi,Kerala,2022-11-25
108046,Raj Das,Male,33,Jaipur,Rajasthan,2024-01-18
108047,Riya Kumar,Female,46,Delhi,Delhi,2023-08-21
108048,Riya Verma,Male,31,Bengaluru,Karnataka,2022-11-25
108049,Pooja Das,Female,32,Pune,Maharashtra,2023-02-25
108050,Karan Gupta,Male,46,Gurugram,Haryana,2023-03-02
108051,Aman Nair,Male,26,Bengaluru,Karnataka,2022-03-04
108052,Rahul Das,Male,39,Bengaluru,Karnataka,2022-01-30
108053,Sneha Joshi,Female,30,Patna,Bihar,2022-03-29
108054,Neha Agarwal,Female,23,Delhi,Delhi,2024-01-11
108055,Aman Reddy,Female,32,Chennai,Tamil Nadu,2024-03-25
108056,Arjun Joshi,Male,38,Pune,Maharashtra,2023-05-26
108057,Sneha Reddy,Male,44,Delhi,Delhi,2022-03-07
108058,Aditi Gupta,Male,45,Delhi,Delhi,2024-11-06
108059,Aarav Das,Male,29,Hyderabad,Telangana,2022-10-27
108060,Aditi Das,Female,23,Mumbai,Maharashtra,2022-12-07
108061,Neha Iyer,Female,29,Pune,Maharashtra,2023-06-02
108062,Aditi Nair,Male,21,Kolkata,West Bengal,2022-10-13
108063,Sneha Singh,Female,30,Lucknow,Uttar Pradesh,2024-11-13
108064,Pooja Joshi,Male,29,Chennai,Tamil Nadu,2024-08-13
108065,Karan Mehta,Female,39,Hyderabad,Telangana,2023-04-03
108066,Aditi Gupta,Male,18,Delhi,Delhi,2022-12-17
108067,Aarav Singh,Male,25,Mumbai,Maharashtra,2022-08-15
108068,Neha Kumar,Male,25,Hyderabad,Telangana,2022-03-22
108069,Riya Singh,Male,43,Patna,Bihar,2024-08-24
108070,Aarav Malhotra,Female,22,Mumbai,Maharashtra,2024-12-04
108071,Raj Kumar,Male,34,Hyderabad,Telangana,2024-12-10
108072,Arjun Mishra,Male,31,Ahmedabad,Gujarat,2023-02-20
108073,Aditi Mishra,Female,41,Lucknow,Uttar Pradesh,2022-06-20
108074,Aman Joshi,Female,37,Coimbatore,Tamil Nadu,2022-12-18
108075,Aarav Malhotra,Female,33,Mumbai,Maharashtra,2024-06-22
108076,Aman Sharma,Male,27,Delhi,Delhi,2023-04-16
108077,Aman Reddy,Female,18,Bengaluru,Karnataka,2024-05-24
108078,Isha Mehta,Female,34,Mumbai,Maharashtra,2023-12-25
108079,Vivaan Nair,Male,37,Chennai,Tamil Nadu,2023-08-19
108080,Aman Patel,Male,18,Bhopal,Madhya Pradesh,2023-12-16
108081,Vivaan Malhotra,Male,21,Lucknow,Uttar Pradesh,2022-11-02
108082,Aarav Das,Male,34,Mumbai,Maharashtra,2023-01-12
108083,Isha Malhotra,Male,35,Delhi,Delhi,2022-01-06
108084,Neha Agarwal,Male,23,Bhopal,Madhya Pradesh,2024-08-24
108085,Rohan Agarwal,Female,27,Pune,Maharashtra,2022-10-01
108086,Kavya Iyer,Female,18,Patna,Bihar,2022-01-14
108087,Arjun Sharma,Female,44,Ahmedabad,Gujarat,2022-05-12
108088,Aditi Sharma,Female,20,Nagpur,Maharashtra,2024-07-08
108089,Pooja Mishra,Male,37,Indore,Madhya Pradesh,2022-02-16
108090,Rahul Nair,Female,32,Hyderabad,Telangana,2023-08-28
108091,Rohan Das,Female,44,Ahmedabad,Gujarat,2022-10-10
108092,Rahul Verma,Male,25,Pune,Maharashtra,2024-08-20
108093,Sneha Das,Female,33,Mumbai,Maharashtra,2023-06-03
108094,Arjun Sharma,Female,18,Mumbai,Maharashtra,2022-05-23
108095,Neha Reddy,Female,18,Hyderabad,Telangana,2024-06-13
108096,Vivaan Kumar,Female,37,Delhi,Delhi,2022-11-25
108097,Arjun Das,Male,18,Mumbai,Maharashtra,2024-09-30
108098,Kavya Patel,Male,30,Pune,Maharashtra,2024-05-30
108099,Karan Reddy,Male,41,Kochi,Kerala,2023-03-05
108100,Pooja Nair,Female,39,Chennai,Tamil Nadu,2024-03-21
108101,Aarav Kumar,Female,26,Hyderabad,Telangana,2023-10-31
108102,Ananya Mishra,Other,18,Mumbai,Maharashtra,2022-05-16
108103,Rohan Mishra,Male,37,Mumbai,Maharashtra,2022-11-18
108104,Meera Nair,Male,44,Jaipur,Rajasthan,2023-11-02
108105,Aditi Joshi,Female,26,Surat,Gujarat,2023-12-25
108106,Aarav Reddy,Female,25,Hyderabad,Telangana,2023-11-11
108107,Priya Mehta,Male,27,,,2022-07-07
108108,Vivaan Verma,Female,37,Lucknow,Uttar Pradesh,2022-02-09
108109,Karan Das,Female,43,Delhi,Delhi,2022-02-07
108110,Riya Gupta,Female,21,Bengaluru,Karnataka,2024-01-15
108111,Aman Verma,Female,19,Lucknow,Uttar Pradesh,2022-06-15
108112,Rohan Agarwal,Male,53,Jaipur,Rajasthan,2022-03-08
108113,Vivaan Patel,Female,30,Delhi,Delhi,2024-11-17
108114,Pooja Singh,Female,34,Mumbai,Maharashtra,2022-08-24
108115,Riya Mehta,Male,26,Jaipur,Rajasthan,2023-09-14
108116,Rohan Reddy,Male,36,Bengaluru,Karnataka,2023-06-09
108117,Aarav Patel,Female,41,Gurugram,Haryana,2022-09-21
108118,Aman Joshi,Male,35,Delhi,Delhi,2022-09-21
108119,Aditi Verma,Male,48,Mumbai,Maharashtra,2024-05-29
108120,Ananya Agarwal,Female,29,Bengaluru,Karnataka,2022-12-21
108121,Meera Das,Male,30,Patna,Bihar,2023-03-02
108122,Aditya Malhotra,Female,34,Noida,Uttar Pradesh,2022-04-08
108123,Neha Verma,Male,36,Indore,Madhya Pradesh,2022-01-27
108124,Arjun Mishra,Female,34,Hyderabad,Telangana,2023-03-06
108125,Aditya Gupta,Male,20,Gurugram,Haryana,2024-05-06
108126,Aditya Gupta,Male,35,Surat,Gujarat,2022-01-22
108127,Ananya Malhotra,Male,29,Hyderabad,Telangana,2024-07-14
108128,Aarav Iyer,Female,27,Nagpur,Maharashtra,2022-10-03
108129,Rohan Iyer,Female,32,Surat,Gujarat,2022-09-22
108130,Aarav Singh,Male,23,Coimbatore,Tamil Nadu,2023-05-08
108131,Aditi Agarwal,Female,22,Surat,Gujarat,2023-10-22
108132,Aditya Mishra,Female,18,Noida,Uttar Pradesh,2022-03-20
108133,Vikram Patel,Female,48,Chandigarh,Chandigarh,2022-11-11
108134,Karan Nair,Male,37,Hyderabad,Telangana,2024-12-19
108135,Rahul Patel,Female,31,Noida,Uttar Pradesh,2023-04-18
108136,Vivaan Mehta,Male,26,Mumbai,Maharashtra,2022-01-06
108137,Raj Gupta,Male,18,Ahmedabad,Gujarat,2023-01-25
108138,Aman Gupta,Female,25,Noida,Uttar Pradesh,2023-07-11
108139,Meera Kumar,Female,38,Lucknow,Uttar Pradesh,2022-10-19
108140,Sneha Singh,Male,40,Surat,Gujarat,2023-07-17
108141,Karan Patel,Male,38,Hyderabad,Telangana,2023-02-09
108142,Karan Gupta,Female,33,Chennai,Tamil Nadu,2024-07-24
108143,Raj Patel,Female,44,Delhi,Delhi,2023-11-09
108144,Neha Patel,Male,29,Mumbai,Maharashtra,2023-02-24
108145,Aditya Agarwal,Female,42,Jaipur,Rajasthan,2022-08-23
108146,Aditi Malhotra,Male,29,Chennai,Tamil Nadu,2024-06-09
108147,Aditi Kumar,Male,24,Mumbai,Maharashtra,2022-10-17
108148,Riya Agarwal,Female,23,Mumbai,Maharashtra,2022-03-03
108149,Rohan Sharma,Male,22,Bengaluru,Karnataka,2022-08-18
108150,Meera Mehta,Male,38,Lucknow,Uttar Pradesh,2024-05-01
108151,Rahul Joshi,Female,25,Kolkata,West Bengal,2024-03-22
108152,Meera Singh,Female,23,Delhi,Delhi,2023-03-29
108153,Sneha Kumar,Male,38,Ahmedabad,Gujarat,2022-09-11
108154,Raj Singh,Female,35,Bengaluru,Karnataka,2024-05-14
108155,Ananya Nair,Female,41,Jaipur,Rajasthan,2024-05-23
108156,Riya Joshi,Male,37,Delhi,Delhi,2024-02-29
108157,Aman Verma,Female,25,Nagpur,Maharashtra,2024-08-23
108158,Riya Iyer,Male,33,Delhi,Delhi,2023-09-18
108159,Karan Patel,Male,33,Ahmedabad,Gujarat,2022-01-19
108160,Karan Agarwal,Female,24,Chennai,Tamil Nadu,2023-05-25
108161,Aman Sharma,Female,22,Delhi,Delhi,2023-02-27
108162,Arjun Joshi,Male,26,Delhi,Delhi,2022-01-03
108163,Rohan Agarwal,Male,50,Bengaluru,Karnataka,2023-06-05
108164,Rahul Agarwal,Male,28,Noida,Uttar Pradesh,2024-02-05
108165,Meera Kumar,Male,43,Delhi,Delhi,2023-07-25
108166,Aditi Malhotra,Male,28,Lucknow,Uttar Pradesh,2023-06-02
108167,Priya Reddy,Male,40,Jaipur,Rajasthan,2022-05-12
108168,Meera Mishra,Female,40,Bengaluru,Karnataka,2022-02-08
108169,Vivaan Kumar,Male,41,Delhi,Delhi,2024-03-08
108170,Arjun Reddy,Male,35,Patna,Bihar,2022-07-23
108171,Aditi Das,Female,44,Bengaluru,Karnataka,2024-06-11
108172,Aarav Gupta,Female,35,Delhi,Delhi,2024-03-11
108173,Sneha Agarwal,Male,47,Jaipur,Rajasthan,2023-06-25
108174,Ananya Kumar,Male,18,Mumbai,Maharashtra,2024-08-08
108175,Arjun Gupta,Female,35,Pune,Maharashtra,2022-01-09
108176,Aditi Patel,Male,35,Delhi,Delhi,2022-03-04
108177,Rohan Agarwal,Male,24,Nagpur,Maharashtra,2023-08-12
108178,Kavya Gupta,Female,37,Hyderabad,Telangana,2023-08-18
108179,Aarav Agarwal,Male,19,Nagpur,Maharashtra,2023-11-10
108180,Pooja Agarwal,Male,26,Hyderabad,Telangana,2022-02-26
108181,Meera Malhotra,Male,18,Bengaluru,Karnataka,2022-07-24
108182,Sneha Nair,Male,46,Patna,Bihar,2023-11-06
108183,Priya Agarwal,Male,30,Bengaluru,Karnataka,2022-07-14
108184,Vikram Patel,Other,52,Hyderabad,Telangana,2024-09-30
108185,Aditi Malhotra,Male,39,Delhi,Delhi,2024-04-13
108186,Ananya Agarwal,Male,36,Kochi,Kerala,2023-09-06
108187,Priya Patel,Male,27,Delhi,Delhi,2022-10-20
108188,Vivaan Mishra,Female,23,Ahmedabad,Gujarat,2024-04-25
108189,Vikram Iyer,Female,37,Chennai,Tamil Nadu,2022-12-15
108190,Riya Verma,Male,31,Delhi,Delhi,2024-11-22
108191,Sneha Mehta,Female,20,Delhi,Delhi,2022-01-08
108192,Aman Malhotra,Male,18,Chandigarh,Chandigarh,2022-09-23
108193,Priya Malhotra,Male,23,Ahmedabad,Gujarat,2023-08-29
108194,Aarav Gupta,Male,48,Jaipur,Rajasthan,2022-07-16
108195,Riya Gupta,Male,52,Hyderabad,Telangana,2022-09-01
108196,Raj Mishra,Male,34,Mumbai,Maharashtra,2024-01-05
108197,Pooja Nair,Female,33,Jaipur,Rajasthan,2022-01-13
108198,Riya Singh,Male,29,Kolkata,West Bengal,2023-10-13
108199,Meera Iyer,Female,24,Lucknow,Uttar Pradesh,2022-02-07
108200,Rahul Gupta,Male,44,Hyderabad,Telangana,2024-04-15
108201,Ananya Iyer,Male,49,Nagpur,Maharashtra,2024-05-01
108202,Vivaan Verma,Male,24,Delhi,Delhi,2022-07-22
108203,Raj Iyer,Female,31,Delhi,Delhi,2023-02-04
108204,Rahul Iyer,Male,28,Patna,Bihar,2022-09-08
108205,Aditi Agarwal,Female,28,Jaipur,Rajasthan,2023-11-07
108206,Priya Gupta,Male,43,Bengaluru,Karnataka,2022-11-29
108207,Neha Sharma,Male,20,Ahmedabad,Gujarat,2023-11-10
108208,Rahul Singh,Male,36,Pune,Maharashtra,2024-02-02
108209,Rohan Patel,Male,39,Delhi,Delhi,2022-11-24
108210,Raj Verma,Male,31,Jaipur,Rajasthan,2023-05-16
108211,Rohan Singh,Male,40,Mumbai,Maharashtra,2022-11-30
108212,Karan Mehta,Female,33,Delhi,Delhi,2022-09-30
108213,Aditya Nair,Male,43,Mumbai,Maharashtra,2022-04-09
108214,Vikram Gupta,Female,18,Pune,Maharashtra,2023-10-27
108215,Kavya Das,Male,29,Delhi,Delhi,2024-10-27
108216,Aditi Sharma,Female,31,Indore,Madhya Pradesh,2023-01-31
108217,Isha Gupta,Female,18,Chennai,Tamil Nadu,2024-07-22
108218,Aditi Verma,Male,22,Bengaluru,Karnataka,2024-06-30
108219,Isha Joshi,Male,25,Lucknow,Uttar Pradesh,2023-09-15
108220,Priya Nair,Female,41,Noida,Uttar Pradesh,2023-04-27
108221,Karan Mishra,Female,26,Kolkata,West Bengal,2023-12-18
108222,Isha Reddy,Male,25,Mumbai,Maharashtra,2023-07-10
108223,Priya Das,Male,39,Delhi,Delhi,2022-04-28
108224,Neha Nair,Female,18,Surat,Gujarat,2023-09-19
108225,Vikram Iyer,Male,18,Mumbai,Maharashtra,2024-10-14
108226,Arjun Mehta,Female,29,Delhi,Delhi,2024-04-08
108227,Rahul Kumar,Male,19,Kolkata,West Bengal,2022-12-24
108228,Rahul Mehta,Male,19,Mumbai,Maharashtra,2023-11-28
108229,Ananya Mishra,Female,37,Nagpur,Maharashtra,2023-02-11
108230,Raj Das,Female,40,Indore,Madhya Pradesh,2024-01-16
108231,Sneha Malhotra,Male,39,Kolkata,West Bengal,2022-04-06
108232,Priya Joshi,Male,42,Gurugram,Haryana,2022-08-07
108233,Aditya Kumar,Female,43,Pune,Maharashtra,2022-06-28
108234,Isha Reddy,Female,18,Noida,Uttar Pradesh,2022-08-26
108235,Meera Sharma,Male,36,Jaipur,Rajasthan,2023-11-07
108236,Vikram Mishra,Female,27,Delhi,Delhi,2022-11-22
108237,Pooja Gupta,Female,25,Kochi,Kerala,2023-10-27
108238,Vikram Kumar,Female,37,Surat,Gujarat,2023-10-17
108239,Aditi Kumar,Female,18,Kochi,Kerala,2024-11-03
108240,Riya Das,Male,18,Ahmedabad,Gujarat,2024-06-10
108241,Aarav Malhotra,Female,38,Hyderabad,Telangana,2023-01-07
108242,Pooja Iyer,Female,36,Mumbai,Maharashtra,2024-08-06
108243,Priya Mishra,Male,33,Mumbai,Maharashtra,2024-07-01
108244,Aditya Reddy,Male,24,Mumbai,Maharashtra,2022-12-29
108245,Vikram Gupta,Male,39,Mumbai,Maharashtra,2024-04-03
108246,Isha Singh,Female,38,Chennai,Tamil Nadu,2022-03-24
108247,Vivaan Singh,Male,33,Jaipur,Rajasthan,2023-03-29
108248,Raj Mehta,Female,21,Bengaluru,Karnataka,2022-06-18
108249,Aditya Kumar,Female,28,Chennai,Tamil Nadu,2024-06-30
108250,Priya Reddy,Female,40,Bengaluru,Karnataka,2023-07-20
108251,Rohan Mehta,Female,44,Lucknow,Uttar Pradesh,2024-12-24
108252,Rahul Patel,Female,29,Nagpur,Maharashtra,2022-02-08
108253,Raj Mehta,Male,30,Lucknow,Uttar Pradesh,2023-05-03
108254,Isha Sharma,Female,31,Delhi,Delhi,2022-02-10
108255,Aman Mehta,Male,34,Pune,Maharashtra,2023-06-06
108256,Rohan Gupta,Female,27,Ahmedabad,Gujarat,2024-01-05
108257,Priya Reddy,Male,18,Chennai,Tamil Nadu,2024-12-28
108258,Riya Das,Other,43,Kochi,Kerala,2024-11-05
108259,Arjun Agarwal,Female,48,Delhi,Delhi,2022-01-15
108260,Aditya Kumar,Female,26,Bengaluru,Karnataka,2024-08-22
108261,Arjun Reddy,Male,22,Mumbai,Maharashtra,2022-08-30
108262,Priya Iyer,Male,31,Ahmedabad,Gujarat,2024-06-03
108263,Aarav Gupta,Female,30,Chennai,Tamil Nadu,2022-05-19
108264,Ananya Gupta,Male,41,Mumbai,Maharashtra,2023-09-26
108265,Meera Joshi,Female,32,Bengaluru,Karnataka,2022-09-26
108266,Priya Reddy,Male,25,Chennai,Tamil Nadu,2022-12-31
108267,Neha Sharma,Female,20,Nagpur,Maharashtra,2023-03-27
108268,Isha Reddy,Male,40,Bengaluru,Karnataka,2024-01-24
108269,Priya Mehta,Female,37,Mumbai,Maharashtra,2023-11-04
108270,Vivaan Patel,Female,42,Pune,Maharashtra,2023-08-28
108271,Sneha Patel,Male,23,Bengaluru,Karnataka,2024-01-17
108272,Arjun Malhotra,Male,49,Chennai,Tamil Nadu,2023-01-06
108273,Neha Joshi,Male,18,Pune,Maharashtra,2022-04-03
108274,Aditi Iyer,Female,38,Lucknow,Uttar Pradesh,2023-10-30
108275,Isha Nair,Female,18,Patna,Bihar,2023-12-24
108276,Ananya Das,Female,25,Mumbai,Maharashtra,2024-04-13
108277,Kavya Kumar,Female,46,Gurugram,Haryana,2024-06-26
108278,Arjun Iyer,Male,39,Kochi,Kerala,2023-10-20
108279,Rohan Mehta,Male,27,Hyderabad,Telangana,2024-06-30
108280,Kavya Iyer,Male,27,Delhi,Delhi,2024-10-12
108281,Priya Das,Male,33,Gurugram,Haryana,2022-06-30
108282,Aditya Gupta,Female,37,Lucknow,Uttar Pradesh,2022-08-08
108283,Aarav Kumar,Female,43,Mumbai,Maharashtra,2023-01-21
108284,Meera Patel,Male,28,Hyderabad,Telangana,2024-07-08
108285,Karan Joshi,Female,18,Chennai,Tamil Nadu,2023-04-03
108286,Pooja Nair,Female,33,Mumbai,Maharashtra,2022-02-07
108287,Neha Mehta,Male,28,Lucknow,Uttar Pradesh,2023-09-18
108288,Vivaan Agarwal,Male,20,Lucknow,Uttar Pradesh,2023-11-10
108289,Raj Sharma,Male,35,Indore,Madhya Pradesh,2024-08-15
108290,Arjun Das,Female,30,Chennai,Tamil Nadu,2024-04-23
108291,Isha Agarwal,Female,35,Chennai,Tamil Nadu,2022-10-20
108292,Aditi Sharma,Female,24,Kolkata,West Bengal,2024-06-24
108293,Pooja Reddy,Male,36,Bengaluru,Karnataka,2023-05-28
108294,Aditi Patel,Male,20,Ahmedabad,Gujarat,2023-10-28
108295,Sneha Kumar,Female,25,Jaipur,Rajasthan,2022-08-02
108296,Raj Iyer,Female,30,Gurugram,Haryana,2022-06-29
108297,Aarav Joshi,Female,48,Ahmedabad,Gujarat,2024-03-07
108298,Aman Gupta,Female,39,Kolkata,West Bengal,2022-01-02
108299,Raj Kumar,Male,42,Mumbai,Maharashtra,2024-01-01
108300,Sneha Sharma,Female,45,Patna,Bihar,2024-12-22
108301,Neha Kumar,Female,64,Hyderabad,Telangana,2024-08-09
108302,Raj Reddy,Male,32,Kochi,Kerala,2022-03-21
108303,Vivaan Malhotra,Female,45,Hyderabad,Telangana,2022-08-12
108304,Arjun Kumar,Male,41,Mumbai,Maharashtra,2023-12-15
108305,Vivaan Joshi,Male,41,Indore,Madhya Pradesh,2022-12-10
108306,Priya Singh,Male,48,Noida,Uttar Pradesh,2023-01-07
108307,Rohan Verma,Male,28,Noida,Uttar Pradesh,2022-08-27
108308,Kavya Verma,Male,28,Delhi,Delhi,2023-02-25
108309,Rahul Nair,Male,35,Indore,Madhya Pradesh,2023-02-17
108310,Rahul Reddy,Female,30,Kolkata,West Bengal,2024-02-16
108311,Isha Mehta,Male,35,Pune,Maharashtra,2024-12-04
108312,Aman Kumar,Male,46,Patna,Bihar,2024-02-09
108313,Neha Nair,Male,28,Jaipur,Rajasthan,2022-05-05
108314,Pooja Singh,Female,29,Mumbai,Maharashtra,2022-01-16
108315,Riya Malhotra,Male,34,Pune,Maharashtra,2024-11-18
108316,Neha Sharma,Male,30,Kolkata,West Bengal,2023-02-05
108317,Aditya Kumar,Female,18,Bhopal,Madhya Pradesh,2023-07-12
108318,Aditi Sharma,Female,27,Bengaluru,Karnataka,2024-07-28
108319,Rahul Malhotra,Female,38,Noida,Uttar Pradesh,2024-06-05
108320,Arjun Mehta,Female,45,Noida,Uttar Pradesh,2022-05-25
108321,Riya Nair,Male,22,Delhi,Delhi,2022-09-24
108322,Aditya Kumar,Female,22,Delhi,Delhi,2024-11-05
108323,Raj Mehta,Male,32,Chennai,Tamil Nadu,2024-11-23
108324,Priya Sharma,Male,18,Noida,Uttar Pradesh,2023-04-11
108325,Rohan Nair,Male,28,Chennai,Tamil Nadu,2022-01-15
108326,Aman Nair,Female,18,Gurugram,Haryana,2024-10-12
108327,Aditya Das,Male,44,Kolkata,West Bengal,2023-07-30
108328,Sneha Verma,Female,25,Jaipur,Rajasthan,2024-03-10
108329,Karan Malhotra,Female,47,Delhi,Delhi,2022-08-05
108330,Aman Patel,Male,42,Delhi,Delhi,2022-08-28
108331,Pooja Joshi,Female,26,Lucknow,Uttar Pradesh,2023-05-20
108332,Kavya Das,Female,22,Ahmedabad,Gujarat,2024-09-08
108333,Vikram Nair,Female,30,Chennai,Tamil Nadu,2022-09-17
108334,Vivaan Kumar,Male,31,Chennai,Tamil Nadu,2024-08-13
108335,Meera Agarwal,Female,35,Kolkata,West Bengal,2022-08-04
108336,Karan Iyer,Male,25,Delhi,Delhi,2023-11-04
108337,Sneha Patel,Female,39,Jaipur,Rajasthan,2024-03-17
108338,Rohan Patel,Male,34,Pune,Maharashtra,2022-04-10
108339,Riya Reddy,Male,29,Kolkata,West Bengal,2023-03-28
108340,Vivaan Malhotra,Female,26,Chennai,Tamil Nadu,2023-03-09
108341,Priya Mishra,Female,30,Ahmedabad,Gujarat,2024-12-02
108342,Rohan Reddy,Female,25,Bengaluru,Karnataka,2024-09-21
108343,Raj Patel,Male,33,Hyderabad,Telangana,2024-11-29
108344,Aarav Mehta,Male,33,Hyderabad,Telangana,2023-12-24
108345,Karan Sharma,Female,34,Ahmedabad,Gujarat,2022-10-26
108346,Sneha Reddy,Female,48,Hyderabad,Telangana,2024-11-17
108347,Rahul Patel,Female,31,Mumbai,Maharashtra,2024-01-19
108348,Aman Agarwal,Male,41,Nagpur,Maharashtra,2024-11-14
108349,Pooja Iyer,Male,34,Pune,Maharashtra,2024-03-23
108350,Ananya Verma,Female,30,Delhi,Delhi,2024-11-15
108351,Vikram Singh,Female,31,Jaipur,Rajasthan,2022-08-03
108352,Aarav Nair,Male,31,Ahmedabad,Gujarat,2023-06-13
108353,Ananya Singh,Female,35,Pune,Maharashtra,2023-04-26
108354,Aditya Malhotra,Female,23,Jaipur,Rajasthan,2024-08-15
108355,Raj Nair,Male,19,Mumbai,Maharashtra,2024-03-21
108356,Pooja Das,Male,38,Hyderabad,Telangana,2023-05-13
108357,Neha Malhotra,Male,40,Mumbai,Maharashtra,2022-04-15
108358,Sneha Reddy,Female,39,Hyderabad,Telangana,2022-01-18
108359,Pooja Kumar,Male,33,Chennai,Tamil Nadu,2022-01-09
108360,Kavya Mehta,Male,39,Hyderabad,Telangana,2024-08-21
108361,Isha Mishra,Female,38,Kolkata,West Bengal,2023-05-01
108362,Kavya Sharma,Male,39,Pune,Maharashtra,2024-10-13
108363,Ananya Kumar,Male,24,Bengaluru,Karnataka,2023-08-06
108364,Ananya Kumar,Male,22,Mumbai,Maharashtra,2023-09-01
108365,Neha Gupta,Female,29,Bengaluru,Karnataka,2023-07-21
108366,Neha Das,Female,32,Mumbai,Maharashtra,2023-10-03
108367,Isha Singh,Male,30,Lucknow,Uttar Pradesh,2024-08-05
108368,Kavya Nair,Female,18,Gurugram,Haryana,2023-06-02
108369,Rohan Reddy,Female,47,Lucknow,Uttar Pradesh,2023-09-27
108370,Priya Patel,Male,30,Jaipur,Rajasthan,2023-07-22
108371,Priya Sharma,Male,34,Bengaluru,Karnataka,2022-08-14
108372,Meera Verma,Male,43,Lucknow,Uttar Pradesh,2022-03-30
108373,Isha Joshi,Male,18,Kolkata,West Bengal,2024-07-14
108374,Aditi Verma,Female,27,Delhi,Delhi,2024-04-05
108375,Karan Nair,Female,29,Bhopal,Madhya Pradesh,2022-12-15
108376,Riya Kumar,Male,29,Delhi,Delhi,2024-05-22
108377,Raj Patel,Male,30,Pune,Maharashtra,2022-10-05
108378,Ananya Agarwal,Male,45,Pune,Maharashtra,2024-02-29
108379,Neha Sharma,Female,38,Gurugram,Haryana,2023-12-05
108380,Rahul Malhotra,Male,41,Patna,Bihar,2023-08-07
108381,Meera Gupta,Female,32,Chandigarh,Chandigarh,2023-04-21
108382,Pooja Kumar,Male,19,Chennai,Tamil Nadu,2023-09-02
108383,Meera Mehta,Female,18,Jaipur,Rajasthan,2024-07-14
108384,Sneha Iyer,Female,18,Delhi,Delhi,2023-12-28
108385,Aarav Iyer,Male,35,Pune,Maharashtra,2022-08-12
108386,Raj Joshi,Female,32,Bhopal,Madhya Pradesh,2024-03-11
108387,Isha Singh,Female,30,Pune,Maharashtra,2022-03-05
108388,Priya Mishra,Male,29,Delhi,Delhi,2023-06-15
108389,Kavya Gupta,Female,50,Mumbai,Maharashtra,2023-05-26
108390,Priya Malhotra,Male,25,Hyderabad,Telangana,2023-11-30
108391,Arjun Verma,Female,40,Mumbai,Maharashtra,2024-11-21
108392,Priya Singh,Male,32,Hyderabad,Telangana,2023-03-05
108393,Karan Verma,Female,31,Bengaluru,Karnataka,2024-11-22
108394,Meera Patel,Female,43,Bengaluru,Karnataka,2023-11-06
108395,Rohan Das,Female,45,Delhi,Delhi,2022-04-21
108396,Rohan Iyer,Female,30,Indore,Madhya Pradesh,2024-08-04
108397,Priya Joshi,Female,39,Lucknow,Uttar Pradesh,2024-05-28
108398,Sneha Kumar,Male,35,Kolkata,West Bengal,2024-01-16
108399,Karan Mehta,Female,32,Kolkata,West Bengal,2024-11-02
108400,Pooja Patel,Female,34,Hyderabad,Telangana,2023-10-06
108401,Ananya Iyer,Female,26,Gurugram,Haryana,2024-07-11
108402,Aditi Reddy,Female,29,Patna,Bihar,2024-11-05
108403,Arjun Reddy,Female,27,Delhi,Delhi,2023-04-02
108404,Ananya Joshi,Female,40,Delhi,Delhi,2024-10-14
108405,Kavya Joshi,Male,31,Jaipur,Rajasthan,2023-11-07
108406,Priya Singh,Male,20,Mumbai,Maharashtra,2024-05-03
108407,Priya Agarwal,Male,25,Bhopal,Madhya Pradesh,2022-05-28
108408,Neha Patel,Male,18,Jaipur,Rajasthan,2024-02-14
108409,Neha Gupta,Female,28,Hyderabad,Telangana,2024-09-03
108410,Rohan Mehta,Male,32,Hyderabad,Telangana,2024-12-13
108411,Raj Sharma,Male,31,Lucknow,Uttar Pradesh,2023-09-26
108412,Kavya Das,Other,50,Mumbai,Maharashtra,2023-03-23
108413,Ananya Iyer,Male,37,Indore,Madhya Pradesh,2023-09-20
108414,Neha Reddy,Male,37,Delhi,Delhi,2022-03-21
108415,Rohan Reddy,Male,18,Coimbatore,Tamil Nadu,2024-09-28
108416,Arjun Mehta,Male,29,Mumbai,Maharashtra,2023-03-08
108417,Meera Reddy,Female,28,Ahmedabad,Gujarat,2022-04-27
108418,Sneha Mehta,Female,25,Delhi,Delhi,2024-06-25
108419,Sneha Singh,Female,25,Hyderabad,Telangana,2022-07-20
108420,Aarav Malhotra,Male,18,Kolkata,West Bengal,2024-08-12
108421,Vikram Gupta,Female,21,Delhi,Delhi,2024-08-11
108422,Pooja Malhotra,Male,40,Hyderabad,Telangana,2024-03-05
108423,Riya Verma,Male,31,Bengaluru,Karnataka,2022-07-12
108424,Pooja Malhotra,Male,27,Pune,Maharashtra,2023-01-31
108425,Sneha Sharma,Male,32,Pune,Maharashtra,2023-10-10
108426,Ananya Malhotra,Male,43,Noida,Uttar Pradesh,2022-02-22
108427,Vikram Gupta,Male,32,Delhi,Delhi,2022-01-06
108428,Meera Reddy,Other,37,Delhi,Delhi,2024-10-04
108429,Isha Reddy,Male,24,Hyderabad,Telangana,2024-11-06
108430,Aditya Kumar,Male,26,Indore,Madhya Pradesh,2024-12-30
108431,Aarav Nair,Male,35,Surat,Gujarat,2023-03-23
108432,Pooja Mishra,Female,49,Chennai,Tamil Nadu,2024-03-05
108433,Priya Joshi,Male,45,Indore,Madhya Pradesh,2022-11-17
108434,Riya Das,Female,37,Noida,Uttar Pradesh,2022-11-01
108435,Karan Das,Female,33,Bengaluru,Karnataka,2023-01-26
108436,Rohan Agarwal,Male,45,Mumbai,Maharashtra,2023-02-09
108437,Aditi Nair,Male,39,Bengaluru,Karnataka,2024-10-23
108438,Vikram Gupta,Male,18,Mumbai,Maharashtra,2023-10-21
108439,Isha Mishra,Female,23,Kolkata,West Bengal,2023-08-02
108440,Karan Kumar,Male,35,Chennai,Tamil Nadu,2022-01-28
108441,Rahul Patel,Male,18,Kolkata,West Bengal,2023-04-29
108442,Aditya Mishra,Male,24,Mumbai,Maharashtra,2023-01-23
108443,Aarav Singh,Female,26,Noida,Uttar Pradesh,2024-04-17
108444,Meera Agarwal,Male,30,Hyderabad,Telangana,2023-11-28
108445,Neha Singh,Male,29,Pune,Maharashtra,2022-09-24
108446,Pooja Agarwal,Female,29,Nagpur,Maharashtra,2023-11-14
108447,Vikram Iyer,Female,39,Bengaluru,Karnataka,2022-03-30
108448,Rohan Agarwal,Female,30,Hyderabad,Telangana,2023-01-19
108449,Riya Reddy,Male,29,Jaipur,Rajasthan,2023-04-05
108450,Arjun Iyer,Female,20,Indore,Madhya Pradesh,2022-06-28
108451,Pooja Das,Female,41,Delhi,Delhi,2022-10-11
108452,Ananya Das,Male,26,Ahmedabad,Gujarat,2024-03-15
108453,Rohan Singh,Female,22,Patna,Bihar,2023-10-08
108454,Neha Nair,Male,34,Hyderabad,Telangana,2023-02-05
108455,Aditya Sharma,Female,25,Bengaluru,Karnataka,2022-11-21
108456,Vivaan Reddy,Male,27,Jaipur,Rajasthan,2024-07-28
108457,Sneha Das,Female,34,Mumbai,Maharashtra,2023-05-03
108458,Riya Agarwal,Male,29,Hyderabad,Telangana,2023-10-05
108459,Priya Verma,Female,53,Bhopal,Madhya Pradesh,2023-11-09
108460,Sneha Patel,Male,31,Chennai,Tamil Nadu,2022-09-01
108461,Kavya Verma,Female,38,Delhi,Delhi,2023-08-07
108462,Pooja Reddy,Female,18,Bengaluru,Karnataka,2024-07-11
108463,Kavya Nair,Male,24,Kolkata,West Bengal,2022-11-16
108464,Aarav Agarwal,Female,22,Pune,Maharashtra,2023-06-22
108465,Isha Das,Other,23,Jaipur,Rajasthan,2022-04-20
108466,Vivaan Patel,Male,36,Ahmedabad,Gujarat,2023-01-21
108467,Priya Das,Male,41,Pune,Maharashtra,2022-10-14
108468,Vivaan Kumar,Female,35,Nagpur,Maharashtra,2022-09-20
108469,Priya Nair,Male,30,Patna,Bihar,2023-05-19
108470,Riya Reddy,Male,26,Delhi,Delhi,2023-07-03
108471,Neha Mehta,Male,42,Bengaluru,Karnataka,2024-09-14
108472,Arjun Verma,Male,51,Bengaluru,Karnataka,2024-09-24
108473,Rahul Das,Male,33,Mumbai,Maharashtra,2022-06-03
108474,Aman Iyer,Male,40,Bengaluru,Karnataka,2023-08-22
108475,Meera Iyer,Female,35,Hyderabad,Telangana,2024-05-18
108476,Arjun Nair,Female,39,Delhi,Delhi,2023-11-07
108477,Rohan Kumar,Male,22,Delhi,Delhi,2022-03-10
108478,Sneha Reddy,Female,28,Delhi,Delhi,2023-05-13
108479,Ananya Gupta,Female,36,Delhi,Delhi,2024-01-02
108480,Vikram Iyer,Female,43,Pune,Maharashtra,2023-10-05
108481,Isha Singh,Male,25,Bengaluru,Karnataka,2024-01-24
108482,Aman Verma,Male,18,Chandigarh,Chandigarh,2023-12-07
108483,Ananya Reddy,Female,28,Delhi,Delhi,2024-07-13
108484,Aditya Agarwal,Female,41,Patna,Bihar,2022-03-27
108485,Isha Iyer,Female,18,Delhi,Delhi,2022-11-01
108486,Vikram Iyer,Female,21,Kolkata,West Bengal,2022-03-17
108487,Aman Kumar,Male,33,Mumbai,Maharashtra,2022-03-25
108488,Raj Nair,Female,31,Gurugram,Haryana,2024-04-21
108489,Neha Kumar,Male,37,Delhi,Delhi,2022-08-21
108490,Neha Nair,Male,21,Kochi,Kerala,2024-08-21
108491,Aman Malhotra,Female,29,Delhi,Delhi,2023-05-31
108492,Aman Malhotra,Male,43,Mumbai,Maharashtra,2022-05-31
108493,Vivaan Iyer,Male,21,Pune,Maharashtra,2023-02-03
108494,Rahul Gupta,Female,45,Ahmedabad,Gujarat,2024-05-06
108495,Riya Patel,Male,22,Kochi,Kerala,2023-09-26
108496,Aarav Singh,Female,40,Hyderabad,Telangana,2023-06-28
108497,Aditi Malhotra,Other,29,Ahmedabad,Gujarat,2024-01-09
108498,Aditi Nair,Female,22,Lucknow,Uttar Pradesh,2023-07-16
108499,Raj Patel,Male,28,Chennai,Tamil Nadu,2024-08-20
108500,Rohan Malhotra,Male,37,Lucknow,Uttar Pradesh,2024-03-13
108501,Raj Agarwal,Male,32,Delhi,Delhi,2022-08-16
108502,Neha Reddy,Male,42,Hyderabad,Telangana,2022-11-24
108503,Raj Gupta,Male,45,Noida,Uttar Pradesh,2022-08-09
108504,Rahul Gupta,Female,21,Pune,Maharashtra,2023-05-26
108505,Pooja Patel,Male,21,Indore,Madhya Pradesh,2022-07-10
108506,Priya Patel,Female,20,Gurugram,Haryana,2022-10-30
108507,Vikram Sharma,Male,24,Surat,Gujarat,2024-09-05
108508,Karan Malhotra,Female,42,Delhi,Delhi,2022-01-30
108509,Raj Gupta,Female,37,Mumbai,Maharashtra,2024-05-07
108510,Meera Sharma,Male,27,Delhi,Delhi,2023-10-28
108511,Aman Kumar,Male,32,Nagpur,Maharashtra,2022-03-02
108512,Riya Nair,Female,45,Mumbai,Maharashtra,2024-06-15
108513,Riya Mehta,Female,49,Hyderabad,Telangana,2024-04-09
108514,Isha Malhotra,Female,34,Bengaluru,Karnataka,2022-07-31
108515,Rohan Kumar,Male,18,Delhi,Delhi,2022-11-12
108516,Rahul Malhotra,Male,35,Bengaluru,Karnataka,2022-12-12
108517,Riya Kumar,Female,40,Delhi,Delhi,2022-11-03
108518,Riya Kumar,Female,34,Hyderabad,Telangana,2023-05-01
108519,Priya Das,Male,39,Coimbatore,Tamil Nadu,2022-02-24
108520,Isha Reddy,Female,35,Lucknow,Uttar Pradesh,2024-01-17
108521,Rohan Das,Male,21,Lucknow,Uttar Pradesh,2024-03-01
108522,Riya Agarwal,Male,24,Pune,Maharashtra,2023-08-30
108523,Rohan Agarwal,Male,29,Gurugram,Haryana,2023-08-04
108524,Priya Sharma,Male,42,Bhopal,Madhya Pradesh,2024-05-08
108525,Aditya Kumar,Female,25,Kochi,Kerala,2023-12-24
108526,Vikram Patel,Male,36,Delhi,Delhi,2023-05-24
108527,Karan Singh,Male,35,Indore,Madhya Pradesh,2022-01-09
108528,Rahul Patel,Female,46,Mumbai,Maharashtra,2023-06-10
108529,Pooja Iyer,Female,32,Hyderabad,Telangana,2024-01-30
108530,Arjun Reddy,Female,18,Bengaluru,Karnataka,2024-01-28
108531,Karan Kumar,Female,38,Jaipur,Rajasthan,2023-10-26
108532,Isha Agarwal,Male,51,Kolkata,West Bengal,2023-11-28
108533,Meera Mishra,Female,38,Delhi,Delhi,2023-11-13
108534,Aarav Das,Female,25,Noida,Uttar Pradesh,2022-04-15
108535,Riya Mishra,Female,22,Hyderabad,Telangana,2022-09-16
108536,Vikram Nair,Male,23,Delhi,Delhi,2024-04-15
108537,Karan Kumar,Male,50,Hyderabad,Telangana,2023-03-11
108538,Vivaan Mehta,Female,29,Pune,Maharashtra,2023-11-13
108539,Arjun Kumar,Male,26,Delhi,Delhi,2024-05-27
108540,Riya Verma,Female,31,Mumbai,Maharashtra,2022-01-14
108541,Aman Joshi,Female,29,Nagpur,Maharashtra,2024-10-20
108542,Kavya Das,Female,46,Indore,Madhya Pradesh,2024-10-17
108543,Kavya Das,Female,23,Mumbai,Maharashtra,2024-09-24
108544,Aditya Iyer,Female,43,Chennai,Tamil Nadu,2023-10-01
108545,Vivaan Agarwal,Male,33,Hyderabad,Telangana,2023-03-20
108546,Meera Joshi,Female,43,Chennai,Tamil Nadu,2023-04-21
108547,Vikram Singh,Female,46,Pune,Maharashtra,2022-10-08
108548,Aman Iyer,Male,33,Delhi,Delhi,2024-09-26
108549,Rohan Nair,Male,29,Bengaluru,Karnataka,2024-04-19
108550,Vikram Singh,Male,33,Delhi,Delhi,2023-01-28
108551,Neha Gupta,Female,31,Pune,Maharashtra,2022-05-07
108552,Vivaan Malhotra,Male,18,Bhopal,Madhya Pradesh,2023-06-23
108553,Aman Joshi,Female,46,Nagpur,Maharashtra,2024-04-21
108554,Aman Verma,Male,34,Chandigarh,Chandigarh,2022-03-14
108555,Karan Nair,Male,22,Nagpur,Maharashtra,2022-03-01
108556,Aditya Mishra,Female,18,Delhi,Delhi,2024-11-30
108557,Rahul Joshi,Male,18,Lucknow,Uttar Pradesh,2022-12-31
108558,Raj Sharma,Female,39,Bengaluru,Karnataka,2023-05-16
108559,Karan Singh,Female,26,Surat,Gujarat,2024-03-30
108560,Vikram Malhotra,Female,28,Gurugram,Haryana,2024-02-12
108561,Meera Agarwal,Male,36,Hyderabad,Telangana,2022-10-19
108562,Neha Verma,Female,27,Pune,Maharashtra,2024-05-18
108563,Kavya Mishra,Female,37,Bengaluru,Karnataka,2022-02-05
108564,Vivaan Kumar,Female,33,Bengaluru,Karnataka,2023-01-12
108565,Aditya Singh,Male,31,Coimbatore,Tamil Nadu,2023-01-12
108566,Isha Verma,Female,18,Indore,Madhya Pradesh,2022-11-03
108567,Neha Verma,Female,25,Mumbai,Maharashtra,2022-05-08
108568,Isha Singh,Female,37,Bengaluru,Karnataka,2024-06-28
108569,Arjun Joshi,Male,26,Delhi,Delhi,2024-02-07
108570,Meera Singh,Male,43,Nagpur,Maharashtra,2023-11-22
108571,Pooja Agarwal,Male,53,Bhopal,Madhya Pradesh,2022-02-17
108572,Raj Malhotra,Male,38,Chennai,Tamil Nadu,2024-03-31
108573,Aarav Malhotra,Male,45,Lucknow,Uttar Pradesh,2022-08-02
108574,Sneha Das,Male,38,Ahmedabad,Gujarat,2024-07-26
108575,Arjun Nair,Female,27,Mumbai,Maharashtra,2022-03-18
108576,Neha Iyer,Male,34,Chandigarh,Chandigarh,2024-06-03
108577,Karan Malhotra,Female,50,Chennai,Tamil Nadu,2024-08-04
108578,Pooja Iyer,Male,27,Delhi,Delhi,2022-02-18
108579,Neha Sharma,Male,23,Hyderabad,Telangana,2022-05-18
108580,Aman Iyer,Male,22,Kolkata,West Bengal,2023-11-29
108581,Sneha Malhotra,Male,30,Bengaluru,Karnataka,2022-08-09
108582,Aman Agarwal,Female,23,Lucknow,Uttar Pradesh,2022-12-20
108583,Rohan Kumar,Female,47,Indore,Madhya Pradesh,2022-03-21
108584,Riya Agarwal,Male,34,Ahmedabad,Gujarat,2022-04-25
108585,Riya Patel,Male,41,Kolkata,West Bengal,2023-03-01
108586,Raj Patel,Male,29,Pune,Maharashtra,2023-03-04
108587,Kavya Singh,Female,22,Bengaluru,Karnataka,2023-06-02
108588,Ananya Patel,Female,20,Pune,Maharashtra,2023-09-26
108589,Kavya Joshi,Female,24,Bengaluru,Karnataka,2022-03-09
108590,Raj Reddy,Female,35,Chandigarh,Chandigarh,2024-07-25
108591,Neha Verma,Female,37,Bhopal,Madhya Pradesh,2024-06-12
108592,Rohan Agarwal,Male,37,Mumbai,Maharashtra,2024-09-01
108593,Aarav Kumar,Male,19,Gurugram,Haryana,2022-12-02
108594,Riya Agarwal,Female,32,Lucknow,Uttar Pradesh,2022-08-23
108595,Isha Gupta,Female,23,Coimbatore,Tamil Nadu,2024-02-23
108596,Rohan Verma,Female,36,Pune,Maharashtra,2023-01-09
108597,Sneha Reddy,Female,36,Lucknow,Uttar Pradesh,2022-06-01
108598,Raj Verma,Male,21,Pune,Maharashtra,2023-02-01
108599,Neha Kumar,Female,41,Delhi,Delhi,2023-05-02
108600,Kavya Das,Female,53,Delhi,Delhi,2023-04-19
108601,Rohan Singh,Male,40,Delhi,Delhi,2022-05-29
108602,Arjun Iyer,Female,31,Bengaluru,Karnataka,2022-11-19
108603,Vikram Singh,Female,29,Bengaluru,Karnataka,2024-02-13
108604,Raj Joshi,Male,30,Lucknow,Uttar Pradesh,2022-10-28
108605,Raj Kumar,Male,25,Lucknow,Uttar Pradesh,2022-08-19
108606,Riya Agarwal,Male,34,Coimbatore,Tamil Nadu,2022-01-06
108607,Arjun Reddy,Female,22,Bengaluru,Karnataka,2023-11-22
108608,Raj Mishra,Male,18,Chandigarh,Chandigarh,2023-04-05
108609,Pooja Singh,Female,34,Kolkata,West Bengal,2022-02-20
108610,Meera Reddy,Female,32,Pune,Maharashtra,2024-09-10
108611,Rahul Kumar,Male,27,Jaipur,Rajasthan,2022-06-24
108612,Rohan Singh,Female,20,Lucknow,Uttar Pradesh,2022-11-23
108613,Priya Iyer,Other,35,Mumbai,Maharashtra,2022-12-21
108614,Rohan Das,Male,23,Ahmedabad,Gujarat,2024-05-05
108615,Rohan Malhotra,Male,31,Lucknow,Uttar Pradesh,2022-03-28
108616,Rohan Kumar,Female,48,Nagpur,Maharashtra,2022-04-24
108617,Riya Agarwal,Female,38,Bhopal,Madhya Pradesh,2022-09-15
108618,Pooja Iyer,Male,20,Jaipur,Rajasthan,2022-10-25
108619,Sneha Iyer,Male,21,Lucknow,Uttar Pradesh,2024-11-12
108620,Aman Singh,Male,33,Chandigarh,Chandigarh,2023-04-23
108621,Aman Agarwal,Other,20,Coimbatore,Tamil Nadu,2024-08-06
108622,Raj Kumar,Male,18,Gurugram,Haryana,2024-06-29
108623,Rahul Patel,Female,37,Ahmedabad,Gujarat,2023-07-27
108624,Ananya Nair,Female,35,Delhi,Delhi,2023-01-08
108625,Aditi Das,Male,36,Gurugram,Haryana,2024-07-18
108626,Ananya Agarwal,Female,34,Bengaluru,Karnataka,2022-04-21
108627,Raj Mehta,Male,31,Chennai,Tamil Nadu,2023-10-09
108628,Meera Mehta,Female,26,Hyderabad,Telangana,2023-08-09
108629,Sneha Sharma,Male,37,Bengaluru,Karnataka,2023-10-26
108630,Priya Sharma,Female,46,Bengaluru,Karnataka,2024-10-02
108631,Sneha Kumar,Female,27,Surat,Gujarat,2024-06-30
108632,Rahul Agarwal,Male,23,Ahmedabad,Gujarat,2022-12-08
108633,Aman Sharma,Male,22,Chennai,Tamil Nadu,2022-10-25
108634,Karan Singh,Male,24,Jaipur,Rajasthan,2022-05-08
108635,Aman Patel,Male,34,Nagpur,Maharashtra,2024-03-30
108636,Aditi Sharma,Female,18,Hyderabad,Telangana,2023-02-01
108637,Ananya Mehta,Female,36,Chennai,Tamil Nadu,2022-11-05
108638,Priya Kumar,Male,38,Chennai,Tamil Nadu,2022-11-22
108639,Kavya Joshi,Female,18,Chandigarh,Chandigarh,2024-11-27
108640,Karan Iyer,Female,23,Bengaluru,Karnataka,2022-02-22
108641,Karan Malhotra,Female,33,Nagpur,Maharashtra,2022-06-12
108642,Riya Agarwal,Male,31,Bengaluru,Karnataka,2022-12-09
108643,Aman Verma,Male,37,Delhi,Delhi,2024-05-13
108644,Aditya Singh,Male,31,Mumbai,Maharashtra,2022-04-19
108645,Rohan Kumar,Female,43,Hyderabad,Telangana,2023-08-20
108646,Isha Nair,Male,29,Jaipur,Rajasthan,2023-06-14
108647,Meera Agarwal,Male,23,Pune,Maharashtra,2024-05-01
108648,Vivaan Iyer,Male,22,Hyderabad,Telangana,2024-05-08
108649,Priya Nair,Female,39,Chennai,Tamil Nadu,2024-01-19
108650,Isha Singh,Male,32,Gurugram,Haryana,2024-10-27
108651,Aman Malhotra,Male,38,Gurugram,Haryana,2023-10-26
108652,Meera Mehta,Male,38,Lucknow,Uttar Pradesh,2022-10-09
108653,Vivaan Verma,Male,18,Kochi,Kerala,2023-07-09
108654,Vivaan Reddy,Female,22,Chennai,Tamil Nadu,2024-10-02
108655,Ananya Patel,Male,23,Delhi,Delhi,2024-04-16
108656,Kavya Kumar,Male,25,Bengaluru,Karnataka,2022-01-27
108657,Neha Mishra,Female,28,Bengaluru,Karnataka,2024-05-03
108658,Raj Verma,Male,41,Chennai,Tamil Nadu,2022-02-09
108659,Isha Gupta,Male,43,Bhopal,Madhya Pradesh,2024-05-23
108660,Aditya Kumar,Female,29,Gurugram,Haryana,2023-06-28
108661,Sneha Das,Male,30,Mumbai,Maharashtra,2024-06-20
108662,Rahul Das,Male,26,Pune,Maharashtra,2022-11-15
108663,Rahul Malhotra,Male,33,Jaipur,Rajasthan,2023-06-11
108664,Raj Malhotra,Female,34,Nagpur,Maharashtra,2023-12-03
108665,Karan Joshi,Female,39,Delhi,Delhi,2022-12-29
108666,Aditya Agarwal,Female,39,Pune,Maharashtra,2024-01-11
108667,Vikram Kumar,Female,18,Nagpur,Maharashtra,2024-08-02
108668,Meera Joshi,Male,31,Coimbatore,Tamil Nadu,2023-03-22
108669,Aman Joshi,Male,44,Bengaluru,Karnataka,2024-07-16
108670,Riya Das,Female,28,Delhi,Delhi,2024-08-11
108671,Raj Nair,Female,42,Chennai,Tamil Nadu,2023-05-29
108672,Aarav Gupta,Male,29,Surat,Gujarat,2024-08-19
108673,Aditya Das,Female,34,Bengaluru,Karnataka,2024-10-10
108674,Ananya Das,Male,22,Chandigarh,Chandigarh,2023-06-19
108675,Aditi Mishra,Male,22,Bengaluru,Karnataka,2022-01-29
108676,Neha Nair,Male,39,Kolkata,West Bengal,2024-06-23
108677,Karan Gupta,Male,40,Lucknow,Uttar Pradesh,2022-01-08
108678,Ananya Agarwal,Female,32,Bengaluru,Karnataka,2023-07-13
108679,Vikram Agarwal,Female,21,Bengaluru,Karnataka,2024-05-03
108680,Aditi Kumar,Male,32,Pune,Maharashtra,2023-10-14
108681,Karan Reddy,Male,43,Gurugram,Haryana,2024-09-07
108682,Aman Patel,Female,48,Delhi,Delhi,2024-08-16
108683,Pooja Nair,Male,29,Kolkata,West Bengal,2024-07-27
108684,Aarav Gupta,Female,18,Jaipur,Rajasthan,2022-04-19
108685,Arjun Reddy,Male,40,Chennai,Tamil Nadu,2024-06-07
108686,Sneha Mehta,Female,30,Chandigarh,Chandigarh,2022-06-26
108687,Priya Iyer,Male,40,Kolkata,West Bengal,2022-10-19
108688,Isha Iyer,Male,35,Kolkata,West Bengal,2024-11-18
108689,Vivaan Das,Male,24,Kolkata,West Bengal,2024-10-21
108690,Riya Sharma,Male,33,Lucknow,Uttar Pradesh,2024-07-18
108691,Riya Kumar,Male,44,Mumbai,Maharashtra,2022-11-10
108692,Aarav Malhotra,Female,31,Indore,Madhya Pradesh,2023-09-20
108693,Sneha Sharma,Male,23,Delhi,Delhi,2022-11-14
108694,Riya Das,Male,18,Kolkata,West Bengal,2024-03-27
108695,Ananya Iyer,Female,25,Kolkata,West Bengal,2024-12-05
108696,Kavya Agarwal,Female,28,Mumbai,Maharashtra,2022-05-06
108697,Raj Malhotra,Female,39,Delhi,Delhi,2022-10-07
108698,Ananya Reddy,Female,22,Mumbai,Maharashtra,2024-11-15
108699,Aditya Nair,Male,46,Bengaluru,Karnataka,2022-10-28
108700,Aditya Malhotra,Female,20,Indore,Madhya Pradesh,2024-04-01
108701,Aditya Joshi,Female,53,Surat,Gujarat,2022-05-26
108702,Arjun Joshi,Female,48,Delhi,Delhi,2024-02-13
108703,Rohan Iyer,Male,33,Bengaluru,Karnataka,2023-06-11
108704,Riya Das,Male,18,Indore,Madhya Pradesh,2022-09-02
108705,Aditya Malhotra,Male,32,Mumbai,Maharashtra,2024-06-15
108706,Neha Malhotra,Female,29,Nagpur,Maharashtra,2022-02-24
108707,Karan Iyer,Female,21,Bengaluru,Karnataka,2022-01-03
108708,Aditya Iyer,Female,35,Ahmedabad,Gujarat,2023-12-01
108709,Sneha Das,Male,25,Hyderabad,Telangana,2023-02-06
108710,Aman Agarwal,Female,26,Mumbai,Maharashtra,2024-10-06
108711,Neha Mishra,Female,30,Bengaluru,Karnataka,2022-06-02
108712,Rahul Reddy,Male,27,Jaipur,Rajasthan,2024-11-22
108713,Ananya Verma,Female,51,Bengaluru,Karnataka,2024-05-18
108714,Rohan Reddy,Male,27,Kolkata,West Bengal,2022-03-10
108715,Meera Kumar,Female,36,Mumbai,Maharashtra,2023-11-17
108716,Neha Joshi,Female,33,Hyderabad,Telangana,2024-03-03
108717,Sneha Mishra,Female,35,Pune,Maharashtra,2024-03-25
108718,Aarav Mehta,Female,36,Hyderabad,Telangana,2024-11-21
108719,Meera Patel,Female,40,Mumbai,Maharashtra,2022-01-22
108720,Aarav Malhotra,Female,34,Pune,Maharashtra,2023-02-17
108721,Priya Sharma,Male,34,Lucknow,Uttar Pradesh,2022-06-02
108722,Aarav Singh,Female,33,Kochi,Kerala,2024-04-02
108723,Ananya Mehta,Male,31,Noida,Uttar Pradesh,2024-02-14
108724,Rahul Patel,Male,24,Mumbai,Maharashtra,2023-09-18
108725,Vikram Malhotra,Female,31,Bengaluru,Karnataka,2024-08-24
108726,Ananya Joshi,Female,34,Delhi,Delhi,2024-01-24
108727,Neha Reddy,Male,36,Mumbai,Maharashtra,2022-05-12
108728,Karan Iyer,Male,34,Mumbai,Maharashtra,2022-10-23
108729,Meera Mishra,Male,30,Mumbai,Maharashtra,2024-08-12
108730,Aditi Mishra,Male,31,Mumbai,Maharashtra,2024-12-08
108731,Meera Gupta,Male,27,Mumbai,Maharashtra,2023-01-26
108732,Karan Iyer,Female,35,Bengaluru,Karnataka,2022-09-10
108733,Rahul Singh,Male,30,Delhi,Delhi,2022-12-23
108734,Raj Gupta,Male,34,Bengaluru,Karnataka,2023-06-22
108735,Arjun Sharma,Male,41,Lucknow,Uttar Pradesh,2022-10-01
108736,Kavya Malhotra,Other,26,Mumbai,Maharashtra,2024-01-10
108737,Vivaan Iyer,Male,37,Mumbai,Maharashtra,2023-05-03
108738,Rahul Joshi,Male,32,Delhi,Delhi,2024-02-04
108739,Aditi Verma,Male,50,Pune,Maharashtra,2023-07-08
108740,Ananya Das,Female,30,Gurugram,Haryana,2022-06-20
108741,Ananya Mishra,Female,38,Delhi,Delhi,2024-03-27
108742,Vikram Reddy,Male,32,Chennai,Tamil Nadu,2022-02-06
108743,Karan Singh,Male,20,Jaipur,Rajasthan,2022-06-23
108744,Raj Gupta,Male,27,Kolkata,West Bengal,2022-06-25
108745,Sneha Patel,Female,40,Indore,Madhya Pradesh,2023-06-20
108746,Vikram Mishra,Female,28,Surat,Gujarat,2022-02-10
108747,Karan Iyer,Male,18,Delhi,Delhi,2024-12-05
108748,Aditi Sharma,Male,32,Bengaluru,Karnataka,2024-06-20
108749,Rahul Mishra,Male,22,Jaipur,Rajasthan,2022-01-06
108750,Neha Verma,Male,33,Kochi,Kerala,2022-08-31
108751,Priya Sharma,Female,46,Noida,Uttar Pradesh,2024-08-23
108752,Neha Das,Male,39,Mumbai,Maharashtra,2022-01-03
108753,Karan Mehta,Male,46,Bengaluru,Karnataka,2024-11-19
108754,Vivaan Agarwal,Male,27,Ahmedabad,Gujarat,2024-03-30
108755,Neha Mehta,Female,31,Pune,Maharashtra,2024-09-22
108756,Karan Singh,Female,23,Chennai,Tamil Nadu,2022-07-30
108757,Priya Malhotra,Male,26,Kolkata,West Bengal,2024-01-22
108758,Arjun Verma,Male,24,Delhi,Delhi,2022-12-16
108759,Rohan Joshi,Male,20,Surat,Gujarat,2022-03-22
108760,Meera Nair,Female,44,Surat,Gujarat,2024-09-09
108761,Riya Verma,Male,18,Pune,Maharashtra,2024-08-15
108762,Rohan Iyer,Female,44,Kolkata,West Bengal,2022-07-31
108763,Karan Verma,Female,43,Jaipur,Rajasthan,2022-04-23
108764,Isha Nair,Female,36,Mumbai,Maharashtra,2024-08-23
108765,Pooja Kumar,Male,22,Delhi,Delhi,2023-08-08
108766,Ananya Mehta,Female,18,Delhi,Delhi,2022-04-30
108767,Karan Singh,Female,27,Bhopal,Madhya Pradesh,2023-08-07
108768,Aditya Iyer,Male,38,Bengaluru,Karnataka,2023-04-09
108769,Riya Kumar,Male,32,Delhi,Delhi,2023-04-06
108770,Isha Patel,Male,23,Pune,Maharashtra,2024-05-19
108771,Riya Verma,Male,42,Delhi,Delhi,2024-02-03
108772,Neha Sharma,Male,47,Delhi,Delhi,2024-06-25
108773,Aarav Mehta,Female,30,Pune,Maharashtra,2024-02-16
108774,Sneha Mehta,Male,33,Pune,Maharashtra,2024-07-16
108775,Arjun Kumar,Female,18,Chennai,Tamil Nadu,2022-11-07
108776,Aditi Patel,Male,28,Jaipur,Rajasthan,2023-08-25
108777,Aditya Mehta,Female,37,Jaipur,Rajasthan,2024-04-24
108778,Raj Singh,Male,35,Hyderabad,Telangana,2022-06-20
108779,Aditya Reddy,Female,27,Jaipur,Rajasthan,2022-04-20
108780,Priya Mishra,Male,30,Bengaluru,Karnataka,2023-11-02
108781,Isha Sharma,Male,28,Hyderabad,Telangana,2022-05-18
108782,Aman Nair,Female,29,Hyderabad,Telangana,2022-07-07
108783,Ananya Sharma,Male,36,Bengaluru,Karnataka,2022-03-13
108784,Rahul Das,Female,18,Mumbai,Maharashtra,2022-01-02
108785,Vikram Gupta,Female,31,Delhi,Delhi,2022-04-15
108786,Meera Sharma,Male,35,Pune,Maharashtra,2024-08-18
108787,Rahul Joshi,Female,27,Chennai,Tamil Nadu,2022-04-15
108788,Rahul Gupta,Female,28,Bengaluru,Karnataka,2022-08-06
108789,Isha Iyer,Male,28,Coimbatore,Tamil Nadu,2024-10-13
108790,Vivaan Sharma,Female,28,Chennai,Tamil Nadu,2024-01-12
108791,Pooja Iyer,Female,32,Indore,Madhya Pradesh,2022-02-27
108792,Karan Das,Male,33,Chennai,Tamil Nadu,2022-12-28
108793,Raj Kumar,Male,18,Mumbai,Maharashtra,2022-01-25
108794,Pooja Mehta,Female,38,Coimbatore,Tamil Nadu,2024-02-02
108795,Rohan Mehta,Male,29,Indore,Madhya Pradesh,2022-04-09
108796,Rohan Gupta,Male,49,Pune,Maharashtra,2022-11-01
108797,Riya Gupta,Male,21,Mumbai,Maharashtra,2023-12-14
108798,Rohan Kumar,Female,24,Mumbai,Maharashtra,2023-08-15
108799,Arjun Iyer,Male,30,Noida,Uttar Pradesh,2024-08-27
108800,Rohan Sharma,Male,36,Delhi,Delhi,2022-12-01
108801,Isha Singh,Female,18,Kolkata,West Bengal,2023-04-16
108802,Raj Mehta,Male,25,Kolkata,West Bengal,2022-12-26
108803,Aditi Mishra,Male,37,Mumbai,Maharashtra,2022-03-09
108804,Aman Malhotra,Other,23,Lucknow,Uttar Pradesh,2022-06-17
108805,Ananya Sharma,Female,44,Lucknow,Uttar Pradesh,2022-01-25
108806,Aarav Kumar,Female,28,Bengaluru,Karnataka,2022-12-19
108807,Aarav Mishra,Male,24,Pune,Maharashtra,2024-08-21
108808,Isha Sharma,Female,37,Gurugram,Haryana,2024-01-17
108809,Rahul Mishra,Male,46,Chennai,Tamil Nadu,2024-08-27
108810,Sneha Sharma,Male,36,Kolkata,West Bengal,2023-07-05
108811,Kavya Mehta,Male,43,Hyderabad,Telangana,2024-08-01
108812,Pooja Nair,Male,47,Mumbai,Maharashtra,2023-11-15
108813,Riya Gupta,Female,24,Nagpur,Maharashtra,2023-04-17
108814,Rohan Verma,Male,40,Chennai,Tamil Nadu,2024-05-14
108815,Aarav Kumar,Female,18,Bengaluru,Karnataka,2023-10-21
108816,Vikram Verma,Female,36,Lucknow,Uttar Pradesh,2024-07-13
108817,Sneha Verma,Female,31,Kolkata,West Bengal,2023-09-26
108818,Arjun Agarwal,Male,43,Mumbai,Maharashtra,2023-06-06
108819,Neha Mehta,Female,43,Indore,Madhya Pradesh,2022-12-09
108820,Kavya Agarwal,Male,37,Delhi,Delhi,2023-12-11
108821,Rahul Das,Male,35,Kolkata,West Bengal,2022-11-06
108822,Pooja Iyer,Other,37,Pune,Maharashtra,2024-02-25
108823,Aarav Patel,Male,33,Bengaluru,Karnataka,2023-06-13
108824,Isha Agarwal,Male,31,Gurugram,Haryana,2022-12-06
108825,Aman Gupta,Female,45,Jaipur,Rajasthan,2022-04-26
108826,Ananya Reddy,Male,46,Ahmedabad,Gujarat,2023-07-31
108827,Kavya Kumar,Female,31,Hyderabad,Telangana,2022-06-20
108828,Pooja Reddy,Male,34,Chandigarh,Chandigarh,2024-04-08
108829,Arjun Agarwal,Male,33,Bengaluru,Karnataka,2023-08-06
108830,Isha Nair,Male,18,Chennai,Tamil Nadu,2022-08-20
108831,Meera Singh,Male,29,Chandigarh,Chandigarh,2023-12-17
108832,Rahul Singh,Male,46,Delhi,Delhi,2023-03-09
108833,Riya Gupta,Female,25,Delhi,Delhi,2024-06-21
108834,Rahul Singh,Female,51,Nagpur,Maharashtra,2023-08-21
108835,Aditya Nair,Female,43,Coimbatore,Tamil Nadu,2022-03-22
108836,Arjun Nair,Male,36,Ahmedabad,Gujarat,2024-01-21
108837,Priya Patel,Female,37,Pune,Maharashtra,2022-07-10
108838,Pooja Verma,Female,24,Pune,Maharashtra,2023-01-20
108839,Vikram Singh,Female,30,Bengaluru,Karnataka,2023-05-04
108840,Aman Gupta,Male,45,Hyderabad,Telangana,2024-07-28
108841,Raj Kumar,Female,26,Hyderabad,Telangana,2023-04-16
108842,Neha Reddy,Female,42,Delhi,Delhi,2024-06-28
108843,Meera Joshi,Male,20,Pune,Maharashtra,2024-05-17
108844,Riya Malhotra,Female,21,Pune,Maharashtra,2024-03-20
108845,Aman Iyer,Male,49,Jaipur,Rajasthan,2024-07-05
108846,Rahul Kumar,Female,32,Pune,Maharashtra,2024-02-16
108847,Sneha Kumar,Female,27,Surat,Gujarat,2024-12-28
108848,Rahul Malhotra,Female,44,Hyderabad,Telangana,2022-08-24
108849,Vivaan Nair,Male,43,Hyderabad,Telangana,2024-02-11
108850,Priya Reddy,Male,40,Chennai,Tamil Nadu,2022-01-10
108851,Vivaan Iyer,Female,27,Mumbai,Maharashtra,2024-12-21
108852,Karan Gupta,Male,29,Hyderabad,Telangana,2023-10-18
108853,Aarav Gupta,Male,35,Jaipur,Rajasthan,2023-12-05
108854,Vivaan Das,Female,38,Hyderabad,Telangana,2024-10-13
108855,Vikram Gupta,Male,27,Bhopal,Madhya Pradesh,2022-07-01
108856,Priya Kumar,Male,34,Kolkata,West Bengal,2024-07-26
108857,Aarav Malhotra,Male,34,Mumbai,Maharashtra,2023-09-09
108858,Isha Agarwal,Male,44,Pune,Maharashtra,2022-04-06
108859,Aditi Singh,Female,39,Ahmedabad,Gujarat,2024-01-14
108860,Meera Mehta,Female,18,Kolkata,West Bengal,2024-12-02
108861,Neha Singh,Female,30,Indore,Madhya Pradesh,2023-09-03
108862,Neha Malhotra,Female,24,Ahmedabad,Gujarat,2024-03-11
108863,Aman Joshi,Female,37,Delhi,Delhi,2024-11-23
108864,Neha Verma,Female,40,,,2024-11-08
108865,Aman Reddy,Male,33,Jaipur,Rajasthan,2022-06-11
108866,Riya Mishra,Female,30,Mumbai,Maharashtra,2023-07-18
108867,Ananya Kumar,Male,33,Chennai,Tamil Nadu,2023-07-13
108868,Rohan Patel,Female,34,Noida,Uttar Pradesh,2022-03-13
108869,Ananya Iyer,Female,26,Chennai,Tamil Nadu,2024-11-21
108870,Isha Iyer,Male,21,Hyderabad,Telangana,2022-04-30
108871,Kavya Agarwal,Female,18,Jaipur,Rajasthan,2023-03-10
108872,Arjun Reddy,Male,43,Mumbai,Maharashtra,2023-11-23
108873,Ananya Iyer,Female,36,Lucknow,Uttar Pradesh,2024-10-27
108874,Riya Patel,Male,35,Lucknow,Uttar Pradesh,2024-03-31
108875,Aditya Iyer,Female,43,Pune,Maharashtra,2022-12-17
108876,Aditi Mehta,Male,21,Bengaluru,Karnataka,2023-08-04
108877,Aarav Joshi,Male,18,Noida,Uttar Pradesh,2022-04-03
108878,Rahul Verma,Male,35,Pune,Maharashtra,2023-12-30
108879,Vikram Agarwal,Male,35,Delhi,Delhi,2024-06-28
108880,Arjun Verma,Male,18,Patna,Bihar,2023-06-08
108881,Kavya Nair,Female,35,Ahmedabad,Gujarat,2023-06-28
108882,Raj Gupta,Male,28,Chennai,Tamil Nadu,2023-11-09
108883,Aditi Patel,Male,25,Hyderabad,Telangana,2022-02-24
108884,Neha Mehta,Male,29,Kochi,Kerala,2024-06-13
108885,Kavya Verma,Female,18,Noida,Uttar Pradesh,2023-03-05
108886,Riya Gupta,Female,27,Chennai,Tamil Nadu,2023-01-10
108887,Priya Das,Female,26,Jaipur,Rajasthan,2023-06-14
108888,Riya Singh,Female,37,Bengaluru,Karnataka,2024-02-05
108889,Rahul Das,Male,31,Mumbai,Maharashtra,2023-05-14
108890,Vikram Iyer,Male,38,Bengaluru,Karnataka,2023-10-12
108891,Aarav Singh,Male,18,Bengaluru,Karnataka,2022-10-25
108892,Aditi Joshi,Female,24,Ahmedabad,Gujarat,2024-06-22
108893,Pooja Iyer,Other,37,Mumbai,Maharashtra,2022-08-12
108894,Rahul Malhotra,Female,29,Noida,Uttar Pradesh,2022-07-19
108895,Riya Joshi,Male,40,Chennai,Tamil Nadu,2022-08-27
108896,Vivaan Iyer,Male,18,Hyderabad,Telangana,2022-07-05
108897,Kavya Kumar,Male,39,Bengaluru,Karnataka,2022-04-27
108898,Kavya Singh,Female,26,Pune,Maharashtra,2024-11-27
108899,Riya Gupta,Male,25,Bengaluru,Karnataka,2024-02-01
108900,Aditi Gupta,Female,41,Hyderabad,Telangana,2022-05-26
108901,Arjun Reddy,Male,42,Ahmedabad,Gujarat,2024-12-30
108902,Rohan Reddy,Female,41,Kolkata,West Bengal,2023-05-28
108903,Pooja Singh,Female,50,Ahmedabad,Gujarat,2024-04-20
108904,Rahul Joshi,Female,43,Lucknow,Uttar Pradesh,2024-05-18
108905,Pooja Mehta,Female,25,Gurugram,Haryana,2024-11-13
108906,Karan Patel,Female,33,Mumbai,Maharashtra,2023-10-21
108907,Vivaan Mehta,Female,29,Nagpur,Maharashtra,2023-04-01
108908,Raj Mehta,Female,50,Pune,Maharashtra,2022-12-06
108909,Riya Mehta,Female,42,Lucknow,Uttar Pradesh,2022-06-06
108910,Isha Agarwal,Other,30,Jaipur,Rajasthan,2023-05-13
108911,Ananya Gupta,Female,40,Chennai,Tamil Nadu,2024-01-02
108912,Raj Sharma,Female,21,Nagpur,Maharashtra,2024-04-23
108913,Aditya Patel,Female,34,Mumbai,Maharashtra,2022-08-30
108914,Kavya Reddy,Male,24,Hyderabad,Telangana,2024-10-21
108915,Raj Singh,Male,18,Delhi,Delhi,2023-03-06
108916,Pooja Malhotra,Male,39,Mumbai,Maharashtra,2022-04-18
108917,Aditya Sharma,Female,40,Lucknow,Uttar Pradesh,2024-07-18
108918,Sneha Gupta,Female,36,Delhi,Delhi,2023-02-11
108919,Rahul Agarwal,Male,30,Indore,Madhya Pradesh,2023-07-18
108920,Rohan Iyer,Female,21,Kolkata,West Bengal,2024-12-25
108921,Vikram Mehta,Female,22,Hyderabad,Telangana,2022-01-18
108922,Rohan Reddy,Male,23,Bengaluru,Karnataka,2022-03-23
108923,Sneha Mehta,Female,30,Delhi,Delhi,2022-11-16
108924,Meera Singh,Female,42,Patna,Bihar,2022-10-30
108925,Vikram Das,Male,42,Lucknow,Uttar Pradesh,2024-05-07
108926,Aditi Verma,Female,18,Bengaluru,Karnataka,2023-06-27
108927,Vikram Patel,Female,26,Delhi,Delhi,2022-11-14
108928,Rahul Mishra,Male,26,Bengaluru,Karnataka,2023-12-10
108929,Priya Verma,Male,18,Mumbai,Maharashtra,2024-10-11
108930,Meera Reddy,Other,37,Noida,Uttar Pradesh,2022-10-02
108931,Rahul Singh,Male,30,Lucknow,Uttar Pradesh,2022-01-18
108932,Neha Gupta,Male,31,Pune,Maharashtra,2023-11-17
108933,Aman Iyer,Male,44,Indore,Madhya Pradesh,2023-11-11
108934,Ananya Sharma,Female,33,Mumbai,Maharashtra,2023-08-31
108935,Arjun Joshi,Female,28,Hyderabad,Telangana,2022-12-02
108936,Raj Joshi,Female,37,Lucknow,Uttar Pradesh,2024-11-24
108937,Arjun Iyer,Male,42,Delhi,Delhi,2024-09-18
108938,Pooja Agarwal,Female,35,Hyderabad,Telangana,2022-07-28
108939,Vikram Reddy,Male,38,Chennai,Tamil Nadu,2022-10-16
108940,Neha Patel,Male,31,Hyderabad,Telangana,2022-05-12
108941,Arjun Joshi,Male,31,Pune,Maharashtra,2023-08-01
108942,Pooja Agarwal,Male,33,Kolkata,West Bengal,2024-08-21
108943,Rahul Verma,Female,25,Hyderabad,Telangana,2023-06-08
108944,Ananya Mishra,Female,27,Delhi,Delhi,2023-07-28
108945,Aman Sharma,Male,44,Mumbai,Maharashtra,2024-07-04
108946,Priya Das,Female,50,Chennai,Tamil Nadu,2023-09-17
108947,Aman Verma,Female,46,Mumbai,Maharashtra,2024-03-02
108948,Neha Mehta,Female,20,Indore,Madhya Pradesh,2022-01-11
108949,Meera Gupta,Male,19,Gurugram,Haryana,2023-08-27
108950,Isha Iyer,Female,21,Bengaluru,Karnataka,2022-12-24
108951,Raj Singh,Male,33,Gurugram,Haryana,2023-05-23
108952,Riya Verma,Female,18,Chennai,Tamil Nadu,2024-07-22
108953,Aditya Nair,Male,27,Mumbai,Maharashtra,2022-08-01
108954,Pooja Malhotra,Female,45,Kolkata,West Bengal,2024-09-13
108955,Aditi Singh,Male,41,Jaipur,Rajasthan,2023-06-01
108956,Isha Das,Male,27,Delhi,Delhi,2024-08-29
108957,Sneha Mehta,Female,28,Bengaluru,Karnataka,2023-01-05
108958,Vivaan Reddy,Female,37,Delhi,Delhi,2022-06-15
108959,Arjun Das,Female,40,Bengaluru,Karnataka,2023-06-22
108960,Aman Das,Female,27,Bengaluru,Karnataka,2024-05-30
108961,Aman Mishra,Male,30,Kolkata,West Bengal,2022-06-10
108962,Aman Reddy,Female,27,Mumbai,Maharashtra,2024-07-27
108963,Riya Kumar,Male,20,Delhi,Delhi,2023-01-11
108964,Sneha Reddy,Male,30,Bengaluru,Karnataka,2024-10-19
108965,Aman Kumar,Female,29,Gurugram,Haryana,2023-11-20
108966,Aditya Sharma,Female,21,Hyderabad,Telangana,2022-04-08
108967,Arjun Nair,Female,38,Hyderabad,Telangana,2023-07-10
108968,Isha Singh,Female,36,Pune,Maharashtra,2023-12-06
108969,Meera Agarwal,Female,38,Ahmedabad,Gujarat,2022-10-23
108970,Vikram Malhotra,Male,25,Pune,Maharashtra,2023-01-06
108971,Sneha Reddy,Male,18,Delhi,Delhi,2024-05-17
108972,Aman Verma,Female,36,Mumbai,Maharashtra,2024-07-02
108973,Isha Joshi,Male,26,Mumbai,Maharashtra,2024-05-26
108974,Pooja Das,Male,24,Pune,Maharashtra,2024-10-28
108975,Meera Mehta,Male,21,Delhi,Delhi,2024-11-27
108976,Pooja Joshi,Female,30,Bengaluru,Karnataka,2024-07-20
108977,Priya Sharma,Male,46,Kolkata,West Bengal,2024-12-10
108978,Pooja Verma,Female,27,Bengaluru,Karnataka,2024-08-02
108979,Meera Das,Female,22,Lucknow,Uttar Pradesh,2024-08-21
108980,Arjun Malhotra,Male,38,Hyderabad,Telangana,2023-11-09
108981,Arjun Verma,Female,34,Coimbatore,Tamil Nadu,2023-08-24
108982,Vikram Kumar,Female,18,Coimbatore,Tamil Nadu,2023-07-25
108983,Meera Reddy,Female,38,Noida,Uttar Pradesh,2023-11-06
108984,Pooja Mehta,Female,51,Kochi,Kerala,2024-11-16
108985,Priya Nair,Male,18,Mumbai,Maharashtra,2023-06-13
108986,Vivaan Kumar,Female,21,Ahmedabad,Gujarat,2024-07-14
108987,Neha Das,Male,18,Bengaluru,Karnataka,2023-08-27
108988,Neha Malhotra,Female,31,Lucknow,Uttar Pradesh,2022-05-22
108989,Riya Sharma,Female,41,Hyderabad,Telangana,2023-04-28
108990,Priya Das,Female,33,Bengaluru,Karnataka,2023-07-23
108991,Sneha Reddy,Male,45,Kochi,Kerala,2022-01-09
108992,Aarav Singh,Male,39,Mumbai,Maharashtra,2022-08-25
108993,Meera Gupta,Male,47,Ahmedabad,Gujarat,2022-10-06
108994,Aarav Reddy,Male,42,Jaipur,Rajasthan,2023-03-13
108995,Ananya Verma,Male,28,Bengaluru,Karnataka,2024-05-01
108996,Raj Mishra,Female,33,Pune,Maharashtra,2022-01-07
108997,Sneha Iyer,Male,24,Mumbai,Maharashtra,2023-11-04
108998,Aarav Nair,Female,30,Patna,Bihar,2024-06-09
108999,Neha Das,Male,33,Coimbatore,Tamil Nadu,2023-01-08
109000,Aman Kumar,Female,31,Ahmedabad,Gujarat,2024-07-18
109001,Aditi Kumar,Female,44,Surat,Gujarat,2023-11-13
109002,Vikram Patel,Female,29,Delhi,Delhi,2022-05-12
109003,Neha Iyer,Female,24,Hyderabad,Telangana,2023-03-04
109004,Vivaan Kumar,Male,24,Bengaluru,Karnataka,2023-05-30
109005,Neha Nair,Female,38,Chennai,Tamil Nadu,2024-02-11
109006,Aman Iyer,Male,19,Mumbai,Maharashtra,2023-05-26
109007,Rohan Singh,Male,30,Chennai,Tamil Nadu,2024-11-22
109008,Kavya Iyer,Female,44,Jaipur,Rajasthan,2022-02-25
109009,Kavya Reddy,Female,35,Mumbai,Maharashtra,2022-08-16
109010,Ananya Nair,Female,31,Mumbai,Maharashtra,2022-11-10
109011,Priya Iyer,Male,32,Delhi,Delhi,2023-07-25
109012,Aditi Iyer,Male,23,Ahmedabad,Gujarat,2024-12-17
109013,Rohan Das,Male,24,Bengaluru,Karnataka,2023-08-10
109014,Isha Das,Male,30,Mumbai,Maharashtra,2023-08-27
109015,Aditya Kumar,Male,34,Noida,Uttar Pradesh,2024-09-07
109016,Aditi Malhotra,Male,41,Mumbai,Maharashtra,2023-05-12
109017,Kavya Nair,Male,33,Hyderabad,Telangana,2024-05-14
109018,Vikram Kumar,Female,44,Ahmedabad,Gujarat,2023-12-17
109019,Raj Verma,Male,46,Chennai,Tamil Nadu,2024-04-13
109020,Aditya Reddy,Female,39,Chennai,Tamil Nadu,2022-09-01
109021,Priya Kumar,Male,43,Mumbai,Maharashtra,2022-05-24
109022,Pooja Agarwal,Female,23,Mumbai,Maharashtra,2024-01-08
109023,Rohan Iyer,Male,22,Chennai,Tamil Nadu,2024-04-18
109024,Priya Singh,Male,37,Delhi,Delhi,2024-04-03
109025,Aman Das,Female,20,Surat,Gujarat,2022-10-06
109026,Isha Kumar,Male,29,Bengaluru,Karnataka,2022-09-28
109027,Ananya Iyer,Female,39,Hyderabad,Telangana,2023-05-07
109028,Neha Mishra,Male,45,Bengaluru,Karnataka,2022-05-08
109029,Aditi Iyer,Other,30,Indore,Madhya Pradesh,2024-08-11
109030,Rohan Gupta,Male,26,Kolkata,West Bengal,2022-02-27
109031,Ananya Sharma,Male,35,Hyderabad,Telangana,2024-05-07
109032,Arjun Singh,Female,22,Chennai,Tamil Nadu,2023-11-18
109033,Meera Patel,Male,30,Hyderabad,Telangana,2023-06-01
109034,Riya Nair,Female,32,Pune,Maharashtra,2024-11-27
109035,Kavya Patel,Male,32,Bengaluru,Karnataka,2022-03-03
109036,Kavya Joshi,Female,33,Hyderabad,Telangana,2023-10-10
109037,Rohan Mehta,Male,24,Bengaluru,Karnataka,2023-04-21
109038,Pooja Nair,Female,25,Delhi,Delhi,2022-07-29
109039,Aditya Singh,Female,25,Delhi,Delhi,2024-02-15
109040,Aditya Verma,Male,18,Mumbai,Maharashtra,2022-03-13
109041,Pooja Mishra,Male,35,Mumbai,Maharashtra,2022-09-26
109042,Priya Das,Male,40,Indore,Madhya Pradesh,2022-09-25
109043,Aman Gupta,Female,39,Kolkata,West Bengal,2024-07-09
109044,Ananya Joshi,Male,30,Kochi,Kerala,2023-09-06
109045,Aditi Mehta,Male,25,Bengaluru,Karnataka,2023-05-10
109046,Rahul Mishra,Male,39,Hyderabad,Telangana,2023-05-24
109047,Priya Verma,Male,38,Lucknow,Uttar Pradesh,2022-04-19
109048,Raj Malhotra,Female,34,Chennai,Tamil Nadu,2023-03-13
109049,Meera Verma,Female,48,Chennai,Tamil Nadu,2024-06-20
109050,Ananya Singh,Female,32,Chennai,Tamil Nadu,2022-12-27
109051,Neha Das,Female,30,Chennai,Tamil Nadu,2024-10-04
109052,Vivaan Singh,Female,28,Ahmedabad,Gujarat,2022-05-19
109053,Kavya Gupta,Male,18,Jaipur,Rajasthan,2024-04-27
109054,Aman Sharma,Male,38,Kochi,Kerala,2022-11-28
109055,Isha Singh,Female,31,Kochi,Kerala,2023-08-06
109056,Vikram Singh,Female,37,Hyderabad,Telangana,2023-09-03
109057,Vikram Agarwal,Female,49,Delhi,Delhi,2024-07-24
109058,Karan Gupta,Male,28,Delhi,Delhi,2023-12-23
109059,Aarav Patel,Male,18,Delhi,Delhi,2024-05-06
109060,Vikram Sharma,Male,36,Delhi,Delhi,2023-01-21
109061,Pooja Agarwal,Female,34,Hyderabad,Telangana,2022-05-09
109062,Neha Mehta,Female,25,Delhi,Delhi,2022-08-04
109063,Kavya Joshi,Female,36,Kolkata,West Bengal,2022-09-24
109064,Meera Singh,Male,39,Mumbai,Maharashtra,2022-06-06
109065,Sneha Gupta,Female,23,Pune,Maharashtra,2023-03-06
109066,Riya Malhotra,Male,29,Delhi,Delhi,2022-01-30
109067,Priya Reddy,Male,45,Gurugram,Haryana,2024-10-03
109068,Meera Mishra,Female,26,Noida,Uttar Pradesh,2023-01-16
109069,Priya Nair,Male,33,Hyderabad,Telangana,2024-09-26
109070,Aman Nair,Male,18,Bhopal,Madhya Pradesh,2022-04-08
109071,Aditi Iyer,Female,19,Mumbai,Maharashtra,2024-03-20
109072,Aman Mehta,Female,33,Gurugram,Haryana,2024-05-02
109073,Aditi Kumar,Male,43,Chennai,Tamil Nadu,2022-06-08
109074,Vikram Kumar,Female,20,Bengaluru,Karnataka,2023-10-16
109075,Kavya Kumar,Male,33,Delhi,Delhi,2023-09-04
109076,Aditya Nair,Female,29,Mumbai,Maharashtra,2023-12-12
109077,Rahul Kumar,Female,41,Surat,Gujarat,2024-11-11
109078,Vikram Iyer,Female,21,Kolkata,West Bengal,2023-11-10
109079,Kavya Malhotra,Female,36,Mumbai,Maharashtra,2024-11-17
109080,Rahul Verma,Male,26,Pune,Maharashtra,2024-04-01
109081,Riya Nair,Male,34,Delhi,Delhi,2024-02-11
109082,Isha Joshi,Male,33,Delhi,Delhi,2023-04-20
109083,Ananya Verma,Male,30,Bhopal,Madhya Pradesh,2023-12-26
109084,Pooja Singh,Female,36,Pune,Maharashtra,2024-06-05
109085,Aditi Nair,Male,32,Bengaluru,Karnataka,2023-10-30
109086,Kavya Das,Male,31,Kochi,Kerala,2023-08-31
109087,Vikram Agarwal,Male,29,Hyderabad,Telangana,2022-06-13
109088,Aman Malhotra,Female,33,Bengaluru,Karnataka,2024-12-06
109089,Vivaan Agarwal,Male,34,Bengaluru,Karnataka,2022-02-28
109090,Pooja Agarwal,Female,23,Chennai,Tamil Nadu,2022-12-05
109091,Isha Malhotra,Male,29,Chennai,Tamil Nadu,2024-12-05
109092,Sneha Verma,Male,23,Delhi,Delhi,2022-12-27
109093,Rohan Sharma,Male,32,Jaipur,Rajasthan,2023-11-25
109094,Kavya Agarwal,Female,27,Noida,Uttar Pradesh,2022-10-13
109095,Kavya Reddy,Female,39,Kolkata,West Bengal,2022-06-05
109096,Vivaan Mishra,Female,38,Indore,Madhya Pradesh,2022-12-17
109097,Aditi Agarwal,Male,24,Bengaluru,Karnataka,2024-12-07
109098,Rahul Verma,Male,32,Mumbai,Maharashtra,2024-02-20
109099,Aditi Verma,Female,38,Lucknow,Uttar Pradesh,2024-06-05
109100,Aman Malhotra,Male,30,Mumbai,Maharashtra,2022-03-26
109101,Aman Mishra,Female,25,Delhi,Delhi,2023-10-10
109102,Aarav Nair,Female,22,Delhi,Delhi,2023-07-13
109103,Pooja Agarwal,Male,40,Ahmedabad,Gujarat,2024-03-09
109104,Sneha Nair,Female,40,Delhi,Delhi,2024-12-13
109105,Rahul Mehta,Male,30,Bengaluru,Karnataka,2023-09-28
109106,Karan Reddy,Male,39,Delhi,Delhi,2022-12-26
109107,Neha Patel,Male,18,Ahmedabad,Gujarat,2024-10-24
109108,Kavya Nair,Female,44,Pune,Maharashtra,2022-11-17
109109,Raj Kumar,Male,31,Mumbai,Maharashtra,2024-12-26
109110,Vikram Malhotra,Female,33,Ahmedabad,Gujarat,2023-08-10
109111,Riya Mehta,Female,29,Ahmedabad,Gujarat,2024-07-08
109112,Rahul Iyer,Female,45,Chennai,Tamil Nadu,2022-03-15
109113,Kavya Reddy,Female,22,Bengaluru,Karnataka,2023-11-04
109114,Meera Kumar,Male,45,Chennai,Tamil Nadu,2022-11-12
109115,Aarav Malhotra,Male,36,Chandigarh,Chandigarh,2022-04-02
109116,Vivaan Nair,Male,38,Delhi,Delhi,2023-05-12
109117,Aditi Malhotra,Female,29,Bengaluru,Karnataka,2022-06-12
109118,Arjun Iyer,Other,20,Bengaluru,Karnataka,2023-03-28
109119,Aditya Malhotra,Female,40,Kolkata,West Bengal,2022-12-10
109120,Aditya Joshi,Female,35,Jaipur,Rajasthan,2024-07-31
109121,Sneha Nair,Female,44,Mumbai,Maharashtra,2022-07-06
109122,Rohan Nair,Male,30,Mumbai,Maharashtra,2022-12-10
109123,Karan Singh,Female,28,Patna,Bihar,2023-03-06
109124,Pooja Iyer,Female,44,Ahmedabad,Gujarat,2022-11-23
109125,Rohan Das,Male,49,Chandigarh,Chandigarh,2022-02-04
109126,Rohan Sharma,Female,32,Gurugram,Haryana,2023-03-02
109127,Isha Nair,Male,25,Hyderabad,Telangana,2024-06-04
109128,Arjun Kumar,Female,39,Delhi,Delhi,2024-02-21
109129,Aditya Verma,Female,30,Kolkata,West Bengal,2024-12-07
109130,Priya Malhotra,Female,37,Bengaluru,Karnataka,2024-06-12
109131,Priya Iyer,Male,30,Hyderabad,Telangana,2023-08-24
109132,Sneha Mehta,Female,46,Hyderabad,Telangana,2022-09-17
109133,Isha Gupta,Female,26,Chandigarh,Chandigarh,2024-06-25
109134,Ananya Gupta,Male,36,Delhi,Delhi,2024-09-11
109135,Arjun Patel,Female,28,Mumbai,Maharashtra,2024-03-08
109136,Aditi Gupta,Female,29,Kolkata,West Bengal,2022-10-06
109137,Sneha Mishra,Female,28,Indore,Madhya Pradesh,2024-05-25
109138,Aman Agarwal,Male,39,Patna,Bihar,2023-11-24
109139,Aditya Gupta,Male,40,Chennai,Tamil Nadu,2023-01-17
109140,Aman Mehta,Female,37,Delhi,Delhi,2024-08-23
109141,Karan Singh,Male,31,Bengaluru,Karnataka,2022-10-22
109142,Aditi Reddy,Male,33,Patna,Bihar,2024-12-19
109143,Aditya Kumar,Female,40,Pune,Maharashtra,2024-08-05
109144,Neha Iyer,Female,40,Lucknow,Uttar Pradesh,2024-02-15
109145,Arjun Joshi,Female,18,Bengaluru,Karnataka,2022-03-01
109146,Aman Sharma,Male,30,Delhi,Delhi,2023-05-14
109147,Pooja Sharma,Male,30,Chennai,Tamil Nadu,2022-11-03
109148,Kavya Sharma,Male,38,Gurugram,Haryana,2022-01-13
109149,Aditi Verma,Male,31,Nagpur,Maharashtra,2024-11-01
109150,Rohan Sharma,Female,38,Surat,Gujarat,2024-09-16
109151,Riya Sharma,Female,22,Chennai,Tamil Nadu,2024-07-08
109152,Aarav Kumar,Female,34,Kolkata,West Bengal,2023-04-09
109153,Priya Patel,Male,40,Gurugram,Haryana,2023-07-05
109154,Aarav Iyer,Female,19,Delhi,Delhi,2024-06-15
109155,Meera Malhotra,Male,55,Kochi,Kerala,2022-06-13
109156,Aditi Das,Male,43,Chennai,Tamil Nadu,2022-01-15
109157,Aditya Gupta,Female,32,Kochi,Kerala,2024-04-12
109158,Karan Reddy,Female,25,Ahmedabad,Gujarat,2023-01-08
109159,Pooja Agarwal,Female,30,Mumbai,Maharashtra,2023-04-12
109160,Rohan Joshi,Male,33,Mumbai,Maharashtra,2023-03-31
109161,Karan Kumar,Female,36,Bengaluru,Karnataka,2023-06-29
109162,Arjun Das,Female,46,Bengaluru,Karnataka,2023-12-12
109163,Rahul Malhotra,Female,28,Hyderabad,Telangana,2024-01-25
109164,Aditi Malhotra,Male,37,Kolkata,West Bengal,2024-09-10
109165,Rohan Mishra,Female,20,Hyderabad,Telangana,2023-05-13
109166,Neha Nair,Female,28,Delhi,Delhi,2023-12-02
109167,Rohan Joshi,Female,35,Coimbatore,Tamil Nadu,2024-05-20
109168,Rahul Das,Male,38,Hyderabad,Telangana,2022-12-22
109169,Neha Sharma,Male,25,Surat,Gujarat,2023-01-31
109170,Pooja Sharma,Male,28,Delhi,Delhi,2022-09-22
109171,Kavya Mishra,Male,45,Gurugram,Haryana,2024-07-16
109172,Arjun Iyer,Female,42,Mumbai,Maharashtra,2024-10-20
109173,Raj Mishra,Male,34,Jaipur,Rajasthan,2022-03-16
109174,Raj Verma,Male,18,Jaipur,Rajasthan,2022-04-25
109175,Aditi Reddy,Male,55,Bhopal,Madhya Pradesh,2023-06-06
109176,Rohan Malhotra,Male,32,Bengaluru,Karnataka,2023-11-09
109177,Riya Gupta,Male,29,Delhi,Delhi,2023-03-13
109178,Arjun Agarwal,Female,27,Surat,Gujarat,2023-11-27
109179,Karan Malhotra,Female,35,Bengaluru,Karnataka,2024-12-22
109180,Rahul Malhotra,Male,35,Mumbai,Maharashtra,2024-01-01
109181,Ananya Agarwal,Male,41,Pune,Maharashtra,2024-08-20
109182,Kavya Das,Male,24,Mumbai,Maharashtra,2023-03-24
109183,Priya Iyer,Male,29,Bengaluru,Karnataka,2022-05-05
109184,Neha Verma,Female,50,Hyderabad,Telangana,2022-09-15
109185,Kavya Verma,Female,34,Bengaluru,Karnataka,2024-08-04
109186,Ananya Singh,Female,30,Hyderabad,Telangana,2023-03-28
109187,Aditi Gupta,Female,24,Hyderabad,Telangana,2022-09-17
109188,Vikram Das,Male,37,Noida,Uttar Pradesh,2022-12-15
109189,Isha Singh,Female,41,Patna,Bihar,2023-12-07
109190,Priya Sharma,Female,40,Delhi,Delhi,2024-07-06
109191,Aditi Sharma,Female,30,Gurugram,Haryana,2022-02-16
109192,Isha Iyer,Male,35,Chandigarh,Chandigarh,2023-10-02
109193,Meera Verma,Female,47,Jaipur,Rajasthan,2022-12-01
109194,Riya Verma,Female,42,Nagpur,Maharashtra,2023-06-06
109195,Ananya Mishra,Female,25,Bengaluru,Karnataka,2022-03-27
109196,Riya Malhotra,Male,18,Gurugram,Haryana,2022-11-09
109197,Meera Nair,Female,35,Jaipur,Rajasthan,2023-11-10
109198,Kavya Joshi,Female,39,Bengaluru,Karnataka,2023-12-02
109199,Priya Iyer,Female,22,Lucknow,Uttar Pradesh,2023-11-23
109200,Kavya Reddy,Female,32,Pune,Maharashtra,2023-08-18
109201,Karan Patel,Female,30,Mumbai,Maharashtra,2024-04-20
109202,Ananya Gupta,Male,33,Mumbai,Maharashtra,2024-12-03
109203,Neha Iyer,Female,27,Lucknow,Uttar Pradesh,2023-04-02
109204,Karan Patel,Male,44,Lucknow,Uttar Pradesh,2024-07-10
109205,Sneha Mehta,Female,33,Chennai,Tamil Nadu,2024-07-27
109206,Sneha Mehta,Male,24,Pune,Maharashtra,2022-03-21
109207,Aditya Agarwal,Female,40,Mumbai,Maharashtra,2023-08-24
109208,Aarav Agarwal,Female,21,Hyderabad,Telangana,2022-08-02
109209,Arjun Kumar,Female,44,Indore,Madhya Pradesh,2022-08-01
109210,Kavya Agarwal,Female,41,Surat,Gujarat,2024-05-01
109211,Pooja Mehta,Female,45,Jaipur,Rajasthan,2024-09-03
109212,Raj Agarwal,Female,31,Nagpur,Maharashtra,2022-05-22
109213,Raj Iyer,Male,28,Indore,Madhya Pradesh,2024-01-07
109214,Vivaan Joshi,Male,33,Mumbai,Maharashtra,2024-05-12
109215,Vivaan Singh,Male,31,Hyderabad,Telangana,2023-08-08
109216,Aditya Patel,Male,26,Mumbai,Maharashtra,2024-03-29
109217,Meera Nair,Female,27,Pune,Maharashtra,2024-07-31
109218,Meera Joshi,Female,29,Noida,Uttar Pradesh,2023-04-22
109219,Rohan Reddy,Female,21,Mumbai,Maharashtra,2024-12-16
109220,Ananya Nair,Male,38,Indore,Madhya Pradesh,2024-03-11
109221,Vivaan Joshi,Male,32,Chennai,Tamil Nadu,2023-12-05
109222,Aarav Sharma,Female,29,Ahmedabad,Gujarat,2024-02-18
109223,Raj Mehta,Female,22,Delhi,Delhi,2022-01-21
109224,Karan Kumar,Male,22,Delhi,Delhi,2023-09-01
109225,Kavya Sharma,Female,49,Kolkata,West Bengal,2023-07-25
109226,Sneha Nair,Female,26,Gurugram,Haryana,2024-11-20
109227,Riya Joshi,Male,37,Indore,Madhya Pradesh,2023-06-26
109228,Rohan Joshi,Female,33,Lucknow,Uttar Pradesh,2024-06-02
109229,Aditi Reddy,Male,18,Mumbai,Maharashtra,2024-10-19
109230,Vivaan Mishra,Female,48,Mumbai,Maharashtra,2023-04-13
109231,Karan Verma,Male,38,Indore,Madhya Pradesh,2023-03-01
109232,Neha Gupta,Male,25,Delhi,Delhi,2023-01-19
109233,Vikram Nair,Female,32,Jaipur,Rajasthan,2023-01-01
109234,Ananya Verma,Male,22,Chennai,Tamil Nadu,2022-05-25
109235,Karan Agarwal,Female,48,Hyderabad,Telangana,2022-11-30
109236,Karan Malhotra,Male,24,Hyderabad,Telangana,2023-08-04
109237,Pooja Sharma,Male,27,Chandigarh,Chandigarh,2023-11-08
109238,Vivaan Mishra,Male,25,Surat,Gujarat,2023-12-23
109239,Priya Singh,Female,33,Surat,Gujarat,2024-12-30
109240,Arjun Mishra,Female,44,Hyderabad,Telangana,2024-08-10
109241,Raj Sharma,Male,48,Delhi,Delhi,2024-06-15
109242,Vikram Reddy,Female,28,Nagpur,Maharashtra,2022-03-01
109243,Ananya Gupta,Female,35,Mumbai,Maharashtra,2022-01-22
109244,Priya Das,Female,33,Pune,Maharashtra,2024-05-16
109245,Vikram Kumar,Female,23,Bengaluru,Karnataka,2022-11-28
109246,Priya Sharma,Female,54,Pune,Maharashtra,2023-05-05
109247,Rahul Gupta,Male,44,Bengaluru,Karnataka,2023-06-21
109248,Pooja Singh,Male,34,Bhopal,Madhya Pradesh,2023-10-03
109249,Pooja Reddy,Male,46,Coimbatore,Tamil Nadu,2023-07-26
109250,Aman Mishra,Male,43,Hyderabad,Telangana,2022-11-23
109251,Sneha Reddy,Male,33,Delhi,Delhi,2024-05-13
109252,Meera Nair,Female,35,Jaipur,Rajasthan,2023-07-17
109253,Raj Singh,Male,46,Hyderabad,Telangana,2022-03-07
109254,Aman Mehta,Male,23,Nagpur,Maharashtra,2024-09-26
109255,Aarav Mehta,Female,47,Delhi,Delhi,2024-04-24
109256,Sneha Mehta,Male,30,Delhi,Delhi,2022-02-19
109257,Aman Das,Male,46,Lucknow,Uttar Pradesh,2023-10-24
109258,Karan Das,Male,32,Ahmedabad,Gujarat,2023-02-27
109259,Isha Patel,Female,35,Pune,Maharashtra,2022-05-02
109260,Pooja Sharma,Male,32,Bengaluru,Karnataka,2022-06-24
109261,Priya Sharma,Male,27,Bengaluru,Karnataka,2022-09-21
109262,Neha Gupta,Female,30,Bengaluru,Karnataka,2022-04-07
109263,Vikram Verma,Female,44,Mumbai,Maharashtra,2023-04-07
109264,Arjun Verma,Female,18,Surat,Gujarat,2023-05-17
109265,Rohan Mishra,Female,21,Delhi,Delhi,2024-11-13
109266,Isha Verma,Male,25,Hyderabad,Telangana,2022-03-01
109267,Rohan Joshi,Male,22,Ahmedabad,Gujarat,2022-08-29
109268,Ananya Gupta,Male,46,Delhi,Delhi,2023-05-10
109269,Aman Reddy,Male,43,Indore,Madhya Pradesh,2024-10-30
109270,Priya Patel,Male,37,Lucknow,Uttar Pradesh,2024-10-18
109271,Kavya Patel,Male,26,Delhi,Delhi,2022-07-06
109272,Raj Das,Female,44,Indore,Madhya Pradesh,2024-02-09
109273,Meera Patel,Female,18,Pune,Maharashtra,2022-10-22
109274,Arjun Iyer,Male,51,Jaipur,Rajasthan,2023-04-04
109275,Arjun Mehta,Female,26,Indore,Madhya Pradesh,2023-05-23
109276,Karan Verma,Male,30,Indore,Madhya Pradesh,2023-12-30
109277,Kavya Das,Male,28,Hyderabad,Telangana,2024-05-18
109278,Isha Singh,Female,22,Mumbai,Maharashtra,2022-04-20
109279,Rahul Joshi,Male,49,Bengaluru,Karnataka,2023-10-19
109280,Vivaan Agarwal,Male,39,Ahmedabad,Gujarat,2022-06-05
109281,Isha Verma,Male,43,Patna,Bihar,2022-03-20
109282,Arjun Singh,Female,21,Delhi,Delhi,2022-02-04
109283,Vivaan Das,Female,34,Delhi,Delhi,2022-08-28
109284,Priya Gupta,Male,37,Gurugram,Haryana,2024-01-20
109285,Aditya Iyer,Female,34,Hyderabad,Telangana,2023-03-24
109286,Aditya Singh,Female,22,Bengaluru,Karnataka,2023-02-28
109287,Sneha Malhotra,Female,42,Mumbai,Maharashtra,2024-07-25
109288,Aditi Agarwal,Female,33,Bengaluru,Karnataka,2023-07-28
109289,Rahul Agarwal,Male,23,Coimbatore,Tamil Nadu,2023-02-09
109290,Pooja Iyer,Male,18,Coimbatore,Tamil Nadu,2023-10-30
109291,Vivaan Reddy,Female,37,Bengaluru,Karnataka,2024-04-06
109292,Riya Iyer,Female,54,Kochi,Kerala,2024-07-27
109293,Karan Iyer,Female,23,Bengaluru,Karnataka,2022-02-13
109294,Karan Nair,Female,34,Surat,Gujarat,2022-09-22
109295,Ananya Sharma,Female,42,Mumbai,Maharashtra,2024-07-10
109296,Meera Sharma,Female,21,Gurugram,Haryana,2024-10-02
109297,Rahul Kumar,Female,28,Bengaluru,Karnataka,2022-12-06
109298,Aman Mishra,Female,24,Mumbai,Maharashtra,2024-11-13
109299,Rohan Kumar,Female,41,Chandigarh,Chandigarh,2024-08-01
109300,Neha Singh,Male,44,Mumbai,Maharashtra,2022-05-26
109301,Vivaan Mehta,Male,33,Nagpur,Maharashtra,2023-10-15
109302,Priya Gupta,Female,24,Delhi,Delhi,2024-02-20
109303,Raj Joshi,Female,28,Delhi,Delhi,2024-01-20
109304,Aditya Singh,Female,26,Indore,Madhya Pradesh,2024-06-02
109305,Rohan Reddy,Female,23,Chennai,Tamil Nadu,2024-01-24
109306,Karan Kumar,Male,31,Hyderabad,Telangana,2024-08-05
109307,Neha Sharma,Male,37,Delhi,Delhi,2023-08-29
109308,Neha Verma,Female,36,Chennai,Tamil Nadu,2023-12-25
109309,Vikram Malhotra,Male,32,Hyderabad,Telangana,2024-10-10
109310,Riya Patel,Male,33,Pune,Maharashtra,2023-11-29
109311,Kavya Gupta,Male,31,Kolkata,West Bengal,2023-12-04
109312,Rahul Joshi,Male,20,Kolkata,West Bengal,2024-01-30
109313,Ananya Sharma,Female,33,Kochi,Kerala,2024-01-24
109314,Arjun Reddy,Male,27,Jaipur,Rajasthan,2022-02-22
109315,Aditya Mehta,Female,20,Bengaluru,Karnataka,2023-12-03
109316,Riya Joshi,Male,35,Bengaluru,Karnataka,2023-10-26
109317,Aarav Malhotra,Female,26,Pune,Maharashtra,2023-05-07
109318,Rohan Nair,Male,34,Bengaluru,Karnataka,2024-03-03
109319,Ananya Kumar,Female,40,Hyderabad,Telangana,2022-10-02
109320,Vivaan Gupta,Female,23,Gurugram,Haryana,2022-06-19
109321,Arjun Reddy,Male,33,Surat,Gujarat,2024-06-26
109322,Vikram Sharma,Female,18,Kolkata,West Bengal,2022-08-23
109323,Priya Sharma,Female,46,Chennai,Tamil Nadu,2023-09-08
109324,Meera Sharma,Male,20,Hyderabad,Telangana,2024-11-18
109325,Priya Iyer,Male,27,Kolkata,West Bengal,2024-01-17
109326,Meera Verma,Female,44,Noida,Uttar Pradesh,2023-08-10
109327,Vikram Iyer,Female,30,Ahmedabad,Gujarat,2022-06-02
109328,Vivaan Malhotra,Male,21,Delhi,Delhi,2023-04-05
109329,Kavya Verma,Male,38,Ahmedabad,Gujarat,2023-12-08
109330,Aarav Reddy,Female,38,Lucknow,Uttar Pradesh,2022-11-25
109331,Isha Mishra,Female,26,Delhi,Delhi,2023-10-03
109332,Meera Reddy,Female,27,Mumbai,Maharashtra,2022-09-26
109333,Priya Patel,Male,28,Noida,Uttar Pradesh,2024-01-22
109334,Pooja Mehta,Female,30,Chennai,Tamil Nadu,2022-10-21
109335,Neha Mishra,Male,18,Gurugram,Haryana,2022-05-07
109336,Vikram Reddy,Male,30,Mumbai,Maharashtra,2024-07-17
109337,Isha Malhotra,Female,48,Delhi,Delhi,2024-12-20
109338,Aman Kumar,Female,24,Mumbai,Maharashtra,2024-10-22
109339,Neha Agarwal,Male,27,Pune,Maharashtra,2022-12-02
109340,Rahul Agarwal,Male,21,Chennai,Tamil Nadu,2022-06-02
109341,Kavya Mishra,Female,38,Surat,Gujarat,2024-03-18
109342,Aditi Singh,Female,43,Lucknow,Uttar Pradesh,2023-10-04
109343,Rahul Patel,Female,43,Nagpur,Maharashtra,2022-07-17
109344,Rohan Mehta,Female,21,Delhi,Delhi,2022-05-18
109345,Aman Mishra,Male,36,Delhi,Delhi,2023-01-14
109346,Rohan Kumar,Other,45,Delhi,Delhi,2022-07-09
109347,Aarav Mehta,Female,37,Chennai,Tamil Nadu,2023-09-06
109348,Raj Gupta,Female,36,Bengaluru,Karnataka,2024-02-06
109349,Vivaan Agarwal,Female,28,Jaipur,Rajasthan,2024-10-03
109350,Sneha Nair,Female,34,Mumbai,Maharashtra,2023-08-28
109351,Kavya Das,Male,43,Delhi,Delhi,2023-08-29
109352,Vikram Mehta,Male,35,Pune,Maharashtra,2023-10-17
109353,Rahul Das,Female,21,Hyderabad,Telangana,2022-11-02
109354,Aditi Singh,Male,28,Gurugram,Haryana,2022-05-03
109355,Priya Mehta,Male,43,Gurugram,Haryana,2023-02-23
109356,Sneha Agarwal,Female,35,Delhi,Delhi,2022-03-24
109357,Neha Agarwal,Female,33,Gurugram,Haryana,2022-10-05
109358,Priya Agarwal,Male,27,Chennai,Tamil Nadu,2024-08-27
109359,Aditi Kumar,Female,43,Pune,Maharashtra,2024-02-29
109360,Ananya Reddy,Female,47,Delhi,Delhi,2023-06-21
109361,Priya Gupta,Female,43,Ahmedabad,Gujarat,2024-08-06
109362,Riya Singh,Female,45,Delhi,Delhi,2023-02-19
109363,Vikram Singh,Male,29,Bengaluru,Karnataka,2022-02-22
109364,Karan Malhotra,Male,27,Delhi,Delhi,2024-11-16
109365,Karan Das,Male,31,Chennai,Tamil Nadu,2022-10-17
109366,Pooja Kumar,Female,32,Jaipur,Rajasthan,2023-09-07
109367,Neha Joshi,Female,45,Indore,Madhya Pradesh,2022-04-27
109368,Sneha Kumar,Female,42,,,2023-01-22
109369,Raj Singh,Female,37,Kochi,Kerala,2024-01-13
109370,Priya Gupta,Female,19,Ahmedabad,Gujarat,2023-05-11
109371,Isha Verma,Female,18,Bengaluru,Karnataka,2022-12-19
109372,Kavya Reddy,Male,34,Chennai,Tamil Nadu,2022-07-07
109373,Neha Patel,Male,40,Pune,Maharashtra,2022-12-12
109374,Pooja Mehta,Female,31,Chennai,Tamil Nadu,2023-08-06
109375,Vivaan Singh,Male,49,Chennai,Tamil Nadu,2023-08-09
109376,Karan Kumar,Male,22,Lucknow,Uttar Pradesh,2022-01-20
109377,Kavya Mishra,Female,21,Delhi,Delhi,2022-12-21
109378,Rohan Reddy,Male,26,Ahmedabad,Gujarat,2023-02-15
109379,Priya Mishra,Female,26,Mumbai,Maharashtra,2024-06-12
109380,Riya Mehta,Male,37,Delhi,Delhi,2023-04-24
109381,Rohan Agarwal,Male,28,Pune,Maharashtra,2023-08-17
109382,Aarav Nair,Male,18,Chennai,Tamil Nadu,2022-02-15
109383,Karan Mehta,Female,40,Delhi,Delhi,2023-05-29
109384,Meera Reddy,Male,18,Pune,Maharashtra,2022-07-04
109385,Rohan Patel,Female,22,Chennai,Tamil Nadu,2022-12-27
109386,Meera Iyer,Female,18,Delhi,Delhi,2022-07-01
109387,Rahul Reddy,Female,34,Lucknow,Uttar Pradesh,2022-03-21
109388,Priya Malhotra,Male,34,Mumbai,Maharashtra,2024-01-11
109389,Karan Gupta,Male,49,Noida,Uttar Pradesh,2022-12-04
109390,Sneha Kumar,Female,40,Bengaluru,Karnataka,2023-12-26
109391,Neha Singh,Female,45,Pune,Maharashtra,2024-09-06
109392,Rahul Iyer,Other,35,Indore,Madhya Pradesh,2023-10-12
109393,Isha Kumar,Male,23,Noida,Uttar Pradesh,2022-05-06
109394,Pooja Mishra,Female,33,Noida,Uttar Pradesh,2022-02-25
109395,Pooja Joshi,Male,37,Mumbai,Maharashtra,2023-08-02
109396,Vivaan Reddy,Male,38,Delhi,Delhi,2024-09-06
109397,Arjun Iyer,Male,28,Kolkata,West Bengal,2023-06-02
109398,Aditya Verma,Male,36,Hyderabad,Telangana,2022-07-01
109399,Aarav Sharma,Male,24,Bhopal,Madhya Pradesh,2022-10-07
109400,Vivaan Kumar,Male,23,Bengaluru,Karnataka,2023-04-30
109401,Aditya Kumar,Female,22,Hyderabad,Telangana,2022-11-12
109402,Aditi Singh,Male,32,Chennai,Tamil Nadu,2023-10-28
109403,Rahul Singh,Female,21,Noida,Uttar Pradesh,2023-09-12
109404,Raj Das,Male,28,Bengaluru,Karnataka,2024-04-12
109405,Aditya Kumar,Male,40,Chandigarh,Chandigarh,2022-01-17
109406,Pooja Mishra,Male,23,Chennai,Tamil Nadu,2022-06-26
109407,Ananya Malhotra,Male,27,Gurugram,Haryana,2022-06-28
109408,Neha Agarwal,Female,33,Chennai,Tamil Nadu,2022-08-22
109409,Ananya Nair,Male,34,Ahmedabad,Gujarat,2023-02-22
109410,Rohan Patel,Female,28,Delhi,Delhi,2023-09-12
109411,Raj Verma,Male,39,Noida,Uttar Pradesh,2023-04-23
109412,Kavya Gupta,Female,37,Chennai,Tamil Nadu,2023-06-21
109413,Rahul Gupta,Female,42,Hyderabad,Telangana,2024-10-25
109414,Sneha Verma,Male,31,Delhi,Delhi,2024-01-22
109415,Kavya Mishra,Male,27,Ahmedabad,Gujarat,2024-08-26
109416,Pooja Mehta,Male,26,Mumbai,Maharashtra,2022-05-21
109417,Rohan Joshi,Female,35,Mumbai,Maharashtra,2023-02-18
109418,Kavya Reddy,Male,29,Delhi,Delhi,2023-03-15
109419,Isha Nair,Female,27,Delhi,Delhi,2024-06-04
109420,Aman Nair,Female,28,Jaipur,Rajasthan,2022-12-27
109421,Vikram Verma,Female,26,Bengaluru,Karnataka,2024-08-03
109422,Rahul Mishra,Female,34,Mumbai,Maharashtra,2024-05-25
109423,Neha Verma,Female,19,Bengaluru,Karnataka,2024-05-01
109424,Vivaan Gupta,Male,35,Pune,Maharashtra,2022-06-28
109425,Priya Agarwal,Female,38,Pune,Maharashtra,2023-01-16
109426,Priya Agarwal,Female,27,Hyderabad,Telangana,2024-10-07
109427,Rohan Iyer,Male,49,Pune,Maharashtra,2023-05-05
109428,Aarav Malhotra,Female,32,Hyderabad,Telangana,2023-08-18
109429,Aditi Mishra,Male,18,Gurugram,Haryana,2022-09-21
109430,Neha Malhotra,Female,29,Delhi,Delhi,2022-08-26
109431,Meera Gupta,Female,33,Surat,Gujarat,2022-08-27
109432,Neha Mishra,Male,36,Mumbai,Maharashtra,2022-11-05
109433,Aarav Agarwal,Female,30,Lucknow,Uttar Pradesh,2022-02-23
109434,Meera Kumar,Male,23,Hyderabad,Telangana,2022-12-05
109435,Ananya Verma,Male,22,Bengaluru,Karnataka,2022-06-26
109436,Aditi Verma,Male,26,Kolkata,West Bengal,2023-02-22
109437,Rohan Gupta,Female,27,Ahmedabad,Gujarat,2024-10-26
109438,Pooja Patel,Male,22,Hyderabad,Telangana,2022-06-21
109439,Priya Mishra,Male,25,Pune,Maharashtra,2023-04-04
109440,Rahul Verma,Female,38,Delhi,Delhi,2022-03-22
109441,Karan Reddy,Male,47,Patna,Bihar,2022-07-08
109442,Ananya Patel,Male,39,Surat,Gujarat,2023-08-17
109443,Aditya Kumar,Male,44,Hyderabad,Telangana,2023-09-18
109444,Pooja Iyer,Male,41,Ahmedabad,Gujarat,2022-03-12
109445,Isha Sharma,Male,39,Bengaluru,Karnataka,2022-11-30
109446,Pooja Mishra,Male,29,Lucknow,Uttar Pradesh,2024-12-12
109447,Meera Mehta,Female,33,Pune,Maharashtra,2022-04-14
109448,Rohan Kumar,Female,28,Pune,Maharashtra,2024-12-17
109449,Aman Singh,Male,30,Delhi,Delhi,2022-05-24
109450,Riya Patel,Male,33,Coimbatore,Tamil Nadu,2024-02-17
109451,Riya Mishra,Male,38,Gurugram,Haryana,2024-04-24
109452,Aarav Agarwal,Female,36,Noida,Uttar Pradesh,2023-09-11
109453,Ananya Mishra,Male,31,Bengaluru,Karnataka,2024-01-09
109454,Rohan Sharma,Male,32,Bengaluru,Karnataka,2022-11-20
109455,Vikram Nair,Female,36,Chennai,Tamil Nadu,2023-01-21
109456,Raj Patel,Male,38,Surat,Gujarat,2022-08-28
109457,Neha Mehta,Male,18,Chandigarh,Chandigarh,2022-08-09
109458,Ananya Sharma,Female,22,Bengaluru,Karnataka,2022-03-15
109459,Aman Nair,Female,42,Kolkata,West Bengal,2024-11-16
109460,Neha Reddy,Male,31,Lucknow,Uttar Pradesh,2022-11-12
109461,Aditya Kumar,Female,28,Mumbai,Maharashtra,2022-05-24
109462,Kavya Sharma,Male,30,Hyderabad,Telangana,2023-03-21
109463,Rahul Das,Female,30,Mumbai,Maharashtra,2023-01-29
109464,Pooja Sharma,Male,37,Lucknow,Uttar Pradesh,2023-10-20
109465,Meera Sharma,Female,22,Surat,Gujarat,2024-03-14
109466,Raj Mehta,Female,32,Indore,Madhya Pradesh,2023-02-28
109467,Karan Mishra,Female,34,Jaipur,Rajasthan,2022-07-12
109468,Isha Mehta,Female,36,Bengaluru,Karnataka,2024-06-24
109469,Priya Sharma,Female,34,Jaipur,Rajasthan,2022-11-07
109470,Aman Nair,Male,37,Surat,Gujarat,2023-04-24
109471,Priya Kumar,Male,27,Kolkata,West Bengal,2024-06-01
109472,Aditi Iyer,Female,24,Hyderabad,Telangana,2024-03-27
109473,Riya Das,Female,54,Patna,Bihar,2024-09-28
109474,Sneha Mehta,Male,29,Gurugram,Haryana,2022-04-21
109475,Ananya Gupta,Female,30,Indore,Madhya Pradesh,2023-09-08
109476,Aditi Nair,Female,38,Bhopal,Madhya Pradesh,2022-05-22
109477,Aman Joshi,Female,46,Hyderabad,Telangana,2024-09-18
109478,Karan Agarwal,Female,27,Surat,Gujarat,2022-06-24
109479,Raj Patel,Male,23,Chennai,Tamil Nadu,2022-01-24
109480,Aditya Mishra,Male,21,Delhi,Delhi,2023-03-22
109481,Neha Mishra,Male,46,Kolkata,West Bengal,2022-07-08
109482,Aditya Iyer,Male,23,Pune,Maharashtra,2022-08-24
109483,Ananya Das,Female,32,Bengaluru,Karnataka,2024-11-02
109484,Riya Mishra,Female,23,Coimbatore,Tamil Nadu,2024-09-08
109485,Arjun Sharma,Female,19,Delhi,Delhi,2023-08-19
109486,Rahul Iyer,Female,29,Chandigarh,Chandigarh,2022-03-15
109487,Arjun Singh,Male,24,Mumbai,Maharashtra,2023-10-20
109488,Aditya Gupta,Male,26,Hyderabad,Telangana,2022-03-03
109489,Aditi Verma,Male,50,Hyderabad,Telangana,2022-08-18
109490,Rahul Malhotra,Male,36,Ahmedabad,Gujarat,2023-05-05
109491,Vikram Iyer,Female,40,Mumbai,Maharashtra,2023-02-26
109492,Aditya Das,Male,39,Nagpur,Maharashtra,2022-11-22
109493,Aditya Sharma,Male,31,Ahmedabad,Gujarat,2022-02-16
109494,Aarav Nair,Male,28,Noida,Uttar Pradesh,2023-05-25
109495,Ananya Das,Female,34,Delhi,Delhi,2023-07-12
109496,Pooja Verma,Male,34,Pune,Maharashtra,2023-06-24
109497,Rahul Malhotra,Female,27,Chandigarh,Chandigarh,2024-01-24
109498,Neha Reddy,Male,33,Bengaluru,Karnataka,2024-05-30
109499,Ananya Iyer,Female,26,Mumbai,Maharashtra,2022-02-26
109500,Arjun Malhotra,Male,30,Pune,Maharashtra,2024-10-06
109501,Arjun Sharma,Female,29,Patna,Bihar,2022-06-06
109502,Rahul Singh,Female,21,Pune,Maharashtra,2023-06-09
109503,Aditya Gupta,Female,18,Hyderabad,Telangana,2024-11-29
109504,Aditya Nair,Female,24,Jaipur,Rajasthan,2024-08-30
109505,Aditya Sharma,Male,48,Chandigarh,Chandigarh,2024-03-11
109506,Sneha Iyer,Male,29,Delhi,Delhi,2023-12-08
109507,Vikram Singh,Male,39,Mumbai,Maharashtra,2022-04-29
109508,Vivaan Nair,Female,18,Mumbai,Maharashtra,2024-10-12
109509,Aditya Mehta,Male,23,Delhi,Delhi,2024-07-18
109510,Ananya Reddy,Male,20,Bengaluru,Karnataka,2023-12-12
109511,Riya Singh,Female,30,Mumbai,Maharashtra,2022-11-11
109512,Isha Das,Female,54,Chennai,Tamil Nadu,2024-01-04
109513,Karan Nair,Male,36,Bengaluru,Karnataka,2024-07-29
109514,Isha Malhotra,Female,47,Hyderabad,Telangana,2022-11-08
109515,Rohan Agarwal,Female,30,Chandigarh,Chandigarh,2023-04-09
109516,Raj Nair,Male,44,Mumbai,Maharashtra,2022-06-04
109517,Meera Das,Male,51,Hyderabad,Telangana,2024-02-12
109518,Vivaan Agarwal,Female,31,Bengaluru,Karnataka,2023-03-04
109519,Rohan Joshi,Female,27,Chennai,Tamil Nadu,2022-08-29
109520,Aarav Verma,Male,20,Ahmedabad,Gujarat,2024-03-18
109521,Rohan Singh,Male,29,Gurugram,Haryana,2022-02-23
109522,Aman Gupta,Female,33,Pune,Maharashtra,2023-02-06
109523,Kavya Malhotra,Female,50,Surat,Gujarat,2024-10-15
109524,Karan Nair,Female,20,Noida,Uttar Pradesh,2024-10-28
109525,Arjun Nair,Male,33,Mumbai,Maharashtra,2022-06-07
109526,Aditya Singh,Male,18,Mumbai,Maharashtra,2022-07-10
109527,Rohan Das,Female,28,Jaipur,Rajasthan,2022-04-23
109528,Ananya Iyer,Male,35,Coimbatore,Tamil Nadu,2023-10-09
109529,Vikram Gupta,Other,37,Hyderabad,Telangana,2024-06-19
109530,Priya Reddy,Female,37,Mumbai,Maharashtra,2022-03-05
109531,Meera Patel,Male,36,Surat,Gujarat,2023-01-20
109532,Pooja Mehta,Female,37,Mumbai,Maharashtra,2024-02-16
109533,Riya Reddy,Male,32,Lucknow,Uttar Pradesh,2023-02-26
109534,Raj Singh,Female,23,Delhi,Delhi,2022-05-04
109535,Sneha Patel,Male,18,Delhi,Delhi,2024-05-19
109536,Aditi Nair,Male,27,Hyderabad,Telangana,2024-03-28
109537,Vikram Joshi,Female,31,Jaipur,Rajasthan,2024-08-03
109538,Aarav Reddy,Female,43,Mumbai,Maharashtra,2022-02-16
109539,Aman Patel,Male,31,Ahmedabad,Gujarat,2022-01-28
109540,Rohan Verma,Female,30,Delhi,Delhi,2023-12-09
109541,Vivaan Verma,Male,35,Chennai,Tamil Nadu,2023-07-30
109542,Isha Kumar,Male,30,Bengaluru,Karnataka,2024-04-04
109543,Vivaan Malhotra,Male,39,Ahmedabad,Gujarat,2024-03-23
109544,Sneha Verma,Male,50,Noida,Uttar Pradesh,2024-03-24
109545,Neha Sharma,Male,52,Delhi,Delhi,2023-05-18
109546,Aditya Kumar,Male,33,Mumbai,Maharashtra,2022-10-08
109547,Meera Iyer,Male,35,Indore,Madhya Pradesh,2023-05-23
109548,Aditi Nair,Male,46,Hyderabad,Telangana,2023-03-23
109549,Pooja Reddy,Male,31,Pune,Maharashtra,2024-08-02
109550,Aditya Malhotra,Female,38,Mumbai,Maharashtra,2022-05-02
109551,Aman Nair,Male,22,Nagpur,Maharashtra,2022-03-01
109552,Ananya Agarwal,Female,29,Patna,Bihar,2024-10-06
109553,Aditi Nair,Female,42,Delhi,Delhi,2022-08-10
109554,Isha Kumar,Female,26,Chennai,Tamil Nadu,2023-10-14
109555,Isha Patel,Female,31,Indore,Madhya Pradesh,2024-12-06
109556,Isha Kumar,Female,18,Hyderabad,Telangana,2022-01-19
109557,Kavya Nair,Male,50,Hyderabad,Telangana,2022-02-24
109558,Karan Singh,Female,43,Hyderabad,Telangana,2024-10-11
109559,Meera Gupta,Female,34,Delhi,Delhi,2022-05-15
109560,Vivaan Nair,Female,37,Noida,Uttar Pradesh,2023-07-16
109561,Aditi Mehta,Female,36,Pune,Maharashtra,2022-04-10
109562,Neha Mishra,Male,44,Chennai,Tamil Nadu,2024-05-11
109563,Neha Kumar,Female,27,Bengaluru,Karnataka,2023-02-10
109564,Priya Agarwal,Female,39,Noida,Uttar Pradesh,2023-05-27
109565,Neha Agarwal,Male,42,Noida,Uttar Pradesh,2023-01-09
109566,Rahul Gupta,Male,43,Chennai,Tamil Nadu,2023-03-19
109567,Priya Mehta,Female,18,Bhopal,Madhya Pradesh,2023-09-03
109568,Aarav Das,Female,27,Delhi,Delhi,2023-03-18
109569,Rahul Iyer,Female,23,Noida,Uttar Pradesh,2022-03-04
109570,Ananya Mehta,Female,33,Chennai,Tamil Nadu,2024-04-11
109571,Rahul Mehta,Male,18,Mumbai,Maharashtra,2023-11-23
109572,Aditi Sharma,Male,18,Mumbai,Maharashtra,2024-12-30
109573,Sneha Iyer,Male,52,Bengaluru,Karnataka,2024-10-02
109574,Rohan Gupta,Male,38,Surat,Gujarat,2023-08-24
109575,Meera Gupta,Male,33,Noida,Uttar Pradesh,2023-08-08
109576,Karan Verma,Male,35,Jaipur,Rajasthan,2024-12-13
109577,Aarav Mehta,Female,33,Delhi,Delhi,2023-01-30
109578,Isha Gupta,Female,41,Kochi,Kerala,2022-12-17
109579,Aman Kumar,Male,26,Bengaluru,Karnataka,2023-05-14
109580,Karan Sharma,Male,34,Kolkata,West Bengal,2024-08-16
109581,Isha Mehta,Male,34,Noida,Uttar Pradesh,2023-11-18
109582,Rohan Patel,Female,23,Mumbai,Maharashtra,2022-01-11
109583,Kavya Patel,Male,43,Jaipur,Rajasthan,2024-10-06
109584,Vikram Singh,Male,28,Delhi,Delhi,2023-01-17
109585,Isha Malhotra,Female,41,Delhi,Delhi,2022-10-19
109586,Isha Mehta,Female,33,Lucknow,Uttar Pradesh,2024-12-10
109587,Sneha Das,Male,47,Mumbai,Maharashtra,2023-10-28
109588,Rohan Agarwal,Male,23,Hyderabad,Telangana,2022-10-17
109589,Vivaan Kumar,Male,22,Mumbai,Maharashtra,2024-02-05
109590,Arjun Verma,Female,24,Hyderabad,Telangana,2023-11-23
109591,Ananya Nair,Female,33,Delhi,Delhi,2023-07-16
109592,Isha Malhotra,Male,46,Ahmedabad,Gujarat,2023-12-31
109593,Raj Gupta,Female,46,Delhi,Delhi,2023-10-10
109594,Vikram Joshi,Male,18,Gurugram,Haryana,2022-08-19
109595,Isha Iyer,Male,34,Jaipur,Rajasthan,2023-03-10
109596,Karan Mehta,Male,18,Hyderabad,Telangana,2022-08-23
109597,Isha Sharma,Female,39,Surat,Gujarat,2024-05-11
109598,Raj Reddy,Male,42,Mumbai,Maharashtra,2022-02-19
109599,Rohan Kumar,Male,32,Bengaluru,Karnataka,2023-03-16
109600,Raj Reddy,Male,33,Mumbai,Maharashtra,2023-09-29
109601,Pooja Mehta,Male,33,Hyderabad,Telangana,2024-11-29
109602,Pooja Verma,Female,25,Nagpur,Maharashtra,2022-12-05
109603,Pooja Gupta,Male,36,Mumbai,Maharashtra,2023-04-27
109604,Riya Patel,Male,30,Gurugram,Haryana,2024-05-27
109605,Ananya Nair,Female,40,Jaipur,Rajasthan,2024-10-12
109606,Aditi Iyer,Female,31,Delhi,Delhi,2023-02-27
109607,Rahul Kumar,Female,24,Chandigarh,Chandigarh,2024-09-28
109608,Meera Agarwal,Female,18,Coimbatore,Tamil Nadu,2023-02-05
109609,Aditya Sharma,Male,18,Patna,Bihar,2024-03-22
109610,Neha Kumar,Female,44,Pune,Maharashtra,2023-01-30
109611,Sneha Singh,Female,28,Mumbai,Maharashtra,2022-10-25
109612,Karan Kumar,Male,35,Hyderabad,Telangana,2023-05-08
109613,Vikram Mishra,Female,48,Kolkata,West Bengal,2024-12-25
109614,Ananya Reddy,Male,27,Hyderabad,Telangana,2022-02-04
109615,Isha Iyer,Other,26,Lucknow,Uttar Pradesh,2022-03-08
109616,Aman Joshi,Female,31,Noida,Uttar Pradesh,2023-06-13
109617,Ananya Malhotra,Female,32,Mumbai,Maharashtra,2023-04-28
109618,Ananya Nair,Female,49,Hyderabad,Telangana,2024-04-22
109619,Karan Mishra,Female,46,Kochi,Kerala,2023-06-07
109620,Rahul Kumar,Male,38,Mumbai,Maharashtra,2024-06-18
109621,Meera Mishra,Male,45,Bengaluru,Karnataka,2024-01-16
109622,Vikram Nair,Male,30,Delhi,Delhi,2024-11-28
109623,Meera Malhotra,Male,35,Bengaluru,Karnataka,2023-09-30
109624,Vikram Das,Female,29,Hyderabad,Telangana,2024-04-26
109625,Vikram Agarwal,Male,20,Delhi,Delhi,2024-05-12
109626,Meera Agarwal,Male,43,Delhi,Delhi,2023-07-15
109627,Aarav Kumar,Female,37,Chennai,Tamil Nadu,2024-11-25
109628,Riya Mishra,Female,32,Bengaluru,Karnataka,2024-06-01
109629,Arjun Mehta,Male,32,Delhi,Delhi,2024-09-09
109630,Rahul Malhotra,Male,18,Surat,Gujarat,2023-06-29
109631,Ananya Verma,Male,23,Chennai,Tamil Nadu,2022-07-21
109632,Riya Agarwal,Female,35,Mumbai,Maharashtra,2024-03-15
109633,Neha Malhotra,Male,27,Surat,Gujarat,2023-04-18
109634,Aman Verma,Female,30,Bengaluru,Karnataka,2024-10-02
109635,Neha Mehta,Male,31,Mumbai,Maharashtra,2022-06-30
109636,Karan Iyer,Male,26,Indore,Madhya Pradesh,2022-09-24
109637,Aman Nair,Female,23,Mumbai,Maharashtra,2022-03-21
109638,Rahul Kumar,Male,18,Indore,Madhya Pradesh,2024-03-30
109639,Vivaan Agarwal,Male,31,Noida,Uttar Pradesh,2023-04-12
109640,Vikram Singh,Male,38,Bengaluru,Karnataka,2022-08-05
109641,Aarav Kumar,Male,18,Delhi,Delhi,2024-07-25
109642,Aditi Das,Female,32,Delhi,Delhi,2023-11-13
109643,Pooja Agarwal,Male,35,Delhi,Delhi,2023-12-08
109644,Kavya Gupta,Male,23,Indore,Madhya Pradesh,2022-12-12
109645,Aman Kumar,Male,45,Hyderabad,Telangana,2024-06-24
109646,Isha Kumar,Female,29,Delhi,Delhi,2024-09-11
109647,Pooja Mishra,Female,31,Chennai,Tamil Nadu,2024-03-29
109648,Kavya Singh,Female,31,Mumbai,Maharashtra,2022-03-18
109649,Karan Mishra,Female,18,Mumbai,Maharashtra,2022-09-07
109650,Pooja Malhotra,Male,41,Mumbai,Maharashtra,2023-06-17
109651,Arjun Patel,Male,23,Ahmedabad,Gujarat,2024-01-04
109652,Vivaan Nair,Male,30,Delhi,Delhi,2024-11-17
109653,Karan Joshi,Male,37,Hyderabad,Telangana,2023-09-11
109654,Riya Patel,Male,45,Delhi,Delhi,2022-01-10
109655,Vikram Iyer,Female,22,Chennai,Tamil Nadu,2024-11-16
109656,Priya Mehta,Female,28,Bengaluru,Karnataka,2022-07-31
109657,Aarav Patel,Female,44,Delhi,Delhi,2022-08-16
109658,Aman Singh,Male,36,Pune,Maharashtra,2023-07-06
109659,Rahul Patel,Female,38,Chennai,Tamil Nadu,2023-06-03
109660,Aarav Sharma,Female,23,Mumbai,Maharashtra,2022-06-12
109661,Sneha Verma,Female,29,Ahmedabad,Gujarat,2024-01-28
109662,Aditi Agarwal,Male,30,Hyderabad,Telangana,2024-06-18
109663,Rahul Agarwal,Male,24,Ahmedabad,Gujarat,2023-01-01
109664,Priya Joshi,Male,18,Chennai,Tamil Nadu,2022-08-19
109665,Rohan Malhotra,Male,27,Surat,Gujarat,2023-10-01
109666,Neha Iyer,Female,44,Chennai,Tamil Nadu,2023-03-15
109667,Ananya Verma,Male,33,Mumbai,Maharashtra,2024-02-16
109668,Aman Agarwal,Male,44,Gurugram,Haryana,2022-05-21
109669,Aman Singh,Female,34,Noida,Uttar Pradesh,2022-05-29
109670,Pooja Agarwal,Female,25,Coimbatore,Tamil Nadu,2024-04-28
109671,Raj Gupta,Male,43,Delhi,Delhi,2024-02-20
109672,Meera Gupta,Female,34,Chennai,Tamil Nadu,2022-08-31
109673,Ananya Sharma,Male,41,Pune,Maharashtra,2022-07-28
109674,Arjun Sharma,Male,22,Jaipur,Rajasthan,2023-09-21
109675,Ananya Joshi,Male,41,Coimbatore,Tamil Nadu,2024-03-02
109676,Isha Kumar,Female,42,Chennai,Tamil Nadu,2022-03-05
109677,Rahul Kumar,Female,35,Jaipur,Rajasthan,2023-02-11
109678,Priya Joshi,Male,25,Bengaluru,Karnataka,2024-02-08
109679,Aarav Reddy,Female,32,Bengaluru,Karnataka,2022-06-05
109680,Sneha Reddy,Male,38,Bengaluru,Karnataka,2022-07-02
109681,Ananya Mehta,Female,34,Delhi,Delhi,2024-11-23
109682,Rohan Kumar,Male,37,Bengaluru,Karnataka,2022-12-07
109683,Pooja Das,Male,41,Mumbai,Maharashtra,2024-03-29
109684,Vivaan Reddy,Female,26,Pune,Maharashtra,2022-02-15
109685,Raj Kumar,Female,22,Pune,Maharashtra,2023-11-13
109686,Meera Iyer,Male,32,Ahmedabad,Gujarat,2023-12-01
109687,Meera Sharma,Male,29,Pune,Maharashtra,2023-11-27
109688,Riya Sharma,Male,39,Pune,Maharashtra,2023-07-07
109689,Rahul Agarwal,Male,22,Mumbai,Maharashtra,2024-02-16
109690,Aditya Mishra,Female,41,Surat,Gujarat,2023-12-20
109691,Aditya Gupta,Female,44,Delhi,Delhi,2023-06-13
109692,Rahul Verma,Male,32,Coimbatore,Tamil Nadu,2022-12-26
109693,Riya Gupta,Male,33,Pune,Maharashtra,2024-03-26
109694,Vikram Verma,Female,25,Mumbai,Maharashtra,2024-10-22
109695,Aditi Kumar,Male,27,Bengaluru,Karnataka,2023-05-21
109696,Ananya Verma,Female,28,Delhi,Delhi,2024-02-17
109697,Sneha Kumar,Male,45,Mumbai,Maharashtra,2024-11-03
109698,Aditya Agarwal,Female,31,Bengaluru,Karnataka,2023-06-08
109699,Priya Joshi,Female,20,Chennai,Tamil Nadu,2023-04-20
109700,Vivaan Joshi,Female,34,Delhi,Delhi,2024-10-20
109701,Sneha Reddy,Female,39,Jaipur,Rajasthan,2024-07-14
109702,Priya Nair,Male,32,Surat,Gujarat,2022-07-03
109703,Rahul Joshi,Female,45,Chennai,Tamil Nadu,2023-07-01
109704,Aditya Das,Female,39,Bengaluru,Karnataka,2022-02-25
109705,Karan Agarwal,Male,23,Delhi,Delhi,2023-02-11
109706,Rohan Verma,Male,27,Delhi,Delhi,2023-08-18
109707,Aman Singh,Male,34,Ahmedabad,Gujarat,2023-07-13
109708,Vikram Sharma,Male,18,Kolkata,West Bengal,2023-10-07
109709,Kavya Sharma,Male,35,Pune,Maharashtra,2023-07-30
109710,Vivaan Reddy,Female,18,Delhi,Delhi,2023-11-24
109711,Vikram Agarwal,Male,41,Mumbai,Maharashtra,2023-12-27
109712,Vivaan Sharma,Female,40,Gurugram,Haryana,2024-04-20
109713,Vikram Iyer,Male,37,Pune,Maharashtra,2024-05-18
109714,Vikram Gupta,Male,26,Kochi,Kerala,2022-02-28
109715,Rahul Joshi,Male,34,Nagpur,Maharashtra,2022-01-19
109716,Ananya Kumar,Female,27,Noida,Uttar Pradesh,2023-04-18
109717,Priya Iyer,Male,23,Bengaluru,Karnataka,2022-01-15
109718,Priya Sharma,Male,29,Mumbai,Maharashtra,2022-06-26
109719,Riya Iyer,Male,38,Bengaluru,Karnataka,2022-07-09
109720,Raj Agarwal,Female,32,Nagpur,Maharashtra,2024-04-27
109721,Aarav Reddy,Female,45,Bengaluru,Karnataka,2022-10-09
109722,Sneha Joshi,Male,39,Lucknow,Uttar Pradesh,2022-11-08
109723,Aditya Sharma,Female,38,Kochi,Kerala,2024-10-13
109724,Karan Malhotra,Female,18,Gurugram,Haryana,2022-11-03
109725,Vivaan Singh,Male,29,Kolkata,West Bengal,2023-03-28
109726,Vikram Malhotra,Female,22,Mumbai,Maharashtra,2024-12-06
109727,Isha Sharma,Female,30,Mumbai,Maharashtra,2024-02-10
109728,Aditi Nair,Male,26,Pune,Maharashtra,2024-08-23
109729,Aditya Malhotra,Male,29,Kochi,Kerala,2023-07-01
109730,Aditi Joshi,Male,42,Bhopal,Madhya Pradesh,2022-09-15
109731,Rohan Mehta,Male,36,Mumbai,Maharashtra,2022-07-22
109732,Karan Gupta,Female,41,Bengaluru,Karnataka,2024-06-30
109733,Kavya Sharma,Male,18,Chennai,Tamil Nadu,2023-03-02
109734,Pooja Patel,Female,33,Pune,Maharashtra,2024-03-10
109735,Aman Joshi,Female,41,Delhi,Delhi,2024-12-22
109736,Aditi Joshi,Female,46,Hyderabad,Telangana,2023-04-20
109737,Priya Gupta,Female,18,Kochi,Kerala,2024-12-31
109738,Karan Iyer,Male,29,Kochi,Kerala,2024-01-23
109739,Pooja Patel,Male,41,Chennai,Tamil Nadu,2022-04-24
109740,Ananya Singh,Female,30,Kolkata,West Bengal,2023-10-28
109741,Ananya Mishra,Male,24,Mumbai,Maharashtra,2024-07-12
109742,Aman Mehta,Male,18,Ahmedabad,Gujarat,2022-02-13
109743,Arjun Reddy,Female,23,Delhi,Delhi,2023-02-01
109744,Raj Agarwal,Female,18,Mumbai,Maharashtra,2023-06-14
109745,Aarav Agarwal,Male,33,Delhi,Delhi,2022-03-02
109746,Pooja Reddy,Female,40,Hyderabad,Telangana,2022-06-24
109747,Riya Iyer,Female,21,Surat,Gujarat,2024-04-12
109748,Priya Singh,Male,34,Coimbatore,Tamil Nadu,2024-01-09
109749,Rohan Verma,Male,40,Jaipur,Rajasthan,2022-03-09
109750,Vivaan Mehta,Female,32,Ahmedabad,Gujarat,2022-08-21
109751,Arjun Nair,Male,18,Bengaluru,Karnataka,2022-05-23
109752,Karan Singh,Male,35,Pune,Maharashtra,2023-01-23
109753,Meera Nair,Female,32,Ahmedabad,Gujarat,2024-04-23
109754,Raj Das,Female,31,Pune,Maharashtra,2023-06-16
109755,Karan Mishra,Male,27,Delhi,Delhi,2022-02-09
109756,Meera Das,Male,33,Ahmedabad,Gujarat,2023-05-08
109757,Raj Kumar,Male,37,Mumbai,Maharashtra,2023-07-18
109758,Neha Sharma,Other,54,Delhi,Delhi,2024-12-16
109759,Vikram Malhotra,Male,33,Pune,Maharashtra,2023-05-31
109760,Aman Singh,Female,46,Delhi,Delhi,2023-07-12
109761,Riya Sharma,Female,35,Kolkata,West Bengal,2023-01-22
109762,Raj Sharma,Male,31,Kolkata,West Bengal,2024-08-28
109763,Karan Das,Female,33,Bengaluru,Karnataka,2024-08-07
109764,Rohan Das,Female,21,Kochi,Kerala,2022-03-11
109765,Ananya Singh,Female,35,Gurugram,Haryana,2022-02-01
109766,Isha Nair,Male,18,Delhi,Delhi,2024-05-10
109767,Priya Nair,Female,24,Ahmedabad,Gujarat,2022-12-20
109768,Ananya Agarwal,Female,33,Bengaluru,Karnataka,2024-09-24
109769,Priya Malhotra,Other,43,Ahmedabad,Gujarat,2023-11-09
109770,Rohan Mishra,Male,45,Noida,Uttar Pradesh,2023-11-18
109771,Isha Agarwal,Female,30,Mumbai,Maharashtra,2022-09-12
109772,Kavya Malhotra,Male,33,Jaipur,Rajasthan,2023-09-17
109773,Raj Iyer,Male,41,Surat,Gujarat,2023-01-07
109774,Vikram Verma,Male,20,Bengaluru,Karnataka,2023-12-29
109775,Pooja Verma,Female,36,Delhi,Delhi,2023-06-07
109776,Aarav Das,Male,25,Delhi,Delhi,2023-08-07
109777,Aarav Malhotra,Female,30,Delhi,Delhi,2024-03-03
109778,Vivaan Das,Other,28,Delhi,Delhi,2024-05-26
109779,Aarav Patel,Male,36,Bengaluru,Karnataka,2023-11-06
109780,Aarav Patel,Female,37,Bengaluru,Karnataka,2023-08-25
109781,Neha Mehta,Male,40,Delhi,Delhi,2022-10-11
109782,Meera Gupta,Male,35,Jaipur,Rajasthan,2022-06-23
109783,Arjun Sharma,Female,34,Nagpur,Maharashtra,2024-09-01
109784,Aditi Singh,Female,49,Bhopal,Madhya Pradesh,2023-12-26
109785,Karan Mehta,Female,18,Bengaluru,Karnataka,2024-06-10
109786,Aditi Verma,Female,47,Ahmedabad,Gujarat,2022-09-25
109787,Aman Mehta,Male,29,Chandigarh,Chandigarh,2024-08-30
109788,Aarav Patel,Male,37,Bhopal,Madhya Pradesh,2023-12-04
109789,Vivaan Mishra,Female,29,Indore,Madhya Pradesh,2022-12-12
109790,Arjun Patel,Male,26,Noida,Uttar Pradesh,2024-10-22
109791,Rahul Patel,Male,36,Bengaluru,Karnataka,2022-01-16
109792,Neha Mishra,Female,41,Delhi,Delhi,2022-01-25
109793,Karan Verma,Male,36,Pune,Maharashtra,2022-08-18
109794,Aarav Mishra,Male,27,Delhi,Delhi,2024-04-29
109795,Isha Gupta,Female,65,Nagpur,Maharashtra,2022-05-17
109796,Aarav Verma,Female,43,Bengaluru,Karnataka,2024-07-04
109797,Aditya Nair,Female,40,Kochi,Kerala,2023-02-24
109798,Vikram Agarwal,Female,29,Ahmedabad,Gujarat,2023-07-09
109799,Meera Nair,Male,26,Hyderabad,Telangana,2023-09-19
109800,Kavya Patel,Female,29,Delhi,Delhi,2024-08-02
109801,Aman Sharma,Female,42,Mumbai,Maharashtra,2023-08-06
109802,Meera Agarwal,Male,23,Jaipur,Rajasthan,2023-10-16
109803,Aditya Nair,Male,22,Gurugram,Haryana,2023-01-13
109804,Rahul Singh,Female,37,Coimbatore,Tamil Nadu,2023-04-25
109805,Aditya Mehta,Female,35,Mumbai,Maharashtra,2023-10-04
109806,Priya Sharma,Female,25,Mumbai,Maharashtra,2022-08-29
109807,Vivaan Agarwal,Female,22,Delhi,Delhi,2024-04-18
109808,Sneha Das,Female,45,Bengaluru,Karnataka,2023-03-12
109809,Neha Mehta,Other,35,Gurugram,Haryana,2023-04-12
109810,Rohan Sharma,Female,20,Mumbai,Maharashtra,2022-11-29
109811,Meera Mishra,Male,20,Chennai,Tamil Nadu,2024-05-15
109812,Vivaan Reddy,Female,29,Hyderabad,Telangana,2023-07-25
109813,Aditya Iyer,Male,39,Bengaluru,Karnataka,2024-11-19
109814,Aman Nair,Female,37,Kolkata,West Bengal,2024-09-23
109815,Raj Nair,Female,42,Pune,Maharashtra,2022-07-06
109816,Isha Singh,Female,19,Bengaluru,Karnataka,2022-04-05
109817,Aman Sharma,Female,34,Lucknow,Uttar Pradesh,2022-04-19
109818,Aman Das,Male,45,Bengaluru,Karnataka,2022-07-05
109819,Karan Singh,Male,44,Kolkata,West Bengal,2024-06-30
109820,Neha Iyer,Male,35,Kochi,Kerala,2022-01-27
109821,Aarav Reddy,Female,53,Lucknow,Uttar Pradesh,2024-08-10
109822,Vivaan Das,Female,37,Hyderabad,Telangana,2022-07-31
109823,Meera Das,Female,41,Ahmedabad,Gujarat,2022-09-14
109824,Sneha Joshi,Male,32,Gurugram,Haryana,2023-08-05
109825,Isha Iyer,Female,25,Bengaluru,Karnataka,2023-11-23
109826,Vikram Nair,Female,24,Lucknow,Uttar Pradesh,2024-07-07
109827,Vivaan Patel,Male,34,Hyderabad,Telangana,2024-04-09
109828,Aditi Verma,Female,30,Gurugram,Haryana,2022-06-03
109829,Pooja Kumar,Female,18,Bengaluru,Karnataka,2023-05-06
109830,Neha Das,Female,23,Chandigarh,Chandigarh,2022-03-25
109831,Isha Joshi,Male,29,Chennai,Tamil Nadu,2023-07-09
109832,Rohan Kumar,Female,39,Bengaluru,Karnataka,2023-09-10
109833,Aditi Nair,Male,32,Hyderabad,Telangana,2023-08-01
109834,Kavya Joshi,Other,31,Bengaluru,Karnataka,2022-07-04
109835,Rahul Kumar,Male,23,Mumbai,Maharashtra,2023-08-14
109836,Aditi Mehta,Male,32,Delhi,Delhi,2022-12-22
109837,Rohan Malhotra,Female,44,Bengaluru,Karnataka,2023-05-18
109838,Priya Kumar,Male,33,Pune,Maharashtra,2023-10-04
109839,Neha Kumar,Female,18,Bengaluru,Karnataka,2023-12-20
109840,Raj Gupta,Female,21,Delhi,Delhi,2022-11-03
109841,Isha Reddy,Female,37,Chennai,Tamil Nadu,2023-02-18
109842,Kavya Mehta,Other,30,Mumbai,Maharashtra,2023-03-13
109843,Aditi Mehta,Male,31,Mumbai,Maharashtra,2024-09-16
109844,Aditya Malhotra,Female,26,Delhi,Delhi,2022-12-13
109845,Aman Mishra,Male,37,Pune,Maharashtra,2024-12-31
109846,Rahul Kumar,Male,29,Delhi,Delhi,2024-08-24
109847,Aditi Reddy,Female,30,Bengaluru,Karnataka,2024-01-06
109848,Neha Agarwal,Male,24,Hyderabad,Telangana,2024-04-10
109849,Kavya Das,Female,40,Mumbai,Maharashtra,2024-10-04
109850,Rohan Mishra,Female,30,Hyderabad,Telangana,2022-09-13
109851,Vivaan Kumar,Female,37,Bengaluru,Karnataka,2023-03-03
109852,Riya Mishra,Female,21,Surat,Gujarat,2022-04-09
109853,Rahul Malhotra,Male,48,Noida,Uttar Pradesh,2022-10-11
109854,Ananya Joshi,Female,43,Nagpur,Maharashtra,2024-04-29
109855,Rohan Das,Female,18,Chennai,Tamil Nadu,2023-10-30
109856,Meera Gupta,Male,25,Chennai,Tamil Nadu,2024-02-14
109857,Karan Das,Male,36,Chandigarh,Chandigarh,2023-07-15
109858,Priya Verma,Female,20,Hyderabad,Telangana,2024-07-23
109859,Sneha Mishra,Male,31,Chennai,Tamil Nadu,2024-08-25
109860,Arjun Joshi,Male,36,Hyderabad,Telangana,2022-07-16
109861,Kavya Sharma,Female,30,Chennai,Tamil Nadu,2022-06-19
109862,Riya Verma,Female,37,Delhi,Delhi,2023-12-01
109863,Meera Sharma,Female,26,Noida,Uttar Pradesh,2024-11-26
109864,Aman Mishra,Female,18,Nagpur,Maharashtra,2022-09-24
109865,Kavya Reddy,Female,41,Delhi,Delhi,2022-05-13
109866,Rohan Nair,Male,41,Noida,Uttar Pradesh,2024-12-10
109867,Vikram Reddy,Male,55,Mumbai,Maharashtra,2024-08-17
109868,Ananya Agarwal,Male,18,Mumbai,Maharashtra,2022-03-18
109869,Arjun Kumar,Female,39,Lucknow,Uttar Pradesh,2024-12-04
109870,Aditi Joshi,Male,18,Delhi,Delhi,2023-07-23
109871,Priya Joshi,Male,48,Pune,Maharashtra,2022-05-30
109872,Priya Singh,Female,36,Delhi,Delhi,2022-01-05
109873,Meera Kumar,Male,23,Chennai,Tamil Nadu,2024-09-25
109874,Sneha Nair,Male,39,Pune,Maharashtra,2022-09-05
109875,Arjun Singh,Female,27,Patna,Bihar,2022-08-26
109876,Neha Gupta,Male,35,Lucknow,Uttar Pradesh,2024-05-03
109877,Karan Nair,Male,34,Delhi,Delhi,2022-09-02
109878,Aarav Mishra,Male,48,Bengaluru,Karnataka,2022-06-05
109879,Riya Iyer,Female,48,Chandigarh,Chandigarh,2023-09-08
109880,Arjun Agarwal,Female,27,Lucknow,Uttar Pradesh,2024-04-01
109881,Rahul Mishra,Male,42,Kolkata,West Bengal,2023-06-12
109882,Aditya Nair,Female,35,Chennai,Tamil Nadu,2023-06-06
109883,Raj Singh,Male,19,Hyderabad,Telangana,2024-02-21
109884,Priya Patel,Female,26,Chennai,Tamil Nadu,2022-06-17
109885,Karan Joshi,Male,53,Ahmedabad,Gujarat,2022-07-31
109886,Arjun Das,Female,35,Delhi,Delhi,2024-10-30
109887,Karan Sharma,Female,41,Coimbatore,Tamil Nadu,2023-05-09
109888,Aarav Sharma,Female,30,Mumbai,Maharashtra,2022-05-04
109889,Raj Verma,Male,27,Hyderabad,Telangana,2024-07-25
109890,Karan Gupta,Male,32,Delhi,Delhi,2024-01-14
109891,Aditya Verma,Female,30,Chennai,Tamil Nadu,2023-09-14
109892,Aman Agarwal,Male,19,Hyderabad,Telangana,2022-12-20
109893,Arjun Mehta,Female,23,Mumbai,Maharashtra,2023-09-11
109894,Aditi Reddy,Female,38,Nagpur,Maharashtra,2024-09-29
109895,Priya Sharma,Female,29,Hyderabad,Telangana,2023-03-12
109896,Pooja Patel,Male,32,Hyderabad,Telangana,2024-11-23
109897,Ananya Mehta,Female,34,Pune,Maharashtra,2023-11-21
109898,Aditi Singh,Female,35,Delhi,Delhi,2023-01-14
109899,Raj Mehta,Female,42,Hyderabad,Telangana,2023-05-09
109900,Pooja Malhotra,Male,22,Bengaluru,Karnataka,2024-10-14
109901,Isha Reddy,Male,37,Pune,Maharashtra,2024-09-15
109902,Pooja Malhotra,Male,39,Surat,Gujarat,2023-08-22
109903,Vivaan Reddy,Male,41,Mumbai,Maharashtra,2024-10-11
109904,Isha Sharma,Female,19,Kolkata,West Bengal,2024-07-27
109905,Isha Kumar,Female,34,Delhi,Delhi,2022-01-10
109906,Aditi Sharma,Male,47,Bengaluru,Karnataka,2022-04-26
109907,Aman Nair,Female,31,Pune,Maharashtra,2024-08-18
109908,Isha Das,Male,36,Delhi,Delhi,2022-09-05
109909,Priya Iyer,Male,39,Chennai,Tamil Nadu,2022-10-29
109910,Kavya Iyer,Male,23,Bengaluru,Karnataka,2023-11-29
109911,Arjun Mehta,Male,49,Nagpur,Maharashtra,2023-05-12
109912,Meera Malhotra,Female,36,Kolkata,West Bengal,2022-12-20
109913,Aditi Reddy,Male,37,Mumbai,Maharashtra,2023-11-16
109914,Isha Sharma,Female,18,Delhi,Delhi,2022-07-14
109915,Priya Sharma,Male,39,Delhi,Delhi,2022-11-18
109916,Isha Iyer,Female,37,Delhi,Delhi,2022-06-27
109917,Aditya Agarwal,Male,47,Jaipur,Rajasthan,2022-03-05
109918,Aman Joshi,Male,29,Surat,Gujarat,2022-12-01
109919,Aditya Verma,Male,23,Mumbai,Maharashtra,2022-12-06
109920,Vikram Nair,Male,26,Hyderabad,Telangana,2024-04-11
109921,Arjun Agarwal,Male,27,Bengaluru,Karnataka,2024-09-16
109922,Priya Nair,Female,22,Jaipur,Rajasthan,2022-05-04
109923,Ananya Singh,Female,44,Mumbai,Maharashtra,2024-04-17
109924,Pooja Agarwal,Female,44,Kochi,Kerala,2024-04-11
109925,Vivaan Kumar,Female,30,Lucknow,Uttar Pradesh,2024-04-23
109926,Raj Joshi,Male,28,Kochi,Kerala,2022-02-09
109927,Neha Singh,Male,18,Bengaluru,Karnataka,2022-10-31
109928,Pooja Mehta,Other,38,Chennai,Tamil Nadu,2024-05-31
109929,Arjun Sharma,Female,47,Ahmedabad,Gujarat,2024-01-09
109930,Rahul Malhotra,Female,26,Lucknow,Uttar Pradesh,2023-02-21
109931,Aarav Mishra,Female,31,Delhi,Delhi,2023-03-17
109932,Riya Agarwal,Male,36,Nagpur,Maharashtra,2024-01-10
109933,Aditya Joshi,Male,48,Patna,Bihar,2024-07-29
109934,Rohan Agarwal,Male,34,Delhi,Delhi,2022-05-10
109935,Aman Nair,Male,34,Chennai,Tamil Nadu,2024-04-19
109936,Meera Mehta,Male,34,Bengaluru,Karnataka,2023-09-22
109937,Kavya Reddy,Male,19,Indore,Madhya Pradesh,2024-04-04
109938,Vivaan Patel,Female,19,Lucknow,Uttar Pradesh,2024-12-20
109939,Meera Verma,Female,25,Mumbai,Maharashtra,2022-10-01
109940,Riya Agarwal,Female,41,Delhi,Delhi,2022-08-11
109941,Rohan Mishra,Female,29,Bengaluru,Karnataka,2022-01-03
109942,Neha Patel,Male,27,Delhi,Delhi,2022-01-29
109943,Rohan Sharma,Male,27,Mumbai,Maharashtra,2023-01-22
109944,Raj Malhotra,Female,31,Kolkata,West Bengal,2024-08-25
109945,Ananya Mehta,Male,47,Ahmedabad,Gujarat,2022-01-20
109946,Arjun Reddy,Male,31,Pune,Maharashtra,2022-02-13
109947,Rahul Das,Male,25,Kolkata,West Bengal,2024-07-04
109948,Aditya Singh,Male,32,Mumbai,Maharashtra,2022-04-06
109949,Isha Agarwal,Female,48,Bengaluru,Karnataka,2023-05-19
109950,Vikram Sharma,Male,27,Lucknow,Uttar Pradesh,2024-09-25
109951,Priya Iyer,Female,21,Bengaluru,Karnataka,2024-12-01
109952,Rohan Iyer,Female,27,Bengaluru,Karnataka,2022-05-05
109953,Priya Sharma,Male,33,Mumbai,Maharashtra,2024-12-16
109954,Raj Gupta,Male,38,Kolkata,West Bengal,2024-11-14
109955,Vikram Kumar,Male,41,Gurugram,Haryana,2024-05-03
109956,Meera Das,Male,23,Pune,Maharashtra,2024-06-09
109957,Isha Singh,Female,23,Delhi,Delhi,2023-04-06
109958,Neha Iyer,Female,29,Gurugram,Haryana,2022-12-03
109959,Arjun Verma,Female,38,Delhi,Delhi,2022-03-16
109960,Rohan Gupta,Male,21,Pune,Maharashtra,2024-10-18
109961,Rahul Nair,Female,27,Bengaluru,Karnataka,2022-03-13
109962,Pooja Malhotra,Female,27,Chandigarh,Chandigarh,2024-11-20
109963,Aarav Agarwal,Male,40,Ahmedabad,Gujarat,2023-04-26
109964,Isha Kumar,Female,37,Chennai,Tamil Nadu,2023-07-14
109965,Sneha Sharma,Female,40,Jaipur,Rajasthan,2024-10-30
109966,Riya Mishra,Female,44,Chennai,Tamil Nadu,2023-07-10
109967,Aditi Reddy,Female,29,Mumbai,Maharashtra,2022-11-13
109968,Kavya Verma,Male,21,Lucknow,Uttar Pradesh,2024-06-10
109969,Sneha Agarwal,Female,21,Pune,Maharashtra,2024-10-04
109970,Vivaan Patel,Male,18,Kolkata,West Bengal,2023-09-16
109971,Sneha Joshi,Male,28,Delhi,Delhi,2024-06-20
109972,Sneha Verma,Female,29,Mumbai,Maharashtra,2024-04-18
109973,Aditya Verma,Female,39,Chennai,Tamil Nadu,2022-12-27
109974,Aman Mishra,Male,32,Pune,Maharashtra,2024-04-19
109975,Aditi Agarwal,Male,28,Mumbai,Maharashtra,2023-12-13
109976,Priya Joshi,Male,31,Mumbai,Maharashtra,2022-05-02
109977,Vikram Mishra,Male,23,Kolkata,West Bengal,2024-08-30
109978,Rahul Verma,Female,41,Delhi,Delhi,2023-08-10
109979,Aarav Gupta,Female,25,Hyderabad,Telangana,2023-07-05
109980,Aditya Malhotra,Female,22,Chennai,Tamil Nadu,2023-11-28
109981,Rohan Reddy,Male,39,Bengaluru,Karnataka,2024-03-19
109982,Karan Agarwal,Female,37,Gurugram,Haryana,2023-10-11
109983,Kavya Kumar,Male,18,Delhi,Delhi,2024-06-23
109984,Kavya Patel,Female,40,Surat,Gujarat,2022-09-30
109985,Isha Verma,Female,25,Lucknow,Uttar Pradesh,2024-05-24
109986,Rohan Malhotra,Female,29,Hyderabad,Telangana,2024-08-22
109987,Sneha Verma,Male,34,Patna,Bihar,2024-03-20
109988,Kavya Sharma,Male,37,Lucknow,Uttar Pradesh,2024-01-09
109989,Vikram Singh,Male,36,Chandigarh,Chandigarh,2023-07-20
109990,Rahul Patel,Female,32,Pune,Maharashtra,2022-07-03
109991,Rahul Nair,Male,28,Pune,Maharashtra,2024-11-10
109992,Priya Sharma,Male,36,Chennai,Tamil Nadu,2022-11-25
109993,Aditi Sharma,Male,31,Delhi,Delhi,2024-10-25
109994,Riya Iyer,Female,48,Bhopal,Madhya Pradesh,2022-07-30
109995,Aarav Verma,Male,37,Jaipur,Rajasthan,2024-07-03
109996,Riya Reddy,Female,24,Kolkata,West Bengal,2023-07-10
109997,Aman Malhotra,Female,28,Patna,Bihar,2024-10-17
109998,Riya Sharma,Female,32,Nagpur,Maharashtra,2024-09-03
109999,Raj Mishra,Male,44,Mumbai,Maharashtra,2023-12-18
110000,Rahul Kumar,Male,45,Ahmedabad,Gujarat,2022-01-08
110001,Vikram Das,Male,28,Chennai,Tamil Nadu,2022-03-24
110002,Isha Iyer,Male,24,Pune,Maharashtra,2023-02-01
110003,Karan Singh,Male,22,Coimbatore,Tamil Nadu,2023-09-22
110004,Isha Agarwal,Female,34,Surat,Gujarat,2023-11-15
110005,Isha Singh,Male,53,Lucknow,Uttar Pradesh,2022-09-29
110006,Arjun Gupta,Female,37,Hyderabad,Telangana,2022-11-02
110007,Priya Joshi,Male,18,Jaipur,Rajasthan,2022-05-05
110008,Kavya Das,Female,25,Chennai,Tamil Nadu,2023-01-16
110009,Aditya Gupta,Female,26,Mumbai,Maharashtra,2024-06-14
110010,Rahul Das,Female,25,Hyderabad,Telangana,2023-01-03
110011,Riya Gupta,Female,29,Mumbai,Maharashtra,2024-03-24
110012,Aditya Agarwal,Female,35,Pune,Maharashtra,2023-04-08
110013,Riya Verma,Female,38,Lucknow,Uttar Pradesh,2022-04-30
110014,Meera Gupta,Male,42,Delhi,Delhi,2023-03-20
110015,Vikram Reddy,Female,37,Ahmedabad,Gujarat,2022-09-14
110016,Sneha Das,Male,18,Delhi,Delhi,2024-03-07
110017,Aditi Singh,Male,22,Pune,Maharashtra,2023-06-08
110018,Aman Mehta,Male,31,Chennai,Tamil Nadu,2023-12-09
110019,Vivaan Iyer,Male,33,Ahmedabad,Gujarat,2022-12-18
110020,Sneha Sharma,Male,40,Ahmedabad,Gujarat,2024-01-31
110021,Ananya Iyer,Male,32,Hyderabad,Telangana,2024-06-26
110022,Priya Sharma,Male,32,Delhi,Delhi,2023-04-02
110023,Karan Reddy,Female,34,Lucknow,Uttar Pradesh,2023-05-10
110024,Aditi Mehta,Male,30,Pune,Maharashtra,2022-01-21
110025,Neha Malhotra,Female,33,Bengaluru,Karnataka,2022-03-09
110026,Vikram Nair,Male,42,Mumbai,Maharashtra,2024-08-03
110027,Rahul Agarwal,Female,31,Delhi,Delhi,2023-06-13
110028,Pooja Iyer,Female,32,Bengaluru,Karnataka,2022-03-22
110029,Riya Mishra,Female,32,Pune,Maharashtra,2024-02-20
110030,Sneha Reddy,Female,44,Pune,Maharashtra,2023-04-11
110031,Rohan Singh,Male,22,Chennai,Tamil Nadu,2023-11-18
110032,Pooja Joshi,Other,48,Bengaluru,Karnataka,2022-06-27
110033,Raj Agarwal,Female,21,Patna,Bihar,2024-06-05
110034,Aditya Mehta,Female,26,Pune,Maharashtra,2024-11-20
110035,Pooja Sharma,Female,39,Hyderabad,Telangana,2023-12-04
110036,Sneha Verma,Male,41,Delhi,Delhi,2022-10-28
110037,Kavya Verma,Female,19,Kolkata,West Bengal,2022-11-01
110038,Rahul Iyer,Male,22,Kolkata,West Bengal,2023-07-11
110039,Vivaan Kumar,Female,35,Chennai,Tamil Nadu,2024-08-10
110040,Aman Mehta,Male,53,Indore,Madhya Pradesh,2024-03-29
110041,Aman Agarwal,Female,43,Ahmedabad,Gujarat,2024-09-07
110042,Ananya Patel,Male,30,Surat,Gujarat,2024-01-24
110043,Kavya Malhotra,Male,18,Delhi,Delhi,2022-09-08
110044,Ananya Mishra,Female,33,Bengaluru,Karnataka,2022-09-14
110045,Raj Das,Female,35,Bengaluru,Karnataka,2023-12-03
110046,Isha Joshi,Female,29,Jaipur,Rajasthan,2023-02-14
110047,Isha Mehta,Male,24,Hyderabad,Telangana,2024-09-14
110048,Meera Nair,Male,33,Noida,Uttar Pradesh,2022-02-20
110049,Kavya Mishra,Female,24,Hyderabad,Telangana,2022-05-07
110050,Pooja Malhotra,Other,49,Mumbai,Maharashtra,2024-01-04
110051,Meera Gupta,Female,46,Bengaluru,Karnataka,2023-03-06
110052,Isha Kumar,Male,38,Mumbai,Maharashtra,2024-03-29
110053,Aditya Nair,Female,33,Mumbai,Maharashtra,2024-04-15
110054,Isha Kumar,Male,26,Mumbai,Maharashtra,2023-03-04
110055,Kavya Joshi,Female,32,Delhi,Delhi,2023-02-02
110056,Pooja Reddy,Male,47,Lucknow,Uttar Pradesh,2022-10-06
110057,Aditya Patel,Male,40,Hyderabad,Telangana,2024-10-05
110058,Aman Mishra,Female,34,Delhi,Delhi,2024-06-08
110059,Aman Das,Female,40,Hyderabad,Telangana,2023-04-18
110060,Raj Malhotra,Male,37,Bhopal,Madhya Pradesh,2023-03-21
110061,Riya Singh,Male,36,Pune,Maharashtra,2023-06-13
110062,Ananya Mishra,Male,41,Nagpur,Maharashtra,2022-09-23
110063,Ananya Mishra,Female,37,Chennai,Tamil Nadu,2022-11-03
110064,Vikram Malhotra,Male,40,Kochi,Kerala,2024-12-27
110065,Karan Kumar,Male,33,Mumbai,Maharashtra,2023-12-28
110066,Raj Singh,Female,30,Bengaluru,Karnataka,2024-03-30
110067,Ananya Joshi,Female,27,Lucknow,Uttar Pradesh,2022-11-23
110068,Sneha Patel,Female,26,Nagpur,Maharashtra,2024-11-30
110069,Aman Malhotra,Female,18,Gurugram,Haryana,2023-04-18
110070,Sneha Reddy,Female,24,Chennai,Tamil Nadu,2024-08-11
110071,Karan Iyer,Female,24,Delhi,Delhi,2022-10-14
110072,Pooja Mishra,Female,27,Bengaluru,Karnataka,2023-03-25
110073,Rahul Iyer,Female,46,Delhi,Delhi,2024-10-15
110074,Raj Singh,Male,31,Bengaluru,Karnataka,2022-12-28
110075,Aditi Nair,Other,34,Bengaluru,Karnataka,2023-01-17
110076,Kavya Joshi,Male,34,Hyderabad,Telangana,2023-11-22
110077,Ananya Singh,Male,46,Gurugram,Haryana,2023-03-02
110078,Neha Malhotra,Male,27,Mumbai,Maharashtra,2022-07-28
110079,Riya Gupta,Male,30,Bengaluru,Karnataka,2022-03-14
110080,Arjun Nair,Female,31,Bengaluru,Karnataka,2023-04-23
110081,Raj Reddy,Female,42,Bengaluru,Karnataka,2023-04-15
110082,Vikram Singh,Female,44,Bengaluru,Karnataka,2024-08-23
110083,Pooja Iyer,Female,36,Mumbai,Maharashtra,2022-04-19
110084,Ananya Gupta,Female,43,Chandigarh,Chandigarh,2022-01-15
110085,Isha Kumar,Male,34,Hyderabad,Telangana,2023-10-02
110086,Vikram Mehta,Female,30,Delhi,Delhi,2022-10-19
110087,Isha Nair,Female,43,Pune,Maharashtra,2023-03-02
110088,Aman Mishra,Male,36,Mumbai,Maharashtra,2023-05-30
110089,Meera Agarwal,Female,25,Mumbai,Maharashtra,2022-03-11
110090,Kavya Kumar,Male,41,Bengaluru,Karnataka,2023-02-23
110091,Rahul Patel,Male,30,Delhi,Delhi,2024-07-01
110092,Pooja Verma,Male,29,Lucknow,Uttar Pradesh,2022-01-23
110093,Aman Verma,Male,40,Noida,Uttar Pradesh,2023-07-02
110094,Priya Das,Female,31,Hyderabad,Telangana,2023-02-09
110095,Kavya Mehta,Female,36,Lucknow,Uttar Pradesh,2023-01-27
110096,Aarav Verma,Male,38,Hyderabad,Telangana,2023-04-23
110097,Karan Iyer,Female,25,Mumbai,Maharashtra,2023-02-07
110098,Aman Mishra,Female,35,Hyderabad,Telangana,2022-09-11
110099,Isha Agarwal,Male,44,Chennai,Tamil Nadu,2024-11-19
110100,Kavya Malhotra,Male,23,Delhi,Delhi,2023-03-08
110101,Aman Joshi,Female,36,Jaipur,Rajasthan,2024-12-28
110102,Meera Mehta,Female,25,Ahmedabad,Gujarat,2023-07-30
110103,Karan Patel,Other,41,Surat,Gujarat,2024-01-22
110104,Vivaan Mehta,Male,41,Delhi,Delhi,2024-03-27
110105,Isha Malhotra,Female,29,Delhi,Delhi,2022-06-18
110106,Arjun Agarwal,Male,52,Delhi,Delhi,2022-09-19
110107,Sneha Mehta,Male,42,Patna,Bihar,2024-01-08
110108,Ananya Verma,Female,38,Ahmedabad,Gujarat,2024-09-24
110109,Rahul Gupta,Male,38,Gurugram,Haryana,2022-01-26
110110,Arjun Kumar,Male,41,Pune,Maharashtra,2023-07-06
110111,Vivaan Sharma,Male,23,Chennai,Tamil Nadu,2024-08-09
110112,Aditya Patel,Male,34,Bengaluru,Karnataka,2023-03-25
110113,Arjun Joshi,Female,35,Gurugram,Haryana,2024-06-19
110114,Kavya Patel,Female,28,Gurugram,Haryana,2022-07-26
110115,Rahul Iyer,Male,36,Hyderabad,Telangana,2024-12-08
110116,Arjun Mishra,Male,43,Bengaluru,Karnataka,2024-02-01
110117,Sneha Singh,Male,28,Ahmedabad,Gujarat,2022-08-21
110118,Vivaan Mishra,Female,32,Delhi,Delhi,2024-09-04
110119,Meera Sharma,Male,25,Surat,Gujarat,2024-05-12
110120,Aarav Verma,Female,18,Hyderabad,Telangana,2024-02-29
110121,Ananya Malhotra,Male,39,Hyderabad,Telangana,2022-02-03
110122,Aman Patel,Male,32,Jaipur,Rajasthan,2024-03-01
110123,Sneha Singh,Female,32,Jaipur,Rajasthan,2023-08-29
110124,Vikram Singh,Female,23,Bengaluru,Karnataka,2024-01-27
110125,Pooja Malhotra,Male,30,Chandigarh,Chandigarh,2024-01-01
110126,Meera Iyer,Female,42,Nagpur,Maharashtra,2023-09-22
110127,Aman Mishra,Female,32,Chennai,Tamil Nadu,2023-09-12
110128,Kavya Kumar,Female,32,Chennai,Tamil Nadu,2022-10-23
110129,Vikram Gupta,Female,34,Chennai,Tamil Nadu,2022-07-16
110130,Aarav Joshi,Female,21,Pune,Maharashtra,2024-01-23
110131,Meera Kumar,Other,38,Chandigarh,Chandigarh,2024-09-29
110132,Vikram Gupta,Male,21,Mumbai,Maharashtra,2023-04-01
110133,Priya Singh,Female,24,Delhi,Delhi,2024-08-07
110134,Kavya Malhotra,Male,23,Patna,Bihar,2022-11-19
110135,Aarav Gupta,Male,30,Mumbai,Maharashtra,2024-06-10
110136,Aditya Malhotra,Male,29,Ahmedabad,Gujarat,2023-08-16
110137,Pooja Patel,Male,32,Mumbai,Maharashtra,2022-03-03
110138,Isha Verma,Female,24,Kochi,Kerala,2023-10-24
110139,Arjun Singh,Female,41,Noida,Uttar Pradesh,2023-02-27
110140,Sneha Singh,Female,40,Patna,Bihar,2022-10-25
110141,Vikram Agarwal,Male,30,Kochi,Kerala,2024-07-11
110142,Pooja Gupta,Male,28,Delhi,Delhi,2023-02-10
110143,Rohan Mishra,Female,27,Hyderabad,Telangana,2024-05-27
110144,Vikram Patel,Male,29,Jaipur,Rajasthan,2024-12-05
110145,Arjun Sharma,Female,19,Noida,Uttar Pradesh,2024-12-20
110146,Vikram Reddy,Female,23,Mumbai,Maharashtra,2024-01-13
110147,Raj Mehta,Female,40,Patna,Bihar,2023-02-23
110148,Meera Das,Female,35,Mumbai,Maharashtra,2023-06-23
110149,Pooja Das,Female,47,Surat,Gujarat,2022-09-29
110150,Priya Agarwal,Male,29,Pune,Maharashtra,2024-12-13
110151,Karan Singh,Female,29,Pune,Maharashtra,2023-03-14
110152,Arjun Das,Male,28,Hyderabad,Telangana,2022-03-19
110153,Aditya Mehta,Male,29,Delhi,Delhi,2023-03-29
110154,Neha Agarwal,Male,26,Bengaluru,Karnataka,2024-07-24
110155,Rahul Nair,Female,34,Hyderabad,Telangana,2024-08-17
110156,Priya Das,Male,32,Pune,Maharashtra,2024-11-26
110157,Pooja Iyer,Male,27,Ahmedabad,Gujarat,2023-03-22
110158,Priya Sharma,Male,43,Bengaluru,Karnataka,2023-03-09
110159,Kavya Iyer,Female,49,Hyderabad,Telangana,2022-06-14
110160,Aman Singh,Female,42,Bhopal,Madhya Pradesh,2024-02-02
110161,Isha Mehta,Female,37,Ahmedabad,Gujarat,2022-02-16
110162,Riya Kumar,Female,39,Delhi,Delhi,2023-05-03
110163,Ananya Sharma,Male,49,Gurugram,Haryana,2022-12-04
110164,Isha Joshi,Male,39,Nagpur,Maharashtra,2022-07-13
110165,Pooja Mehta,Female,27,Chandigarh,Chandigarh,2024-11-10
110166,Neha Malhotra,Male,36,Gurugram,Haryana,2024-02-06
110167,Karan Kumar,Male,38,Kolkata,West Bengal,2024-05-11
110168,Rahul Nair,Male,23,Bengaluru,Karnataka,2023-12-09
110169,Aditya Malhotra,Female,29,Jaipur,Rajasthan,2024-01-14
110170,Priya Gupta,Male,42,Lucknow,Uttar Pradesh,2022-06-15
110171,Priya Singh,Female,18,Bengaluru,Karnataka,2022-03-03
110172,Karan Kumar,Male,21,Bengaluru,Karnataka,2022-09-19
110173,Aditi Mehta,Female,30,Hyderabad,Telangana,2023-11-11
110174,Aman Singh,Male,35,Kolkata,West Bengal,2022-01-24
110175,Raj Mishra,Male,20,Bengaluru,Karnataka,2024-03-22
110176,Vikram Mehta,Male,31,Chennai,Tamil Nadu,2024-06-11
110177,Pooja Mishra,Female,42,Bhopal,Madhya Pradesh,2024-06-08
110178,Isha Sharma,Male,33,Bengaluru,Karnataka,2024-12-09
110179,Meera Singh,Female,40,Coimbatore,Tamil Nadu,2024-04-09
110180,Aditya Agarwal,Female,27,Pune,Maharashtra,2022-03-17
110181,Aarav Mehta,Female,25,Delhi,Delhi,2024-04-05
110182,Meera Kumar,Male,40,Delhi,Delhi,2024-07-26
110183,Aditi Mehta,Male,35,Bengaluru,Karnataka,2023-04-03
110184,Aarav Agarwal,Male,21,Bengaluru,Karnataka,2023-09-02
110185,Sneha Nair,Female,25,Surat,Gujarat,2024-10-09
110186,Neha Mishra,Female,46,Ahmedabad,Gujarat,2024-05-05
110187,Sneha Verma,Female,24,Indore,Madhya Pradesh,2024-08-22
110188,Sneha Patel,Female,40,Chennai,Tamil Nadu,2022-07-11
110189,Aditi Singh,Male,28,Hyderabad,Telangana,2023-09-02
110190,Aman Kumar,Male,32,Bengaluru,Karnataka,2024-12-25
110191,Aman Agarwal,Female,35,Chennai,Tamil Nadu,2024-05-27
110192,Rohan Gupta,Male,18,Kolkata,West Bengal,2023-05-21
110193,Vikram Das,Male,19,Hyderabad,Telangana,2022-10-19
110194,Meera Reddy,Female,33,Chandigarh,Chandigarh,2024-01-04
110195,Riya Malhotra,Male,25,Kolkata,West Bengal,2022-07-02
110196,Riya Iyer,Female,41,Gurugram,Haryana,2022-01-02
110197,Karan Das,Female,18,Kolkata,West Bengal,2023-04-19
110198,Vivaan Mehta,Female,37,Bengaluru,Karnataka,2024-12-16
110199,Aditi Sharma,Male,20,Ahmedabad,Gujarat,2023-11-17
110200,Vikram Verma,Male,29,Mumbai,Maharashtra,2023-01-15
110201,Rohan Verma,Female,22,Kolkata,West Bengal,2023-09-28
110202,Pooja Nair,Male,49,Hyderabad,Telangana,2022-10-28
110203,Kavya Sharma,Male,20,Mumbai,Maharashtra,2024-08-19
110204,Aman Verma,Male,31,Hyderabad,Telangana,2024-02-20
110205,Riya Mishra,Male,18,Bengaluru,Karnataka,2022-12-12
110206,Aman Agarwal,Male,46,Delhi,Delhi,2022-11-09
110207,Rahul Patel,Female,36,Gurugram,Haryana,2022-07-31
110208,Rahul Das,Male,33,Pune,Maharashtra,2023-10-29
110209,Sneha Patel,Male,45,Bengaluru,Karnataka,2023-12-23
110210,Rohan Singh,Female,33,Pune,Maharashtra,2024-03-31
110211,Sneha Patel,Female,34,Ahmedabad,Gujarat,2023-05-11
110212,Rohan Joshi,Male,33,Delhi,Delhi,2024-06-23
110213,Aditya Singh,Male,37,Chennai,Tamil Nadu,2023-08-28
110214,Aditya Malhotra,Female,28,Pune,Maharashtra,2023-02-26
110215,Vivaan Malhotra,Female,30,Indore,Madhya Pradesh,2024-04-29
110216,Rohan Patel,Female,39,Chennai,Tamil Nadu,2023-04-12
110217,Kavya Agarwal,Female,34,Mumbai,Maharashtra,2023-06-11
110218,Sneha Mishra,Male,31,Hyderabad,Telangana,2023-11-21
110219,Rohan Singh,Female,19,Kolkata,West Bengal,2023-08-15
110220,Aarav Iyer,Male,45,Delhi,Delhi,2022-01-15
110221,Karan Malhotra,Female,26,Indore,Madhya Pradesh,2023-02-16
110222,Aditya Verma,Female,41,Delhi,Delhi,2023-12-14
110223,Arjun Patel,Female,34,Delhi,Delhi,2023-10-19
110224,Rohan Joshi,Male,20,Delhi,Delhi,2023-08-09
110225,Arjun Iyer,Male,43,Jaipur,Rajasthan,2024-04-29
110226,Neha Joshi,Female,34,Pune,Maharashtra,2024-01-12
110227,Aditi Nair,Female,44,Delhi,Delhi,2024-06-10
110228,Rohan Gupta,Female,30,Surat,Gujarat,2024-01-24
110229,Kavya Mishra,Male,38,Mumbai,Maharashtra,2023-02-11
110230,Rohan Singh,Male,18,Bengaluru,Karnataka,2022-06-02
110231,Aarav Kumar,Female,27,Mumbai,Maharashtra,2024-08-20
110232,Rohan Iyer,Male,21,Patna,Bihar,2022-04-30
110233,Aman Joshi,Female,29,Ahmedabad,Gujarat,2024-11-17
110234,Aarav Joshi,Male,36,Lucknow,Uttar Pradesh,2024-10-01
110235,Riya Mishra,Female,27,Delhi,Delhi,2023-03-21
110236,Vivaan Mehta,Female,40,Chennai,Tamil Nadu,2022-03-06
110237,Rahul Gupta,Female,24,Chennai,Tamil Nadu,2022-04-20
110238,Vivaan Agarwal,Male,40,Hyderabad,Telangana,2022-11-03
110239,Rahul Das,Female,44,Bengaluru,Karnataka,2022-07-06
110240,Rahul Singh,Male,41,Surat,Gujarat,2022-02-02
110241,Pooja Das,Female,29,Delhi,Delhi,2022-10-27
110242,Aditi Malhotra,Male,18,Kolkata,West Bengal,2024-08-15
110243,Aman Agarwal,Male,37,Hyderabad,Telangana,2023-02-22
110244,Vikram Agarwal,Male,31,Jaipur,Rajasthan,2024-02-18
110245,Rohan Nair,Male,23,Mumbai,Maharashtra,2024-02-10
110246,Arjun Nair,Female,27,Mumbai,Maharashtra,2023-03-30
110247,Vikram Gupta,Male,45,Chennai,Tamil Nadu,2022-12-10
110248,Pooja Iyer,Female,22,Coimbatore,Tamil Nadu,2023-12-20
110249,Vivaan Verma,Other,36,Coimbatore,Tamil Nadu,2024-03-10
110250,Priya Gupta,Male,34,Mumbai,Maharashtra,2024-08-02
110251,Aarav Patel,Female,29,Delhi,Delhi,2023-02-24
110252,Neha Joshi,Male,38,Chennai,Tamil Nadu,2023-01-16
110253,Isha Reddy,Male,47,Hyderabad,Telangana,2022-12-15
110254,Priya Joshi,Male,29,Ahmedabad,Gujarat,2023-02-23
110255,Kavya Nair,Female,30,Chennai,Tamil Nadu,2023-08-07
110256,Priya Mishra,Male,38,Pune,Maharashtra,2024-10-31
110257,Riya Agarwal,Female,40,Jaipur,Rajasthan,2024-07-14
110258,Riya Kumar,Female,31,Delhi,Delhi,2023-07-03
110259,Pooja Malhotra,Female,29,Jaipur,Rajasthan,2023-03-14
110260,Priya Iyer,Male,18,Pune,Maharashtra,2022-05-14
110261,Aman Joshi,Female,25,Gurugram,Haryana,2024-05-22
110262,Sneha Gupta,Female,22,Mumbai,Maharashtra,2024-03-12
110263,Riya Das,Female,38,Bengaluru,Karnataka,2022-01-11
110264,Isha Gupta,Female,30,Kochi,Kerala,2022-07-16
110265,Vivaan Singh,Female,29,Chennai,Tamil Nadu,2022-09-11
110266,Aditya Malhotra,Male,32,Patna,Bihar,2022-03-10
110267,Aditi Das,Male,24,Lucknow,Uttar Pradesh,2022-01-22
110268,Raj Verma,Male,46,Patna,Bihar,2023-09-12
110269,Pooja Mishra,Male,44,Bengaluru,Karnataka,2024-11-29
110270,Sneha Mehta,Male,47,Delhi,Delhi,2024-06-01
110271,Priya Patel,Male,38,Noida,Uttar Pradesh,2024-03-22
110272,Aditi Sharma,Male,32,Noida,Uttar Pradesh,2022-02-16
110273,Ananya Agarwal,Female,47,Kolkata,West Bengal,2024-06-24
110274,Karan Iyer,Male,26,Chennai,Tamil Nadu,2023-03-02
110275,Aarav Singh,Female,24,Patna,Bihar,2022-11-12
110276,Sneha Iyer,Male,27,Mumbai,Maharashtra,2024-04-26
110277,Rahul Agarwal,Female,37,Kolkata,West Bengal,2023-09-26
110278,Meera Iyer,Female,25,Delhi,Delhi,2023-09-16
110279,Rahul Reddy,Male,31,Mumbai,Maharashtra,2024-07-05
110280,Raj Mehta,Male,18,Hyderabad,Telangana,2023-02-09
110281,Vikram Gupta,Male,36,Gurugram,Haryana,2024-08-18
110282,Aarav Mishra,Male,18,Ahmedabad,Gujarat,2024-11-18
110283,Vikram Mishra,Female,24,Coimbatore,Tamil Nadu,2024-01-02
110284,Neha Patel,Female,43,Delhi,Delhi,2024-01-14
110285,Isha Mehta,Male,43,Hyderabad,Telangana,2023-07-27
110286,Neha Nair,Male,35,Mumbai,Maharashtra,2022-07-07
110287,Neha Kumar,Male,34,Delhi,Delhi,2024-09-18
110288,Karan Agarwal,Male,27,Bengaluru,Karnataka,2024-06-01
110289,Rahul Mehta,Female,25,Mumbai,Maharashtra,2022-04-30
110290,Vivaan Singh,Male,29,Hyderabad,Telangana,2022-02-17
110291,Rahul Mishra,Female,18,Mumbai,Maharashtra,2023-02-10
110292,Arjun Patel,Male,34,Pune,Maharashtra,2024-10-12
110293,Aditi Sharma,Male,32,Patna,Bihar,2022-07-18
110294,Aditi Agarwal,Female,24,Ahmedabad,Gujarat,2024-04-29
110295,Priya Mishra,Male,46,Gurugram,Haryana,2023-08-23
110296,Sneha Verma,Female,37,Noida,Uttar Pradesh,2024-01-20
110297,Pooja Patel,Female,38,Hyderabad,Telangana,2022-08-09
110298,Aditi Das,Male,28,Lucknow,Uttar Pradesh,2022-01-30
110299,Riya Joshi,Male,32,Ahmedabad,Gujarat,2023-08-08
110300,Isha Sharma,Female,38,Mumbai,Maharashtra,2023-12-18
110301,Isha Verma,Female,33,Surat,Gujarat,2024-10-02
110302,Aditi Kumar,Female,46,Pune,Maharashtra,2023-05-21
110303,Karan Patel,Male,30,Delhi,Delhi,2023-07-11
110304,Riya Gupta,Other,27,Kolkata,West Bengal,2024-05-07
110305,Aarav Verma,Male,38,Jaipur,Rajasthan,2024-06-10
110306,Rahul Nair,Female,21,Chennai,Tamil Nadu,2023-09-07
110307,Kavya Patel,Female,40,Mumbai,Maharashtra,2023-06-07
110308,Vivaan Sharma,Male,20,Pune,Maharashtra,2024-10-08
110309,Riya Singh,Female,38,Hyderabad,Telangana,2023-03-14
110310,Riya Kumar,Male,26,Coimbatore,Tamil Nadu,2023-04-24
110311,Aarav Agarwal,Female,36,Gurugram,Haryana,2024-06-21
110312,Priya Kumar,Male,40,Ahmedabad,Gujarat,2022-04-27
110313,Pooja Agarwal,Female,33,Mumbai,Maharashtra,2023-10-29
110314,Aditi Malhotra,Male,21,Bengaluru,Karnataka,2022-09-25
110315,Ananya Patel,Female,24,Hyderabad,Telangana,2024-10-23
110316,Aditi Sharma,Female,25,Pune,Maharashtra,2022-03-03
110317,Riya Malhotra,Male,18,Delhi,Delhi,2023-11-11
110318,Arjun Mishra,Male,42,Kolkata,West Bengal,2024-03-07
110319,Neha Iyer,Female,33,Bengaluru,Karnataka,2024-06-13
110320,Isha Mehta,Male,22,Chennai,Tamil Nadu,2023-12-08
110321,Riya Sharma,Female,45,Delhi,Delhi,2022-06-29
110322,Kavya Nair,Male,26,Bengaluru,Karnataka,2023-01-27
110323,Meera Joshi,Female,34,Ahmedabad,Gujarat,2024-06-25
110324,Aditya Gupta,Male,25,Pune,Maharashtra,2023-09-13
110325,Priya Kumar,Male,18,Noida,Uttar Pradesh,2024-07-09
110326,Neha Nair,Male,20,Lucknow,Uttar Pradesh,2024-06-25
110327,Aman Gupta,Male,28,Surat,Gujarat,2022-07-05
110328,Rahul Iyer,Male,40,Delhi,Delhi,2024-12-18
110329,Karan Verma,Female,35,Bengaluru,Karnataka,2024-10-26
110330,Pooja Mehta,Female,33,Chennai,Tamil Nadu,2023-04-30
110331,Aman Mehta,Female,18,Chandigarh,Chandigarh,2024-06-30
110332,Vikram Sharma,Female,43,Jaipur,Rajasthan,2023-07-15
110333,Vivaan Patel,Male,34,Pune,Maharashtra,2023-05-18
110334,Aarav Gupta,Female,31,Delhi,Delhi,2023-06-25
110335,Karan Mehta,Male,42,Pune,Maharashtra,2023-12-28
110336,Meera Singh,Female,43,Hyderabad,Telangana,2022-03-30
110337,Sneha Iyer,Male,42,Noida,Uttar Pradesh,2024-04-05
110338,Rahul Mehta,Male,30,Hyderabad,Telangana,2024-11-06
110339,Kavya Malhotra,Male,23,Bengaluru,Karnataka,2023-10-16
110340,Aman Mishra,Female,41,Delhi,Delhi,2023-03-15
110341,Karan Sharma,Male,20,Delhi,Delhi,2024-10-27
110342,Aditya Gupta,Female,50,Hyderabad,Telangana,2022-03-25
110343,Vivaan Patel,Male,32,Bengaluru,Karnataka,2024-03-20
110344,Isha Iyer,Female,22,Chennai,Tamil Nadu,2022-11-20
110345,Aditya Singh,Female,21,Lucknow,Uttar Pradesh,2023-10-25
110346,Neha Mishra,Male,21,Delhi,Delhi,2022-04-29
110347,Rohan Mishra,Male,33,Pune,Maharashtra,2022-11-03
110348,Isha Verma,Female,32,Surat,Gujarat,2023-05-06
110349,Aditya Reddy,Female,21,Pune,Maharashtra,2022-04-03
110350,Neha Iyer,Male,29,Pune,Maharashtra,2024-11-13
110351,Ananya Malhotra,Female,20,Pune,Maharashtra,2024-03-09
110352,Aditi Das,Female,37,Hyderabad,Telangana,2023-07-29
110353,Isha Patel,Male,32,Delhi,Delhi,2024-03-16
110354,Meera Joshi,Female,29,Delhi,Delhi,2022-12-05
110355,Kavya Mishra,Male,20,Mumbai,Maharashtra,2023-06-28
110356,Ananya Reddy,Male,29,Noida,Uttar Pradesh,2023-04-01
110357,Ananya Joshi,Female,28,Bengaluru,Karnataka,2023-09-03
110358,Rahul Reddy,Male,35,Kochi,Kerala,2023-04-21
110359,Meera Joshi,Male,34,Gurugram,Haryana,2024-01-04
110360,Aman Iyer,Female,39,Jaipur,Rajasthan,2023-05-30
110361,Pooja Iyer,Female,28,Lucknow,Uttar Pradesh,2024-12-18
110362,Vikram Singh,Female,18,Delhi,Delhi,2024-04-10
110363,Aarav Mehta,Female,41,Chennai,Tamil Nadu,2023-11-07
110364,Isha Patel,Female,24,Chandigarh,Chandigarh,2022-12-29
110365,Ananya Joshi,Male,22,Delhi,Delhi,2022-08-18
110366,Raj Agarwal,Male,32,Bengaluru,Karnataka,2023-01-18
110367,Priya Sharma,Female,35,Delhi,Delhi,2022-07-29
110368,Meera Patel,Male,27,Chennai,Tamil Nadu,2023-12-30
110369,Aman Verma,Female,27,Delhi,Delhi,2024-03-07
110370,Rahul Joshi,Female,28,Pune,Maharashtra,2022-03-07
110371,Vikram Das,Male,45,Lucknow,Uttar Pradesh,2023-04-27
110372,Vikram Mishra,Female,32,Mumbai,Maharashtra,2024-10-30
110373,Vikram Agarwal,Female,23,Ahmedabad,Gujarat,2024-07-14
110374,Rahul Mishra,Male,23,Delhi,Delhi,2022-05-11
110375,Arjun Nair,Other,30,Mumbai,Maharashtra,2022-01-11
110376,Kavya Joshi,Female,34,Bengaluru,Karnataka,2024-12-03
110377,Aditi Mehta,Male,36,Noida,Uttar Pradesh,2022-04-03
110378,Priya Mehta,Female,33,Surat,Gujarat,2023-03-06
110379,Meera Kumar,Female,24,Mumbai,Maharashtra,2023-11-08
110380,Raj Verma,Female,28,Delhi,Delhi,2023-09-28
110381,Vikram Gupta,Female,39,Surat,Gujarat,2024-05-09
110382,Pooja Agarwal,Female,22,Jaipur,Rajasthan,2023-08-19
110383,Aditya Iyer,Male,28,Mumbai,Maharashtra,2024-02-21
110384,Ananya Mishra,Female,37,Chennai,Tamil Nadu,2024-05-24
110385,Vivaan Mehta,Female,40,Indore,Madhya Pradesh,2022-01-02
110386,Priya Das,Male,30,Delhi,Delhi,2023-09-06
110387,Sneha Gupta,Male,28,Delhi,Delhi,2022-05-01
110388,Sneha Agarwal,Female,20,Bengaluru,Karnataka,2023-03-11
110389,Aarav Kumar,Female,37,Jaipur,Rajasthan,2024-09-03
110390,Aditi Verma,Female,44,Mumbai,Maharashtra,2024-04-04
110391,Raj Singh,Female,55,Gurugram,Haryana,2023-06-16
110392,Isha Mishra,Female,35,Ahmedabad,Gujarat,2024-06-22
110393,Isha Mishra,Female,32,Chennai,Tamil Nadu,2023-07-20
110394,Priya Malhotra,Female,24,Delhi,Delhi,2024-07-30
110395,Karan Mehta,Male,18,Nagpur,Maharashtra,2024-05-31
110396,Sneha Das,Female,34,Pune,Maharashtra,2022-09-08
110397,Vikram Patel,Female,53,Hyderabad,Telangana,2022-06-17
110398,Vikram Malhotra,Female,43,Nagpur,Maharashtra,2024-05-22
110399,Rohan Kumar,Female,42,Surat,Gujarat,2022-06-16
110400,Rohan Malhotra,Female,34,Pune,Maharashtra,2023-01-17
110401,Ananya Malhotra,Male,35,Hyderabad,Telangana,2022-12-30
110402,Priya Das,Male,18,Delhi,Delhi,2022-08-26
110403,Aditya Verma,Male,39,Patna,Bihar,2023-11-24
110404,Aditya Verma,Male,27,Surat,Gujarat,2022-04-01
110405,Aarav Gupta,Female,26,Bengaluru,Karnataka,2023-05-02
110406,Kavya Mehta,Male,29,Ahmedabad,Gujarat,2024-04-09
110407,Isha Mishra,Male,29,Ahmedabad,Gujarat,2023-10-04
110408,Aditya Mishra,Female,26,Mumbai,Maharashtra,2023-12-21
110409,Rahul Sharma,Female,32,Kolkata,West Bengal,2024-04-17
110410,Aarav Agarwal,Male,27,Bengaluru,Karnataka,2024-10-26
110411,Rohan Sharma,Female,33,Noida,Uttar Pradesh,2022-05-24
110412,Rahul Patel,Female,19,Mumbai,Maharashtra,2022-04-01
110413,Aditi Reddy,Male,30,Jaipur,Rajasthan,2022-03-28
110414,Aditi Reddy,Male,22,Bengaluru,Karnataka,2023-09-12
110415,Meera Verma,Female,26,Delhi,Delhi,2022-09-09
110416,Vivaan Gupta,Female,33,Delhi,Delhi,2023-10-05
110417,Raj Kumar,Female,18,Jaipur,Rajasthan,2024-12-03
110418,Arjun Sharma,Male,25,Mumbai,Maharashtra,2023-03-30
110419,Meera Verma,Male,37,Kolkata,West Bengal,2023-03-17
110420,Vivaan Malhotra,Female,19,Hyderabad,Telangana,2023-03-20
110421,Aarav Das,Male,48,Lucknow,Uttar Pradesh,2024-02-03
110422,Karan Iyer,Male,43,Pune,Maharashtra,2022-09-26
110423,Rohan Mishra,Female,28,Bengaluru,Karnataka,2024-05-01
110424,Priya Das,Male,25,Mumbai,Maharashtra,2024-04-01
110425,Isha Verma,Female,34,Bengaluru,Karnataka,2022-01-03
110426,Aman Malhotra,Female,19,Kolkata,West Bengal,2022-07-25
110427,Raj Malhotra,Male,18,Ahmedabad,Gujarat,2023-04-03
110428,Riya Verma,Female,28,Mumbai,Maharashtra,2024-11-21
110429,Pooja Patel,Male,31,Jaipur,Rajasthan,2023-10-05
110430,Rahul Verma,Female,33,Mumbai,Maharashtra,2023-10-09
110431,Neha Malhotra,Male,26,Mumbai,Maharashtra,2022-01-01
110432,Aman Gupta,Male,43,Chennai,Tamil Nadu,2022-02-23
110433,Riya Verma,Female,19,Bengaluru,Karnataka,2022-12-09
110434,Isha Malhotra,Male,22,Jaipur,Rajasthan,2023-11-25
110435,Vikram Nair,Female,36,Kochi,Kerala,2024-09-13
110436,Raj Sharma,Male,22,Mumbai,Maharashtra,2023-01-31
110437,Priya Das,Male,21,Chennai,Tamil Nadu,2024-11-28
110438,Ananya Reddy,Female,33,Patna,Bihar,2022-01-24
110439,Rohan Nair,Male,23,Mumbai,Maharashtra,2022-08-05
110440,Isha Iyer,Male,31,Hyderabad,Telangana,2022-03-05
110441,Neha Kumar,Female,26,Delhi,Delhi,2022-05-21
110442,Riya Patel,Female,24,Kolkata,West Bengal,2023-01-13
110443,Raj Reddy,Female,18,Jaipur,Rajasthan,2023-08-26
110444,Priya Mehta,Female,33,Jaipur,Rajasthan,2023-12-26
110445,Vikram Iyer,Male,21,Chennai,Tamil Nadu,2024-08-11
110446,Raj Reddy,Female,30,Ahmedabad,Gujarat,2022-07-13
110447,Ananya Singh,Male,27,Delhi,Delhi,2022-07-09
110448,Vikram Agarwal,Female,30,Kochi,Kerala,2024-02-07
110449,Rahul Nair,Male,31,Mumbai,Maharashtra,2022-04-23
110450,Rahul Sharma,Other,34,Delhi,Delhi,2024-02-28
110451,Aditya Sharma,Female,25,Chandigarh,Chandigarh,2022-07-05
110452,Meera Mishra,Female,43,Gurugram,Haryana,2023-08-28
110453,Arjun Gupta,Female,18,Ahmedabad,Gujarat,2022-08-26
110454,Arjun Agarwal,Female,30,Delhi,Delhi,2023-01-24
110455,Rahul Gupta,Female,40,Noida,Uttar Pradesh,2024-04-01
110456,Aditya Patel,Male,36,Kolkata,West Bengal,2024-02-05
110457,Ananya Nair,Male,23,Ahmedabad,Gujarat,2022-03-16
110458,Ananya Malhotra,Male,25,Coimbatore,Tamil Nadu,2023-12-31
110459,Vikram Nair,Male,23,Mumbai,Maharashtra,2023-11-20
110460,Isha Mehta,Female,37,Pune,Maharashtra,2022-09-05
110461,Sneha Verma,Female,25,Ahmedabad,Gujarat,2022-07-14
110462,Kavya Nair,Female,34,Hyderabad,Telangana,2023-04-01
110463,Meera Patel,Female,34,Delhi,Delhi,2024-04-23
110464,Karan Mishra,Female,53,Delhi,Delhi,2024-12-26
110465,Isha Reddy,Male,35,Kolkata,West Bengal,2024-06-16
110466,Vivaan Kumar,Male,25,Bengaluru,Karnataka,2022-06-16
110467,Rohan Mehta,Male,19,Mumbai,Maharashtra,2024-10-24
110468,Karan Kumar,Male,30,Bengaluru,Karnataka,2024-06-05
110469,Aditya Sharma,Female,31,Mumbai,Maharashtra,2024-10-05
110470,Vivaan Das,Female,18,Delhi,Delhi,2022-06-07
110471,Aman Mehta,Female,26,Mumbai,Maharashtra,2024-09-16
110472,Rohan Das,Female,35,Indore,Madhya Pradesh,2022-01-16
110473,Isha Agarwal,Female,27,Delhi,Delhi,2022-01-24
110474,Priya Iyer,Male,41,Ahmedabad,Gujarat,2023-09-30
110475,Ananya Agarwal,Female,18,Ahmedabad,Gujarat,2022-10-30
110476,Rahul Das,Male,38,Chennai,Tamil Nadu,2023-02-22
110477,Ananya Nair,Male,40,Mumbai,Maharashtra,2022-11-30
110478,Sneha Reddy,Male,41,Indore,Madhya Pradesh,2024-01-19
110479,Ananya Mishra,Male,18,Pune,Maharashtra,2022-02-05
110480,Meera Das,Male,35,Mumbai,Maharashtra,2024-10-01
110481,Rohan Sharma,Male,26,Hyderabad,Telangana,2022-07-27
110482,Rohan Patel,Female,19,Mumbai,Maharashtra,2024-05-15
110483,Sneha Verma,Female,28,Hyderabad,Telangana,2022-06-21
110484,Isha Mishra,Male,24,Pune,Maharashtra,2022-11-11
110485,Ananya Gupta,Male,40,Bengaluru,Karnataka,2023-03-27
110486,Vivaan Mishra,Female,37,Jaipur,Rajasthan,2023-03-02
110487,Rahul Singh,Male,22,Chandigarh,Chandigarh,2022-10-15
110488,Riya Malhotra,Female,25,Bengaluru,Karnataka,2022-06-02
110489,Isha Patel,Female,29,Bengaluru,Karnataka,2023-02-03
110490,Karan Nair,Male,31,Ahmedabad,Gujarat,2023-07-27
110491,Rohan Mehta,Male,41,Chennai,Tamil Nadu,2023-12-24
110492,Vivaan Iyer,Male,38,Hyderabad,Telangana,2022-12-01
110493,Aarav Reddy,Male,32,Gurugram,Haryana,2022-10-04
110494,Aditi Nair,Male,30,Indore,Madhya Pradesh,2022-03-28
110495,Ananya Iyer,Female,18,Chennai,Tamil Nadu,2023-06-28
110496,Pooja Kumar,Male,44,Mumbai,Maharashtra,2022-03-26
110497,Ananya Sharma,Female,28,Pune,Maharashtra,2022-04-17
110498,Arjun Agarwal,Female,46,Pune,Maharashtra,2023-03-13
110499,Riya Singh,Male,34,Hyderabad,Telangana,2024-09-05
110500,Karan Gupta,Male,50,Bengaluru,Karnataka,2022-05-30
110501,Ananya Reddy,Male,37,Pune,Maharashtra,2024-08-22
110502,Riya Patel,Male,19,Hyderabad,Telangana,2024-10-12
110503,Riya Mehta,Female,26,Mumbai,Maharashtra,2024-01-14
110504,Riya Malhotra,Male,30,Bhopal,Madhya Pradesh,2024-12-05
110505,Pooja Mishra,Female,24,Indore,Madhya Pradesh,2023-12-16
110506,Pooja Singh,Male,29,Ahmedabad,Gujarat,2024-02-29
110507,Sneha Iyer,Male,20,Hyderabad,Telangana,2022-11-13
110508,Vivaan Agarwal,Female,32,Hyderabad,Telangana,2024-07-08
110509,Meera Joshi,Female,34,Lucknow,Uttar Pradesh,2023-06-07
110510,Raj Joshi,Male,23,Kolkata,West Bengal,2022-01-15
110511,Neha Sharma,Male,49,Kolkata,West Bengal,2024-03-06
110512,Raj Kumar,Female,33,Delhi,Delhi,2024-03-29
110513,Aarav Mehta,Male,25,Kolkata,West Bengal,2022-08-06
110514,Meera Reddy,Male,18,Bhopal,Madhya Pradesh,2022-05-20
110515,Aditya Agarwal,Female,33,Delhi,Delhi,2023-01-07
110516,Sneha Mishra,Female,30,Bengaluru,Karnataka,2024-04-28
110517,Neha Mishra,Female,39,Pune,Maharashtra,2022-09-26
110518,Pooja Malhotra,Female,31,Jaipur,Rajasthan,2022-03-09
110519,Vikram Mishra,Female,21,Delhi,Delhi,2023-04-16
110520,Ananya Das,Female,47,Indore,Madhya Pradesh,2022-05-02
110521,Meera Singh,Female,36,Delhi,Delhi,2024-03-06
110522,Neha Patel,Female,30,Surat,Gujarat,2024-01-29
110523,Raj Mishra,Female,33,Delhi,Delhi,2022-05-31
110524,Vivaan Das,Male,36,Mumbai,Maharashtra,2024-05-29
110525,Vikram Reddy,Male,19,Noida,Uttar Pradesh,2023-10-14
110526,Meera Patel,Female,33,Surat,Gujarat,2024-10-01
110527,Priya Patel,Female,28,Coimbatore,Tamil Nadu,2022-07-11
110528,Aarav Joshi,Male,37,Delhi,Delhi,2022-12-11
110529,Vikram Sharma,Female,25,Chennai,Tamil Nadu,2022-08-14
110530,Vikram Das,Male,27,Delhi,Delhi,2022-08-30
110531,Neha Singh,Female,47,Mumbai,Maharashtra,2024-06-02
110532,Priya Sharma,Female,43,Mumbai,Maharashtra,2022-04-09
110533,Sneha Sharma,Female,18,Delhi,Delhi,2022-05-10
110534,Aditya Iyer,Male,42,Indore,Madhya Pradesh,2022-06-17
110535,Aman Joshi,Female,31,Delhi,Delhi,2022-09-06
110536,Kavya Mehta,Male,26,Kolkata,West Bengal,2022-09-27
110537,Aarav Joshi,Male,23,Kolkata,West Bengal,2023-04-17
110538,Raj Iyer,Male,23,Mumbai,Maharashtra,2023-03-30
110539,Pooja Reddy,Female,26,Nagpur,Maharashtra,2023-02-05
110540,Vivaan Agarwal,Male,22,Bengaluru,Karnataka,2022-05-02
110541,Meera Singh,Male,20,Bhopal,Madhya Pradesh,2023-01-08
110542,Kavya Reddy,Female,23,Kochi,Kerala,2023-10-27
110543,Kavya Patel,Female,35,Kochi,Kerala,2024-01-02
110544,Arjun Das,Female,32,Ahmedabad,Gujarat,2024-11-06
110545,Vikram Mishra,Female,37,Bengaluru,Karnataka,2024-10-11
110546,Priya Joshi,Male,31,Delhi,Delhi,2022-10-05
110547,Ananya Gupta,Female,20,Chennai,Tamil Nadu,2022-05-02
110548,Kavya Reddy,Female,36,Bengaluru,Karnataka,2024-05-28
110549,Karan Sharma,Male,23,Gurugram,Haryana,2022-11-05
110550,Sneha Verma,Male,38,Ahmedabad,Gujarat,2023-03-29
110551,Ananya Reddy,Male,22,Bengaluru,Karnataka,2022-08-24
110552,Vikram Agarwal,Male,26,Delhi,Delhi,2023-08-06
110553,Aarav Verma,Female,29,Mumbai,Maharashtra,2023-11-30
110554,Rahul Mishra,Female,38,Chennai,Tamil Nadu,2024-05-31
110555,Aman Gupta,Female,34,Delhi,Delhi,2024-10-31
110556,Raj Reddy,Female,32,Jaipur,Rajasthan,2022-08-04
110557,Aman Mehta,Male,49,Jaipur,Rajasthan,2022-02-11
110558,Rohan Mishra,Female,18,Mumbai,Maharashtra,2024-03-03
110559,Sneha Singh,Male,23,Kolkata,West Bengal,2022-08-09
110560,Rohan Kumar,Female,22,Kolkata,West Bengal,2024-04-08
110561,Arjun Iyer,Male,18,Pune,Maharashtra,2022-04-10
110562,Raj Patel,Female,26,Kochi,Kerala,2023-08-14
110563,Kavya Nair,Male,38,Delhi,Delhi,2024-01-06
110564,Kavya Reddy,Male,27,Hyderabad,Telangana,2022-03-05
110565,Aditya Verma,Male,29,Indore,Madhya Pradesh,2023-12-06
110566,Rahul Das,Female,18,Hyderabad,Telangana,2022-12-01
110567,Arjun Das,Female,25,Hyderabad,Telangana,2022-07-02
110568,Aarav Singh,Male,28,Jaipur,Rajasthan,2022-05-14
110569,Aditya Iyer,Female,38,Jaipur,Rajasthan,2022-10-16
110570,Aman Gupta,Female,18,Delhi,Delhi,2022-04-11
110571,Arjun Iyer,Female,28,Pune,Maharashtra,2023-03-21
110572,Neha Kumar,Female,42,Bengaluru,Karnataka,2024-05-14
110573,Arjun Joshi,Male,28,Kolkata,West Bengal,2022-01-13
110574,Kavya Agarwal,Male,18,Chennai,Tamil Nadu,2024-11-28
110575,Riya Verma,Female,44,Jaipur,Rajasthan,2022-09-08
110576,Isha Reddy,Female,39,Jaipur,Rajasthan,2024-04-09
110577,Pooja Patel,Female,40,Bengaluru,Karnataka,2023-07-16
110578,Aditya Kumar,Female,18,Mumbai,Maharashtra,2022-07-31
110579,Aditya Kumar,Male,46,Hyderabad,Telangana,2022-01-28
110580,Rohan Mehta,Female,25,Mumbai,Maharashtra,2023-06-03
110581,Karan Joshi,Male,27,Jaipur,Rajasthan,2023-06-07
110582,Aman Nair,Other,26,Kolkata,West Bengal,2024-04-13
110583,Aarav Mishra,Male,41,Mumbai,Maharashtra,2022-03-29
110584,Pooja Iyer,Female,30,Indore,Madhya Pradesh,2022-06-04
110585,Aditya Verma,Female,36,Pune,Maharashtra,2024-10-20
110586,Rohan Gupta,Male,33,Delhi,Delhi,2022-07-29
110587,Ananya Gupta,Male,31,Mumbai,Maharashtra,2023-06-10
110588,Riya Das,Female,23,Chennai,Tamil Nadu,2022-03-20
110589,Kavya Singh,Female,48,Bengaluru,Karnataka,2023-04-29
110590,Isha Mishra,Male,19,Surat,Gujarat,2023-07-14
110591,Aditi Sharma,Female,36,Pune,Maharashtra,2024-05-20
110592,Ananya Das,Female,35,Patna,Bihar,2023-10-29
110593,Priya Iyer,Male,42,Delhi,Delhi,2023-06-24
110594,Sneha Verma,Male,44,Jaipur,Rajasthan,2023-07-29
110595,Riya Iyer,Female,31,Indore,Madhya Pradesh,2023-12-23
110596,Priya Singh,Female,37,Bengaluru,Karnataka,2022-03-03
110597,Rohan Singh,Female,48,Mumbai,Maharashtra,2024-04-07
110598,Pooja Reddy,Female,31,Pune,Maharashtra,2022-01-24
110599,Isha Iyer,Male,22,Kochi,Kerala,2023-11-12
110600,Meera Nair,Male,29,Kolkata,West Bengal,2024-10-24
110601,Aditya Nair,Male,20,Jaipur,Rajasthan,2022-03-13
110602,Vikram Das,Male,35,Jaipur,Rajasthan,2024-04-27
110603,Isha Joshi,Female,42,Delhi,Delhi,2022-09-27
110604,Neha Mehta,Female,31,Hyderabad,Telangana,2024-07-24
110605,Ananya Reddy,Male,18,Delhi,Delhi,2023-06-22
110606,Aditi Singh,Male,41,Bengaluru,Karnataka,2023-11-29
110607,Vivaan Sharma,Female,18,Gurugram,Haryana,2024-03-26
110608,Neha Singh,Female,18,Jaipur,Rajasthan,2024-06-04
110609,Aarav Malhotra,Female,30,Nagpur,Maharashtra,2023-03-28
110610,Aditi Sharma,Female,34,Mumbai,Maharashtra,2023-12-15
110611,Aditi Reddy,Female,36,Hyderabad,Telangana,2022-03-25
110612,Ananya Mehta,Female,31,Gurugram,Haryana,2024-09-24
110613,Aarav Kumar,Male,48,Mumbai,Maharashtra,2023-06-13
110614,Neha Verma,Male,33,Mumbai,Maharashtra,2022-10-18
110615,Rahul Das,Male,41,Hyderabad,Telangana,2023-07-16
110616,Arjun Malhotra,Female,39,Hyderabad,Telangana,2022-06-10
110617,Riya Joshi,Female,20,Coimbatore,Tamil Nadu,2023-09-17
110618,Arjun Malhotra,Female,30,Pune,Maharashtra,2022-10-21
110619,Rahul Agarwal,Male,51,Surat,Gujarat,2022-02-02
110620,Isha Joshi,Male,27,Indore,Madhya Pradesh,2023-08-18
110621,Kavya Nair,Male,26,Mumbai,Maharashtra,2024-01-06
110622,Ananya Verma,Male,34,Lucknow,Uttar Pradesh,2024-07-19
110623,Pooja Iyer,Female,28,Bengaluru,Karnataka,2024-06-26
110624,Vivaan Iyer,Female,25,Delhi,Delhi,2024-06-01
110625,Ananya Singh,Female,28,Indore,Madhya Pradesh,2023-01-02
110626,Raj Joshi,Female,45,Bengaluru,Karnataka,2023-10-10
110627,Sneha Patel,Female,31,Bengaluru,Karnataka,2023-01-26
110628,Vivaan Das,Female,20,Bengaluru,Karnataka,2024-12-28
110629,Arjun Sharma,Male,18,Mumbai,Maharashtra,2023-08-13
110630,Raj Reddy,Female,52,Hyderabad,Telangana,2024-07-19
110631,Rahul Nair,Female,30,Hyderabad,Telangana,2024-04-11
110632,Aman Das,Female,36,Hyderabad,Telangana,2024-03-10
110633,Priya Gupta,Male,25,Patna,Bihar,2022-06-25
110634,Aman Kumar,Male,35,Bengaluru,Karnataka,2023-12-09
110635,Sneha Verma,Male,45,Delhi,Delhi,2023-02-04
110636,Riya Kumar,Female,26,Mumbai,Maharashtra,2022-04-02
110637,Aditya Agarwal,Male,36,Lucknow,Uttar Pradesh,2022-07-16
110638,Raj Nair,Female,19,Chennai,Tamil Nadu,2024-03-11
110639,Raj Mehta,Female,50,Kochi,Kerala,2023-08-09
110640,Aarav Sharma,Male,34,Lucknow,Uttar Pradesh,2024-10-11
110641,Raj Kumar,Female,28,Mumbai,Maharashtra,2022-10-12
110642,Rohan Nair,Female,29,Delhi,Delhi,2024-12-10
110643,Aditya Das,Male,27,Pune,Maharashtra,2024-03-31
110644,Rahul Mishra,Female,28,Jaipur,Rajasthan,2022-09-10
110645,Riya Malhotra,Male,18,Mumbai,Maharashtra,2024-08-19
110646,Pooja Das,Male,31,Kolkata,West Bengal,2023-08-25
110647,Arjun Kumar,Female,31,Surat,Gujarat,2024-02-08
110648,Arjun Verma,Female,36,Lucknow,Uttar Pradesh,2024-11-28
110649,Aman Iyer,Other,27,Jaipur,Rajasthan,2023-10-18
110650,Ananya Kumar,Female,25,Noida,Uttar Pradesh,2022-01-30
110651,Arjun Gupta,Female,32,Delhi,Delhi,2022-10-03
110652,Meera Singh,Female,18,Mumbai,Maharashtra,2024-03-04
110653,Meera Iyer,Female,33,Delhi,Delhi,2022-09-23
110654,Aditya Singh,Female,18,Mumbai,Maharashtra,2024-07-02
110655,Vivaan Patel,Male,42,Patna,Bihar,2024-03-05
110656,Raj Das,Female,38,Mumbai,Maharashtra,2022-06-23
110657,Kavya Iyer,Male,24,Jaipur,Rajasthan,2022-09-05
110658,Kavya Mishra,Female,38,Lucknow,Uttar Pradesh,2024-03-10
110659,Aditya Iyer,Male,33,Jaipur,Rajasthan,2024-03-03
110660,Kavya Mishra,Female,23,Chennai,Tamil Nadu,2022-10-08
110661,Meera Das,Male,18,Pune,Maharashtra,2024-03-28
110662,Kavya Patel,Male,35,Hyderabad,Telangana,2024-06-10
110663,Kavya Reddy,Female,25,Patna,Bihar,2022-01-17
110664,Raj Verma,Male,42,Delhi,Delhi,2023-01-24
110665,Priya Iyer,Female,32,Delhi,Delhi,2023-09-24
110666,Vivaan Patel,Male,26,Pune,Maharashtra,2024-12-05
110667,Sneha Verma,Male,48,Bengaluru,Karnataka,2022-09-19
110668,Ananya Patel,Male,37,Hyderabad,Telangana,2023-07-08
110669,Vivaan Gupta,Female,18,Nagpur,Maharashtra,2024-03-30
110670,Aditya Verma,Male,28,Noida,Uttar Pradesh,2024-04-25
110671,Meera Sharma,Female,20,Indore,Madhya Pradesh,2024-09-16
110672,Arjun Mishra,Male,25,Hyderabad,Telangana,2022-04-05
110673,Isha Sharma,Male,31,Mumbai,Maharashtra,2022-09-13
110674,Isha Iyer,Male,35,Ahmedabad,Gujarat,2024-03-21
110675,Aditi Mehta,Male,34,Noida,Uttar Pradesh,2024-01-27
110676,Kavya Verma,Female,42,Chennai,Tamil Nadu,2024-02-15
110677,Aman Gupta,Female,38,Bhopal,Madhya Pradesh,2022-11-19
110678,Meera Joshi,Female,37,Coimbatore,Tamil Nadu,2024-10-16
110679,Vikram Verma,Male,34,Pune,Maharashtra,2024-10-02
110680,Ananya Gupta,Male,44,Mumbai,Maharashtra,2023-08-28
110681,Rohan Reddy,Male,29,Pune,Maharashtra,2022-04-02
110682,Meera Nair,Female,29,Nagpur,Maharashtra,2022-11-20
110683,Arjun Reddy,Male,18,Bengaluru,Karnataka,2022-05-09
110684,Aarav Agarwal,Female,42,Kolkata,West Bengal,2024-01-16
110685,Karan Nair,Male,31,Lucknow,Uttar Pradesh,2024-10-15
110686,Rahul Gupta,Male,58,Mumbai,Maharashtra,2022-09-28
110687,Riya Singh,Male,28,Chennai,Tamil Nadu,2023-02-27
110688,Sneha Sharma,Male,33,Bengaluru,Karnataka,2022-06-27
110689,Riya Mishra,Female,37,Surat,Gujarat,2022-10-30
110690,Aman Malhotra,Male,22,Lucknow,Uttar Pradesh,2023-10-23
110691,Karan Agarwal,Female,35,Gurugram,Haryana,2022-10-31
110692,Kavya Singh,Male,32,Mumbai,Maharashtra,2023-07-15
110693,Vivaan Mehta,Female,29,Delhi,Delhi,2023-01-03
110694,Karan Malhotra,Male,43,Surat,Gujarat,2023-02-20
110695,Priya Singh,Female,24,Hyderabad,Telangana,2023-11-28
110696,Riya Patel,Female,34,Mumbai,Maharashtra,2022-11-07
110697,Aditi Gupta,Female,45,Delhi,Delhi,2023-12-01
110698,Priya Malhotra,Male,26,Pune,Maharashtra,2024-03-10
110699,Sneha Mishra,Female,29,Mumbai,Maharashtra,2022-03-11
110700,Meera Patel,Male,53,Chennai,Tamil Nadu,2022-01-02
110701,Aman Singh,Male,36,Lucknow,Uttar Pradesh,2024-12-03
110702,Pooja Das,Male,27,Chennai,Tamil Nadu,2023-10-20
110703,Arjun Nair,Male,39,Bhopal,Madhya Pradesh,2024-12-06
110704,Sneha Patel,Other,27,Mumbai,Maharashtra,2023-09-25
110705,Pooja Agarwal,Male,18,Pune,Maharashtra,2024-03-10
110706,Aarav Verma,Female,44,Mumbai,Maharashtra,2022-05-09
110707,Priya Malhotra,Female,22,Indore,Madhya Pradesh,2024-07-15
110708,Karan Nair,Female,54,Chandigarh,Chandigarh,2023-01-04
110709,Aman Nair,Female,28,Hyderabad,Telangana,2022-08-10
110710,Rahul Malhotra,Male,51,Bengaluru,Karnataka,2024-01-12
110711,Rohan Das,Female,20,Bengaluru,Karnataka,2022-04-26
110712,Meera Verma,Male,41,Surat,Gujarat,2023-11-27
110713,Vikram Gupta,Female,36,Jaipur,Rajasthan,2022-11-04
110714,Vivaan Singh,Female,40,Indore,Madhya Pradesh,2022-01-17
110715,Vikram Nair,Female,41,Delhi,Delhi,2024-01-08
110716,Vivaan Nair,Male,28,Pune,Maharashtra,2023-04-12
110717,Aditya Reddy,Male,20,Jaipur,Rajasthan,2023-11-08
110718,Priya Gupta,Male,32,Bhopal,Madhya Pradesh,2023-02-12
110719,Karan Patel,Male,34,Hyderabad,Telangana,2022-06-29
110720,Arjun Malhotra,Male,28,Bengaluru,Karnataka,2023-01-21
110721,Aarav Reddy,Female,34,Bhopal,Madhya Pradesh,2022-09-01
110722,Karan Nair,Male,35,Delhi,Delhi,2024-11-20
110723,Arjun Das,Female,24,Pune,Maharashtra,2023-07-12
110724,Aarav Mehta,Female,36,Pune,Maharashtra,2024-01-31
110725,Arjun Kumar,Female,30,Mumbai,Maharashtra,2024-04-27
110726,Karan Agarwal,Male,26,Hyderabad,Telangana,2022-02-04
110727,Rahul Gupta,Male,39,Lucknow,Uttar Pradesh,2023-11-06
110728,Arjun Das,Male,25,Hyderabad,Telangana,2023-04-16
110729,Aditi Kumar,Male,28,Bengaluru,Karnataka,2023-08-14
110730,Sneha Mehta,Female,33,Noida,Uttar Pradesh,2022-11-02
110731,Riya Reddy,Male,44,Nagpur,Maharashtra,2023-05-12
110732,Aman Agarwal,Female,34,Noida,Uttar Pradesh,2022-11-03
110733,Karan Das,Female,37,Surat,Gujarat,2022-09-17
110734,Rahul Singh,Female,29,Chandigarh,Chandigarh,2022-09-11
110735,Priya Kumar,Male,31,Noida,Uttar Pradesh,2022-01-14
110736,Karan Das,Male,32,Coimbatore,Tamil Nadu,2022-06-24
110737,Vikram Agarwal,Female,35,Ahmedabad,Gujarat,2022-10-28
110738,Isha Patel,Male,29,Jaipur,Rajasthan,2023-07-09
110739,Sneha Sharma,Male,44,Lucknow,Uttar Pradesh,2023-06-13
110740,Aman Sharma,Male,29,Bhopal,Madhya Pradesh,2023-04-09
110741,Sneha Agarwal,Male,18,Jaipur,Rajasthan,2022-08-12
110742,Rohan Sharma,Female,57,Ahmedabad,Gujarat,2023-07-22
110743,Vivaan Nair,Male,29,Mumbai,Maharashtra,2022-06-03
110744,Neha Joshi,Female,44,Bhopal,Madhya Pradesh,2023-07-30
110745,Raj Singh,Male,45,Hyderabad,Telangana,2022-03-05
110746,Sneha Verma,Female,41,Mumbai,Maharashtra,2024-09-21
110747,Raj Gupta,Female,30,Noida,Uttar Pradesh,2024-11-14
110748,Raj Patel,Female,35,Bengaluru,Karnataka,2023-04-01
110749,Rohan Mehta,Male,21,Mumbai,Maharashtra,2023-06-28
110750,Aarav Agarwal,Male,50,Bengaluru,Karnataka,2023-02-08
110751,Riya Verma,Male,24,Delhi,Delhi,2024-08-11
110752,Meera Agarwal,Female,30,Delhi,Delhi,2024-09-13
110753,Aditi Patel,Female,33,Kolkata,West Bengal,2022-11-06
110754,Vikram Agarwal,Female,31,Surat,Gujarat,2023-09-15
110755,Karan Nair,Male,26,Hyderabad,Telangana,2022-04-03
110756,Aman Das,Female,45,Kolkata,West Bengal,2022-11-01
110757,Isha Mehta,Male,41,Gurugram,Haryana,2022-07-17
110758,Aman Gupta,Female,35,Bengaluru,Karnataka,2022-08-24
110759,Isha Singh,Male,28,Jaipur,Rajasthan,2024-05-24
110760,Neha Mishra,Female,42,Bengaluru,Karnataka,2024-12-23
110761,Rahul Sharma,Male,28,Kolkata,West Bengal,2022-10-29
110762,Vikram Reddy,Male,46,Mumbai,Maharashtra,2023-04-13
110763,Isha Mehta,Female,33,Coimbatore,Tamil Nadu,2022-07-09
110764,Vikram Joshi,Male,43,Delhi,Delhi,2023-03-21
110765,Riya Reddy,Female,31,Pune,Maharashtra,2024-10-04
110766,Rahul Verma,Female,33,Bengaluru,Karnataka,2024-11-24
110767,Aman Nair,Female,43,Kolkata,West Bengal,2022-06-15
110768,Aditi Joshi,Male,52,Hyderabad,Telangana,2024-10-25
110769,Aman Nair,Male,46,Bengaluru,Karnataka,2022-08-12
110770,Arjun Patel,Female,40,Mumbai,Maharashtra,2022-02-01
110771,Riya Iyer,Male,37,Mumbai,Maharashtra,2022-03-29
110772,Raj Nair,Female,27,Noida,Uttar Pradesh,2024-02-24
110773,Priya Sharma,Male,35,Mumbai,Maharashtra,2022-11-05
110774,Aditya Malhotra,Male,24,Ahmedabad,Gujarat,2023-09-29
110775,Arjun Singh,Male,35,Pune,Maharashtra,2022-11-30
110776,Raj Patel,Male,36,Delhi,Delhi,2024-04-16
110777,Vikram Iyer,Male,18,Mumbai,Maharashtra,2023-12-06
110778,Kavya Das,Female,32,Indore,Madhya Pradesh,2024-08-06
110779,Pooja Malhotra,Female,36,Kolkata,West Bengal,2024-11-29
110780,Riya Mishra,Male,31,Mumbai,Maharashtra,2024-06-10
110781,Rohan Reddy,Female,35,Lucknow,Uttar Pradesh,2023-03-21
110782,Isha Joshi,Female,20,Gurugram,Haryana,2023-11-12
110783,Aarav Gupta,Female,25,Bengaluru,Karnataka,2024-01-11
110784,Aarav Kumar,Female,41,Chennai,Tamil Nadu,2024-10-29
110785,Kavya Mehta,Female,32,Bengaluru,Karnataka,2024-08-27
110786,Meera Kumar,Male,35,Delhi,Delhi,2024-07-13
110787,Aarav Agarwal,Male,27,Hyderabad,Telangana,2023-08-02
110788,Karan Gupta,Male,32,Ahmedabad,Gujarat,2023-12-12
110789,Arjun Nair,Female,18,Pune,Maharashtra,2022-09-19
110790,Raj Nair,Male,40,Hyderabad,Telangana,2024-05-04
110791,Sneha Patel,Female,48,Hyderabad,Telangana,2023-03-13
110792,Aman Malhotra,Male,22,Pune,Maharashtra,2023-09-08
110793,Karan Reddy,Female,24,Bengaluru,Karnataka,2024-10-25
110794,Priya Reddy,Male,36,Kolkata,West Bengal,2024-12-06
110795,Pooja Malhotra,Male,45,Delhi,Delhi,2024-12-27
110796,Meera Kumar,Male,32,Noida,Uttar Pradesh,2022-10-22
110797,Arjun Mehta,Male,21,Mumbai,Maharashtra,2023-02-05
110798,Isha Malhotra,Male,30,Kolkata,West Bengal,2024-10-08
110799,Karan Mishra,Female,23,Hyderabad,Telangana,2022-11-02
110800,Vikram Kumar,Male,26,Ahmedabad,Gujarat,2023-10-07
110801,Vivaan Das,Male,29,Gurugram,Haryana,2023-09-29
110802,Ananya Kumar,Female,24,Mumbai,Maharashtra,2023-08-29
110803,Isha Iyer,Male,25,Jaipur,Rajasthan,2023-01-16
110804,Vikram Joshi,Female,33,Mumbai,Maharashtra,2022-09-20
110805,Ananya Agarwal,Other,34,Delhi,Delhi,2023-10-22
110806,Vikram Mehta,Male,19,Patna,Bihar,2023-02-19
110807,Kavya Sharma,Male,36,Mumbai,Maharashtra,2023-11-01
110808,Aditya Verma,Male,29,Mumbai,Maharashtra,2022-08-28
110809,Meera Mishra,Female,38,Delhi,Delhi,2022-05-19
110810,Rahul Singh,Female,39,Pune,Maharashtra,2024-08-12
110811,Sneha Das,Female,27,Patna,Bihar,2024-12-14
110812,Vivaan Singh,Female,38,Bengaluru,Karnataka,2023-01-18
110813,Neha Mehta,Male,24,Chennai,Tamil Nadu,2022-02-21
110814,Kavya Nair,Female,44,Hyderabad,Telangana,2023-11-10
110815,Aditya Verma,Female,25,Bengaluru,Karnataka,2022-04-05
110816,Kavya Agarwal,Female,35,Chennai,Tamil Nadu,2023-05-27
110817,Rahul Singh,Female,30,Chennai,Tamil Nadu,2023-05-31
110818,Karan Singh,Female,23,Bengaluru,Karnataka,2023-11-20
110819,Aditi Verma,Male,40,Surat,Gujarat,2024-01-19
110820,Vivaan Patel,Male,26,Delhi,Delhi,2023-04-17
110821,Aarav Mishra,Female,18,Delhi,Delhi,2024-12-15
110822,Meera Mehta,Male,18,Nagpur,Maharashtra,2023-01-18
110823,Arjun Patel,Female,24,Ahmedabad,Gujarat,2024-11-12
110824,Meera Mishra,Male,44,Noida,Uttar Pradesh,2024-08-24
110825,Neha Mishra,Female,43,Kolkata,West Bengal,2022-11-22
110826,Karan Verma,Female,26,Hyderabad,Telangana,2022-01-15
110827,Ananya Mishra,Male,29,Kolkata,West Bengal,2023-06-21
110828,Vikram Malhotra,Female,28,Delhi,Delhi,2024-06-22
110829,Arjun Verma,Female,20,Ahmedabad,Gujarat,2024-03-23
110830,Aman Iyer,Female,23,Chennai,Tamil Nadu,2024-08-26
110831,Pooja Joshi,Male,41,Kochi,Kerala,2024-06-10
110832,Vikram Sharma,Male,37,Kolkata,West Bengal,2024-02-17
110833,Isha Nair,Male,34,Mumbai,Maharashtra,2024-02-15
110834,Aman Joshi,Male,20,Pune,Maharashtra,2022-04-01
110835,Rohan Reddy,Female,33,Delhi,Delhi,2024-12-26
110836,Aarav Mishra,Female,18,Ahmedabad,Gujarat,2022-09-21
110837,Isha Das,Female,40,Pune,Maharashtra,2024-10-11
110838,Karan Iyer,Female,34,Hyderabad,Telangana,2023-09-05
110839,Sneha Mishra,Female,20,Coimbatore,Tamil Nadu,2023-10-20
110840,Ananya Verma,Male,47,Chandigarh,Chandigarh,2024-10-22
110841,Aditya Joshi,Female,18,Kochi,Kerala,2024-07-03
110842,Meera Singh,Male,37,Mumbai,Maharashtra,2022-06-11
110843,Meera Patel,Female,37,Lucknow,Uttar Pradesh,2022-09-22
110844,Aarav Mehta,Male,21,Chandigarh,Chandigarh,2022-04-24
110845,Aditi Mishra,Male,32,Chennai,Tamil Nadu,2024-08-25
110846,Aditi Iyer,Female,18,Mumbai,Maharashtra,2023-10-04
110847,Neha Joshi,Female,18,Gurugram,Haryana,2023-03-02
110848,Rohan Sharma,Female,22,Indore,Madhya Pradesh,2022-05-28
110849,Arjun Reddy,Female,26,Lucknow,Uttar Pradesh,2023-03-17
110850,Meera Sharma,Male,38,Bengaluru,Karnataka,2024-03-09
110851,Aman Singh,Female,33,Mumbai,Maharashtra,2024-01-08
110852,Rohan Das,Male,33,Kolkata,West Bengal,2023-01-24
110853,Rohan Singh,Female,23,Pune,Maharashtra,2022-07-30
110854,Vivaan Nair,Female,27,Jaipur,Rajasthan,2024-01-31
110855,Rohan Singh,Male,24,Delhi,Delhi,2022-10-07
110856,Karan Singh,Female,21,Mumbai,Maharashtra,2024-03-22
110857,Rahul Patel,Female,27,Bengaluru,Karnataka,2022-09-20
110858,Neha Sharma,Male,33,Bengaluru,Karnataka,2022-07-15
110859,Neha Singh,Female,27,Kolkata,West Bengal,2022-03-12
110860,Pooja Gupta,Female,29,Hyderabad,Telangana,2024-09-11
110861,Vivaan Verma,Female,38,Jaipur,Rajasthan,2023-08-29
110862,Karan Kumar,Male,27,Ahmedabad,Gujarat,2022-06-18
110863,Raj Das,Male,20,Mumbai,Maharashtra,2023-06-11
110864,Sneha Gupta,Female,37,Patna,Bihar,2023-06-24
110865,Aditya Das,Male,34,Noida,Uttar Pradesh,2023-03-27
110866,Rohan Agarwal,Female,35,Kolkata,West Bengal,2022-01-08
110867,Priya Sharma,Male,38,Bhopal,Madhya Pradesh,2022-09-07
110868,Rohan Kumar,Female,36,Bengaluru,Karnataka,2022-02-01
110869,Vivaan Joshi,Female,32,Hyderabad,Telangana,2024-03-04
110870,Rohan Reddy,Male,54,Delhi,Delhi,2022-06-17
110871,Sneha Verma,Male,20,Pune,Maharashtra,2023-07-23
110872,Aditya Iyer,Female,27,Pune,Maharashtra,2023-08-10
110873,Rohan Singh,Female,41,Kolkata,West Bengal,2023-12-30
110874,Aditya Gupta,Male,33,Delhi,Delhi,2022-10-19
110875,Sneha Verma,Female,39,Delhi,Delhi,2024-02-22
110876,Sneha Singh,Male,34,Hyderabad,Telangana,2023-09-19
110877,Rohan Patel,Male,44,Mumbai,Maharashtra,2023-12-23
110878,Riya Nair,Female,23,Ahmedabad,Gujarat,2024-08-02
110879,Kavya Mishra,Male,44,Jaipur,Rajasthan,2023-10-01
110880,Riya Mishra,Female,43,Bengaluru,Karnataka,2023-07-10
110881,Meera Mishra,Male,21,Delhi,Delhi,2023-02-24
110882,Meera Kumar,Male,38,Mumbai,Maharashtra,2023-03-14
110883,Neha Gupta,Male,32,Lucknow,Uttar Pradesh,2022-05-22
110884,Pooja Joshi,Female,27,Nagpur,Maharashtra,2024-09-07
110885,Meera Singh,Female,18,Bengaluru,Karnataka,2022-07-18
110886,Neha Mehta,Female,23,Noida,Uttar Pradesh,2022-09-08
110887,Rohan Malhotra,Male,38,Surat,Gujarat,2024-01-13
110888,Neha Patel,Male,39,Delhi,Delhi,2023-04-10
110889,Ananya Patel,Female,30,Patna,Bihar,2023-04-11
110890,Pooja Singh,Male,39,Pune,Maharashtra,2023-05-13
110891,Aarav Singh,Female,41,Kochi,Kerala,2023-07-21
110892,Priya Patel,Male,33,Chennai,Tamil Nadu,2024-07-12
110893,Priya Iyer,Female,25,Mumbai,Maharashtra,2022-12-04
110894,Kavya Agarwal,Male,36,Coimbatore,Tamil Nadu,2024-06-04
110895,Aditya Das,Female,36,Mumbai,Maharashtra,2024-08-15
110896,Meera Verma,Male,38,Indore,Madhya Pradesh,2022-02-28
110897,Rahul Mishra,Male,40,Mumbai,Maharashtra,2022-07-08
110898,Vivaan Singh,Male,20,Jaipur,Rajasthan,2022-02-21
110899,Kavya Das,Male,27,Hyderabad,Telangana,2022-04-04
110900,Arjun Joshi,Male,18,Coimbatore,Tamil Nadu,2023-02-26
110901,Isha Mehta,Female,39,Mumbai,Maharashtra,2023-09-12
110902,Meera Nair,Female,30,Hyderabad,Telangana,2023-04-09
110903,Rahul Sharma,Female,36,Kolkata,West Bengal,2023-08-27
110904,Riya Gupta,Female,19,Coimbatore,Tamil Nadu,2023-09-10
110905,Kavya Mishra,Female,45,Bengaluru,Karnataka,2024-10-13
110906,Vikram Iyer,Male,21,Hyderabad,Telangana,2024-01-17
110907,Rahul Singh,Male,39,Pune,Maharashtra,2023-12-30
110908,Vivaan Joshi,Male,33,Bengaluru,Karnataka,2024-04-26
110909,Pooja Joshi,Female,30,Gurugram,Haryana,2022-05-21
110910,Aditya Singh,Male,30,Delhi,Delhi,2024-12-22
110911,Kavya Joshi,Male,26,Lucknow,Uttar Pradesh,2024-12-08
110912,Aditya Kumar,Female,44,Chennai,Tamil Nadu,2024-11-03
110913,Riya Joshi,Male,32,Mumbai,Maharashtra,2022-07-09
110914,Aditya Patel,Female,21,Pune,Maharashtra,2024-09-02
110915,Aman Kumar,Female,29,Gurugram,Haryana,2024-11-14
110916,Kavya Gupta,Male,33,Hyderabad,Telangana,2024-04-06
110917,Rohan Sharma,Male,40,Delhi,Delhi,2022-04-20
110918,Sneha Agarwal,Female,27,Delhi,Delhi,2022-09-25
110919,Karan Gupta,Female,27,Noida,Uttar Pradesh,2022-08-25
110920,Vikram Nair,Male,32,Bengaluru,Karnataka,2024-01-21
110921,Aditya Joshi,Female,40,Chandigarh,Chandigarh,2022-11-11
110922,Rahul Malhotra,Female,20,Kolkata,West Bengal,2024-10-19
110923,Neha Verma,Male,37,Hyderabad,Telangana,2023-06-07
110924,Sneha Nair,Male,28,Chennai,Tamil Nadu,2023-03-22
110925,Kavya Verma,Female,29,Pune,Maharashtra,2024-07-23
110926,Ananya Agarwal,Male,50,Bhopal,Madhya Pradesh,2024-06-14
110927,Rohan Reddy,Female,30,Pune,Maharashtra,2023-03-26
110928,Aman Das,Male,39,Delhi,Delhi,2024-11-20
110929,Ananya Sharma,Female,38,Kolkata,West Bengal,2022-09-19
110930,Vivaan Iyer,Female,21,Kolkata,West Bengal,2024-10-02
110931,Aarav Iyer,Female,18,Ahmedabad,Gujarat,2023-08-14
110932,Aarav Iyer,Male,39,Chandigarh,Chandigarh,2022-04-03
110933,Aarav Das,Male,22,Hyderabad,Telangana,2023-03-08
110934,Aarav Verma,Female,18,Bengaluru,Karnataka,2023-03-16
110935,Ananya Gupta,Male,41,Pune,Maharashtra,2022-08-29
110936,Meera Verma,Male,23,Bhopal,Madhya Pradesh,2022-11-25
110937,Aditya Nair,Female,25,Coimbatore,Tamil Nadu,2022-12-09
110938,Karan Agarwal,Male,50,Coimbatore,Tamil Nadu,2023-01-17
110939,Arjun Agarwal,Male,18,Mumbai,Maharashtra,2023-04-15
110940,Kavya Reddy,Male,21,Pune,Maharashtra,2023-10-21
110941,Aditi Sharma,Female,28,Bengaluru,Karnataka,2023-06-25
110942,Pooja Sharma,Female,30,Hyderabad,Telangana,2022-03-25
110943,Rahul Kumar,Male,24,Delhi,Delhi,2024-06-18
110944,Ananya Mehta,Male,22,Mumbai,Maharashtra,2022-01-29
110945,Arjun Iyer,Male,46,Hyderabad,Telangana,2023-08-17
110946,Riya Reddy,Female,34,Bengaluru,Karnataka,2024-07-11
110947,Raj Iyer,Male,37,Bengaluru,Karnataka,2023-02-28
110948,Raj Patel,Female,31,Mumbai,Maharashtra,2022-08-29
110949,Rohan Verma,Male,35,Ahmedabad,Gujarat,2023-10-02
110950,Kavya Das,Other,40,Bengaluru,Karnataka,2024-12-11
110951,Rahul Malhotra,Male,23,Lucknow,Uttar Pradesh,2023-03-24
110952,Meera Joshi,Female,34,Hyderabad,Telangana,2024-03-22
110953,Isha Patel,Male,38,Noida,Uttar Pradesh,2024-08-06
110954,Isha Joshi,Male,46,Mumbai,Maharashtra,2023-09-27
110955,Aditya Gupta,Female,50,Mumbai,Maharashtra,2024-07-30
110956,Rohan Das,Female,33,Jaipur,Rajasthan,2024-08-23
110957,Raj Joshi,Male,42,Patna,Bihar,2024-10-13
110958,Pooja Iyer,Female,18,Mumbai,Maharashtra,2023-06-08
110959,Vivaan Kumar,Female,46,Delhi,Delhi,2022-01-14
110960,Priya Agarwal,Female,25,Chandigarh,Chandigarh,2024-07-29
110961,Vivaan Joshi,Male,30,Delhi,Delhi,2022-02-06
110962,Sneha Agarwal,Female,36,Mumbai,Maharashtra,2023-03-29
110963,Aarav Sharma,Male,31,Patna,Bihar,2024-04-04
110964,Pooja Sharma,Male,34,Noida,Uttar Pradesh,2024-02-28
110965,Aarav Reddy,Female,46,Bengaluru,Karnataka,2024-04-21
110966,Aman Mishra,Male,29,Kochi,Kerala,2023-12-25
110967,Vikram Mehta,Male,22,Chennai,Tamil Nadu,2024-04-03
110968,Aditi Reddy,Female,48,Delhi,Delhi,2022-01-26
110969,Ananya Verma,Female,37,Lucknow,Uttar Pradesh,2022-01-08
110970,Aditi Nair,Male,49,Chennai,Tamil Nadu,2024-07-09
110971,Riya Patel,Male,40,Chennai,Tamil Nadu,2024-02-13
110972,Riya Gupta,Female,20,Nagpur,Maharashtra,2022-10-13
110973,Priya Mehta,Male,38,Mumbai,Maharashtra,2022-11-28
110974,Meera Verma,Female,23,Jaipur,Rajasthan,2022-11-13
110975,Vikram Mehta,Female,32,Pune,Maharashtra,2022-09-04
110976,Rahul Iyer,Male,31,Bengaluru,Karnataka,2023-01-06
110977,Aman Joshi,Female,18,Lucknow,Uttar Pradesh,2022-09-18
110978,Vikram Kumar,Female,25,Jaipur,Rajasthan,2022-09-05
110979,Aditi Reddy,Male,52,Surat,Gujarat,2023-03-12
110980,Vivaan Kumar,Female,34,Indore,Madhya Pradesh,2024-10-28
110981,Raj Das,Female,30,Chennai,Tamil Nadu,2024-04-30
110982,Rohan Iyer,Female,48,Bengaluru,Karnataka,2022-12-04
110983,Meera Mehta,Female,28,Chennai,Tamil Nadu,2024-09-11
110984,Vivaan Joshi,Male,31,Bengaluru,Karnataka,2023-06-20
110985,Vivaan Reddy,Male,41,Bengaluru,Karnataka,2024-06-20
110986,Isha Sharma,Male,28,Chennai,Tamil Nadu,2022-10-01
110987,Sneha Singh,Male,25,Jaipur,Rajasthan,2024-05-23
110988,Vikram Mehta,Male,18,Chennai,Tamil Nadu,2023-06-20
110989,Pooja Das,Female,24,Kochi,Kerala,2023-03-18
110990,Pooja Joshi,Female,23,Bengaluru,Karnataka,2023-02-26
110991,Neha Malhotra,Female,33,Hyderabad,Telangana,2023-02-09
110992,Aditi Iyer,Female,27,Jaipur,Rajasthan,2022-01-23
110993,Aarav Iyer,Female,51,Kolkata,West Bengal,2023-09-06
110994,Pooja Iyer,Male,22,Delhi,Delhi,2024-01-08
110995,Riya Gupta,Female,45,Bengaluru,Karnataka,2024-06-01
110996,Rahul Verma,Male,34,Bengaluru,Karnataka,2022-12-07
110997,Vivaan Patel,Female,39,Gurugram,Haryana,2022-03-17
110998,Vivaan Mishra,Female,39,Surat,Gujarat,2024-04-03
110999,Arjun Das,Male,18,Bengaluru,Karnataka,2024-04-01
111000,Priya Patel,Female,32,Delhi,Delhi,2024-03-24
111001,Riya Verma,Female,30,Mumbai,Maharashtra,2022-03-08
111002,Kavya Mishra,Male,22,Mumbai,Maharashtra,2023-07-14
111003,Riya Nair,Female,36,Mumbai,Maharashtra,2023-12-23
111004,Aarav Patel,Male,47,Mumbai,Maharashtra,2023-04-20
111005,Aman Das,Male,18,Pune,Maharashtra,2022-07-13
111006,Rohan Joshi,Female,27,Bengaluru,Karnataka,2023-01-08
111007,Isha Agarwal,Female,21,Chennai,Tamil Nadu,2023-02-19
111008,Vikram Joshi,Female,33,Bengaluru,Karnataka,2023-06-01
111009,Karan Mehta,Female,29,Gurugram,Haryana,2023-06-26
111010,Karan Joshi,Male,27,Kochi,Kerala,2023-02-26
111011,Aditya Mehta,Female,38,Hyderabad,Telangana,2023-11-28
111012,Aman Singh,Female,47,Delhi,Delhi,2024-12-03
111013,Rahul Reddy,Female,56,Mumbai,Maharashtra,2023-07-22
111014,Aditya Gupta,Male,25,Delhi,Delhi,2022-07-07
111015,Priya Malhotra,Female,18,Bengaluru,Karnataka,2022-08-19
111016,Raj Nair,Female,37,Jaipur,Rajasthan,2024-12-02
111017,Rohan Joshi,Female,46,Pune,Maharashtra,2023-09-26
111018,Meera Reddy,Female,39,Mumbai,Maharashtra,2024-06-05
111019,Raj Mehta,Male,46,Ahmedabad,Gujarat,2023-12-21
111020,Raj Gupta,Female,30,Mumbai,Maharashtra,2022-07-20
111021,Aarav Singh,Female,27,Mumbai,Maharashtra,2022-11-12
111022,Sneha Iyer,Male,33,Jaipur,Rajasthan,2023-06-20
111023,Rahul Kumar,Female,29,,,2023-01-07
111024,Riya Mehta,Male,38,Jaipur,Rajasthan,2022-08-31
111025,Karan Verma,Male,41,Coimbatore,Tamil Nadu,2022-03-01
111026,Raj Iyer,Female,41,Gurugram,Haryana,2024-03-07
111027,Aman Verma,Male,37,Mumbai,Maharashtra,2023-04-27
111028,Neha Das,Male,34,Pune,Maharashtra,2024-08-15
111029,Vivaan Das,Female,39,Hyderabad,Telangana,2022-06-30
111030,Priya Patel,Male,18,Nagpur,Maharashtra,2024-08-28
111031,Priya Gupta,Male,34,Kochi,Kerala,2022-02-08
111032,Aditi Iyer,Male,32,Delhi,Delhi,2023-09-21
111033,Aditi Iyer,Male,34,Bhopal,Madhya Pradesh,2023-04-07
111034,Raj Das,Female,31,Mumbai,Maharashtra,2024-02-10
111035,Vivaan Gupta,Female,36,Bengaluru,Karnataka,2023-06-01
111036,Priya Iyer,Female,27,Bengaluru,Karnataka,2024-12-19
111037,Vikram Nair,Female,42,Bengaluru,Karnataka,2022-07-14
111038,Aditi Kumar,Male,36,Surat,Gujarat,2022-06-20
111039,Kavya Reddy,Female,33,Bengaluru,Karnataka,2024-04-21
111040,Rohan Patel,Female,26,Gurugram,Haryana,2023-11-24
111041,Karan Das,Female,39,Nagpur,Maharashtra,2023-12-18
111042,Aarav Reddy,Female,34,Gurugram,Haryana,2024-01-11
111043,Aditya Agarwal,Female,25,Bengaluru,Karnataka,2024-02-02
111044,Priya Patel,Female,31,Lucknow,Uttar Pradesh,2023-06-13
111045,Sneha Iyer,Male,38,Chennai,Tamil Nadu,2022-12-08
111046,Aman Das,Female,37,Noida,Uttar Pradesh,2022-05-31
111047,Raj Joshi,Male,36,Mumbai,Maharashtra,2023-05-21
111048,Meera Das,Male,33,Kolkata,West Bengal,2024-10-20
111049,Riya Joshi,Male,41,Ahmedabad,Gujarat,2023-02-09
111050,Aarav Iyer,Male,43,Ahmedabad,Gujarat,2022-08-02
111051,Vikram Nair,Male,39,Kochi,Kerala,2023-03-04
111052,Arjun Kumar,Male,27,Delhi,Delhi,2024-04-19
111053,Vikram Joshi,Female,22,Bengaluru,Karnataka,2023-02-01
111054,Riya Joshi,Female,27,Pune,Maharashtra,2024-03-17
111055,Rohan Das,Other,50,Bengaluru,Karnataka,2023-11-21
111056,Aman Kumar,Male,35,Bengaluru,Karnataka,2024-10-13
111057,Rahul Agarwal,Female,51,Mumbai,Maharashtra,2022-12-30
111058,Pooja Das,Female,31,Gurugram,Haryana,2024-09-28
111059,Vivaan Reddy,Male,30,Bhopal,Madhya Pradesh,2024-03-29
111060,Ananya Sharma,Female,31,Delhi,Delhi,2024-08-02
111061,Raj Reddy,Female,31,Mumbai,Maharashtra,2024-05-25
111062,Vivaan Das,Male,25,Mumbai,Maharashtra,2024-11-30
111063,Raj Singh,Female,22,Pune,Maharashtra,2024-10-05
111064,Karan Mishra,Female,37,Noida,Uttar Pradesh,2024-09-02
111065,Karan Singh,Male,41,Delhi,Delhi,2024-09-26
111066,Aditi Singh,Male,54,Kolkata,West Bengal,2024-01-20
111067,Riya Patel,Male,28,Mumbai,Maharashtra,2023-03-06
111068,Meera Kumar,Male,29,Coimbatore,Tamil Nadu,2024-01-10
111069,Arjun Mehta,Female,25,Bhopal,Madhya Pradesh,2024-05-20
111070,Vikram Iyer,Female,42,Kochi,Kerala,2022-05-28
111071,Rahul Iyer,Male,39,Delhi,Delhi,2023-03-04
111072,Arjun Verma,Female,24,Pune,Maharashtra,2023-09-25
111073,Arjun Nair,Male,24,Mumbai,Maharashtra,2022-07-02
111074,Pooja Agarwal,Male,41,Kolkata,West Bengal,2024-09-21
111075,Riya Agarwal,Male,35,Mumbai,Maharashtra,2023-06-11
111076,Arjun Joshi,Female,39,Ahmedabad,Gujarat,2022-05-30
111077,Vivaan Malhotra,Male,24,Jaipur,Rajasthan,2023-12-10
111078,Karan Singh,Male,18,Chennai,Tamil Nadu,2023-03-27
111079,Meera Verma,Male,24,Gurugram,Haryana,2022-02-18
111080,Karan Agarwal,Female,38,Pune,Maharashtra,2023-09-02
111081,Karan Gupta,Other,51,Bengaluru,Karnataka,2023-01-02
111082,Priya Reddy,Male,28,Kolkata,West Bengal,2024-06-04
111083,Ananya Singh,Male,52,Kochi,Kerala,2024-10-03
111084,Vivaan Mishra,Female,39,Kolkata,West Bengal,2022-09-24
111085,Sneha Das,Female,19,Kolkata,West Bengal,2023-01-29
111086,Vivaan Nair,Male,34,Chandigarh,Chandigarh,2023-02-15
111087,Aditya Verma,Female,40,Pune,Maharashtra,2022-01-27
111088,Pooja Iyer,Female,18,Nagpur,Maharashtra,2024-09-30
111089,Riya Agarwal,Male,38,Mumbai,Maharashtra,2024-04-11
111090,Ananya Mehta,Female,43,Chennai,Tamil Nadu,2022-08-24
111091,Arjun Agarwal,Female,36,Mumbai,Maharashtra,2024-01-15
111092,Riya Das,Female,31,Pune,Maharashtra,2022-02-26
111093,Sneha Iyer,Male,30,Mumbai,Maharashtra,2022-03-09
111094,Kavya Nair,Male,30,Mumbai,Maharashtra,2022-07-12
111095,Riya Mishra,Male,21,Mumbai,Maharashtra,2022-06-03
111096,Aarav Sharma,Male,26,Bengaluru,Karnataka,2022-06-17
111097,Rohan Singh,Female,28,Mumbai,Maharashtra,2023-04-04
111098,Aarav Iyer,Female,33,Gurugram,Haryana,2022-08-06
111099,Aarav Malhotra,Female,27,Mumbai,Maharashtra,2023-11-16
111100,Arjun Kumar,Other,24,Hyderabad,Telangana,2023-09-23
111101,Sneha Verma,Male,39,Delhi,Delhi,2024-12-12
111102,Kavya Gupta,Female,35,Delhi,Delhi,2022-01-01
111103,Pooja Joshi,Female,27,Bhopal,Madhya Pradesh,2023-09-23
111104,Aarav Singh,Male,37,Gurugram,Haryana,2023-08-03
111105,Priya Kumar,Female,28,Gurugram,Haryana,2023-01-11
111106,Isha Reddy,Male,33,Hyderabad,Telangana,2023-02-12
111107,Isha Patel,Female,41,Mumbai,Maharashtra,2024-04-25
111108,Raj Das,Female,27,Delhi,Delhi,2023-05-30
111109,Pooja Verma,Male,21,Kolkata,West Bengal,2024-10-19
111110,Sneha Mishra,Female,31,Gurugram,Haryana,2022-11-17
111111,Aarav Mishra,Female,20,Bhopal,Madhya Pradesh,2022-06-02
111112,Pooja Reddy,Male,30,Bengaluru,Karnataka,2023-06-20
111113,Karan Mehta,Male,29,Bengaluru,Karnataka,2022-01-27
111114,Aditi Malhotra,Male,18,Delhi,Delhi,2022-06-28
111115,Aditi Gupta,Female,37,Noida,Uttar Pradesh,2022-01-06
111116,Vivaan Verma,Female,30,Bengaluru,Karnataka,2024-12-10
111117,Raj Malhotra,Female,43,Pune,Maharashtra,2024-03-17
111118,Aditya Iyer,Female,34,Patna,Bihar,2022-07-19
111119,Arjun Das,Female,39,Ahmedabad,Gujarat,2024-02-27
111120,Riya Reddy,Male,43,Delhi,Delhi,2023-05-28
111121,Meera Patel,Female,31,Delhi,Delhi,2024-07-31
111122,Arjun Joshi,Male,32,Noida,Uttar Pradesh,2022-02-07
111123,Raj Singh,Male,18,Chennai,Tamil Nadu,2023-10-01
111124,Vikram Mehta,Female,43,Lucknow,Uttar Pradesh,2022-07-03
111125,Riya Agarwal,Male,31,Mumbai,Maharashtra,2023-12-03
111126,Ananya Das,Female,23,Indore,Madhya Pradesh,2024-09-12
111127,Aarav Malhotra,Female,39,Ahmedabad,Gujarat,2023-04-05
111128,Rahul Iyer,Male,18,Indore,Madhya Pradesh,2024-12-22
111129,Sneha Singh,Male,28,Bengaluru,Karnataka,2022-02-24
111130,Rohan Das,Female,40,Bengaluru,Karnataka,2024-02-21
111131,Rohan Singh,Female,28,Mumbai,Maharashtra,2024-07-19
111132,Pooja Malhotra,Male,26,Patna,Bihar,2024-02-20
111133,Riya Gupta,Male,28,Mumbai,Maharashtra,2024-08-03
111134,Aditya Singh,Female,18,Delhi,Delhi,2023-04-19
111135,Neha Patel,Female,38,Mumbai,Maharashtra,2024-03-03
111136,Ananya Kumar,Male,31,Ahmedabad,Gujarat,2024-07-14
111137,Sneha Verma,Male,30,Indore,Madhya Pradesh,2023-01-07
111138,Aditya Patel,Female,30,Gurugram,Haryana,2022-03-16
111139,Vivaan Nair,Female,32,Chennai,Tamil Nadu,2024-03-18
111140,Raj Gupta,Other,38,Nagpur,Maharashtra,2022-08-31
111141,Riya Joshi,Female,32,Delhi,Delhi,2022-04-03
111142,Sneha Nair,Female,20,Surat,Gujarat,2023-01-07
111143,Vivaan Das,Male,37,Hyderabad,Telangana,2023-02-01
111144,Aditi Reddy,Female,36,Pune,Maharashtra,2024-07-27
111145,Aarav Iyer,Male,34,Delhi,Delhi,2023-01-07
111146,Ananya Singh,Female,42,Delhi,Delhi,2024-06-04
111147,Isha Mishra,Male,32,Bengaluru,Karnataka,2023-09-18
111148,Priya Mehta,Male,42,Mumbai,Maharashtra,2023-04-04
111149,Sneha Iyer,Female,45,Pune,Maharashtra,2022-12-22
111150,Vivaan Joshi,Female,37,Mumbai,Maharashtra,2022-04-28
111151,Arjun Verma,Male,25,Mumbai,Maharashtra,2024-01-16
111152,Rahul Mehta,Female,31,Indore,Madhya Pradesh,2024-11-08
111153,Aarav Sharma,Male,43,Patna,Bihar,2024-03-03
111154,Karan Das,Male,19,Kochi,Kerala,2024-06-17
111155,Vivaan Joshi,Female,28,Jaipur,Rajasthan,2022-11-21
111156,Karan Kumar,Male,29,Ahmedabad,Gujarat,2023-07-01
111157,Priya Mehta,Female,24,Gurugram,Haryana,2024-01-14
111158,Pooja Verma,Male,40,Jaipur,Rajasthan,2024-08-18
111159,Aarav Mehta,Female,35,Bengaluru,Karnataka,2022-08-01
111160,Rahul Reddy,Female,26,Mumbai,Maharashtra,2024-01-16
111161,Neha Verma,Male,37,Mumbai,Maharashtra,2024-01-12
111162,Ananya Nair,Male,31,Gurugram,Haryana,2024-06-28
111163,Karan Verma,Female,24,Lucknow,Uttar Pradesh,2023-02-05
111164,Rohan Iyer,Female,26,Pune,Maharashtra,2022-11-18
111165,Karan Patel,Male,36,Delhi,Delhi,2024-09-28
111166,Ananya Kumar,Female,40,,,2024-08-14
111167,Vivaan Das,Male,28,Lucknow,Uttar Pradesh,2022-01-15
111168,Sneha Joshi,Male,37,Pune,Maharashtra,2022-08-31
111169,Kavya Gupta,Male,46,Hyderabad,Telangana,2022-08-25
111170,Sneha Malhotra,Male,21,Bengaluru,Karnataka,2023-11-19
111171,Arjun Agarwal,Female,35,Kolkata,West Bengal,2023-09-24
111172,Isha Mehta,Female,39,Coimbatore,Tamil Nadu,2022-07-16
111173,Kavya Reddy,Female,31,Bhopal,Madhya Pradesh,2024-08-13
111174,Rahul Malhotra,Female,43,Delhi,Delhi,2024-10-19
111175,Karan Joshi,Female,52,Pune,Maharashtra,2023-02-26
111176,Aman Patel,Female,35,Bengaluru,Karnataka,2023-01-10
111177,Vivaan Verma,Female,30,Pune,Maharashtra,2024-04-27
111178,Vikram Patel,Female,41,Kolkata,West Bengal,2022-01-10
111179,Kavya Sharma,Female,40,Mumbai,Maharashtra,2024-05-18
111180,Riya Agarwal,Male,18,Noida,Uttar Pradesh,2024-11-06
111181,Karan Kumar,Female,32,Pune,Maharashtra,2023-11-28
111182,Raj Singh,Female,28,Nagpur,Maharashtra,2024-04-12
111183,Isha Das,Female,36,Delhi,Delhi,2024-11-07
111184,Kavya Nair,Female,30,Mumbai,Maharashtra,2024-05-10
111185,Riya Gupta,Female,31,Lucknow,Uttar Pradesh,2022-05-09
111186,Sneha Sharma,Other,24,Lucknow,Uttar Pradesh,2022-03-13
111187,Karan Singh,Male,39,Chennai,Tamil Nadu,2024-12-08
111188,Aditi Malhotra,Female,47,Coimbatore,Tamil Nadu,2023-12-04
111189,Arjun Sharma,Male,24,Hyderabad,Telangana,2024-08-29
111190,Arjun Reddy,Female,19,Hyderabad,Telangana,2023-02-15
111191,Aditi Agarwal,Female,32,Bhopal,Madhya Pradesh,2023-12-12
111192,Aarav Malhotra,Male,32,Chennai,Tamil Nadu,2024-10-22
111193,Vivaan Joshi,Male,43,Bengaluru,Karnataka,2024-02-15
111194,Aditi Malhotra,Female,21,Lucknow,Uttar Pradesh,2024-09-07
111195,Meera Nair,Male,27,Kolkata,West Bengal,2023-08-24
111196,Aditya Iyer,Male,18,Bengaluru,Karnataka,2023-03-12
111197,Raj Patel,Female,44,Bengaluru,Karnataka,2023-02-03
111198,Meera Gupta,Male,34,Hyderabad,Telangana,2024-04-21
111199,Aarav Nair,Male,28,Delhi,Delhi,2023-07-15
111200,Neha Patel,Female,20,Chandigarh,Chandigarh,2023-07-11
111201,Meera Iyer,Male,21,Mumbai,Maharashtra,2024-10-13
111202,Rohan Mehta,Male,36,Mumbai,Maharashtra,2022-04-15
111203,Pooja Nair,Female,22,Jaipur,Rajasthan,2022-12-11
111204,Meera Malhotra,Female,33,Lucknow,Uttar Pradesh,2024-02-23
111205,Sneha Iyer,Female,50,Ahmedabad,Gujarat,2023-02-16
111206,Pooja Malhotra,Female,29,Hyderabad,Telangana,2022-11-04
111207,Priya Das,Female,23,Indore,Madhya Pradesh,2024-09-30
111208,Raj Das,Male,35,Chennai,Tamil Nadu,2024-03-21
111209,Kavya Reddy,Male,21,Hyderabad,Telangana,2024-10-06
111210,Pooja Iyer,Male,47,Gurugram,Haryana,2024-05-18
111211,Pooja Nair,Male,45,Mumbai,Maharashtra,2023-12-20
111212,Neha Verma,Female,31,Surat,Gujarat,2024-03-17
111213,Riya Patel,Female,24,Chennai,Tamil Nadu,2023-06-25
111214,Rahul Joshi,Male,28,Bhopal,Madhya Pradesh,2023-11-17
111215,Aditi Malhotra,Female,29,Mumbai,Maharashtra,2024-11-27
111216,Priya Reddy,Male,35,Chandigarh,Chandigarh,2024-06-29
111217,Meera Singh,Male,41,Lucknow,Uttar Pradesh,2024-03-04
111218,Rahul Kumar,Female,23,Kolkata,West Bengal,2024-02-28
111219,Meera Verma,Male,41,Hyderabad,Telangana,2023-06-16
111220,Raj Sharma,Male,38,Kochi,Kerala,2023-06-27
111221,Riya Mishra,Male,27,Hyderabad,Telangana,2024-06-25
111222,Raj Malhotra,Male,22,Pune,Maharashtra,2022-06-10
111223,Pooja Iyer,Female,33,Noida,Uttar Pradesh,2023-12-16
111224,Karan Gupta,Female,22,Bengaluru,Karnataka,2023-12-26
111225,Karan Verma,Male,41,Bengaluru,Karnataka,2023-05-04
111226,Rohan Das,Male,22,Noida,Uttar Pradesh,2023-07-18
111227,Vikram Patel,Female,37,Delhi,Delhi,2024-06-26
111228,Rahul Iyer,Female,31,Gurugram,Haryana,2023-06-02
111229,Sneha Mehta,Male,27,Kolkata,West Bengal,2023-10-17
111230,Meera Joshi,Male,31,Chennai,Tamil Nadu,2022-03-15
111231,Vivaan Mehta,Female,42,Mumbai,Maharashtra,2022-09-23
111232,Pooja Nair,Female,21,Noida,Uttar Pradesh,2023-06-03
111233,Aarav Joshi,Male,28,Noida,Uttar Pradesh,2022-02-18
111234,Isha Gupta,Female,25,Pune,Maharashtra,2024-01-17
111235,Priya Reddy,Male,32,Hyderabad,Telangana,2023-05-10
111236,Arjun Agarwal,Female,26,Mumbai,Maharashtra,2024-06-25
111237,Sneha Mishra,Female,18,Ahmedabad,Gujarat,2024-10-11
111238,Aarav Reddy,Female,23,Kolkata,West Bengal,2022-12-14
111239,Neha Gupta,Male,47,Mumbai,Maharashtra,2022-01-12
111240,Karan Patel,Male,34,Noida,Uttar Pradesh,2023-07-13
111241,Kavya Nair,Male,34,Indore,Madhya Pradesh,2024-12-09
111242,Vikram Joshi,Female,29,Delhi,Delhi,2024-03-26
111243,Pooja Singh,Male,32,Ahmedabad,Gujarat,2023-10-07
111244,Ananya Reddy,Male,28,Surat,Gujarat,2023-04-10
111245,Pooja Mishra,Male,37,Nagpur,Maharashtra,2023-06-14
111246,Aditi Reddy,Female,33,Mumbai,Maharashtra,2023-11-13
111247,Vikram Mishra,Male,21,Hyderabad,Telangana,2022-02-25
111248,Riya Gupta,Male,34,Coimbatore,Tamil Nadu,2023-05-01
111249,Kavya Iyer,Male,18,Delhi,Delhi,2024-06-22
111250,Aarav Das,Female,36,Chennai,Tamil Nadu,2023-12-17
111251,Raj Das,Female,19,Pune,Maharashtra,2023-07-27
111252,Aarav Mishra,Female,31,Kolkata,West Bengal,2022-03-08
111253,Aditi Mehta,Female,21,Bengaluru,Karnataka,2024-09-14
111254,Arjun Gupta,Female,32,Patna,Bihar,2024-12-11
111255,Meera Malhotra,Male,37,Bengaluru,Karnataka,2022-01-15
111256,Sneha Kumar,Female,46,Jaipur,Rajasthan,2024-02-07
111257,Aarav Joshi,Male,18,Pune,Maharashtra,2023-04-16
111258,Rahul Mehta,Male,41,Bengaluru,Karnataka,2024-12-25
111259,Meera Iyer,Female,33,Mumbai,Maharashtra,2023-03-19
111260,Aditi Joshi,Male,28,Kochi,Kerala,2023-02-11
111261,Rahul Mehta,Male,39,Chennai,Tamil Nadu,2024-12-28
111262,Aman Verma,Male,30,Kolkata,West Bengal,2024-02-01
111263,Kavya Mehta,Female,38,Noida,Uttar Pradesh,2024-04-05
111264,Meera Mehta,Male,23,Delhi,Delhi,2023-01-22
111265,Aditi Mehta,Female,26,Lucknow,Uttar Pradesh,2023-01-18
111266,Aditya Mishra,Female,40,Mumbai,Maharashtra,2022-09-05
111267,Karan Sharma,Female,45,Ahmedabad,Gujarat,2023-05-23
111268,Kavya Agarwal,Male,32,Mumbai,Maharashtra,2024-04-13
111269,Sneha Verma,Female,18,Gurugram,Haryana,2024-02-17
111270,Rahul Iyer,Male,30,Jaipur,Rajasthan,2023-09-13
111271,Karan Iyer,Male,32,Hyderabad,Telangana,2024-12-10
111272,Riya Kumar,Male,30,Bengaluru,Karnataka,2022-03-29
111273,Meera Kumar,Female,35,Mumbai,Maharashtra,2023-07-21
111274,Arjun Patel,Male,28,Bhopal,Madhya Pradesh,2022-03-01
111275,Karan Iyer,Male,40,Delhi,Delhi,2024-08-30
111276,Aman Mehta,Male,21,Pune,Maharashtra,2023-03-30
111277,Kavya Gupta,Male,43,Mumbai,Maharashtra,2024-07-28
111278,Vikram Malhotra,Female,46,Nagpur,Maharashtra,2023-03-05
111279,Raj Das,Female,24,Chennai,Tamil Nadu,2022-04-24
111280,Riya Patel,Female,24,Mumbai,Maharashtra,2023-07-17
111281,Vivaan Das,Male,36,Jaipur,Rajasthan,2022-06-28
111282,Aarav Das,Male,21,Nagpur,Maharashtra,2023-12-22
111283,Rohan Agarwal,Female,28,Kolkata,West Bengal,2022-01-03
111284,Vikram Sharma,Male,42,Pune,Maharashtra,2024-03-02
111285,Aarav Reddy,Female,39,Bengaluru,Karnataka,2023-03-24
111286,Riya Mehta,Male,50,Delhi,Delhi,2022-12-28
111287,Pooja Mehta,Female,34,Mumbai,Maharashtra,2023-06-12
111288,Priya Verma,Male,27,Chennai,Tamil Nadu,2022-03-02
111289,Vivaan Verma,Male,32,Ahmedabad,Gujarat,2023-10-06
111290,Priya Joshi,Female,31,Indore,Madhya Pradesh,2022-07-31
111291,Karan Verma,Female,31,Noida,Uttar Pradesh,2022-04-04
111292,Aditya Reddy,Male,32,Delhi,Delhi,2022-10-17
111293,Karan Das,Female,24,Ahmedabad,Gujarat,2024-04-14
111294,Pooja Kumar,Female,35,Chennai,Tamil Nadu,2024-01-10
111295,Aarav Sharma,Male,19,Pune,Maharashtra,2024-11-23
111296,Aditya Mehta,Male,26,Chennai,Tamil Nadu,2023-04-17
111297,Riya Sharma,Male,31,Delhi,Delhi,2024-12-27
111298,Pooja Reddy,Male,18,Delhi,Delhi,2024-07-14
111299,Aman Verma,Female,39,Chennai,Tamil Nadu,2024-06-03
111300,Raj Reddy,Male,18,Mumbai,Maharashtra,2023-02-26
111301,Pooja Verma,Male,38,Chennai,Tamil Nadu,2023-02-18
111302,Ananya Sharma,Male,20,Bengaluru,Karnataka,2023-08-20
111303,Neha Mehta,Female,28,Bhopal,Madhya Pradesh,2024-03-19
111304,Rohan Das,Male,37,Kochi,Kerala,2024-08-14
111305,Riya Singh,Male,52,Coimbatore,Tamil Nadu,2023-07-30
111306,Meera Agarwal,Male,33,Bhopal,Madhya Pradesh,2024-05-24
111307,Sneha Reddy,Female,18,Nagpur,Maharashtra,2023-06-30
111308,Rahul Sharma,Male,41,Lucknow,Uttar Pradesh,2024-03-18
111309,Aditi Singh,Female,30,Kochi,Kerala,2024-06-03
111310,Aman Patel,Male,33,Kolkata,West Bengal,2022-03-18
111311,Aarav Mishra,Male,37,Gurugram,Haryana,2023-05-23
111312,Isha Agarwal,Female,18,Mumbai,Maharashtra,2023-03-24
111313,Neha Malhotra,Male,32,Jaipur,Rajasthan,2022-10-07
111314,Raj Mehta,Female,28,Chandigarh,Chandigarh,2024-09-21
111315,Rohan Sharma,Female,43,Chennai,Tamil Nadu,2023-02-07
111316,Neha Mishra,Female,39,Mumbai,Maharashtra,2024-08-29
111317,Rahul Nair,Female,18,Chennai,Tamil Nadu,2023-06-26
111318,Priya Iyer,Male,43,Lucknow,Uttar Pradesh,2022-08-17
111319,Sneha Reddy,Male,36,Ahmedabad,Gujarat,2023-11-19
111320,Rahul Malhotra,Female,18,Chennai,Tamil Nadu,2022-10-28
111321,Rahul Kumar,Female,33,Mumbai,Maharashtra,2022-04-20
111322,Aarav Joshi,Female,41,Patna,Bihar,2023-08-04
111323,Aditya Nair,Male,21,Ahmedabad,Gujarat,2022-05-23
111324,Isha Nair,Male,44,Bengaluru,Karnataka,2022-04-20
111325,Isha Mishra,Female,18,Gurugram,Haryana,2022-07-01
111326,Priya Mishra,Male,25,Bengaluru,Karnataka,2022-02-13
111327,Vivaan Gupta,Male,24,Bengaluru,Karnataka,2023-01-02
111328,Meera Nair,Male,44,Surat,Gujarat,2024-09-28
111329,Pooja Verma,Female,28,Indore,Madhya Pradesh,2024-06-12
111330,Aman Sharma,Male,22,Hyderabad,Telangana,2022-04-02
111331,Priya Mishra,Female,36,Delhi,Delhi,2024-09-16
111332,Riya Reddy,Male,38,Mumbai,Maharashtra,2024-12-28
111333,Kavya Patel,Female,38,Bhopal,Madhya Pradesh,2022-08-14
111334,Aditya Singh,Female,30,Bhopal,Madhya Pradesh,2023-11-03
111335,Karan Singh,Male,34,Pune,Maharashtra,2022-08-24
111336,Neha Singh,Female,26,Bengaluru,Karnataka,2024-03-13
111337,Aditya Mishra,Male,47,Bengaluru,Karnataka,2023-09-05
111338,Rahul Mishra,Male,42,Bhopal,Madhya Pradesh,2024-11-26
111339,Ananya Kumar,Female,42,Bengaluru,Karnataka,2023-06-22
111340,Rohan Singh,Male,39,Pune,Maharashtra,2024-08-03
111341,Aditi Mishra,Male,37,Ahmedabad,Gujarat,2024-09-01
111342,Priya Verma,Male,21,Mumbai,Maharashtra,2024-08-19
111343,Neha Joshi,Male,38,Bengaluru,Karnataka,2023-02-19
111344,Aditya Agarwal,Female,33,Bengaluru,Karnataka,2024-11-27
111345,Aarav Singh,Male,43,Jaipur,Rajasthan,2023-02-07
111346,Rohan Reddy,Female,39,Gurugram,Haryana,2023-04-29
111347,Arjun Verma,Female,37,Chennai,Tamil Nadu,2022-02-14
111348,Pooja Gupta,Male,18,Mumbai,Maharashtra,2024-05-24
111349,Aarav Mehta,Male,31,Hyderabad,Telangana,2022-06-28
111350,Arjun Singh,Female,27,Delhi,Delhi,2023-06-24
111351,Sneha Singh,Male,34,Delhi,Delhi,2023-05-31
111352,Riya Reddy,Male,28,Chennai,Tamil Nadu,2023-03-17
111353,Ananya Gupta,Male,30,Kochi,Kerala,2023-10-21
111354,Neha Agarwal,Female,36,Gurugram,Haryana,2024-07-04
111355,Kavya Malhotra,Female,28,Noida,Uttar Pradesh,2024-01-31
111356,Aditi Mehta,Male,33,Lucknow,Uttar Pradesh,2023-07-07
111357,Arjun Singh,Male,18,Bhopal,Madhya Pradesh,2024-08-26
111358,Karan Agarwal,Female,25,Ahmedabad,Gujarat,2024-12-17
111359,Aditya Mishra,Female,38,Kolkata,West Bengal,2023-03-07
111360,Kavya Patel,Female,21,Bengaluru,Karnataka,2023-12-01
111361,Raj Patel,Female,43,Delhi,Delhi,2022-02-16
111362,Meera Sharma,Male,41,Pune,Maharashtra,2023-12-06
111363,Rohan Das,Female,30,Patna,Bihar,2023-01-11
111364,Meera Kumar,Male,59,Chennai,Tamil Nadu,2024-04-19
111365,Vivaan Gupta,Male,43,Mumbai,Maharashtra,2022-03-06
111366,Priya Patel,Female,23,Jaipur,Rajasthan,2023-01-16
111367,Riya Sharma,Male,39,Pune,Maharashtra,2024-08-15
111368,Arjun Mehta,Other,33,Chandigarh,Chandigarh,2022-03-01
111369,Aman Patel,Male,25,Mumbai,Maharashtra,2024-04-06
111370,Vivaan Singh,Female,22,Lucknow,Uttar Pradesh,2024-12-17
111371,Neha Singh,Female,41,Jaipur,Rajasthan,2024-08-21
111372,Aman Das,Male,27,Nagpur,Maharashtra,2023-11-16
111373,Arjun Mehta,Female,31,Chennai,Tamil Nadu,2024-06-05
111374,Isha Joshi,Male,24,Indore,Madhya Pradesh,2024-08-21
111375,Arjun Mishra,Female,25,Delhi,Delhi,2022-05-04
111376,Rahul Mishra,Male,31,Delhi,Delhi,2024-09-11
111377,Neha Nair,Female,35,Bengaluru,Karnataka,2022-06-24
111378,Isha Reddy,Male,18,Kolkata,West Bengal,2022-09-03
111379,Riya Gupta,Male,32,Hyderabad,Telangana,2022-11-24
111380,Rohan Verma,Male,25,Mumbai,Maharashtra,2023-01-09
111381,Aarav Das,Male,45,Chennai,Tamil Nadu,2023-05-05
111382,Rohan Reddy,Female,58,Chennai,Tamil Nadu,2024-03-28
111383,Aditya Mishra,Female,29,Chennai,Tamil Nadu,2022-07-14
111384,Isha Mishra,Female,18,Delhi,Delhi,2023-03-24
111385,Meera Joshi,Male,33,Patna,Bihar,2022-08-13
111386,Rohan Verma,Male,30,Kolkata,West Bengal,2022-09-18
111387,Karan Patel,Male,50,Bengaluru,Karnataka,2023-01-20
111388,Riya Mishra,Female,47,Lucknow,Uttar Pradesh,2024-10-04
111389,Sneha Gupta,Other,40,Bengaluru,Karnataka,2024-08-03
111390,Meera Joshi,Male,27,Pune,Maharashtra,2023-06-04
111391,Ananya Nair,Male,38,Bengaluru,Karnataka,2024-01-16
111392,Isha Iyer,Male,34,Indore,Madhya Pradesh,2024-12-02
111393,Pooja Agarwal,Female,34,Nagpur,Maharashtra,2023-09-02
111394,Vikram Iyer,Female,18,Mumbai,Maharashtra,2022-07-29
111395,Sneha Das,Female,42,Delhi,Delhi,2023-03-01
111396,Vikram Das,Male,33,Mumbai,Maharashtra,2023-05-24
111397,Kavya Singh,Female,31,Chennai,Tamil Nadu,2024-10-17
111398,Arjun Das,Female,27,Mumbai,Maharashtra,2024-04-22
111399,Riya Gupta,Male,25,Gurugram,Haryana,2024-10-22
111400,Kavya Reddy,Female,35,Hyderabad,Telangana,2024-07-02
111401,Ananya Mehta,Male,18,Kolkata,West Bengal,2022-01-19
111402,Aarav Kumar,Male,39,Pune,Maharashtra,2023-11-16
111403,Vikram Malhotra,Female,23,Bhopal,Madhya Pradesh,2024-10-31
111404,Neha Nair,Male,18,Delhi,Delhi,2022-01-24
111405,Aarav Agarwal,Female,48,Lucknow,Uttar Pradesh,2024-09-29
111406,Meera Joshi,Female,24,Jaipur,Rajasthan,2022-05-16
111407,Sneha Mehta,Male,26,Jaipur,Rajasthan,2022-04-02
111408,Arjun Agarwal,Female,42,Hyderabad,Telangana,2024-04-08
111409,Isha Nair,Female,49,Delhi,Delhi,2024-01-15
111410,Vivaan Mehta,Male,18,Lucknow,Uttar Pradesh,2022-09-01
111411,Isha Singh,Male,23,Gurugram,Haryana,2022-03-03
111412,Priya Joshi,Male,24,Delhi,Delhi,2024-05-25
111413,Rahul Das,Male,40,Hyderabad,Telangana,2023-07-02
111414,Aarav Kumar,Male,47,Mumbai,Maharashtra,2022-03-25
111415,Aarav Mehta,Male,22,Kolkata,West Bengal,2024-10-12
111416,Kavya Gupta,Male,45,Noida,Uttar Pradesh,2022-03-15
111417,Aditya Reddy,Female,26,Jaipur,Rajasthan,2024-07-20
111418,Rohan Gupta,Male,35,Bengaluru,Karnataka,2024-12-16
111419,Vikram Reddy,Female,21,Mumbai,Maharashtra,2023-02-24
111420,Aditi Kumar,Female,31,Noida,Uttar Pradesh,2023-09-10
111421,Rohan Verma,Female,31,Bengaluru,Karnataka,2024-06-22
111422,Priya Reddy,Male,29,Delhi,Delhi,2024-12-23
111423,Aditi Sharma,Female,35,Chennai,Tamil Nadu,2023-07-05
111424,Ananya Joshi,Female,23,Mumbai,Maharashtra,2024-11-15
111425,Neha Mishra,Female,24,Gurugram,Haryana,2023-02-06
111426,Arjun Reddy,Male,36,Mumbai,Maharashtra,2022-01-22
111427,Aman Mehta,Male,44,Hyderabad,Telangana,2023-04-12
111428,Meera Gupta,Female,32,Bengaluru,Karnataka,2023-06-05
111429,Aditya Joshi,Male,37,Lucknow,Uttar Pradesh,2024-11-25
111430,Rohan Verma,Male,39,Chennai,Tamil Nadu,2023-12-21
111431,Meera Gupta,Male,39,Noida,Uttar Pradesh,2024-08-05
111432,Ananya Malhotra,Female,23,Pune,Maharashtra,2023-03-13
111433,Priya Agarwal,Female,25,Delhi,Delhi,2024-06-05
111434,Pooja Sharma,Male,26,Mumbai,Maharashtra,2023-11-04
111435,Kavya Malhotra,Female,49,Nagpur,Maharashtra,2023-08-07
111436,Kavya Iyer,Female,37,Hyderabad,Telangana,2022-01-15
111437,Aman Singh,Female,36,Kolkata,West Bengal,2023-08-20
111438,Sneha Malhotra,Female,35,Bhopal,Madhya Pradesh,2023-06-22
111439,Pooja Joshi,Female,20,Delhi,Delhi,2022-09-22
111440,Raj Iyer,Female,49,Jaipur,Rajasthan,2024-09-08
111441,Kavya Das,Male,36,Bengaluru,Karnataka,2023-01-14
111442,Aarav Gupta,Female,39,Bengaluru,Karnataka,2024-11-18
111443,Rahul Mishra,Male,18,Mumbai,Maharashtra,2022-04-29
111444,Vivaan Das,Male,39,Gurugram,Haryana,2022-01-21
111445,Ananya Iyer,Male,29,Hyderabad,Telangana,2023-01-23
111446,Vivaan Malhotra,Female,20,,,2022-08-30
111447,Vikram Reddy,Female,23,Delhi,Delhi,2024-07-14
111448,Kavya Mehta,Male,21,Mumbai,Maharashtra,2024-11-02
111449,Pooja Nair,Male,20,Bhopal,Madhya Pradesh,2023-05-17
111450,Aman Joshi,Female,33,Hyderabad,Telangana,2024-03-09
111451,Raj Reddy,Male,29,Patna,Bihar,2023-06-09
111452,Rahul Patel,Female,35,Gurugram,Haryana,2023-05-19
111453,Pooja Kumar,Male,47,Gurugram,Haryana,2022-06-19
111454,Pooja Joshi,Male,31,Bengaluru,Karnataka,2024-05-26
111455,Kavya Reddy,Other,18,Bengaluru,Karnataka,2024-10-05
111456,Aditya Reddy,Male,30,Chennai,Tamil Nadu,2024-11-29
111457,Aditya Patel,Male,43,Hyderabad,Telangana,2023-10-29
111458,Aditi Agarwal,Male,31,Pune,Maharashtra,2024-10-26
111459,Kavya Joshi,Female,46,Delhi,Delhi,2023-07-01
111460,Neha Iyer,Female,36,Coimbatore,Tamil Nadu,2023-06-19
111461,Vivaan Nair,Male,18,Delhi,Delhi,2023-07-02
111462,Neha Verma,Male,33,Mumbai,Maharashtra,2022-03-27
111463,Aditi Mishra,Female,35,Jaipur,Rajasthan,2023-10-09
111464,Rohan Singh,Male,42,Mumbai,Maharashtra,2023-03-18
111465,Kavya Mehta,Female,48,Delhi,Delhi,2022-02-19
111466,Neha Mehta,Male,40,Mumbai,Maharashtra,2023-02-14
111467,Isha Singh,Male,36,Delhi,Delhi,2023-01-17
111468,Kavya Iyer,Female,38,Mumbai,Maharashtra,2022-03-10
111469,Rohan Sharma,Male,30,Bengaluru,Karnataka,2024-08-02
111470,Pooja Agarwal,Female,19,Pune,Maharashtra,2024-02-01
111471,Aman Mehta,Male,32,Hyderabad,Telangana,2024-06-11
111472,Aditya Malhotra,Male,35,Pune,Maharashtra,2022-01-11
111473,Aditya Nair,Other,21,Kolkata,West Bengal,2023-12-02
111474,Neha Agarwal,Male,44,Mumbai,Maharashtra,2022-11-13
111475,Pooja Joshi,Female,41,Mumbai,Maharashtra,2024-05-16
111476,Isha Mehta,Male,20,Indore,Madhya Pradesh,2022-04-21
111477,Kavya Gupta,Female,44,Kolkata,West Bengal,2022-09-12
111478,Pooja Malhotra,Female,29,Delhi,Delhi,2024-01-11
111479,Sneha Joshi,Male,25,Kochi,Kerala,2022-11-22
111480,Isha Nair,Female,42,Lucknow,Uttar Pradesh,2023-02-28
111481,Rahul Das,Female,32,Mumbai,Maharashtra,2022-03-19
111482,Rahul Kumar,Male,49,Coimbatore,Tamil Nadu,2022-09-24
111483,Riya Malhotra,Female,24,Hyderabad,Telangana,2024-04-03
111484,Karan Agarwal,Female,18,Nagpur,Maharashtra,2024-02-20
111485,Vivaan Iyer,Male,29,Delhi,Delhi,2023-02-06
111486,Kavya Kumar,Male,39,Mumbai,Maharashtra,2023-03-25
111487,Riya Sharma,Male,24,Jaipur,Rajasthan,2022-02-13
111488,Priya Reddy,Male,20,Delhi,Delhi,2022-12-05
111489,Rohan Reddy,Female,34,Delhi,Delhi,2023-05-19
111490,Vikram Kumar,Male,19,Noida,Uttar Pradesh,2024-01-04
111491,Vivaan Nair,Female,35,Mumbai,Maharashtra,2024-03-29
111492,Aman Mishra,Male,29,Patna,Bihar,2023-12-24
111493,Aarav Reddy,Male,36,Hyderabad,Telangana,2023-06-27
111494,Aditi Iyer,Female,20,Indore,Madhya Pradesh,2022-01-07
111495,Priya Mehta,Female,44,Hyderabad,Telangana,2023-05-17
111496,Pooja Kumar,Female,30,Chennai,Tamil Nadu,2022-03-02
111497,Neha Malhotra,Male,39,Bengaluru,Karnataka,2024-06-20
111498,Vivaan Sharma,Male,41,Jaipur,Rajasthan,2022-08-29
111499,Arjun Gupta,Male,22,Bengaluru,Karnataka,2023-12-25
111500,Aman Mishra,Other,40,Mumbai,Maharashtra,2023-07-18
111501,Kavya Gupta,Male,19,Delhi,Delhi,2022-05-04
111502,Ananya Das,Female,20,Delhi,Delhi,2023-01-04
111503,Aditi Patel,Female,50,Bengaluru,Karnataka,2024-08-06
111504,Aman Gupta,Male,42,Ahmedabad,Gujarat,2023-03-03
111505,Riya Mehta,Female,51,Mumbai,Maharashtra,2022-12-01
111506,Neha Malhotra,Female,29,Bengaluru,Karnataka,2022-02-22
111507,Priya Singh,Female,33,Bhopal,Madhya Pradesh,2022-08-29
111508,Rahul Kumar,Male,37,Kolkata,West Bengal,2022-10-26
111509,Pooja Patel,Male,32,Patna,Bihar,2024-01-02
111510,Rohan Reddy,Male,25,Bhopal,Madhya Pradesh,2023-03-17
111511,Vikram Reddy,Male,24,Delhi,Delhi,2022-07-11
111512,Rahul Reddy,Female,34,Kochi,Kerala,2023-10-31
111513,Kavya Nair,Female,22,Delhi,Delhi,2022-01-09
111514,Meera Das,Male,22,Patna,Bihar,2022-02-15
111515,Aman Iyer,Female,36,Chennai,Tamil Nadu,2023-08-22
111516,Priya Das,Female,31,Chennai,Tamil Nadu,2022-09-20
111517,Vikram Das,Male,40,Lucknow,Uttar Pradesh,2023-02-15
111518,Karan Joshi,Male,28,Indore,Madhya Pradesh,2022-06-10
111519,Meera Mishra,Female,27,Kolkata,West Bengal,2024-12-24
111520,Arjun Kumar,Female,36,Hyderabad,Telangana,2022-10-14
111521,Priya Gupta,Female,25,Delhi,Delhi,2022-03-21
111522,Aman Verma,Male,26,Noida,Uttar Pradesh,2024-02-27
111523,Ananya Gupta,Male,26,Delhi,Delhi,2024-11-25
111524,Kavya Iyer,Male,30,Lucknow,Uttar Pradesh,2022-09-16
111525,Ananya Nair,Female,48,Chennai,Tamil Nadu,2022-04-24
111526,Isha Gupta,Female,20,Hyderabad,Telangana,2023-09-09
111527,Ananya Mehta,Male,44,Kolkata,West Bengal,2024-12-18
111528,Rohan Malhotra,Female,39,Ahmedabad,Gujarat,2022-09-12
111529,Rohan Mehta,Female,46,Chandigarh,Chandigarh,2022-03-08
111530,Meera Singh,Female,60,Bengaluru,Karnataka,2023-05-02
111531,Vikram Kumar,Female,45,Chandigarh,Chandigarh,2022-04-25
111532,Riya Malhotra,Male,40,Kochi,Kerala,2023-12-11
111533,Aditi Verma,Female,20,Gurugram,Haryana,2023-09-01
111534,Vikram Das,Male,21,Indore,Madhya Pradesh,2024-12-22
111535,Riya Verma,Male,35,Lucknow,Uttar Pradesh,2023-08-13
111536,Kavya Nair,Female,18,Delhi,Delhi,2024-07-07
111537,Priya Kumar,Female,38,Chennai,Tamil Nadu,2023-03-22
111538,Aditi Sharma,Female,18,Ahmedabad,Gujarat,2024-11-23
111539,Isha Joshi,Female,42,Chandigarh,Chandigarh,2024-01-06
111540,Aman Mehta,Female,29,Chennai,Tamil Nadu,2024-06-27
111541,Kavya Kumar,Female,33,Noida,Uttar Pradesh,2024-09-21
111542,Aarav Malhotra,Male,25,Lucknow,Uttar Pradesh,2024-07-04
111543,Ananya Iyer,Female,18,Bengaluru,Karnataka,2023-02-23
111544,Isha Iyer,Male,43,Mumbai,Maharashtra,2024-12-12
111545,Raj Das,Male,44,Ahmedabad,Gujarat,2022-11-04
111546,Aman Singh,Male,29,Mumbai,Maharashtra,2023-07-09
111547,Aarav Singh,Female,38,Mumbai,Maharashtra,2023-11-06
111548,Raj Reddy,Female,28,Jaipur,Rajasthan,2023-11-02
111549,Pooja Verma,Female,35,Noida,Uttar Pradesh,2023-04-30
111550,Riya Das,Female,39,Chennai,Tamil Nadu,2024-12-13
111551,Meera Verma,Male,37,Indore,Madhya Pradesh,2022-08-03
111552,Arjun Mishra,Female,44,Mumbai,Maharashtra,2024-02-07
111553,Isha Malhotra,Female,37,Bengaluru,Karnataka,2022-06-23
111554,Isha Gupta,Female,32,Kolkata,West Bengal,2022-11-18
111555,Vivaan Singh,Female,25,Gurugram,Haryana,2024-09-22
111556,Riya Das,Female,28,Chennai,Tamil Nadu,2022-10-25
111557,Ananya Malhotra,Female,39,Delhi,Delhi,2023-01-20
111558,Vikram Patel,Female,18,Jaipur,Rajasthan,2024-11-21
111559,Vivaan Verma,Male,42,Gurugram,Haryana,2022-10-10
111560,Aditi Singh,Female,29,Bengaluru,Karnataka,2024-06-13
111561,Priya Patel,Male,25,Delhi,Delhi,2023-07-17
111562,Aditya Kumar,Male,22,Pune,Maharashtra,2022-09-27
111563,Raj Agarwal,Female,38,Delhi,Delhi,2023-12-29
111564,Arjun Kumar,Male,32,Hyderabad,Telangana,2022-07-21
111565,Ananya Singh,Female,46,Delhi,Delhi,2024-10-30
111566,Arjun Singh,Male,21,Mumbai,Maharashtra,2023-12-05
111567,Rohan Kumar,Male,27,Hyderabad,Telangana,2023-01-14
111568,Pooja Mishra,Female,31,Delhi,Delhi,2024-01-13
111569,Karan Das,Male,25,Delhi,Delhi,2024-01-18
111570,Sneha Agarwal,Female,32,Gurugram,Haryana,2024-08-14
111571,Riya Verma,Male,35,Delhi,Delhi,2024-05-07
111572,Vikram Iyer,Male,36,Lucknow,Uttar Pradesh,2024-12-17
111573,Sneha Agarwal,Male,46,Gurugram,Haryana,2024-12-13
111574,Ananya Sharma,Male,20,Mumbai,Maharashtra,2022-06-12
111575,Aarav Malhotra,Female,35,Mumbai,Maharashtra,2023-11-21
111576,Aman Das,Male,26,Kolkata,West Bengal,2023-11-25
111577,Rahul Nair,Female,36,Bengaluru,Karnataka,2022-03-26
111578,Arjun Patel,Female,36,Pune,Maharashtra,2023-05-15
111579,Aditya Sharma,Female,23,Gurugram,Haryana,2022-04-20
111580,Aditi Gupta,Female,24,Mumbai,Maharashtra,2024-11-17
111581,Neha Mehta,Male,37,Kolkata,West Bengal,2022-09-11
111582,Pooja Joshi,Male,32,Chandigarh,Chandigarh,2024-05-16
111583,Arjun Nair,Female,30,Delhi,Delhi,2023-11-04
111584,Meera Joshi,Female,38,Delhi,Delhi,2023-09-14
111585,Isha Joshi,Female,39,Chennai,Tamil Nadu,2023-06-21
111586,Vivaan Malhotra,Female,27,Kochi,Kerala,2024-10-24
111587,Rahul Iyer,Male,24,Mumbai,Maharashtra,2024-07-17
111588,Isha Sharma,Male,21,Bengaluru,Karnataka,2024-03-04
111589,Aman Kumar,Female,32,Delhi,Delhi,2022-07-31
111590,Rahul Singh,Female,19,Bengaluru,Karnataka,2023-11-25
111591,Riya Joshi,Male,33,Delhi,Delhi,2022-01-31
111592,Kavya Das,Female,43,Hyderabad,Telangana,2023-08-26
111593,Aditi Mehta,Male,29,Chennai,Tamil Nadu,2024-11-15
111594,Rohan Mishra,Male,27,Coimbatore,Tamil Nadu,2023-07-31
111595,Rahul Mishra,Female,50,Gurugram,Haryana,2022-08-24
111596,Ananya Joshi,Female,46,Gurugram,Haryana,2023-10-29
111597,Sneha Mehta,Female,25,Mumbai,Maharashtra,2022-03-04
111598,Vivaan Kumar,Male,33,Delhi,Delhi,2024-11-11
111599,Meera Joshi,Male,35,Kolkata,West Bengal,2022-10-06
111600,Sneha Iyer,Female,34,Pune,Maharashtra,2023-06-07
111601,Neha Joshi,Male,48,Pune,Maharashtra,2023-08-14
111602,Neha Patel,Female,33,Delhi,Delhi,2024-04-13
111603,Raj Das,Female,34,Pune,Maharashtra,2023-08-18
111604,Rohan Gupta,Female,38,Mumbai,Maharashtra,2022-03-26
111605,Isha Nair,Male,43,Hyderabad,Telangana,2023-05-02
111606,Ananya Joshi,Female,40,Delhi,Delhi,2023-11-12
111607,Ananya Nair,Male,37,Surat,Gujarat,2022-02-24
111608,Aman Joshi,Male,18,Delhi,Delhi,2024-06-27
111609,Ananya Nair,Male,28,Chandigarh,Chandigarh,2024-04-25
111610,Meera Mehta,Male,39,Surat,Gujarat,2024-01-10
111611,Aditi Iyer,Female,34,Ahmedabad,Gujarat,2023-12-11
111612,Ananya Iyer,Male,39,Coimbatore,Tamil Nadu,2023-12-23
111613,Pooja Patel,Male,49,Delhi,Delhi,2023-03-07
111614,Rohan Joshi,Female,21,Kolkata,West Bengal,2024-01-25
111615,Rahul Patel,Male,42,Surat,Gujarat,2023-11-13
111616,Pooja Mishra,Female,29,Delhi,Delhi,2024-11-07
111617,Arjun Verma,Male,40,Chennai,Tamil Nadu,2024-11-12
111618,Sneha Kumar,Male,32,Hyderabad,Telangana,2022-06-09
111619,Aarav Gupta,Female,51,Hyderabad,Telangana,2022-05-07
111620,Aarav Mishra,Male,33,Bhopal,Madhya Pradesh,2024-11-05
111621,Vivaan Sharma,Female,26,Chennai,Tamil Nadu,2022-10-02
111622,Rahul Iyer,Male,36,Delhi,Delhi,2022-11-09
111623,Raj Kumar,Male,35,Chandigarh,Chandigarh,2024-07-03
111624,Vikram Malhotra,Male,42,Mumbai,Maharashtra,2024-06-17
111625,Vikram Verma,Male,36,Indore,Madhya Pradesh,2023-11-07
111626,Vikram Gupta,Male,54,Coimbatore,Tamil Nadu,2023-09-07
111627,Arjun Iyer,Female,31,Indore,Madhya Pradesh,2024-07-04
111628,Ananya Das,Male,31,Jaipur,Rajasthan,2024-07-14
111629,Ananya Verma,Male,27,Ahmedabad,Gujarat,2024-10-14
111630,Karan Sharma,Male,33,Lucknow,Uttar Pradesh,2024-10-06
111631,Ananya Kumar,Female,34,Pune,Maharashtra,2023-07-11
111632,Isha Sharma,Female,35,Bengaluru,Karnataka,2024-02-02
111633,Riya Singh,Female,33,Bengaluru,Karnataka,2023-01-04
111634,Sneha Joshi,Female,27,Ahmedabad,Gujarat,2024-01-28
111635,Rohan Reddy,Male,24,Kolkata,West Bengal,2023-08-05
111636,Arjun Patel,Male,29,Chennai,Tamil Nadu,2022-08-29
111637,Raj Patel,Female,42,Jaipur,Rajasthan,2022-09-16
111638,Riya Joshi,Female,44,Noida,Uttar Pradesh,2023-03-21
111639,Pooja Mehta,Male,31,Ahmedabad,Gujarat,2024-11-19
111640,Priya Malhotra,Male,24,Delhi,Delhi,2024-07-05
111641,Pooja Nair,Other,31,Bengaluru,Karnataka,2022-10-31
111642,Isha Gupta,Female,51,Bengaluru,Karnataka,2023-08-14
111643,Isha Das,Male,41,Chennai,Tamil Nadu,2023-05-24
111644,Vikram Mehta,Female,37,Delhi,Delhi,2024-09-15
111645,Neha Mishra,Male,41,Ahmedabad,Gujarat,2024-08-20
111646,Neha Nair,Male,46,Delhi,Delhi,2022-03-20
111647,Raj Reddy,Male,22,Bengaluru,Karnataka,2022-02-04
111648,Sneha Gupta,Male,28,Noida,Uttar Pradesh,2024-10-07
111649,Aarav Gupta,Male,27,Delhi,Delhi,2022-05-08
111650,Aditi Das,Female,37,Jaipur,Rajasthan,2023-08-07
111651,Riya Nair,Male,33,Patna,Bihar,2023-11-09
111652,Rohan Mishra,Female,39,Kolkata,West Bengal,2024-01-16
111653,Aditi Patel,Male,27,Lucknow,Uttar Pradesh,2023-08-06
111654,Karan Verma,Male,44,Noida,Uttar Pradesh,2023-09-28
111655,Riya Singh,Female,31,Mumbai,Maharashtra,2024-05-02
111656,Rohan Nair,Female,38,Chennai,Tamil Nadu,2024-08-03
111657,Kavya Iyer,Female,43,Bengaluru,Karnataka,2023-06-28
111658,Arjun Nair,Other,42,Mumbai,Maharashtra,2022-08-05
111659,Rahul Singh,Male,35,Mumbai,Maharashtra,2024-06-12
111660,Aditya Gupta,Male,39,Chennai,Tamil Nadu,2024-05-23
111661,Karan Malhotra,Female,48,Noida,Uttar Pradesh,2022-09-29
111662,Rahul Mishra,Other,37,Indore,Madhya Pradesh,2023-02-09
111663,Aarav Reddy,Female,25,Hyderabad,Telangana,2023-11-30
111664,Raj Malhotra,Female,37,Hyderabad,Telangana,2024-05-13
111665,Aditya Sharma,Female,32,Lucknow,Uttar Pradesh,2024-09-27
111666,Priya Nair,Male,18,Noida,Uttar Pradesh,2022-08-29
111667,Aarav Mishra,Female,36,Bengaluru,Karnataka,2022-11-12
111668,Aditya Joshi,Female,33,Bengaluru,Karnataka,2023-11-07
111669,Vikram Mehta,Female,42,Chennai,Tamil Nadu,2024-01-16
111670,Aman Agarwal,Male,25,Hyderabad,Telangana,2023-03-29
111671,Rohan Singh,Male,18,Lucknow,Uttar Pradesh,2023-12-05
111672,Kavya Agarwal,Male,34,Pune,Maharashtra,2022-03-03
111673,Aditi Sharma,Male,35,Delhi,Delhi,2022-12-12
111674,Kavya Gupta,Female,33,Mumbai,Maharashtra,2024-07-11
111675,Isha Mehta,Male,32,Bhopal,Madhya Pradesh,2024-06-01
111676,Riya Nair,Male,22,Mumbai,Maharashtra,2024-07-03
111677,Aditya Reddy,Male,31,Delhi,Delhi,2023-06-24
111678,Neha Gupta,Female,29,Ahmedabad,Gujarat,2022-02-12
111679,Rohan Mishra,Female,42,Jaipur,Rajasthan,2024-02-09
111680,Aditi Agarwal,Male,35,Kolkata,West Bengal,2023-09-09
111681,Neha Kumar,Male,29,Pune,Maharashtra,2022-09-11
111682,Aman Nair,Male,48,Coimbatore,Tamil Nadu,2022-11-14
111683,Aditi Joshi,Female,30,Delhi,Delhi,2022-11-10
111684,Aman Agarwal,Male,37,Pune,Maharashtra,2024-10-02
111685,Rahul Mehta,Female,30,Chennai,Tamil Nadu,2022-10-30
111686,Rahul Das,Male,47,Delhi,Delhi,2024-09-15
111687,Meera Sharma,Male,33,Hyderabad,Telangana,2024-03-24
111688,Ananya Gupta,Female,33,Noida,Uttar Pradesh,2024-01-09
111689,Pooja Verma,Male,31,Pune,Maharashtra,2023-02-09
111690,Riya Das,Female,34,Indore,Madhya Pradesh,2022-05-09
111691,Neha Mehta,Male,43,Jaipur,Rajasthan,2023-08-03
111692,Kavya Singh,Female,40,Ahmedabad,Gujarat,2024-01-24
111693,Arjun Mehta,Female,32,Noida,Uttar Pradesh,2022-08-20
111694,Vivaan Joshi,Female,47,Lucknow,Uttar Pradesh,2023-02-18
111695,Rohan Nair,Male,40,Ahmedabad,Gujarat,2023-07-20
111696,Neha Verma,Male,28,Lucknow,Uttar Pradesh,2022-07-31
111697,Isha Gupta,Male,20,Chennai,Tamil Nadu,2024-10-13
111698,Aditya Agarwal,Female,28,Chennai,Tamil Nadu,2022-04-12
111699,Karan Singh,Female,36,Mumbai,Maharashtra,2022-04-25
111700,Neha Iyer,Male,37,Gurugram,Haryana,2023-11-26
111701,Karan Mishra,Male,44,Bengaluru,Karnataka,2023-08-03
111702,Meera Reddy,Female,22,Chennai,Tamil Nadu,2024-01-17
111703,Meera Gupta,Male,28,Mumbai,Maharashtra,2023-11-20
111704,Aarav Kumar,Male,21,Lucknow,Uttar Pradesh,2023-05-08
111705,Rohan Gupta,Male,20,Coimbatore,Tamil Nadu,2023-08-17
111706,Rahul Malhotra,Female,26,Noida,Uttar Pradesh,2023-12-25
111707,Meera Mishra,Female,35,Kolkata,West Bengal,2023-12-30
111708,Pooja Singh,Other,39,Chennai,Tamil Nadu,2023-11-20
111709,Sneha Mishra,Male,23,Pune,Maharashtra,2024-01-15
111710,Rohan Verma,Female,25,Mumbai,Maharashtra,2024-06-10
111711,Sneha Iyer,Female,18,Bengaluru,Karnataka,2023-01-19
111712,Ananya Reddy,Male,34,Hyderabad,Telangana,2022-09-09
111713,Meera Verma,Female,25,Chandigarh,Chandigarh,2024-05-18
111714,Raj Singh,Male,47,Hyderabad,Telangana,2023-03-16
111715,Kavya Joshi,Male,36,Chennai,Tamil Nadu,2023-02-21
111716,Rahul Singh,Male,30,Patna,Bihar,2024-02-03
111717,Rohan Kumar,Male,26,Pune,Maharashtra,2024-09-17
111718,Aditi Nair,Female,19,Mumbai,Maharashtra,2024-04-29
111719,Vikram Iyer,Male,20,Hyderabad,Telangana,2024-04-29
111720,Meera Das,Male,26,Hyderabad,Telangana,2024-11-08
111721,Kavya Singh,Male,26,Lucknow,Uttar Pradesh,2022-04-21
111722,Ananya Joshi,Female,23,Bengaluru,Karnataka,2023-12-31
111723,Raj Patel,Female,35,Lucknow,Uttar Pradesh,2022-01-16
111724,Sneha Verma,Female,37,Indore,Madhya Pradesh,2023-09-10
111725,Isha Nair,Female,28,Bengaluru,Karnataka,2022-07-07
111726,Neha Nair,Male,49,Mumbai,Maharashtra,2022-03-03
111727,Isha Singh,Male,18,Kolkata,West Bengal,2024-10-26
111728,Rohan Iyer,Female,33,Bengaluru,Karnataka,2024-05-04
111729,Priya Patel,Male,30,Chennai,Tamil Nadu,2022-04-15
111730,Vikram Sharma,Male,27,Kolkata,West Bengal,2023-08-25
111731,Meera Kumar,Female,26,Hyderabad,Telangana,2023-02-16
111732,Aman Das,Male,32,Patna,Bihar,2022-06-12
111733,Aman Malhotra,Male,30,Hyderabad,Telangana,2024-08-28
111734,Isha Malhotra,Male,28,Bengaluru,Karnataka,2022-07-01
111735,Arjun Gupta,Male,20,Indore,Madhya Pradesh,2024-01-29
111736,Neha Malhotra,Female,18,Mumbai,Maharashtra,2023-11-07
111737,Meera Agarwal,Female,29,Delhi,Delhi,2024-08-23
111738,Aarav Gupta,Female,28,Chandigarh,Chandigarh,2023-10-20
111739,Meera Gupta,Female,30,Mumbai,Maharashtra,2022-11-21
111740,Neha Verma,Male,31,Mumbai,Maharashtra,2022-07-11
111741,Rohan Sharma,Male,27,Chennai,Tamil Nadu,2024-07-24
111742,Ananya Singh,Male,30,Delhi,Delhi,2023-04-20
111743,Pooja Agarwal,Male,24,Kolkata,West Bengal,2023-04-02
111744,Riya Mishra,Other,46,Pune,Maharashtra,2024-03-11
111745,Isha Nair,Female,25,Kolkata,West Bengal,2024-02-25
111746,Arjun Singh,Male,29,Bengaluru,Karnataka,2022-04-05
111747,Isha Nair,Male,25,Bhopal,Madhya Pradesh,2023-05-12
111748,Ananya Gupta,Male,25,Bengaluru,Karnataka,2022-05-21
111749,Meera Joshi,Male,32,Kolkata,West Bengal,2024-05-10
111750,Riya Singh,Male,31,Chandigarh,Chandigarh,2022-03-15
111751,Rahul Gupta,Female,28,Hyderabad,Telangana,2024-12-08
111752,Aarav Iyer,Female,29,Mumbai,Maharashtra,2024-11-26
111753,Arjun Gupta,Female,26,Delhi,Delhi,2024-11-02
111754,Aditi Mehta,Male,36,Kochi,Kerala,2023-12-19
111755,Vivaan Joshi,Male,50,Ahmedabad,Gujarat,2022-02-20
111756,Karan Gupta,Female,24,Patna,Bihar,2022-06-30
111757,Vivaan Mishra,Female,36,Lucknow,Uttar Pradesh,2022-03-10
111758,Vivaan Patel,Female,32,Bengaluru,Karnataka,2024-01-25
111759,Kavya Agarwal,Female,38,Delhi,Delhi,2024-02-01
111760,Pooja Iyer,Female,38,Patna,Bihar,2023-02-08
111761,Neha Joshi,Female,34,Pune,Maharashtra,2022-06-10
111762,Riya Joshi,Male,32,Hyderabad,Telangana,2022-07-10
111763,Meera Agarwal,Female,28,Chennai,Tamil Nadu,2022-08-10
111764,Aditi Reddy,Male,25,Delhi,Delhi,2024-01-27
111765,Karan Nair,Male,31,Bengaluru,Karnataka,2023-02-24
111766,Aditi Reddy,Female,20,Kolkata,West Bengal,2022-12-21
111767,Riya Kumar,Male,27,Delhi,Delhi,2022-03-31
111768,Rohan Singh,Male,42,Mumbai,Maharashtra,2022-11-28
111769,Kavya Mehta,Male,33,Pune,Maharashtra,2024-04-11
111770,Vivaan Iyer,Male,40,Kolkata,West Bengal,2023-08-07
111771,Vivaan Singh,Male,45,Mumbai,Maharashtra,2022-04-10
111772,Aarav Patel,Male,30,Delhi,Delhi,2022-03-09
111773,Raj Singh,Male,34,Kochi,Kerala,2023-01-24
111774,Priya Reddy,Male,29,Delhi,Delhi,2023-05-02
111775,Aditya Das,Other,25,Delhi,Delhi,2023-03-21
111776,Meera Das,Male,23,Bengaluru,Karnataka,2024-06-06
111777,Meera Kumar,Male,40,Mumbai,Maharashtra,2023-05-13
111778,Arjun Agarwal,Female,34,Chennai,Tamil Nadu,2024-10-20
111779,Aditya Kumar,Female,49,Indore,Madhya Pradesh,2022-03-29
111780,Rohan Singh,Female,41,Pune,Maharashtra,2023-01-14
111781,Meera Mishra,Male,25,Ahmedabad,Gujarat,2022-01-05
111782,Aditya Sharma,Female,40,Bhopal,Madhya Pradesh,2023-04-29
111783,Rahul Reddy,Female,29,Mumbai,Maharashtra,2024-07-05
111784,Meera Gupta,Female,43,Pune,Maharashtra,2024-11-28
111785,Meera Nair,Female,28,Kolkata,West Bengal,2022-12-14
111786,Aditi Reddy,Female,23,Bengaluru,Karnataka,2022-05-09
111787,Aarav Verma,Female,25,Ahmedabad,Gujarat,2024-12-26
111788,Raj Singh,Female,25,Lucknow,Uttar Pradesh,2023-03-09
111789,Isha Patel,Male,24,Hyderabad,Telangana,2024-12-17
111790,Riya Singh,Female,27,Delhi,Delhi,2023-09-01
111791,Vivaan Malhotra,Female,40,Delhi,Delhi,2023-08-04
111792,Karan Mishra,Male,48,Hyderabad,Telangana,2024-07-10
111793,Aarav Malhotra,Other,20,Delhi,Delhi,2024-11-30
111794,Sneha Agarwal,Male,43,Noida,Uttar Pradesh,2022-07-23
111795,Aditya Singh,Male,28,Bengaluru,Karnataka,2024-04-24
111796,Meera Agarwal,Female,35,Jaipur,Rajasthan,2024-07-16
111797,Aditya Malhotra,Male,18,Bengaluru,Karnataka,2024-06-04
111798,Arjun Gupta,Male,37,Noida,Uttar Pradesh,2024-04-07
111799,Priya Sharma,Male,18,Indore,Madhya Pradesh,2023-05-24
111800,Rahul Nair,Male,35,Gurugram,Haryana,2023-07-14
111801,Rahul Verma,Male,34,Pune,Maharashtra,2022-10-04
111802,Karan Gupta,Male,34,Delhi,Delhi,2022-01-17
111803,Arjun Das,Male,25,Hyderabad,Telangana,2023-04-22
111804,Neha Mehta,Other,37,Hyderabad,Telangana,2023-09-05
111805,Neha Iyer,Other,36,Kochi,Kerala,2024-11-15
111806,Rahul Sharma,Male,30,Chennai,Tamil Nadu,2022-07-09
111807,Arjun Malhotra,Female,38,Kolkata,West Bengal,2023-01-16
111808,Aditya Verma,Male,31,Noida,Uttar Pradesh,2023-08-26
111809,Arjun Mehta,Male,37,Chennai,Tamil Nadu,2023-01-17
111810,Priya Verma,Male,31,Kolkata,West Bengal,2024-04-08
111811,Rahul Mishra,Female,34,Mumbai,Maharashtra,2024-06-09
111812,Rohan Sharma,Female,37,Delhi,Delhi,2023-08-22
111813,Arjun Malhotra,Male,28,Lucknow,Uttar Pradesh,2024-09-11
111814,Vivaan Agarwal,Male,21,Surat,Gujarat,2023-07-24
111815,Rahul Nair,Male,34,Hyderabad,Telangana,2022-11-01
111816,Ananya Reddy,Female,43,Chennai,Tamil Nadu,2024-04-25
111817,Riya Iyer,Female,35,Bengaluru,Karnataka,2023-09-21
111818,Neha Mishra,Male,35,Hyderabad,Telangana,2023-07-17
111819,Vikram Singh,Female,32,Mumbai,Maharashtra,2022-03-03
111820,Pooja Nair,Male,39,Ahmedabad,Gujarat,2023-06-12
111821,Karan Sharma,Female,30,Pune,Maharashtra,2024-08-06
111822,Raj Malhotra,Female,28,Chennai,Tamil Nadu,2023-02-02
111823,Karan Mehta,Male,42,Delhi,Delhi,2022-12-07
111824,Priya Kumar,Female,27,Kolkata,West Bengal,2024-10-10
111825,Karan Joshi,Female,40,Mumbai,Maharashtra,2024-06-08
111826,Aarav Reddy,Male,42,Hyderabad,Telangana,2024-04-12
111827,Rohan Agarwal,Male,37,Hyderabad,Telangana,2023-05-06
111828,Raj Iyer,Female,21,Hyderabad,Telangana,2024-06-24
111829,Riya Verma,Male,32,Mumbai,Maharashtra,2023-11-02
111830,Rahul Iyer,Male,30,Surat,Gujarat,2024-11-27
111831,Raj Gupta,Male,28,Hyderabad,Telangana,2022-07-10
111832,Arjun Verma,Female,33,Kolkata,West Bengal,2024-08-29
111833,Raj Sharma,Female,39,Kolkata,West Bengal,2024-06-27
111834,Kavya Reddy,Female,28,Kolkata,West Bengal,2023-09-12
111835,Priya Reddy,Female,30,Chennai,Tamil Nadu,2023-07-13
111836,Riya Gupta,Male,30,Gurugram,Haryana,2022-12-12
111837,Ananya Das,Female,42,Gurugram,Haryana,2023-09-30
111838,Aarav Malhotra,Female,30,Hyderabad,Telangana,2024-03-05
111839,Ananya Gupta,Male,21,Kolkata,West Bengal,2024-12-14
111840,Rahul Malhotra,Male,18,Delhi,Delhi,2024-07-02
111841,Raj Mehta,Male,35,Delhi,Delhi,2022-06-30
111842,Rahul Sharma,Female,25,Pune,Maharashtra,2023-09-19
111843,Meera Singh,Female,38,Bhopal,Madhya Pradesh,2023-06-11
111844,Aditi Kumar,Female,20,Jaipur,Rajasthan,2024-02-26
111845,Priya Das,Other,27,Jaipur,Rajasthan,2023-03-21
111846,Aditya Iyer,Male,20,Mumbai,Maharashtra,2023-11-17
111847,Aarav Iyer,Female,36,Pune,Maharashtra,2023-05-26
111848,Karan Nair,Female,38,Hyderabad,Telangana,2022-07-08
111849,Meera Malhotra,Male,35,Noida,Uttar Pradesh,2023-11-01
111850,Aditi Gupta,Female,22,Mumbai,Maharashtra,2023-11-08
111851,Meera Agarwal,Male,25,Chennai,Tamil Nadu,2024-06-14
111852,Aarav Iyer,Female,34,Bhopal,Madhya Pradesh,2024-04-06
111853,Arjun Singh,Female,18,Indore,Madhya Pradesh,2023-09-29
111854,Neha Verma,Female,30,Surat,Gujarat,2022-10-23
111855,Rahul Patel,Female,46,Hyderabad,Telangana,2023-02-06
111856,Karan Mehta,Male,30,Chandigarh,Chandigarh,2023-07-26
111857,Aditi Joshi,Female,19,Noida,Uttar Pradesh,2022-01-21
111858,Ananya Joshi,Male,27,Surat,Gujarat,2022-11-09
111859,Aditi Mehta,Female,26,Chandigarh,Chandigarh,2024-02-15
111860,Raj Iyer,Female,51,Chandigarh,Chandigarh,2022-01-23
111861,Rahul Singh,Female,47,Mumbai,Maharashtra,2024-02-08
111862,Aarav Patel,Male,39,Delhi,Delhi,2023-07-04
111863,Aditya Mishra,Female,29,Lucknow,Uttar Pradesh,2024-03-06
111864,Rahul Sharma,Female,43,Chennai,Tamil Nadu,2024-03-10
111865,Rahul Agarwal,Female,22,Bengaluru,Karnataka,2024-05-06
111866,Vivaan Mehta,Male,42,Jaipur,Rajasthan,2024-11-29
111867,Arjun Kumar,Male,40,Delhi,Delhi,2022-05-11
111868,Pooja Gupta,Male,31,Delhi,Delhi,2022-09-07
111869,Isha Singh,Female,42,Bengaluru,Karnataka,2023-01-08
111870,Kavya Agarwal,Female,28,Mumbai,Maharashtra,2022-10-12
111871,Aman Sharma,Other,21,Lucknow,Uttar Pradesh,2022-10-26
111872,Rohan Malhotra,Male,41,Kochi,Kerala,2023-05-13
111873,Pooja Sharma,Male,31,Jaipur,Rajasthan,2022-10-07
111874,Neha Nair,Female,37,Jaipur,Rajasthan,2023-06-30
111875,Aditya Mehta,Female,48,Delhi,Delhi,2024-02-25
111876,Sneha Das,Female,25,Pune,Maharashtra,2024-10-01
111877,Meera Sharma,Female,31,Gurugram,Haryana,2022-10-09
111878,Sneha Singh,Male,46,Jaipur,Rajasthan,2023-01-16
111879,Rahul Gupta,Female,38,Mumbai,Maharashtra,2022-04-18
111880,Raj Joshi,Female,26,Surat,Gujarat,2023-04-09
111881,Arjun Kumar,Female,23,Kochi,Kerala,2024-08-15
111882,Ananya Patel,Male,27,Bengaluru,Karnataka,2023-03-02
111883,Rohan Das,Male,25,Mumbai,Maharashtra,2023-04-17
111884,Aarav Singh,Male,34,Bengaluru,Karnataka,2024-09-22
111885,Raj Sharma,Female,33,Delhi,Delhi,2023-07-07
111886,Vikram Sharma,Male,35,Indore,Madhya Pradesh,2022-04-20
111887,Arjun Sharma,Male,24,Patna,Bihar,2024-03-03
111888,Pooja Kumar,Male,31,Kolkata,West Bengal,2022-05-12
111889,Priya Agarwal,Female,18,Ahmedabad,Gujarat,2023-02-22
111890,Meera Mishra,Male,33,Jaipur,Rajasthan,2024-11-20
111891,Neha Kumar,Female,43,Hyderabad,Telangana,2024-04-27
111892,Sneha Mishra,Male,19,Kolkata,West Bengal,2024-10-04
111893,Raj Malhotra,Male,36,Gurugram,Haryana,2023-09-09
111894,Aditya Kumar,Female,27,Gurugram,Haryana,2024-12-02
111895,Neha Malhotra,Male,39,Delhi,Delhi,2023-11-01
111896,Aditi Kumar,Male,33,Pune,Maharashtra,2024-10-12
111897,Raj Mehta,Male,36,Hyderabad,Telangana,2024-10-23
111898,Rohan Singh,Female,33,Ahmedabad,Gujarat,2023-05-16
111899,Aman Agarwal,Female,44,Pune,Maharashtra,2022-04-16
111900,Arjun Gupta,Male,35,Bengaluru,Karnataka,2023-06-28
111901,Aman Agarwal,Male,26,Lucknow,Uttar Pradesh,2023-11-07
111902,Sneha Sharma,Female,33,Pune,Maharashtra,2023-11-03
111903,Arjun Sharma,Female,29,Bengaluru,Karnataka,2024-02-28
111904,Kavya Sharma,Male,33,Indore,Madhya Pradesh,2023-10-29
111905,Arjun Iyer,Female,28,Delhi,Delhi,2024-07-09
111906,Riya Verma,Female,26,Delhi,Delhi,2024-03-28
111907,Vivaan Singh,Female,34,Mumbai,Maharashtra,2024-02-01
111908,Aarav Iyer,Male,33,Mumbai,Maharashtra,2024-07-31
111909,Sneha Joshi,Male,42,Chennai,Tamil Nadu,2024-10-25
111910,Vikram Verma,Male,28,Kolkata,West Bengal,2024-02-29
111911,Neha Mehta,Female,18,Hyderabad,Telangana,2022-01-05
111912,Aman Iyer,Female,29,Mumbai,Maharashtra,2022-04-21
111913,Aditya Agarwal,Male,18,Mumbai,Maharashtra,2023-12-24
111914,Rohan Mehta,Female,36,Pune,Maharashtra,2023-11-22
111915,Riya Sharma,Female,18,Chennai,Tamil Nadu,2022-05-18
111916,Kavya Sharma,Other,23,Bengaluru,Karnataka,2022-09-27
111917,Riya Verma,Female,29,Mumbai,Maharashtra,2024-03-21
111918,Aditi Agarwal,Other,46,Delhi,Delhi,2024-09-07
111919,Arjun Gupta,Male,22,Delhi,Delhi,2024-05-19
111920,Meera Sharma,Female,32,Delhi,Delhi,2023-06-19
111921,Arjun Kumar,Female,37,Ahmedabad,Gujarat,2023-06-08
111922,Vivaan Agarwal,Male,45,Bengaluru,Karnataka,2023-06-25
111923,Aditya Singh,Male,39,Delhi,Delhi,2023-03-16
111924,Riya Sharma,Female,42,Pune,Maharashtra,2024-04-28
111925,Sneha Agarwal,Male,40,Chennai,Tamil Nadu,2023-04-05
111926,Arjun Singh,Female,21,Hyderabad,Telangana,2022-12-06
111927,Vivaan Agarwal,Male,35,Delhi,Delhi,2024-08-14
111928,Vikram Kumar,Male,40,Ahmedabad,Gujarat,2022-03-16
111929,Aditya Sharma,Male,23,Lucknow,Uttar Pradesh,2024-01-23
111930,Raj Kumar,Male,27,Hyderabad,Telangana,2024-04-21
111931,Riya Patel,Female,25,Hyderabad,Telangana,2022-08-08
111932,Isha Patel,Female,39,Mumbai,Maharashtra,2023-06-07
111933,Karan Iyer,Male,31,Ahmedabad,Gujarat,2024-06-08
111934,Priya Gupta,Male,29,Kolkata,West Bengal,2023-12-29
111935,Arjun Nair,Male,20,Delhi,Delhi,2023-01-31
111936,Karan Sharma,Male,31,Hyderabad,Telangana,2023-05-30
111937,Aarav Malhotra,Female,27,Bhopal,Madhya Pradesh,2023-06-03
111938,Sneha Gupta,Male,34,Pune,Maharashtra,2022-12-30
111939,Aditi Joshi,Male,22,Bengaluru,Karnataka,2022-03-28
111940,Riya Reddy,Male,34,Jaipur,Rajasthan,2022-05-06
111941,Aditi Agarwal,Male,28,Mumbai,Maharashtra,2023-08-21
111942,Sneha Nair,Male,21,Chennai,Tamil Nadu,2022-11-06
111943,Sneha Malhotra,Male,20,Jaipur,Rajasthan,2022-06-29
111944,Aman Agarwal,Female,21,Surat,Gujarat,2024-11-10
111945,Aarav Singh,Female,30,Lucknow,Uttar Pradesh,2024-06-02
111946,Arjun Joshi,Female,33,Hyderabad,Telangana,2024-06-26
111947,Aarav Kumar,Male,34,Ahmedabad,Gujarat,2023-05-28
111948,Karan Reddy,Male,35,Bhopal,Madhya Pradesh,2024-07-22
111949,Karan Malhotra,Female,25,Pune,Maharashtra,2022-07-24
111950,Priya Gupta,Female,42,Delhi,Delhi,2024-01-26
111951,Neha Mishra,Other,28,Indore,Madhya Pradesh,2022-10-09
111952,Aman Das,Male,36,Mumbai,Maharashtra,2022-04-14
111953,Sneha Mishra,Male,31,Delhi,Delhi,2023-05-27
111954,Priya Mehta,Female,35,Bengaluru,Karnataka,2023-10-30
111955,Rahul Verma,Female,30,Hyderabad,Telangana,2022-06-19
111956,Aditi Malhotra,Female,36,Noida,Uttar Pradesh,2022-07-09
111957,Aditya Joshi,Female,32,Hyderabad,Telangana,2024-12-16
111958,Vikram Das,Female,39,Delhi,Delhi,2023-12-13
111959,Rahul Nair,Female,25,Kolkata,West Bengal,2022-02-14
111960,Isha Sharma,Female,18,Jaipur,Rajasthan,2023-11-28
111961,Vivaan Sharma,Female,23,Gurugram,Haryana,2024-04-17
111962,Aman Mehta,Female,42,Hyderabad,Telangana,2024-02-06
111963,Sneha Mehta,Male,31,Delhi,Delhi,2022-07-27
111964,Arjun Patel,Male,33,Chennai,Tamil Nadu,2023-04-28
111965,Ananya Reddy,Female,23,Delhi,Delhi,2023-04-04
111966,Meera Sharma,Male,33,Delhi,Delhi,2023-10-11
111967,Aditya Iyer,Female,23,Noida,Uttar Pradesh,2023-10-17
111968,Arjun Sharma,Male,24,Hyderabad,Telangana,2022-04-12
111969,Neha Malhotra,Male,28,Chennai,Tamil Nadu,2022-06-29
111970,Isha Reddy,Female,36,Jaipur,Rajasthan,2023-06-23
111971,Neha Verma,Male,37,Hyderabad,Telangana,2023-01-20
111972,Aman Sharma,Male,37,Delhi,Delhi,2023-01-16
111973,Aarav Nair,Male,18,Bengaluru,Karnataka,2023-01-16
111974,Aman Malhotra,Female,32,Mumbai,Maharashtra,2024-10-22
111975,Vikram Joshi,Male,30,Coimbatore,Tamil Nadu,2024-09-01
111976,Kavya Verma,Female,18,Ahmedabad,Gujarat,2024-05-16
111977,Meera Iyer,Male,32,Hyderabad,Telangana,2024-04-21
111978,Aman Malhotra,Female,30,Delhi,Delhi,2023-02-24
111979,Aarav Kumar,Male,37,Delhi,Delhi,2023-01-17
111980,Vikram Reddy,Male,33,Gurugram,Haryana,2024-09-30
111981,Aditya Kumar,Male,27,Chandigarh,Chandigarh,2022-04-08
111982,Rohan Sharma,Male,40,Delhi,Delhi,2023-07-26
111983,Aman Malhotra,Female,18,Bhopal,Madhya Pradesh,2022-09-21
111984,Pooja Joshi,Male,31,Hyderabad,Telangana,2023-03-01
111985,Vivaan Iyer,Male,18,Mumbai,Maharashtra,2023-02-23
111986,Meera Patel,Female,24,Delhi,Delhi,2022-07-16
111987,Pooja Das,Male,37,Ahmedabad,Gujarat,2022-01-04
111988,Isha Mishra,Male,21,Pune,Maharashtra,2024-04-03
111989,Priya Iyer,Female,19,Gurugram,Haryana,2022-03-25
111990,Pooja Joshi,Female,53,Mumbai,Maharashtra,2024-11-01
111991,Isha Reddy,Male,20,Jaipur,Rajasthan,2022-06-08
111992,Vikram Reddy,Male,47,Delhi,Delhi,2024-10-02
111993,Aditya Singh,Female,30,Delhi,Delhi,2022-03-30
111994,Neha Malhotra,Male,27,Mumbai,Maharashtra,2022-03-20
111995,Neha Reddy,Female,37,Gurugram,Haryana,2024-01-15
111996,Arjun Das,Male,44,Jaipur,Rajasthan,2022-11-06
111997,Sneha Mehta,Female,22,Mumbai,Maharashtra,2022-09-17
111998,Pooja Joshi,Male,27,Hyderabad,Telangana,2022-06-16
111999,Raj Verma,Female,40,Ahmedabad,Gujarat,2024-12-18
112000,Sneha Mishra,Male,35,Bengaluru,Karnataka,2023-07-02
112001,Priya Verma,Female,42,Patna,Bihar,2023-12-17
112002,Rahul Singh,Male,37,Patna,Bihar,2024-07-29
112003,Isha Patel,Male,48,Chennai,Tamil Nadu,2023-08-29
112004,Vivaan Agarwal,Female,34,Kolkata,West Bengal,2024-04-12
112005,Isha Malhotra,Female,34,Jaipur,Rajasthan,2024-01-12
112006,Aman Singh,Female,35,Bengaluru,Karnataka,2022-02-12
112007,Vikram Das,Male,31,Hyderabad,Telangana,2023-11-15
112008,Rohan Iyer,Female,40,Mumbai,Maharashtra,2022-09-29
112009,Ananya Mehta,Male,34,Patna,Bihar,2024-08-26
112010,Rohan Singh,Female,39,Lucknow,Uttar Pradesh,2022-02-08
112011,Riya Reddy,Female,41,Delhi,Delhi,2023-01-05
112012,Meera Malhotra,Male,36,Chennai,Tamil Nadu,2023-12-21
112013,Raj Malhotra,Female,37,Bengaluru,Karnataka,2024-05-29
112014,Meera Mishra,Female,23,Gurugram,Haryana,2022-07-15
112015,Arjun Malhotra,Male,27,Bengaluru,Karnataka,2022-08-20
112016,Neha Iyer,Female,40,Jaipur,Rajasthan,2023-08-17
112017,Aarav Verma,Male,45,Mumbai,Maharashtra,2023-03-18
112018,Aman Gupta,Female,18,Chennai,Tamil Nadu,2023-10-11
112019,Sneha Das,Male,27,Bengaluru,Karnataka,2024-10-28
112020,Rahul Sharma,Male,32,Mumbai,Maharashtra,2023-02-01
112021,Karan Agarwal,Male,24,Kolkata,West Bengal,2022-04-02
112022,Vivaan Joshi,Female,25,Kolkata,West Bengal,2023-10-02
112023,Neha Das,Female,36,Nagpur,Maharashtra,2022-01-13
112024,Kavya Das,Female,46,Jaipur,Rajasthan,2024-09-18
112025,Rohan Verma,Male,18,Pune,Maharashtra,2024-09-08
112026,Aditya Mehta,Male,30,Bhopal,Madhya Pradesh,2024-01-21
112027,Vivaan Das,Female,36,Gurugram,Haryana,2022-09-10
112028,Rohan Reddy,Female,39,Chennai,Tamil Nadu,2023-03-29
112029,Aarav Reddy,Male,35,Pune,Maharashtra,2022-03-24
112030,Aman Verma,Male,48,Chandigarh,Chandigarh,2024-05-26
112031,Kavya Iyer,Female,32,Kolkata,West Bengal,2022-06-07
112032,Aditya Singh,Male,44,Lucknow,Uttar Pradesh,2022-01-23
112033,Aditi Reddy,Female,26,Delhi,Delhi,2022-11-10
112034,Pooja Malhotra,Female,33,Lucknow,Uttar Pradesh,2022-10-14
112035,Riya Malhotra,Female,21,Bengaluru,Karnataka,2022-08-11
112036,Riya Mishra,Female,40,Delhi,Delhi,2024-04-02
112037,Meera Agarwal,Male,31,Surat,Gujarat,2024-07-22
112038,Rahul Mishra,Female,35,Lucknow,Uttar Pradesh,2023-08-12
112039,Arjun Verma,Female,29,Hyderabad,Telangana,2023-11-26
112040,Neha Sharma,Male,37,Hyderabad,Telangana,2023-02-16
112041,Kavya Joshi,Female,36,Mumbai,Maharashtra,2024-07-30
112042,Meera Patel,Male,23,Delhi,Delhi,2022-08-14
112043,Riya Sharma,Female,24,Bengaluru,Karnataka,2023-08-02
112044,Aditya Joshi,Male,32,Mumbai,Maharashtra,2024-07-04
112045,Priya Mishra,Female,38,Hyderabad,Telangana,2023-05-05
112046,Aman Patel,Male,49,Gurugram,Haryana,2022-11-14
112047,Kavya Gupta,Male,35,Delhi,Delhi,2022-03-31
112048,Rohan Iyer,Other,41,Delhi,Delhi,2023-08-04
112049,Arjun Agarwal,Female,18,Bhopal,Madhya Pradesh,2023-05-19
112050,Aditi Joshi,Male,50,Ahmedabad,Gujarat,2022-06-19
112051,Riya Nair,Male,37,Delhi,Delhi,2022-09-16
112052,Vikram Malhotra,Male,32,Delhi,Delhi,2024-06-27
112053,Neha Joshi,Female,31,Jaipur,Rajasthan,2023-08-01
112054,Aditi Agarwal,Female,22,Hyderabad,Telangana,2023-05-25
112055,Aarav Joshi,Female,25,Lucknow,Uttar Pradesh,2022-06-28
112056,Rohan Sharma,Female,49,Hyderabad,Telangana,2023-01-03
112057,Aarav Patel,Female,23,Coimbatore,Tamil Nadu,2024-04-27
112058,Kavya Sharma,Male,23,Lucknow,Uttar Pradesh,2024-05-20
112059,Sneha Agarwal,Male,26,Delhi,Delhi,2024-04-22
112060,Ananya Agarwal,Female,21,Bengaluru,Karnataka,2023-12-21
112061,Aditya Das,Female,32,Chennai,Tamil Nadu,2024-03-26
112062,Rohan Das,Female,42,Mumbai,Maharashtra,2022-03-30
112063,Karan Mehta,Female,27,Delhi,Delhi,2022-12-26
112064,Meera Verma,Female,20,Delhi,Delhi,2023-03-30
112065,Raj Malhotra,Female,35,Chennai,Tamil Nadu,2023-02-17
112066,Priya Verma,Male,31,Kolkata,West Bengal,2024-04-02
112067,Aditya Mishra,Male,41,Delhi,Delhi,2022-06-27
112068,Rohan Joshi,Female,28,Jaipur,Rajasthan,2024-04-27
112069,Isha Reddy,Female,30,Kolkata,West Bengal,2023-12-30
112070,Meera Patel,Male,31,Chandigarh,Chandigarh,2023-11-27
112071,Rohan Malhotra,Male,33,Gurugram,Haryana,2024-11-10
112072,Sneha Joshi,Male,28,Chandigarh,Chandigarh,2022-02-15
112073,Riya Gupta,Male,27,Coimbatore,Tamil Nadu,2024-05-07
112074,Neha Nair,Female,18,Hyderabad,Telangana,2022-10-26
112075,Priya Malhotra,Male,27,Pune,Maharashtra,2023-05-29
112076,Isha Reddy,Female,38,Bengaluru,Karnataka,2024-07-18
112077,Vivaan Patel,Male,40,Pune,Maharashtra,2023-10-30
112078,Vivaan Malhotra,Female,28,Mumbai,Maharashtra,2023-11-11
112079,Aditi Singh,Male,44,Jaipur,Rajasthan,2023-11-24
112080,Arjun Patel,Female,32,Delhi,Delhi,2022-11-03
112081,Aditya Iyer,Female,20,Mumbai,Maharashtra,2024-05-12
112082,Meera Mehta,Female,18,Mumbai,Maharashtra,2024-07-24
112083,Arjun Kumar,Male,43,Chandigarh,Chandigarh,2022-10-12
112084,Sneha Sharma,Male,29,Mumbai,Maharashtra,2022-04-21
112085,Isha Mishra,Male,21,Indore,Madhya Pradesh,2023-05-11
112086,Kavya Reddy,Male,18,Delhi,Delhi,2024-04-09
112087,Vikram Gupta,Female,28,Jaipur,Rajasthan,2024-08-26
112088,Isha Patel,Female,36,Bengaluru,Karnataka,2022-04-28
112089,Kavya Joshi,Female,26,Bengaluru,Karnataka,2022-10-22
112090,Vikram Kumar,Female,23,Nagpur,Maharashtra,2024-07-20
112091,Priya Kumar,Male,27,Mumbai,Maharashtra,2023-10-06
112092,Arjun Iyer,Male,43,Mumbai,Maharashtra,2022-08-19
112093,Neha Malhotra,Male,19,Chennai,Tamil Nadu,2022-01-16
112094,Priya Gupta,Female,26,Ahmedabad,Gujarat,2022-01-16
112095,Raj Reddy,Female,43,Coimbatore,Tamil Nadu,2023-12-31
112096,Vivaan Mishra,Male,36,Lucknow,Uttar Pradesh,2024-06-13
112097,Pooja Mishra,Male,34,Chennai,Tamil Nadu,2024-09-25
112098,Sneha Nair,Female,26,Hyderabad,Telangana,2022-03-27
112099,Raj Das,Female,32,Kolkata,West Bengal,2024-05-22
112100,Pooja Mehta,Female,27,Kolkata,West Bengal,2022-01-06
112101,Priya Joshi,Male,24,Mumbai,Maharashtra,2023-10-16
112102,Vikram Nair,Male,22,Jaipur,Rajasthan,2024-08-04
112103,Aman Mishra,Female,39,Mumbai,Maharashtra,2022-06-05
112104,Pooja Mehta,Female,31,Pune,Maharashtra,2022-05-26
112105,Aarav Patel,Male,35,Bengaluru,Karnataka,2022-12-31
112106,Neha Joshi,Female,33,Bengaluru,Karnataka,2022-06-20
112107,Raj Gupta,Female,36,Kolkata,West Bengal,2024-12-06
112108,Aditya Agarwal,Male,30,Delhi,Delhi,2022-07-07
112109,Aarav Gupta,Male,28,Delhi,Delhi,2024-02-24
112110,Kavya Kumar,Male,25,Mumbai,Maharashtra,2024-07-18
112111,Arjun Mehta,Male,19,Mumbai,Maharashtra,2023-02-19
112112,Rahul Gupta,Female,22,Mumbai,Maharashtra,2023-01-05
112113,Aditi Malhotra,Male,29,Noida,Uttar Pradesh,2023-05-09
112114,Vikram Das,Female,18,Hyderabad,Telangana,2024-01-18
112115,Sneha Patel,Other,20,Pune,Maharashtra,2023-01-20
112116,Kavya Joshi,Male,41,Jaipur,Rajasthan,2023-04-16
112117,Rahul Sharma,Male,34,Lucknow,Uttar Pradesh,2023-04-19
112118,Riya Malhotra,Female,28,Delhi,Delhi,2022-02-04
112119,Vikram Patel,Female,52,Surat,Gujarat,2024-01-29
112120,Kavya Mehta,Female,18,Nagpur,Maharashtra,2023-07-13
112121,Kavya Nair,Male,41,Delhi,Delhi,2024-12-20
112122,Riya Singh,Male,31,Jaipur,Rajasthan,2023-08-01
112123,Pooja Sharma,Female,39,Delhi,Delhi,2023-10-17
112124,Sneha Gupta,Female,33,Delhi,Delhi,2022-06-17
112125,Aman Mehta,Male,18,Bengaluru,Karnataka,2024-05-07
112126,Isha Gupta,Female,33,Surat,Gujarat,2023-11-09
112127,Riya Agarwal,Male,35,Jaipur,Rajasthan,2024-08-26
112128,Pooja Malhotra,Other,18,Hyderabad,Telangana,2022-04-25
112129,Aditya Mehta,Female,49,Hyderabad,Telangana,2024-06-24
112130,Aarav Malhotra,Male,35,Pune,Maharashtra,2023-08-31
112131,Aditya Verma,Female,38,Bengaluru,Karnataka,2023-01-21
112132,Raj Verma,Male,22,Indore,Madhya Pradesh,2022-10-25
112133,Karan Das,Male,38,Chennai,Tamil Nadu,2022-08-10
112134,Arjun Malhotra,Male,42,Pune,Maharashtra,2024-12-17
112135,Vikram Kumar,Male,34,Pune,Maharashtra,2023-04-11
112136,Pooja Reddy,Male,32,Chandigarh,Chandigarh,2022-03-07
112137,Rohan Das,Female,24,Lucknow,Uttar Pradesh,2022-10-30
112138,Karan Nair,Female,30,Mumbai,Maharashtra,2023-07-10
112139,Sneha Verma,Male,27,Hyderabad,Telangana,2022-12-28
112140,Vikram Singh,Female,37,Bengaluru,Karnataka,2024-03-21
112141,Isha Nair,Female,24,Nagpur,Maharashtra,2023-06-27
112142,Sneha Mishra,Female,37,Hyderabad,Telangana,2024-04-24
112143,Aarav Kumar,Female,24,Delhi,Delhi,2024-12-18
112144,Rohan Singh,Male,30,Hyderabad,Telangana,2023-11-16
112145,Vivaan Mishra,Male,38,Bengaluru,Karnataka,2023-11-09
112146,Aman Kumar,Female,26,Kolkata,West Bengal,2022-08-15
112147,Kavya Joshi,Male,38,Mumbai,Maharashtra,2022-02-20
112148,Arjun Mehta,Male,37,Delhi,Delhi,2022-10-20
112149,Ananya Iyer,Male,30,Delhi,Delhi,2022-03-12
112150,Aarav Mishra,Male,42,Bengaluru,Karnataka,2023-09-16
112151,Rohan Kumar,Male,33,Bengaluru,Karnataka,2022-05-21
112152,Aman Iyer,Male,42,Gurugram,Haryana,2022-05-13
112153,Raj Agarwal,Male,48,Bengaluru,Karnataka,2023-10-24
112154,Rahul Patel,Female,30,Delhi,Delhi,2023-09-17
112155,Arjun Malhotra,Female,38,Noida,Uttar Pradesh,2024-10-30
112156,Arjun Mehta,Male,26,Surat,Gujarat,2022-03-09
112157,Ananya Reddy,Male,23,Pune,Maharashtra,2023-10-10
112158,Vivaan Das,Male,30,Bengaluru,Karnataka,2022-07-21
112159,Karan Nair,Male,20,Ahmedabad,Gujarat,2022-04-13
112160,Raj Patel,Male,24,Delhi,Delhi,2023-03-30
112161,Aarav Iyer,Male,37,Patna,Bihar,2023-01-25
112162,Meera Mehta,Female,27,Surat,Gujarat,2023-08-06
112163,Priya Das,Female,38,Chennai,Tamil Nadu,2024-03-12
112164,Aditya Agarwal,Male,35,Bengaluru,Karnataka,2024-01-18
112165,Isha Mishra,Male,49,Delhi,Delhi,2023-05-23
112166,Aditya Iyer,Female,37,Nagpur,Maharashtra,2023-04-05
112167,Riya Gupta,Female,42,Ahmedabad,Gujarat,2024-05-03
112168,Aman Malhotra,Female,36,Bengaluru,Karnataka,2023-02-20
112169,Kavya Malhotra,Female,35,Delhi,Delhi,2023-05-03
112170,Kavya Reddy,Male,42,Kolkata,West Bengal,2022-01-14
112171,Vivaan Joshi,Male,38,Nagpur,Maharashtra,2023-10-09
112172,Kavya Mishra,Female,34,Lucknow,Uttar Pradesh,2024-09-14
112173,Aarav Das,Male,34,Delhi,Delhi,2024-01-25
112174,Priya Agarwal,Other,37,Hyderabad,Telangana,2023-09-12
112175,Kavya Gupta,Female,26,Delhi,Delhi,2023-02-01
112176,Arjun Patel,Female,26,Bhopal,Madhya Pradesh,2024-08-11
112177,Aditya Agarwal,Male,45,Bengaluru,Karnataka,2022-04-19
112178,Aman Mehta,Female,49,Ahmedabad,Gujarat,2022-01-06
112179,Riya Das,Male,24,Delhi,Delhi,2023-08-01
112180,Arjun Iyer,Male,26,Delhi,Delhi,2022-09-02
112181,Vikram Das,Male,42,Jaipur,Rajasthan,2024-04-10
112182,Ananya Malhotra,Female,37,Surat,Gujarat,2023-06-24
112183,Rohan Mishra,Female,38,Mumbai,Maharashtra,2023-04-23
112184,Priya Reddy,Male,40,Hyderabad,Telangana,2024-07-12
112185,Priya Patel,Male,30,Kolkata,West Bengal,2024-07-08
112186,Kavya Mehta,Female,35,Noida,Uttar Pradesh,2022-03-09
112187,Pooja Reddy,Female,34,Kolkata,West Bengal,2022-10-28
112188,Kavya Malhotra,Female,24,Delhi,Delhi,2022-07-16
112189,Vikram Nair,Female,35,Chennai,Tamil Nadu,2024-08-05
112190,Meera Mehta,Male,43,Indore,Madhya Pradesh,2022-01-22
112191,Pooja Joshi,Female,29,Surat,Gujarat,2023-07-07
112192,Neha Patel,Male,33,Chennai,Tamil Nadu,2024-06-21
112193,Riya Mehta,Female,34,Nagpur,Maharashtra,2022-05-06
112194,Meera Patel,Female,29,Delhi,Delhi,2022-08-16
112195,Aditya Kumar,Male,38,Pune,Maharashtra,2023-01-12
112196,Ananya Malhotra,Male,26,Noida,Uttar Pradesh,2023-11-30
112197,Aman Kumar,Female,44,Mumbai,Maharashtra,2022-12-14
112198,Vivaan Verma,Male,38,Coimbatore,Tamil Nadu,2023-04-04
112199,Arjun Malhotra,Male,24,Bengaluru,Karnataka,2023-03-11
112200,Rahul Nair,Female,47,Bengaluru,Karnataka,2024-08-21
112201,Pooja Reddy,Male,34,Mumbai,Maharashtra,2022-07-09
112202,Rohan Sharma,Female,25,Bengaluru,Karnataka,2024-07-08
112203,Isha Kumar,Male,42,Chennai,Tamil Nadu,2024-02-06
112204,Vikram Nair,Female,36,Hyderabad,Telangana,2024-02-19
112205,Priya Mishra,Male,18,Mumbai,Maharashtra,2024-12-19
112206,Vivaan Kumar,Male,27,Gurugram,Haryana,2022-08-11
112207,Arjun Verma,Female,35,Delhi,Delhi,2024-07-18
112208,Isha Verma,Female,18,Gurugram,Haryana,2024-02-15
112209,Sneha Reddy,Male,33,Bengaluru,Karnataka,2024-06-29
112210,Vivaan Singh,Male,33,Pune,Maharashtra,2024-02-07
112211,Pooja Joshi,Female,21,Hyderabad,Telangana,2022-03-17
112212,Kavya Iyer,Female,34,Chennai,Tamil Nadu,2023-12-28
112213,Priya Singh,Other,32,Noida,Uttar Pradesh,2022-07-13
112214,Sneha Kumar,Other,21,Nagpur,Maharashtra,2024-10-07
112215,Vikram Mehta,Female,40,Bengaluru,Karnataka,2023-04-30
112216,Rahul Verma,Male,40,Chennai,Tamil Nadu,2023-05-05
112217,Riya Malhotra,Female,29,Pune,Maharashtra,2022-03-04
112218,Aman Kumar,Female,30,Nagpur,Maharashtra,2022-05-22
112219,Aditi Malhotra,Male,39,Gurugram,Haryana,2022-04-28
112220,Vivaan Mehta,Male,30,Hyderabad,Telangana,2023-12-12
112221,Isha Sharma,Male,18,Pune,Maharashtra,2024-01-14
112222,Vivaan Sharma,Male,36,Mumbai,Maharashtra,2022-06-21
112223,Pooja Reddy,Male,25,Ahmedabad,Gujarat,2024-02-15
112224,Meera Patel,Male,28,Surat,Gujarat,2023-01-23
112225,Rahul Patel,Female,45,Kochi,Kerala,2023-05-22
112226,Riya Malhotra,Male,31,Chennai,Tamil Nadu,2022-05-31
112227,Aman Gupta,Male,32,Jaipur,Rajasthan,2024-09-26
112228,Vivaan Patel,Male,37,Hyderabad,Telangana,2023-03-10
112229,Priya Mehta,Female,37,Kolkata,West Bengal,2024-02-09
112230,Aman Iyer,Male,24,Bengaluru,Karnataka,2023-08-12
112231,Kavya Malhotra,Female,31,Ahmedabad,Gujarat,2024-10-20
112232,Sneha Mehta,Female,32,Delhi,Delhi,2022-02-27
112233,Isha Mehta,Male,34,Delhi,Delhi,2024-11-29
112234,Vivaan Kumar,Male,35,Lucknow,Uttar Pradesh,2023-06-12
112235,Sneha Patel,Male,55,Chandigarh,Chandigarh,2023-09-07
112236,Rohan Sharma,Female,21,Kolkata,West Bengal,2022-03-30
112237,Raj Kumar,Female,41,Lucknow,Uttar Pradesh,2024-02-29
112238,Sneha Das,Female,43,Gurugram,Haryana,2023-12-19
112239,Aditi Agarwal,Male,36,Bengaluru,Karnataka,2023-08-30
112240,Neha Kumar,Other,26,Delhi,Delhi,2023-12-28
112241,Kavya Mishra,Male,47,Chandigarh,Chandigarh,2022-11-02
112242,Aarav Malhotra,Male,18,Chandigarh,Chandigarh,2023-11-16
112243,Neha Iyer,Female,26,Hyderabad,Telangana,2023-02-19
112244,Raj Iyer,Female,43,Mumbai,Maharashtra,2024-01-25
112245,Ananya Singh,Male,29,Indore,Madhya Pradesh,2024-08-14
112246,Karan Iyer,Male,46,Lucknow,Uttar Pradesh,2022-02-13
112247,Riya Iyer,Male,18,Delhi,Delhi,2024-10-15
112248,Pooja Sharma,Male,22,Delhi,Delhi,2024-02-22
112249,Sneha Gupta,Male,27,Nagpur,Maharashtra,2024-01-26
112250,Vikram Das,Female,36,Delhi,Delhi,2022-01-14
112251,Aditi Patel,Female,30,Bengaluru,Karnataka,2023-06-19
112252,Priya Mishra,Female,28,Chennai,Tamil Nadu,2024-03-13
112253,Priya Iyer,Female,45,,,2023-01-04
112254,Rahul Das,Female,46,Mumbai,Maharashtra,2022-01-26
112255,Rohan Iyer,Female,28,Bengaluru,Karnataka,2024-08-18
112256,Sneha Kumar,Female,18,Bengaluru,Karnataka,2023-10-19
112257,Raj Sharma,Male,18,Noida,Uttar Pradesh,2024-05-21
112258,Arjun Mehta,Female,34,Pune,Maharashtra,2022-10-29
112259,Ananya Malhotra,Female,38,Bengaluru,Karnataka,2023-01-09
112260,Pooja Kumar,Female,33,Bengaluru,Karnataka,2024-07-10
112261,Vikram Mishra,Other,31,Delhi,Delhi,2022-08-15
112262,Vivaan Sharma,Male,25,Delhi,Delhi,2022-11-24
112263,Sneha Gupta,Female,38,Lucknow,Uttar Pradesh,2024-04-21
112264,Rohan Verma,Male,47,Delhi,Delhi,2022-02-23
112265,Rohan Gupta,Female,18,Pune,Maharashtra,2022-09-21
112266,Raj Gupta,Male,31,Gurugram,Haryana,2024-02-24
112267,Neha Mehta,Male,23,Hyderabad,Telangana,2022-05-13
112268,Isha Nair,Male,19,Bengaluru,Karnataka,2022-09-06
112269,Isha Patel,Female,22,Indore,Madhya Pradesh,2024-06-12
112270,Priya Gupta,Male,35,Surat,Gujarat,2024-11-15
112271,Ananya Malhotra,Female,36,Indore,Madhya Pradesh,2022-02-10
112272,Aditya Mehta,Male,45,Chennai,Tamil Nadu,2022-08-29
112273,Aarav Verma,Female,32,Kochi,Kerala,2022-02-24
112274,Aditya Gupta,Female,18,Gurugram,Haryana,2023-03-28
112275,Aman Nair,Male,30,Hyderabad,Telangana,2024-06-11
112276,Arjun Verma,Male,20,Kolkata,West Bengal,2022-01-07
112277,Aditi Mishra,Female,21,Delhi,Delhi,2022-05-20
112278,Riya Das,Female,37,Chennai,Tamil Nadu,2023-07-25
112279,Aman Joshi,Female,34,Bengaluru,Karnataka,2022-01-08
112280,Riya Reddy,Male,37,Bengaluru,Karnataka,2022-05-18
112281,Priya Sharma,Male,29,Delhi,Delhi,2024-08-15
112282,Aarav Iyer,Other,39,Bengaluru,Karnataka,2022-04-11
112283,Kavya Sharma,Male,28,Pune,Maharashtra,2022-04-11
112284,Arjun Agarwal,Male,42,Kolkata,West Bengal,2023-02-07
112285,Meera Joshi,Male,35,Bengaluru,Karnataka,2022-10-06
112286,Priya Agarwal,Female,30,Noida,Uttar Pradesh,2024-10-20
112287,Isha Joshi,Female,34,Pune,Maharashtra,2024-04-11
112288,Rahul Singh,Male,32,Kolkata,West Bengal,2022-12-11
112289,Aditya Gupta,Male,46,Bengaluru,Karnataka,2024-12-16
112290,Meera Malhotra,Male,34,Gurugram,Haryana,2022-02-19
112291,Aditi Agarwal,Male,32,Kolkata,West Bengal,2023-12-07
112292,Aarav Mishra,Male,30,Surat,Gujarat,2024-12-08
112293,Aman Agarwal,Other,40,Mumbai,Maharashtra,2024-08-03
112294,Rahul Nair,Male,38,Hyderabad,Telangana,2024-08-10
112295,Sneha Iyer,Male,30,Delhi,Delhi,2024-10-02
112296,Aman Das,Female,22,Mumbai,Maharashtra,2024-10-12
112297,Rohan Reddy,Female,24,Hyderabad,Telangana,2022-04-12
112298,Sneha Verma,Female,30,Indore,Madhya Pradesh,2022-06-23
112299,Rahul Nair,Male,44,Chennai,Tamil Nadu,2023-07-23
112300,Arjun Mishra,Male,30,Bengaluru,Karnataka,2024-08-08
112301,Rohan Sharma,Female,27,Ahmedabad,Gujarat,2022-10-02
112302,Karan Joshi,Female,18,Delhi,Delhi,2024-02-29
112303,Aman Singh,Male,46,Hyderabad,Telangana,2024-11-03
112304,Isha Kumar,Female,37,Kolkata,West Bengal,2022-09-23
112305,Vikram Mehta,Female,39,Chennai,Tamil Nadu,2022-07-25
112306,Aditi Nair,Male,41,Kolkata,West Bengal,2022-08-04
112307,Meera Nair,Female,31,Mumbai,Maharashtra,2023-11-19
112308,Priya Das,Female,33,Bengaluru,Karnataka,2024-05-24
112309,Kavya Sharma,Male,45,Chandigarh,Chandigarh,2024-04-01
112310,Neha Joshi,Female,34,Coimbatore,Tamil Nadu,2023-09-19
112311,Aditi Das,Female,37,Bengaluru,Karnataka,2024-06-07
112312,Rohan Kumar,Female,40,Jaipur,Rajasthan,2022-02-27
112313,Aman Joshi,Male,38,Mumbai,Maharashtra,2024-10-02
112314,Rohan Patel,Male,31,Hyderabad,Telangana,2024-07-09
112315,Rahul Verma,Female,32,Noida,Uttar Pradesh,2023-02-19
112316,Kavya Nair,Male,39,Pune,Maharashtra,2023-10-14
112317,Vikram Joshi,Male,39,Surat,Gujarat,2024-01-12
112318,Ananya Mishra,Male,43,Kolkata,West Bengal,2024-03-10
112319,Aman Kumar,Male,37,Kolkata,West Bengal,2022-08-18
112320,Aman Sharma,Female,37,Delhi,Delhi,2022-12-09
112321,Vivaan Reddy,Male,28,Ahmedabad,Gujarat,2022-11-02
112322,Sneha Patel,Female,27,Coimbatore,Tamil Nadu,2022-03-17
112323,Raj Reddy,Male,39,Pune,Maharashtra,2023-12-27
112324,Aditi Patel,Female,27,Mumbai,Maharashtra,2022-09-04
112325,Neha Kumar,Male,32,Coimbatore,Tamil Nadu,2023-02-24
112326,Rahul Das,Female,44,Bengaluru,Karnataka,2024-01-25
112327,Karan Das,Female,43,Hyderabad,Telangana,2024-04-01
112328,Aditya Verma,Male,35,Delhi,Delhi,2023-05-07
112329,Rahul Singh,Female,29,Delhi,Delhi,2024-07-30
112330,Rahul Mishra,Male,31,Mumbai,Maharashtra,2023-08-02
112331,Neha Patel,Female,40,Chennai,Tamil Nadu,2024-12-22
112332,Kavya Malhotra,Other,32,Chennai,Tamil Nadu,2022-12-24
112333,Isha Reddy,Female,27,Kolkata,West Bengal,2023-12-22
112334,Pooja Nair,Female,43,Chennai,Tamil Nadu,2022-04-02
112335,Aditya Agarwal,Male,34,Pune,Maharashtra,2022-04-10
112336,Neha Mishra,Male,27,Noida,Uttar Pradesh,2024-10-12
112337,Priya Iyer,Male,36,Chandigarh,Chandigarh,2024-01-01
112338,Karan Singh,Female,41,Bengaluru,Karnataka,2022-08-05
112339,Raj Reddy,Female,23,Delhi,Delhi,2024-05-19
112340,Rohan Agarwal,Male,30,Hyderabad,Telangana,2024-08-14
112341,Rohan Sharma,Female,30,Delhi,Delhi,2023-06-29
112342,Karan Das,Male,36,Indore,Madhya Pradesh,2024-12-11
112343,Kavya Joshi,Male,38,Mumbai,Maharashtra,2024-05-02
112344,Priya Reddy,Female,27,Chennai,Tamil Nadu,2024-08-26
112345,Rohan Das,Male,19,Delhi,Delhi,2023-01-23
112346,Aditya Mishra,Female,41,Chennai,Tamil Nadu,2024-01-14
112347,Isha Kumar,Male,22,Delhi,Delhi,2022-09-05
112348,Aarav Reddy,Female,34,Ahmedabad,Gujarat,2022-09-25
112349,Kavya Sharma,Male,31,Kochi,Kerala,2022-08-20
112350,Aditya Malhotra,Male,33,Bengaluru,Karnataka,2024-09-30
112351,Priya Singh,Female,47,Bengaluru,Karnataka,2024-10-14
112352,Vivaan Patel,Female,59,Hyderabad,Telangana,2023-06-21
112353,Ananya Nair,Male,18,Kolkata,West Bengal,2024-11-09
112354,Karan Sharma,Male,41,Mumbai,Maharashtra,2024-07-09
112355,Priya Malhotra,Female,31,Noida,Uttar Pradesh,2023-08-01
112356,Vikram Kumar,Male,41,Mumbai,Maharashtra,2024-10-19
112357,Kavya Joshi,Female,41,Delhi,Delhi,2024-07-12
112358,Rahul Patel,Female,45,Chennai,Tamil Nadu,2023-05-04
112359,Pooja Mishra,Male,35,Delhi,Delhi,2024-02-05
112360,Vikram Kumar,Male,24,Lucknow,Uttar Pradesh,2023-11-14
112361,Vikram Mishra,Female,40,Mumbai,Maharashtra,2023-09-21
112362,Raj Sharma,Male,33,Gurugram,Haryana,2023-03-19
112363,Vivaan Das,Female,30,Pune,Maharashtra,2023-04-27
112364,Arjun Joshi,Male,28,Chennai,Tamil Nadu,2024-02-03
112365,Aditya Nair,Female,41,Mumbai,Maharashtra,2024-03-02
112366,Priya Agarwal,Male,46,Mumbai,Maharashtra,2024-08-19
112367,Isha Joshi,Female,21,Kolkata,West Bengal,2022-09-12
112368,Raj Joshi,Male,38,Bengaluru,Karnataka,2022-12-30
112369,Aditya Das,Male,29,Hyderabad,Telangana,2023-12-20
112370,Sneha Kumar,Female,19,Pune,Maharashtra,2022-10-24
112371,Rohan Patel,Male,33,Mumbai,Maharashtra,2022-03-15
112372,Aman Patel,Male,25,Noida,Uttar Pradesh,2022-06-14
112373,Aditi Patel,Male,18,Chandigarh,Chandigarh,2023-02-14
112374,Aman Mehta,Male,25,Hyderabad,Telangana,2022-05-07
112375,Vivaan Das,Female,23,Patna,Bihar,2024-02-18
112376,Kavya Singh,Female,26,Indore,Madhya Pradesh,2023-06-05
112377,Kavya Mishra,Male,20,Mumbai,Maharashtra,2024-05-22
112378,Aditi Nair,Female,28,Mumbai,Maharashtra,2022-09-10
112379,Aditya Agarwal,Female,26,Pune,Maharashtra,2022-11-01
112380,Pooja Malhotra,Female,35,Chennai,Tamil Nadu,2024-02-21
112381,Karan Agarwal,Male,37,Bengaluru,Karnataka,2024-10-02
112382,Kavya Verma,Female,34,Bengaluru,Karnataka,2022-08-18
112383,Aarav Reddy,Female,30,Hyderabad,Telangana,2022-07-02
112384,Ananya Singh,Male,30,Lucknow,Uttar Pradesh,2024-05-10
112385,Pooja Verma,Male,24,Delhi,Delhi,2023-01-23
112386,Rahul Joshi,Male,25,Lucknow,Uttar Pradesh,2023-03-08
112387,Neha Joshi,Female,38,Patna,Bihar,2024-01-27
112388,Riya Reddy,Male,18,Ahmedabad,Gujarat,2023-05-05
112389,Aman Das,Female,31,Mumbai,Maharashtra,2022-03-18
112390,Kavya Nair,Male,29,Delhi,Delhi,2023-03-12
112391,Priya Iyer,Female,37,Pune,Maharashtra,2022-06-06
112392,Pooja Malhotra,Female,19,Kochi,Kerala,2023-05-18
112393,Meera Mehta,Female,32,Gurugram,Haryana,2024-09-06
112394,Meera Joshi,Female,35,Chennai,Tamil Nadu,2023-03-20
112395,Riya Iyer,Female,18,Mumbai,Maharashtra,2022-03-23
112396,Rahul Mishra,Male,22,Lucknow,Uttar Pradesh,2023-10-20
112397,Pooja Sharma,Female,31,Gurugram,Haryana,2024-03-16
112398,Raj Kumar,Male,37,Chandigarh,Chandigarh,2024-12-22
112399,Isha Malhotra,Female,34,Kolkata,West Bengal,2022-09-29
112400,Rahul Das,Male,37,Pune,Maharashtra,2024-11-21
112401,Isha Verma,Female,22,Kolkata,West Bengal,2024-09-04
112402,Aman Das,Female,18,Chandigarh,Chandigarh,2024-02-05
112403,Neha Reddy,Male,33,Kolkata,West Bengal,2023-04-21
112404,Rahul Patel,Male,21,Bengaluru,Karnataka,2023-04-28
112405,Priya Singh,Other,24,Kolkata,West Bengal,2023-11-06
112406,Vivaan Iyer,Male,40,Indore,Madhya Pradesh,2023-11-10
112407,Aditya Das,Male,34,Chennai,Tamil Nadu,2022-12-31
112408,Pooja Joshi,Male,27,Pune,Maharashtra,2024-05-17
112409,Priya Nair,Female,26,Ahmedabad,Gujarat,2022-12-18
112410,Aman Gupta,Female,38,Jaipur,Rajasthan,2022-04-20
112411,Aman Gupta,Female,34,Delhi,Delhi,2022-10-06
112412,Karan Das,Female,21,Lucknow,Uttar Pradesh,2023-07-21
112413,Kavya Reddy,Male,18,Hyderabad,Telangana,2024-10-02
112414,Vikram Malhotra,Female,49,Chandigarh,Chandigarh,2023-06-04
112415,Neha Gupta,Male,21,Coimbatore,Tamil Nadu,2024-09-10
112416,Riya Singh,Male,37,Hyderabad,Telangana,2024-10-29
112417,Vikram Malhotra,Male,46,Coimbatore,Tamil Nadu,2022-09-11
112418,Arjun Gupta,Female,33,Bengaluru,Karnataka,2022-08-21
112419,Arjun Reddy,Female,27,Jaipur,Rajasthan,2023-01-17
112420,Kavya Agarwal,Male,19,Delhi,Delhi,2022-11-19
112421,Aarav Mehta,Female,19,Mumbai,Maharashtra,2024-04-05
112422,Rohan Mishra,Male,35,Surat,Gujarat,2023-02-08
112423,Meera Singh,Male,45,Indore,Madhya Pradesh,2023-08-18
112424,Rohan Joshi,Male,28,Chennai,Tamil Nadu,2024-01-25
112425,Riya Mishra,Female,27,Bengaluru,Karnataka,2022-09-08
112426,Vivaan Nair,Female,38,Hyderabad,Telangana,2024-07-14
112427,Meera Joshi,Male,26,Indore,Madhya Pradesh,2023-04-18
112428,Karan Gupta,Female,34,Mumbai,Maharashtra,2022-12-05
112429,Rahul Verma,Male,32,Bengaluru,Karnataka,2022-09-19
112430,Vivaan Das,Female,28,Noida,Uttar Pradesh,2022-10-09
112431,Arjun Sharma,Other,32,Chandigarh,Chandigarh,2023-03-29
112432,Rohan Singh,Male,48,Delhi,Delhi,2022-06-19
112433,Rohan Mishra,Female,37,Noida,Uttar Pradesh,2024-06-21
112434,Aarav Sharma,Female,42,Jaipur,Rajasthan,2024-07-31
112435,Aditya Nair,Male,24,Mumbai,Maharashtra,2024-11-11
112436,Riya Mehta,Female,42,Ahmedabad,Gujarat,2024-06-02
112437,Neha Mehta,Male,38,Lucknow,Uttar Pradesh,2023-11-19
112438,Priya Verma,Male,19,Mumbai,Maharashtra,2022-01-17
112439,Vivaan Mishra,Male,37,Pune,Maharashtra,2023-05-16
112440,Aarav Joshi,Male,27,Ahmedabad,Gujarat,2023-07-22
112441,Pooja Reddy,Female,18,Mumbai,Maharashtra,2024-06-18
112442,Kavya Mishra,Female,33,Pune,Maharashtra,2024-02-04
112443,Isha Nair,Female,37,Delhi,Delhi,2022-04-24
112444,Priya Verma,Male,33,Bengaluru,Karnataka,2023-10-10
112445,Aarav Joshi,Male,31,Mumbai,Maharashtra,2023-10-29
112446,Aditya Das,Male,29,Pune,Maharashtra,2024-09-14
112447,Raj Singh,Female,54,Mumbai,Maharashtra,2024-10-10
112448,Aditi Mehta,Other,21,Hyderabad,Telangana,2024-09-15
112449,Aditya Patel,Female,40,Bengaluru,Karnataka,2022-06-11
112450,Vivaan Mishra,Male,32,Ahmedabad,Gujarat,2024-07-28
112451,Vikram Mishra,Female,24,Lucknow,Uttar Pradesh,2023-09-08
112452,Kavya Patel,Female,32,Delhi,Delhi,2023-02-22
112453,Ananya Reddy,Male,19,Kochi,Kerala,2022-06-01
112454,Vikram Reddy,Female,27,Ahmedabad,Gujarat,2022-09-15
112455,Aditya Malhotra,Male,32,Kolkata,West Bengal,2023-09-09
112456,Riya Iyer,Male,18,Pune,Maharashtra,2023-03-10
112457,Vivaan Iyer,Male,37,Mumbai,Maharashtra,2023-09-11
112458,Isha Patel,Male,23,Kochi,Kerala,2023-10-16
112459,Sneha Iyer,Male,19,Delhi,Delhi,2023-02-27
112460,Kavya Reddy,Male,22,Lucknow,Uttar Pradesh,2023-12-18
112461,Rahul Singh,Male,52,Pune,Maharashtra,2023-05-23
112462,Ananya Patel,Female,18,Bhopal,Madhya Pradesh,2024-10-26
112463,Sneha Das,Other,36,Hyderabad,Telangana,2022-06-06
112464,Meera Kumar,Female,25,Pune,Maharashtra,2022-05-21
112465,Arjun Sharma,Male,29,Ahmedabad,Gujarat,2023-11-08
112466,Aarav Singh,Male,37,Delhi,Delhi,2024-10-10
112467,Aarav Agarwal,Male,37,Delhi,Delhi,2023-12-22
112468,Priya Mishra,Male,26,Mumbai,Maharashtra,2022-03-06
112469,Rohan Sharma,Female,20,Mumbai,Maharashtra,2022-10-16
112470,Aditi Das,Female,38,Delhi,Delhi,2024-07-29
112471,Aman Kumar,Female,37,Kolkata,West Bengal,2022-11-20
112472,Meera Mehta,Female,29,Noida,Uttar Pradesh,2022-04-13
112473,Neha Das,Male,36,Kochi,Kerala,2023-07-11
112474,Aditya Kumar,Male,28,Hyderabad,Telangana,2024-11-21
112475,Aarav Mishra,Female,25,Bengaluru,Karnataka,2022-03-12
112476,Vivaan Mehta,Male,32,Surat,Gujarat,2023-01-21
112477,Sneha Mishra,Male,37,Surat,Gujarat,2024-02-19
112478,Priya Mehta,Male,35,Kolkata,West Bengal,2024-02-04
112479,Aman Verma,Male,37,Bengaluru,Karnataka,2024-07-12
112480,Aditya Sharma,Male,25,Bhopal,Madhya Pradesh,2023-12-23
112481,Priya Mishra,Female,46,Mumbai,Maharashtra,2024-05-05
112482,Aditi Patel,Female,29,Delhi,Delhi,2023-01-17
112483,Aditya Nair,Male,31,Noida,Uttar Pradesh,2023-06-10
112484,Aditya Nair,Male,20,Chennai,Tamil Nadu,2023-02-08
112485,Vikram Patel,Female,30,Mumbai,Maharashtra,2023-02-13
112486,Aarav Iyer,Male,37,Jaipur,Rajasthan,2022-07-25
112487,Neha Joshi,Male,39,Ahmedabad,Gujarat,2024-04-13
112488,Ananya Verma,Male,46,Surat,Gujarat,2024-02-13
112489,Priya Malhotra,Male,37,Bengaluru,Karnataka,2024-08-01
112490,Meera Patel,Female,34,Delhi,Delhi,2022-01-10
112491,Pooja Agarwal,Female,28,Pune,Maharashtra,2024-12-02
112492,Vivaan Joshi,Male,26,Surat,Gujarat,2023-10-08
112493,Pooja Sharma,Male,41,Mumbai,Maharashtra,2023-10-27
112494,Aditi Iyer,Male,41,Hyderabad,Telangana,2022-02-03
112495,Kavya Iyer,Male,22,Bengaluru,Karnataka,2024-03-29
112496,Karan Mehta,Other,39,Delhi,Delhi,2023-07-12
112497,Sneha Joshi,Female,38,Bhopal,Madhya Pradesh,2023-04-12
112498,Karan Patel,Female,22,Mumbai,Maharashtra,2023-07-13
112499,Kavya Gupta,Female,37,Ahmedabad,Gujarat,2023-06-29
112500,Priya Joshi,Female,23,Bengaluru,Karnataka,2022-08-06
112501,Meera Malhotra,Female,18,Bengaluru,Karnataka,2022-05-04
112502,Pooja Mehta,Male,31,Chandigarh,Chandigarh,2022-05-19
112503,Rohan Mehta,Male,34,Jaipur,Rajasthan,2022-02-02
112504,Pooja Agarwal,Female,31,Jaipur,Rajasthan,2023-09-07
112505,Aarav Joshi,Male,58,Ahmedabad,Gujarat,2022-10-26
112506,Vikram Joshi,Other,35,Bengaluru,Karnataka,2024-09-23
112507,Sneha Joshi,Female,33,Chennai,Tamil Nadu,2024-08-28
112508,Kavya Joshi,Female,36,Bengaluru,Karnataka,2023-06-18
112509,Meera Verma,Male,28,Gurugram,Haryana,2023-01-31
112510,Isha Joshi,Female,40,Kolkata,West Bengal,2023-12-16
112511,Isha Iyer,Male,35,Mumbai,Maharashtra,2023-07-25
112512,Pooja Verma,Other,35,Bhopal,Madhya Pradesh,2022-11-04
112513,Aditi Sharma,Male,26,Chennai,Tamil Nadu,2022-08-23
112514,Aditi Iyer,Female,18,Pune,Maharashtra,2022-01-03
112515,Meera Mehta,Female,27,Delhi,Delhi,2022-08-07
112516,Rohan Kumar,Male,35,Bhopal,Madhya Pradesh,2024-12-10
112517,Neha Das,Male,28,Kochi,Kerala,2022-05-26
112518,Aditya Malhotra,Other,35,Chennai,Tamil Nadu,2024-10-31
112519,Neha Mishra,Male,30,Hyderabad,Telangana,2024-05-01
112520,Priya Sharma,Female,36,Bengaluru,Karnataka,2022-08-21
112521,Pooja Singh,Male,23,Bengaluru,Karnataka,2023-03-15
112522,Rahul Sharma,Female,34,Chennai,Tamil Nadu,2022-11-15
112523,Aditya Gupta,Female,26,Delhi,Delhi,2023-05-18
112524,Sneha Mishra,Male,18,Patna,Bihar,2024-01-28
112525,Aditi Agarwal,Male,31,Mumbai,Maharashtra,2024-07-07
112526,Riya Malhotra,Female,46,Ahmedabad,Gujarat,2023-10-20
112527,Kavya Das,Male,19,Bengaluru,Karnataka,2023-03-07
112528,Rohan Mehta,Male,33,Mumbai,Maharashtra,2024-12-18
112529,Aarav Patel,Female,39,Chennai,Tamil Nadu,2023-09-21
112530,Aditya Joshi,Male,53,Ahmedabad,Gujarat,2024-10-26
112531,Aarav Iyer,Male,28,Lucknow,Uttar Pradesh,2022-06-08
112532,Meera Kumar,Female,26,Mumbai,Maharashtra,2022-07-26
112533,Rahul Verma,Male,21,Bengaluru,Karnataka,2022-07-02
112534,Neha Kumar,Male,42,Surat,Gujarat,2023-10-28
112535,Ananya Joshi,Male,24,Lucknow,Uttar Pradesh,2024-10-19
112536,Ananya Verma,Female,29,Lucknow,Uttar Pradesh,2022-03-18
112537,Neha Agarwal,Female,18,Bengaluru,Karnataka,2023-01-22
112538,Neha Patel,Female,40,Noida,Uttar Pradesh,2023-09-06
112539,Aditya Reddy,Male,42,Bengaluru,Karnataka,2024-07-27
112540,Rahul Agarwal,Male,40,Hyderabad,Telangana,2024-01-27
112541,Raj Mehta,Male,18,Bengaluru,Karnataka,2024-03-21
112542,Pooja Gupta,Male,37,Delhi,Delhi,2022-04-19
112543,Aditya Verma,Female,18,Hyderabad,Telangana,2022-07-09
112544,Kavya Reddy,Male,33,Delhi,Delhi,2024-04-23
112545,Kavya Gupta,Male,34,Pune,Maharashtra,2023-08-10
112546,Aman Verma,Male,35,Lucknow,Uttar Pradesh,2022-11-27
112547,Pooja Nair,Female,37,Kochi,Kerala,2024-02-27
112548,Meera Mehta,Female,32,Delhi,Delhi,2023-01-19
112549,Rahul Mehta,Female,18,Bengaluru,Karnataka,2023-09-11
112550,Aman Gupta,Female,37,Pune,Maharashtra,2023-11-16
112551,Rohan Gupta,Male,33,Mumbai,Maharashtra,2023-10-25
112552,Pooja Agarwal,Male,24,Delhi,Delhi,2023-08-05
112553,Ananya Joshi,Male,18,Pune,Maharashtra,2024-05-02
112554,Meera Verma,Female,46,Chennai,Tamil Nadu,2022-11-30
112555,Neha Sharma,Female,43,Gurugram,Haryana,2022-01-07
112556,Aman Nair,Female,38,Nagpur,Maharashtra,2022-12-31
112557,Aditi Patel,Female,26,Noida,Uttar Pradesh,2022-09-10
112558,Rahul Verma,Female,18,Mumbai,Maharashtra,2023-04-18
112559,Kavya Kumar,Female,39,Ahmedabad,Gujarat,2023-12-01
112560,Raj Kumar,Female,35,Chennai,Tamil Nadu,2023-05-29
112561,Isha Das,Female,29,Hyderabad,Telangana,2024-03-08
112562,Vivaan Kumar,Male,42,Chandigarh,Chandigarh,2022-12-14
112563,Sneha Iyer,Female,40,Lucknow,Uttar Pradesh,2022-10-23
112564,Riya Gupta,Female,34,Jaipur,Rajasthan,2023-05-27
112565,Aarav Das,Male,32,Delhi,Delhi,2023-08-06
112566,Meera Gupta,Female,32,Surat,Gujarat,2022-01-09
112567,Rahul Das,Female,38,Noida,Uttar Pradesh,2024-09-30
112568,Aditi Agarwal,Male,24,Bengaluru,Karnataka,2022-06-20
112569,Aarav Nair,Female,36,Bengaluru,Karnataka,2024-06-29
112570,Meera Sharma,Male,24,Delhi,Delhi,2023-05-20
112571,Vivaan Verma,Female,44,Delhi,Delhi,2023-08-28
112572,Priya Singh,Female,37,Jaipur,Rajasthan,2023-04-15
112573,Ananya Mehta,Male,26,Mumbai,Maharashtra,2023-07-20
112574,Aman Sharma,Male,33,Patna,Bihar,2024-02-28
112575,Neha Gupta,Female,24,Gurugram,Haryana,2024-02-24
112576,Karan Das,Male,46,Bengaluru,Karnataka,2022-05-08
112577,Rahul Patel,Male,47,Hyderabad,Telangana,2023-11-29
112578,Isha Gupta,Female,38,Bengaluru,Karnataka,2023-06-15
112579,Riya Gupta,Male,46,Delhi,Delhi,2024-08-25
112580,Kavya Malhotra,Male,33,Delhi,Delhi,2022-04-12
112581,Ananya Mishra,Female,39,Hyderabad,Telangana,2022-04-14
112582,Aman Sharma,Female,43,Chandigarh,Chandigarh,2024-05-04
112583,Vivaan Verma,Female,32,Patna,Bihar,2022-04-14
112584,Isha Joshi,Female,33,Gurugram,Haryana,2023-05-27
112585,Riya Gupta,Male,40,Kolkata,West Bengal,2024-12-12
112586,Rohan Nair,Male,38,Surat,Gujarat,2022-06-07
112587,Aman Nair,Male,25,Pune,Maharashtra,2022-04-16
112588,Neha Singh,Female,18,Mumbai,Maharashtra,2024-06-23
112589,Aditya Gupta,Female,30,Jaipur,Rajasthan,2024-01-03
112590,Sneha Verma,Female,18,Patna,Bihar,2022-08-10
112591,Priya Mishra,Female,23,Delhi,Delhi,2024-03-12
112592,Kavya Mishra,Female,24,Mumbai,Maharashtra,2023-01-24
112593,Aditi Sharma,Male,27,Bengaluru,Karnataka,2023-11-22
112594,Isha Verma,Male,39,Delhi,Delhi,2022-10-01
112595,Vivaan Iyer,Male,41,Mumbai,Maharashtra,2022-06-02
112596,Aditi Joshi,Male,37,Hyderabad,Telangana,2023-06-16
112597,Vivaan Verma,Female,38,Chandigarh,Chandigarh,2022-06-24
112598,Arjun Malhotra,Male,38,Surat,Gujarat,2022-12-30
112599,Aditi Sharma,Female,18,Chandigarh,Chandigarh,2022-01-01
112600,Pooja Gupta,Female,32,Delhi,Delhi,2022-12-16
112601,Neha Mishra,Male,18,Delhi,Delhi,2022-12-05
112602,Arjun Das,Male,37,Delhi,Delhi,2023-08-20
112603,Aditya Kumar,Male,18,Patna,Bihar,2022-08-07
112604,Rohan Mehta,Male,30,Mumbai,Maharashtra,2024-09-25
112605,Aditya Nair,Female,37,Chennai,Tamil Nadu,2023-11-24
112606,Vivaan Nair,Male,22,Mumbai,Maharashtra,2024-03-28
112607,Aditi Singh,Female,41,Delhi,Delhi,2022-05-18
112608,Neha Sharma,Female,37,Delhi,Delhi,2024-02-24
112609,Meera Gupta,Female,35,Lucknow,Uttar Pradesh,2024-11-19
112610,Karan Sharma,Female,38,Mumbai,Maharashtra,2022-03-27
112611,Vivaan Agarwal,Male,29,Mumbai,Maharashtra,2023-11-23
112612,Aditya Iyer,Male,33,Hyderabad,Telangana,2024-06-12
112613,Sneha Malhotra,Male,32,Jaipur,Rajasthan,2023-06-03
112614,Ananya Reddy,Male,32,Pune,Maharashtra,2022-06-25
112615,Aarav Sharma,Female,26,Chandigarh,Chandigarh,2024-12-18
112616,Isha Patel,Female,21,Hyderabad,Telangana,2023-11-19
112617,Aditya Mishra,Male,29,Mumbai,Maharashtra,2023-07-07
112618,Riya Malhotra,Male,28,Chennai,Tamil Nadu,2022-09-07
112619,Raj Joshi,Male,25,Hyderabad,Telangana,2023-01-28
112620,Ananya Nair,Female,40,Noida,Uttar Pradesh,2023-03-24
112621,Raj Singh,Female,21,Chandigarh,Chandigarh,2023-02-08
112622,Rahul Iyer,Female,30,Gurugram,Haryana,2024-06-09
112623,Meera Joshi,Female,42,Hyderabad,Telangana,2024-03-13
112624,Neha Mehta,Male,40,Mumbai,Maharashtra,2024-01-07
112625,Meera Joshi,Male,43,Patna,Bihar,2022-01-26
112626,Meera Singh,Male,27,Hyderabad,Telangana,2022-10-15
112627,Sneha Kumar,Male,39,Ahmedabad,Gujarat,2024-11-26
112628,Rahul Malhotra,Female,22,Nagpur,Maharashtra,2023-11-29
112629,Aman Patel,Female,30,Chennai,Tamil Nadu,2022-05-18
112630,Isha Iyer,Female,30,Pune,Maharashtra,2023-11-05
112631,Arjun Mehta,Female,27,Lucknow,Uttar Pradesh,2024-06-01
112632,Aditya Malhotra,Male,29,Mumbai,Maharashtra,2023-10-17
112633,Riya Mishra,Male,28,Pune,Maharashtra,2022-08-27
112634,Rahul Agarwal,Female,23,Bengaluru,Karnataka,2024-06-18
112635,Karan Iyer,Female,40,Mumbai,Maharashtra,2022-07-22
112636,Raj Iyer,Male,30,Kolkata,West Bengal,2024-02-04
112637,Kavya Verma,Female,34,Chennai,Tamil Nadu,2024-08-27
112638,Karan Mishra,Female,33,Ahmedabad,Gujarat,2022-12-16
112639,Aditya Sharma,Male,32,Indore,Madhya Pradesh,2022-05-02
112640,Aman Kumar,Female,33,Mumbai,Maharashtra,2023-11-06
112641,Vivaan Gupta,Male,29,Noida,Uttar Pradesh,2022-12-30
112642,Aditi Iyer,Female,45,Hyderabad,Telangana,2023-09-15
112643,Kavya Reddy,Female,39,Kolkata,West Bengal,2023-01-01
112644,Pooja Mehta,Other,32,Surat,Gujarat,2022-12-15
112645,Vikram Reddy,Male,28,Bengaluru,Karnataka,2022-06-25
112646,Rohan Verma,Male,31,Kolkata,West Bengal,2022-08-26
112647,Neha Mishra,Male,36,Pune,Maharashtra,2022-07-30
112648,Raj Singh,Male,45,Noida,Uttar Pradesh,2023-08-03
112649,Aditi Agarwal,Female,20,Lucknow,Uttar Pradesh,2022-11-24
112650,Aman Joshi,Female,38,Ahmedabad,Gujarat,2023-07-08
112651,Vikram Kumar,Male,42,Bengaluru,Karnataka,2024-10-28
112652,Rahul Mehta,Male,19,Lucknow,Uttar Pradesh,2022-08-20
112653,Riya Sharma,Male,30,Kolkata,West Bengal,2023-08-18
112654,Priya Das,Male,22,Pune,Maharashtra,2022-08-14
112655,Aman Joshi,Male,36,Hyderabad,Telangana,2023-08-06
112656,Sneha Sharma,Male,29,Bengaluru,Karnataka,2022-01-15
112657,Sneha Agarwal,Female,31,Delhi,Delhi,2022-06-22
112658,Karan Malhotra,Male,28,Mumbai,Maharashtra,2023-03-20
112659,Kavya Singh,Female,38,Delhi,Delhi,2024-11-17
112660,Aman Mishra,Female,34,Surat,Gujarat,2024-01-12
112661,Raj Mishra,Male,34,Surat,Gujarat,2024-03-23
112662,Kavya Joshi,Female,33,Surat,Gujarat,2023-01-24
112663,Karan Joshi,Female,37,Gurugram,Haryana,2022-09-05
112664,Raj Gupta,Female,30,Mumbai,Maharashtra,2023-08-06
112665,Ananya Iyer,Male,47,Pune,Maharashtra,2022-12-11
112666,Vikram Mehta,Male,21,Bhopal,Madhya Pradesh,2024-04-24
112667,Raj Mehta,Female,18,Ahmedabad,Gujarat,2023-10-21
112668,Rahul Joshi,Female,18,Delhi,Delhi,2022-11-12
112669,Vivaan Kumar,Male,18,Pune,Maharashtra,2022-01-12
112670,Ananya Sharma,Male,38,Delhi,Delhi,2022-09-05
112671,Neha Das,Male,37,Bengaluru,Karnataka,2022-11-29
112672,Neha Mishra,Male,43,Hyderabad,Telangana,2022-03-04
112673,Aman Nair,Female,22,Indore,Madhya Pradesh,2022-08-10
112674,Vivaan Mehta,Male,39,Jaipur,Rajasthan,2024-07-11
112675,Aditi Agarwal,Male,33,Bengaluru,Karnataka,2023-09-11
112676,Pooja Kumar,Female,33,Pune,Maharashtra,2022-03-29
112677,Aditi Verma,Male,38,Gurugram,Haryana,2022-11-08
112678,Aditi Mehta,Female,25,Bengaluru,Karnataka,2022-04-16
112679,Rohan Singh,Female,55,Kolkata,West Bengal,2024-11-02
112680,Meera Gupta,Male,44,Bengaluru,Karnataka,2023-09-12
112681,Aarav Malhotra,Female,27,Pune,Maharashtra,2023-09-22
112682,Vivaan Joshi,Female,22,Delhi,Delhi,2024-06-11
112683,Ananya Mishra,Male,31,Surat,Gujarat,2024-10-27
112684,Ananya Verma,Male,34,Delhi,Delhi,2024-11-17
112685,Vivaan Agarwal,Female,42,Mumbai,Maharashtra,2024-12-02
112686,Raj Nair,Female,21,Bengaluru,Karnataka,2024-03-11
112687,Aarav Reddy,Female,35,Kolkata,West Bengal,2024-04-05
112688,Pooja Verma,Male,18,Lucknow,Uttar Pradesh,2024-01-16
112689,Vikram Verma,Female,36,Delhi,Delhi,2023-09-01
112690,Aditya Verma,Male,31,Delhi,Delhi,2022-06-01
112691,Neha Iyer,Female,49,Noida,Uttar Pradesh,2022-10-28
112692,Riya Mehta,Female,18,Lucknow,Uttar Pradesh,2024-08-06
112693,Arjun Malhotra,Female,44,Gurugram,Haryana,2023-01-18
112694,Aarav Gupta,Female,18,Jaipur,Rajasthan,2022-09-13
112695,Ananya Iyer,Female,20,Ahmedabad,Gujarat,2023-05-22
112696,Raj Nair,Female,18,Hyderabad,Telangana,2024-02-29
112697,Neha Reddy,Male,34,Chennai,Tamil Nadu,2024-07-25
112698,Priya Sharma,Female,21,Noida,Uttar Pradesh,2023-11-01
112699,Rohan Gupta,Female,20,Mumbai,Maharashtra,2022-07-28
112700,Aarav Mehta,Male,34,Hyderabad,Telangana,2024-05-02
112701,Pooja Kumar,Male,36,Ahmedabad,Gujarat,2023-10-02
112702,Vikram Kumar,Male,32,Chennai,Tamil Nadu,2023-07-14
112703,Aman Nair,Female,31,Jaipur,Rajasthan,2022-09-11
112704,Aditya Reddy,Female,48,Bengaluru,Karnataka,2023-10-04
112705,Rohan Sharma,Male,33,Delhi,Delhi,2023-01-27
112706,Aditya Reddy,Female,39,Delhi,Delhi,2022-11-03
112707,Rahul Gupta,Male,33,Chandigarh,Chandigarh,2022-08-21
112708,Neha Mishra,Female,22,Chandigarh,Chandigarh,2022-02-22
112709,Ananya Iyer,Male,37,Mumbai,Maharashtra,2022-07-14
112710,Meera Kumar,Male,26,Mumbai,Maharashtra,2022-07-21
112711,Vivaan Sharma,Male,31,Delhi,Delhi,2023-01-26
112712,Rohan Das,Male,35,Mumbai,Maharashtra,2022-05-07
112713,Sneha Iyer,Female,18,Bengaluru,Karnataka,2024-11-25
112714,Vivaan Verma,Female,18,Mumbai,Maharashtra,2023-10-07
112715,Ananya Verma,Male,40,Noida,Uttar Pradesh,2022-10-09
112716,Ananya Singh,Male,26,Ahmedabad,Gujarat,2023-03-22
112717,Rohan Mishra,Male,26,Delhi,Delhi,2022-07-29
112718,Aditi Iyer,Female,33,Lucknow,Uttar Pradesh,2024-01-06
112719,Meera Patel,Female,29,Pune,Maharashtra,2024-04-04
112720,Neha Reddy,Male,36,Mumbai,Maharashtra,2024-12-28
112721,Pooja Kumar,Female,32,Ahmedabad,Gujarat,2022-12-16
112722,Vivaan Agarwal,Male,34,Delhi,Delhi,2023-04-28
112723,Raj Sharma,Female,26,Mumbai,Maharashtra,2023-08-17
112724,Isha Verma,Female,34,Mumbai,Maharashtra,2023-01-10
112725,Neha Nair,Female,42,Chandigarh,Chandigarh,2023-05-29
112726,Karan Das,Female,27,Lucknow,Uttar Pradesh,2022-01-26
112727,Rahul Agarwal,Female,40,Hyderabad,Telangana,2022-09-14
112728,Pooja Joshi,Female,32,Gurugram,Haryana,2022-10-30
112729,Vivaan Mishra,Female,39,Mumbai,Maharashtra,2023-05-31
112730,Aditi Nair,Male,33,Chandigarh,Chandigarh,2024-03-19
112731,Meera Reddy,Male,32,Lucknow,Uttar Pradesh,2022-12-23
112732,Aditi Reddy,Male,35,Chennai,Tamil Nadu,2024-03-15
112733,Aarav Mishra,Female,43,Noida,Uttar Pradesh,2024-09-03
112734,Vikram Reddy,Male,34,Jaipur,Rajasthan,2022-06-17
112735,Aditya Sharma,Male,36,Indore,Madhya Pradesh,2023-05-13
112736,Aarav Mehta,Male,29,Gurugram,Haryana,2022-11-20
112737,Raj Reddy,Male,46,Mumbai,Maharashtra,2022-01-21
112738,Pooja Singh,Female,38,Mumbai,Maharashtra,2022-10-13
112739,Raj Iyer,Female,33,Delhi,Delhi,2023-10-04
112740,Aarav Singh,Female,31,Mumbai,Maharashtra,2023-05-21
112741,Meera Verma,Female,41,Bengaluru,Karnataka,2023-06-03
112742,Aarav Patel,Female,27,Delhi,Delhi,2022-11-22
112743,Aditi Gupta,Male,18,Bengaluru,Karnataka,2023-05-11
112744,Vivaan Mishra,Male,33,Ahmedabad,Gujarat,2024-05-18
112745,Karan Mehta,Female,43,Gurugram,Haryana,2024-06-22
112746,Vivaan Joshi,Male,46,Delhi,Delhi,2022-03-22
112747,Pooja Nair,Male,31,Delhi,Delhi,2024-07-06
112748,Raj Verma,Female,32,Mumbai,Maharashtra,2024-08-28
112749,Aditya Joshi,Male,37,Indore,Madhya Pradesh,2024-02-28
112750,Raj Reddy,Male,30,Pune,Maharashtra,2022-03-02
112751,Pooja Mishra,Male,37,Nagpur,Maharashtra,2023-09-29
112752,Arjun Singh,Male,31,Indore,Madhya Pradesh,2022-10-03
112753,Ananya Mishra,Male,41,Indore,Madhya Pradesh,2023-02-10
112754,Pooja Malhotra,Male,39,Delhi,Delhi,2024-10-07
112755,Rohan Joshi,Female,39,Pune,Maharashtra,2024-05-23
112756,Aditi Kumar,Female,30,Nagpur,Maharashtra,2024-03-20
112757,Vikram Mishra,Male,49,Mumbai,Maharashtra,2024-08-20
112758,Aditi Reddy,Female,36,Chennai,Tamil Nadu,2023-09-12
112759,Meera Kumar,Male,34,Bengaluru,Karnataka,2022-04-17
112760,Rahul Sharma,Male,25,Hyderabad,Telangana,2024-10-19
112761,Aditi Mehta,Male,31,Indore,Madhya Pradesh,2024-09-23
112762,Aditya Sharma,Female,33,Chennai,Tamil Nadu,2022-10-02
112763,Vivaan Mehta,Male,25,Ahmedabad,Gujarat,2022-06-03
112764,Isha Malhotra,Female,29,Jaipur,Rajasthan,2022-03-23
112765,Meera Sharma,Female,31,Chennai,Tamil Nadu,2024-07-08
112766,Aarav Mehta,Female,33,Noida,Uttar Pradesh,2023-11-24
112767,Meera Mehta,Female,18,Coimbatore,Tamil Nadu,2023-01-01
112768,Kavya Sharma,Female,31,Coimbatore,Tamil Nadu,2023-08-22
112769,Aditya Joshi,Male,29,Noida,Uttar Pradesh,2022-04-17
112770,Priya Nair,Male,32,Pune,Maharashtra,2022-02-11
112771,Neha Agarwal,Female,41,Mumbai,Maharashtra,2023-05-09
112772,Aman Sharma,Female,50,Delhi,Delhi,2023-03-24
112773,Vikram Agarwal,Male,38,Mumbai,Maharashtra,2022-03-15
112774,Riya Patel,Male,21,Bengaluru,Karnataka,2024-01-29
112775,Rahul Nair,Male,29,Delhi,Delhi,2022-05-30
112776,Karan Reddy,Male,37,Mumbai,Maharashtra,2022-02-08
112777,Karan Malhotra,Male,36,Delhi,Delhi,2024-10-06
112778,Raj Patel,Female,41,Chennai,Tamil Nadu,2022-10-24
112779,Meera Nair,Female,31,Delhi,Delhi,2023-08-04
112780,Aditi Das,Male,29,Ahmedabad,Gujarat,2024-08-04
112781,Vikram Sharma,Female,48,Bengaluru,Karnataka,2022-10-09
112782,Aarav Mehta,Female,33,Jaipur,Rajasthan,2023-12-07
112783,Isha Agarwal,Male,23,Indore,Madhya Pradesh,2023-07-21
112784,Priya Iyer,Male,45,Delhi,Delhi,2023-01-10
112785,Rohan Kumar,Female,19,Nagpur,Maharashtra,2024-06-04
112786,Ananya Sharma,Female,18,Jaipur,Rajasthan,2023-12-11
112787,Karan Gupta,Male,39,Delhi,Delhi,2023-08-16
112788,Aditi Das,Other,40,Bengaluru,Karnataka,2022-05-13
112789,Aarav Verma,Male,36,Indore,Madhya Pradesh,2024-06-13
112790,Isha Singh,Male,20,Kolkata,West Bengal,2024-12-25
112791,Priya Kumar,Male,31,Bengaluru,Karnataka,2023-03-01
112792,Aman Gupta,Male,29,Chandigarh,Chandigarh,2022-12-31
112793,Priya Gupta,Female,27,Noida,Uttar Pradesh,2024-09-21
112794,Raj Verma,Female,45,Ahmedabad,Gujarat,2024-06-08
112795,Neha Joshi,Male,23,Indore,Madhya Pradesh,2023-04-25
112796,Aman Gupta,Female,35,Ahmedabad,Gujarat,2023-10-16
112797,Meera Sharma,Female,43,Bengaluru,Karnataka,2023-01-15
112798,Rohan Reddy,Male,35,Chennai,Tamil Nadu,2023-03-26
112799,Meera Nair,Female,43,Gurugram,Haryana,2022-07-31
112800,Rahul Singh,Male,37,Mumbai,Maharashtra,2022-12-13
112801,Vikram Patel,Female,36,Mumbai,Maharashtra,2024-11-13
112802,Ananya Das,Male,35,Mumbai,Maharashtra,2023-01-26
112803,Arjun Verma,Female,38,Mumbai,Maharashtra,2024-02-20
112804,Aarav Nair,Male,29,Delhi,Delhi,2023-01-28
112805,Vivaan Malhotra,Female,20,Gurugram,Haryana,2022-12-07
112806,Vivaan Reddy,Female,41,Gurugram,Haryana,2024-07-29
112807,Sneha Das,Male,42,Mumbai,Maharashtra,2024-05-23
112808,Vivaan Kumar,Male,34,Lucknow,Uttar Pradesh,2024-11-22
112809,Vikram Sharma,Male,27,Kolkata,West Bengal,2022-02-13
112810,Kavya Joshi,Female,18,Bengaluru,Karnataka,2024-09-06
112811,Sneha Joshi,Male,33,Mumbai,Maharashtra,2022-03-23
112812,Aman Singh,Female,20,Mumbai,Maharashtra,2023-07-16
112813,Aarav Gupta,Male,19,Ahmedabad,Gujarat,2023-01-05
112814,Arjun Verma,Male,32,Bengaluru,Karnataka,2023-04-21
112815,Priya Mehta,Male,25,Bengaluru,Karnataka,2023-12-23
112816,Neha Singh,Male,35,Delhi,Delhi,2024-07-24
112817,Rahul Malhotra,Female,31,Bhopal,Madhya Pradesh,2023-04-19
112818,Aarav Patel,Female,27,Ahmedabad,Gujarat,2022-06-11
112819,Ananya Mishra,Male,18,Pune,Maharashtra,2024-12-03
112820,Neha Kumar,Female,24,Chandigarh,Chandigarh,2024-01-23
112821,Meera Joshi,Male,25,Bengaluru,Karnataka,2023-04-27
112822,Kavya Agarwal,Female,21,Jaipur,Rajasthan,2022-05-25
112823,Ananya Das,Male,29,Bengaluru,Karnataka,2022-06-15
112824,Meera Das,Female,22,Bengaluru,Karnataka,2024-05-23
112825,Rohan Verma,Female,31,Surat,Gujarat,2023-01-19
112826,Rohan Malhotra,Male,34,Noida,Uttar Pradesh,2022-06-15
112827,Meera Iyer,Female,25,Bengaluru,Karnataka,2023-01-27
112828,Sneha Patel,Male,36,Delhi,Delhi,2023-10-15
112829,Rohan Mehta,Male,20,Bengaluru,Karnataka,2023-05-26
112830,Vivaan Singh,Male,22,Ahmedabad,Gujarat,2023-10-02
112831,Vikram Mehta,Male,31,Delhi,Delhi,2024-08-15
112832,Rohan Iyer,Male,38,Jaipur,Rajasthan,2022-04-27
112833,Aarav Mishra,Male,40,Indore,Madhya Pradesh,2023-12-10
112834,Rahul Agarwal,Male,47,Mumbai,Maharashtra,2022-01-15
112835,Aditi Kumar,Male,29,Surat,Gujarat,2024-08-19
112836,Riya Gupta,Female,31,Delhi,Delhi,2022-01-07
112837,Aditya Patel,Female,23,Jaipur,Rajasthan,2024-10-12
112838,Neha Agarwal,Male,21,Noida,Uttar Pradesh,2024-09-08
112839,Aarav Nair,Male,34,Hyderabad,Telangana,2024-02-07
112840,Pooja Gupta,Male,25,Mumbai,Maharashtra,2022-01-13
112841,Aarav Mishra,Female,43,Patna,Bihar,2023-09-02
112842,Neha Verma,Female,19,Delhi,Delhi,2023-08-02
112843,Aditya Iyer,Male,36,Chennai,Tamil Nadu,2024-03-29
112844,Aditi Das,Male,23,Hyderabad,Telangana,2023-02-10
112845,Rohan Singh,Male,25,Pune,Maharashtra,2023-12-11
112846,Kavya Sharma,Male,37,Chennai,Tamil Nadu,2024-07-23
112847,Rohan Singh,Female,26,Chennai,Tamil Nadu,2024-02-13
112848,Sneha Nair,Female,27,Mumbai,Maharashtra,2024-10-30
112849,Rohan Verma,Male,25,Jaipur,Rajasthan,2024-05-02
112850,Pooja Nair,Female,48,Delhi,Delhi,2024-04-29
112851,Rohan Verma,Male,26,Delhi,Delhi,2022-09-14
112852,Aditi Mishra,Male,32,Pune,Maharashtra,2022-05-25
112853,Riya Iyer,Female,30,Chennai,Tamil Nadu,2023-05-02
112854,Arjun Joshi,Female,34,Bengaluru,Karnataka,2022-01-24
112855,Meera Mishra,Male,26,Chennai,Tamil Nadu,2023-10-29
112856,Isha Nair,Male,30,Pune,Maharashtra,2024-01-05
112857,Aarav Reddy,Female,36,Bengaluru,Karnataka,2022-05-30
112858,Aditi Malhotra,Female,24,Jaipur,Rajasthan,2023-06-11
112859,Arjun Mehta,Male,42,Kochi,Kerala,2023-07-27
112860,Arjun Iyer,Male,43,Pune,Maharashtra,2024-01-06
112861,Arjun Joshi,Male,37,Noida,Uttar Pradesh,2023-07-24
112862,Sneha Singh,Female,33,Mumbai,Maharashtra,2022-12-17
112863,Kavya Kumar,Female,18,Ahmedabad,Gujarat,2022-11-30
112864,Ananya Joshi,Male,36,Jaipur,Rajasthan,2024-01-30
112865,Kavya Verma,Female,28,Kolkata,West Bengal,2023-11-13
112866,Meera Mishra,Female,30,Indore,Madhya Pradesh,2023-11-21
112867,Ananya Malhotra,Male,18,Mumbai,Maharashtra,2022-07-26
112868,Neha Nair,Male,36,Hyderabad,Telangana,2023-02-06
112869,Isha Gupta,Female,19,Delhi,Delhi,2023-01-22
112870,Arjun Mehta,Female,33,Lucknow,Uttar Pradesh,2022-03-12
112871,Kavya Joshi,Female,40,Surat,Gujarat,2023-11-02
112872,Vivaan Nair,Female,28,Hyderabad,Telangana,2022-05-18
112873,Vivaan Iyer,Male,43,Bengaluru,Karnataka,2023-12-20
112874,Ananya Mishra,Male,25,Jaipur,Rajasthan,2023-08-26
112875,Vikram Agarwal,Female,37,Delhi,Delhi,2022-07-17
112876,Kavya Iyer,Male,20,Bengaluru,Karnataka,2024-04-26
112877,Pooja Das,Female,41,Hyderabad,Telangana,2023-03-03
112878,Karan Verma,Female,40,Pune,Maharashtra,2023-12-27
112879,Kavya Mehta,Female,36,Pune,Maharashtra,2022-08-13
112880,Pooja Gupta,Male,28,Mumbai,Maharashtra,2022-07-23
112881,Riya Mishra,Female,19,Chennai,Tamil Nadu,2022-02-23
112882,Meera Agarwal,Female,28,Patna,Bihar,2024-04-21
112883,Rohan Iyer,Female,42,Delhi,Delhi,2024-10-16
112884,Riya Patel,Male,33,Jaipur,Rajasthan,2023-09-25
112885,Ananya Mishra,Male,18,Kolkata,West Bengal,2023-12-03
112886,Raj Das,Male,22,Patna,Bihar,2022-08-08
112887,Vivaan Reddy,Male,43,Jaipur,Rajasthan,2023-04-17
112888,Arjun Joshi,Male,36,Kolkata,West Bengal,2024-05-28
112889,Rahul Gupta,Female,21,Ahmedabad,Gujarat,2023-04-15
112890,Isha Gupta,Female,18,Bengaluru,Karnataka,2024-04-03
112891,Aarav Sharma,Female,26,Kolkata,West Bengal,2023-12-30
112892,Rohan Joshi,Female,18,Pune,Maharashtra,2022-01-21
112893,Karan Malhotra,Male,31,Hyderabad,Telangana,2023-11-18
112894,Raj Joshi,Female,54,Delhi,Delhi,2022-03-04
112895,Rahul Reddy,Male,18,Bengaluru,Karnataka,2023-05-31
112896,Vikram Gupta,Male,30,Bengaluru,Karnataka,2022-05-13
112897,Rahul Sharma,Female,44,Lucknow,Uttar Pradesh,2024-10-03
112898,Aman Verma,Female,39,Patna,Bihar,2023-05-02
112899,Aman Patel,Female,31,Mumbai,Maharashtra,2024-10-14
112900,Isha Patel,Male,31,Delhi,Delhi,2022-10-19
112901,Karan Nair,Female,22,Nagpur,Maharashtra,2022-10-16
112902,Rahul Mishra,Male,30,Lucknow,Uttar Pradesh,2023-05-01
112903,Riya Nair,Male,34,Indore,Madhya Pradesh,2023-06-19
112904,Arjun Verma,Female,42,Mumbai,Maharashtra,2022-10-03
112905,Sneha Kumar,Female,26,Noida,Uttar Pradesh,2024-05-09
112906,Meera Malhotra,Female,30,Gurugram,Haryana,2024-09-24
112907,Karan Nair,Female,23,Mumbai,Maharashtra,2024-10-25
112908,Aarav Reddy,Female,34,Mumbai,Maharashtra,2024-08-12
112909,Rahul Nair,Female,39,Bengaluru,Karnataka,2022-03-22
112910,Aarav Gupta,Female,38,Mumbai,Maharashtra,2023-02-11
112911,Vivaan Reddy,Female,21,Coimbatore,Tamil Nadu,2022-12-20
112912,Karan Sharma,Female,33,Bengaluru,Karnataka,2023-03-20
112913,Aman Mishra,Other,26,Ahmedabad,Gujarat,2022-08-18
112914,Rahul Singh,Male,41,Noida,Uttar Pradesh,2022-10-14
112915,Rahul Gupta,Female,31,Hyderabad,Telangana,2024-11-22
112916,Neha Agarwal,Female,18,Jaipur,Rajasthan,2022-06-14
112917,Aditi Das,Male,30,Delhi,Delhi,2024-06-22
112918,Rahul Nair,Female,36,Hyderabad,Telangana,2022-05-10
112919,Arjun Singh,Male,34,Coimbatore,Tamil Nadu,2024-12-13
112920,Aditi Nair,Female,27,Mumbai,Maharashtra,2023-04-17
112921,Karan Sharma,Female,27,Hyderabad,Telangana,2023-12-25
112922,Rahul Joshi,Male,23,Noida,Uttar Pradesh,2023-09-22
112923,Aditya Mehta,Male,28,Jaipur,Rajasthan,2024-06-26
112924,Ananya Mishra,Female,24,Kolkata,West Bengal,2023-10-18
112925,Vivaan Mehta,Male,41,Surat,Gujarat,2022-10-12
112926,Aman Mehta,Male,24,Delhi,Delhi,2022-09-03
112927,Karan Sharma,Male,33,Ahmedabad,Gujarat,2022-05-25
112928,Vivaan Kumar,Female,32,Indore,Madhya Pradesh,2022-11-27
112929,Pooja Singh,Female,41,Delhi,Delhi,2024-06-22
112930,Neha Agarwal,Female,42,Chennai,Tamil Nadu,2023-10-12
112931,Neha Kumar,Male,38,Bengaluru,Karnataka,2024-05-16
112932,Priya Mishra,Female,35,Delhi,Delhi,2023-05-16
112933,Meera Verma,Female,23,Hyderabad,Telangana,2024-10-16
112934,Pooja Joshi,Male,22,Jaipur,Rajasthan,2023-03-22
112935,Vikram Gupta,Female,24,Patna,Bihar,2022-05-25
112936,Aditya Reddy,Female,39,Kolkata,West Bengal,2022-06-29
112937,Aarav Reddy,Female,33,Surat,Gujarat,2023-09-19
112938,Rohan Malhotra,Male,40,Delhi,Delhi,2023-02-26
112939,Aditya Mehta,Male,41,Mumbai,Maharashtra,2023-05-04
112940,Aditya Agarwal,Male,25,Coimbatore,Tamil Nadu,2022-08-04
112941,Raj Mehta,Male,32,Indore,Madhya Pradesh,2022-02-03
112942,Pooja Sharma,Female,32,Mumbai,Maharashtra,2024-12-31
112943,Rohan Malhotra,Male,29,Kolkata,West Bengal,2024-10-28
112944,Riya Singh,Female,27,Bengaluru,Karnataka,2024-04-04
112945,Arjun Iyer,Male,43,Pune,Maharashtra,2022-11-28
112946,Aarav Patel,Male,32,Surat,Gujarat,2023-05-09
112947,Vikram Das,Female,32,Ahmedabad,Gujarat,2022-04-21
112948,Kavya Das,Male,25,Mumbai,Maharashtra,2024-06-03
112949,Aman Verma,Female,38,Bengaluru,Karnataka,2023-11-16
112950,Pooja Mehta,Male,23,Bengaluru,Karnataka,2023-06-16
112951,Priya Gupta,Male,36,Noida,Uttar Pradesh,2022-02-23
112952,Rahul Malhotra,Female,36,Pune,Maharashtra,2022-02-24
112953,Aditya Iyer,Female,28,Kochi,Kerala,2023-04-27
112954,Karan Verma,Male,35,Gurugram,Haryana,2024-12-26
112955,Sneha Agarwal,Male,34,Mumbai,Maharashtra,2022-07-15
112956,Aarav Joshi,Female,32,Noida,Uttar Pradesh,2024-11-09
112957,Vivaan Kumar,Female,32,Pune,Maharashtra,2022-02-08
112958,Priya Joshi,Female,33,Bengaluru,Karnataka,2023-05-14
112959,Aditi Das,Male,33,Bengaluru,Karnataka,2024-05-05
112960,Sneha Das,Other,33,Coimbatore,Tamil Nadu,2023-09-02
112961,Priya Agarwal,Male,22,Pune,Maharashtra,2024-02-02
112962,Vivaan Mehta,Male,31,Lucknow,Uttar Pradesh,2022-07-09
112963,Vikram Nair,Female,34,Pune,Maharashtra,2022-03-18
112964,Priya Mishra,Male,33,Hyderabad,Telangana,2022-04-02
112965,Rahul Verma,Male,41,Noida,Uttar Pradesh,2022-09-22
112966,Meera Joshi,Male,38,Surat,Gujarat,2022-05-19
112967,Priya Kumar,Male,24,Delhi,Delhi,2024-10-22
112968,Aditi Sharma,Female,31,Bengaluru,Karnataka,2022-11-10
112969,Raj Malhotra,Female,29,Pune,Maharashtra,2023-09-16
112970,Raj Iyer,Male,32,Bengaluru,Karnataka,2022-06-05
112971,Aman Patel,Female,32,Noida,Uttar Pradesh,2023-06-02
112972,Vivaan Agarwal,Female,38,Delhi,Delhi,2022-02-18
112973,Sneha Mehta,Female,34,Noida,Uttar Pradesh,2022-06-28
112974,Karan Reddy,Male,43,Kolkata,West Bengal,2024-07-05
112975,Raj Malhotra,Other,34,Bengaluru,Karnataka,2022-04-04
112976,Karan Nair,Female,25,Bengaluru,Karnataka,2022-10-03
112977,Vikram Malhotra,Male,28,Mumbai,Maharashtra,2024-11-26
112978,Sneha Kumar,Male,37,Bengaluru,Karnataka,2023-06-21
112979,Aarav Patel,Male,18,Lucknow,Uttar Pradesh,2024-05-15
112980,Pooja Mehta,Female,20,Hyderabad,Telangana,2022-05-09
112981,Rohan Agarwal,Male,32,Lucknow,Uttar Pradesh,2024-05-19
112982,Karan Gupta,Female,41,Pune,Maharashtra,2024-08-21
112983,Rohan Mehta,Male,44,Mumbai,Maharashtra,2024-12-27
112984,Rahul Mehta,Female,30,Pune,Maharashtra,2024-07-01
112985,Arjun Verma,Male,42,Ahmedabad,Gujarat,2023-01-28
112986,Raj Gupta,Female,33,Bengaluru,Karnataka,2023-01-12
112987,Aman Singh,Female,18,Jaipur,Rajasthan,2022-05-12
112988,Sneha Reddy,Male,32,Mumbai,Maharashtra,2023-07-31
112989,Rahul Mishra,Male,26,Mumbai,Maharashtra,2024-09-06
112990,Ananya Reddy,Male,40,Bengaluru,Karnataka,2022-01-23
112991,Kavya Nair,Female,32,Hyderabad,Telangana,2023-03-06
112992,Ananya Patel,Female,20,Ahmedabad,Gujarat,2022-09-20
112993,Rahul Verma,Male,19,Pune,Maharashtra,2022-02-12
112994,Riya Das,Male,32,Delhi,Delhi,2023-07-28
112995,Riya Reddy,Male,18,Kolkata,West Bengal,2023-01-20
112996,Vivaan Joshi,Female,27,Pune,Maharashtra,2023-09-30
112997,Isha Malhotra,Female,34,Bengaluru,Karnataka,2024-10-11
112998,Pooja Verma,Female,22,Noida,Uttar Pradesh,2023-06-08
112999,Pooja Mishra,Male,41,Mumbai,Maharashtra,2023-03-13
113000,Sneha Gupta,Male,43,Patna,Bihar,2023-02-24
113001,Vikram Nair,Female,23,Bengaluru,Karnataka,2023-09-21
113002,Raj Mishra,Male,29,Pune,Maharashtra,2023-09-18
113003,Aditya Reddy,Female,41,Patna,Bihar,2022-09-23
113004,Pooja Malhotra,Male,32,Ahmedabad,Gujarat,2022-08-02
113005,Priya Patel,Male,19,Delhi,Delhi,2022-03-30
113006,Vikram Singh,Female,31,Chennai,Tamil Nadu,2024-04-22
113007,Kavya Kumar,Other,24,Bengaluru,Karnataka,2024-01-10
113008,Vikram Mishra,Female,42,Pune,Maharashtra,2022-05-16
113009,Rahul Nair,Male,37,Ahmedabad,Gujarat,2022-04-03
113010,Raj Agarwal,Male,29,Pune,Maharashtra,2022-02-12
113011,Rohan Mishra,Female,33,Delhi,Delhi,2023-08-26
113012,Aditi Reddy,Female,20,Chennai,Tamil Nadu,2024-03-20
113013,Vivaan Kumar,Female,25,Delhi,Delhi,2022-01-04
113014,Kavya Singh,Male,46,Bengaluru,Karnataka,2022-05-15
113015,Vikram Singh,Female,32,Pune,Maharashtra,2022-01-25
113016,Aman Singh,Female,40,Jaipur,Rajasthan,2023-08-22
113017,Vivaan Iyer,Female,34,Pune,Maharashtra,2022-08-15
113018,Vikram Verma,Female,44,Mumbai,Maharashtra,2023-02-13
113019,Aditya Nair,Male,18,Chandigarh,Chandigarh,2022-09-07
113020,Aditi Das,Female,30,Jaipur,Rajasthan,2023-04-26
113021,Riya Agarwal,Female,47,Bengaluru,Karnataka,2023-11-20
113022,Priya Sharma,Female,41,Coimbatore,Tamil Nadu,2024-01-21
113023,Aditi Nair,Female,44,Indore,Madhya Pradesh,2023-11-15
113024,Aman Kumar,Female,32,Mumbai,Maharashtra,2024-07-21
113025,Neha Iyer,Female,27,Jaipur,Rajasthan,2023-09-14
113026,Priya Mishra,Male,23,Chennai,Tamil Nadu,2022-09-30
113027,Meera Reddy,Male,22,Mumbai,Maharashtra,2022-04-07
113028,Aman Agarwal,Male,39,Mumbai,Maharashtra,2024-08-25
113029,Ananya Iyer,Male,37,Chennai,Tamil Nadu,2022-10-28
113030,Neha Mehta,Male,31,Bengaluru,Karnataka,2022-09-19
113031,Meera Nair,Male,37,Gurugram,Haryana,2023-04-21
113032,Aman Nair,Male,33,Delhi,Delhi,2024-01-02
113033,Ananya Singh,Male,41,Patna,Bihar,2024-05-16
113034,Aditi Singh,Male,41,Gurugram,Haryana,2024-08-08
113035,Sneha Kumar,Male,22,Ahmedabad,Gujarat,2022-09-25
113036,Meera Agarwal,Female,34,Bengaluru,Karnataka,2022-06-24
113037,Aman Mehta,Female,18,Lucknow,Uttar Pradesh,2024-09-28
113038,Priya Mishra,Male,33,Hyderabad,Telangana,2024-02-13
113039,Pooja Iyer,Female,37,Kolkata,West Bengal,2022-06-07
113040,Riya Mehta,Female,20,Bengaluru,Karnataka,2024-12-06
113041,Aditya Mehta,Male,28,Gurugram,Haryana,2024-10-14
113042,Karan Mishra,Female,32,Delhi,Delhi,2024-07-18
113043,Aman Gupta,Female,34,Lucknow,Uttar Pradesh,2024-10-02
113044,Aditya Gupta,Female,29,Gurugram,Haryana,2024-05-17
113045,Ananya Patel,Male,21,Jaipur,Rajasthan,2024-09-02
113046,Aditi Sharma,Female,32,Mumbai,Maharashtra,2024-06-15
113047,Kavya Nair,Male,18,Bengaluru,Karnataka,2024-01-30
113048,Aarav Malhotra,Female,30,Pune,Maharashtra,2022-05-11
113049,Ananya Mishra,Other,28,Bengaluru,Karnataka,2023-03-22
113050,Pooja Mishra,Female,31,Delhi,Delhi,2024-10-21
113051,Raj Joshi,Female,27,Delhi,Delhi,2024-09-10
113052,Aditya Das,Male,18,Ahmedabad,Gujarat,2024-08-09
113053,Ananya Gupta,Other,29,Delhi,Delhi,2022-06-06
113054,Priya Malhotra,Female,40,Patna,Bihar,2022-09-21
113055,Rahul Kumar,Male,43,Hyderabad,Telangana,2023-03-13
113056,Aditi Malhotra,Female,54,Ahmedabad,Gujarat,2022-06-22
113057,Priya Mehta,Male,47,Delhi,Delhi,2024-12-27
113058,Raj Das,Male,21,Patna,Bihar,2023-04-03
113059,Neha Gupta,Female,28,Delhi,Delhi,2024-07-23
113060,Arjun Das,Male,32,Delhi,Delhi,2022-11-26
113061,Vikram Sharma,Female,31,Delhi,Delhi,2022-03-27
113062,Neha Das,Male,33,Delhi,Delhi,2023-07-23
113063,Aman Gupta,Male,54,Pune,Maharashtra,2024-11-03
113064,Vikram Kumar,Female,22,Noida,Uttar Pradesh,2024-09-02
113065,Meera Verma,Male,26,Bengaluru,Karnataka,2023-04-06
113066,Aman Gupta,Female,47,Ahmedabad,Gujarat,2022-03-21
113067,Priya Verma,Female,26,Noida,Uttar Pradesh,2023-07-18
113068,Raj Sharma,Female,36,Bhopal,Madhya Pradesh,2024-01-10
113069,Aman Reddy,Female,41,Mumbai,Maharashtra,2022-08-28
113070,Kavya Malhotra,Female,36,Mumbai,Maharashtra,2023-06-02
113071,Karan Singh,Male,34,Delhi,Delhi,2023-10-16
113072,Rohan Mehta,Female,40,Bengaluru,Karnataka,2023-12-01
113073,Arjun Patel,Male,24,Pune,Maharashtra,2024-10-23
113074,Ananya Mishra,Female,28,Pune,Maharashtra,2024-04-19
113075,Raj Singh,Female,37,Bengaluru,Karnataka,2024-11-10
113076,Vivaan Agarwal,Female,18,Kolkata,West Bengal,2022-06-23
113077,Meera Mehta,Female,45,Bengaluru,Karnataka,2024-07-23
113078,Vikram Reddy,Female,35,Hyderabad,Telangana,2023-04-03
113079,Neha Singh,Female,33,Delhi,Delhi,2023-07-29
113080,Arjun Mishra,Female,18,Kolkata,West Bengal,2022-08-21
113081,Aarav Sharma,Male,20,Jaipur,Rajasthan,2022-03-04
113082,Kavya Reddy,Male,28,Ahmedabad,Gujarat,2024-10-18
113083,Arjun Agarwal,Male,39,Bhopal,Madhya Pradesh,2024-04-04
113084,Riya Das,Female,18,Ahmedabad,Gujarat,2023-10-01
113085,Aditi Mishra,Male,39,Mumbai,Maharashtra,2022-03-24
113086,Rohan Gupta,Male,29,Mumbai,Maharashtra,2023-05-23
113087,Arjun Verma,Male,30,Patna,Bihar,2022-08-08
113088,Aditi Nair,Female,34,Noida,Uttar Pradesh,2023-12-14
113089,Kavya Agarwal,Female,34,Noida,Uttar Pradesh,2024-09-19
113090,Aditya Mishra,Male,26,Lucknow,Uttar Pradesh,2023-10-16
113091,Kavya Patel,Male,38,Bengaluru,Karnataka,2024-11-10
113092,Ananya Gupta,Male,18,Surat,Gujarat,2023-11-10
113093,Karan Kumar,Male,28,Mumbai,Maharashtra,2023-01-30
113094,Aman Nair,Male,33,Bengaluru,Karnataka,2022-08-06
113095,Rohan Mehta,Female,29,Bengaluru,Karnataka,2023-10-29
113096,Riya Iyer,Other,18,Chennai,Tamil Nadu,2023-05-04
113097,Neha Patel,Male,39,Pune,Maharashtra,2024-03-12
113098,Aman Das,Male,21,Pune,Maharashtra,2022-10-15
113099,Isha Sharma,Male,31,Chennai,Tamil Nadu,2022-03-09
113100,Arjun Agarwal,Male,33,Hyderabad,Telangana,2024-01-11
113101,Karan Reddy,Male,32,Mumbai,Maharashtra,2023-07-26
113102,Rohan Das,Male,43,Jaipur,Rajasthan,2023-09-19
113103,Aarav Nair,Male,32,Noida,Uttar Pradesh,2023-01-27
113104,Riya Mehta,Female,36,Pune,Maharashtra,2023-04-28
113105,Ananya Mishra,Female,31,Jaipur,Rajasthan,2023-01-10
113106,Rahul Singh,Female,38,Chennai,Tamil Nadu,2024-07-06
113107,Neha Agarwal,Male,45,Delhi,Delhi,2022-06-16
113108,Neha Gupta,Female,33,Hyderabad,Telangana,2023-10-10
113109,Meera Mehta,Female,39,,,2023-05-31
113110,Priya Reddy,Male,45,Jaipur,Rajasthan,2022-03-05
113111,Ananya Mehta,Male,44,Pune,Maharashtra,2024-04-20
113112,Karan Singh,Female,29,Delhi,Delhi,2023-04-12
113113,Neha Sharma,Male,41,Chennai,Tamil Nadu,2024-11-23
113114,Arjun Patel,Male,34,Bhopal,Madhya Pradesh,2023-10-06
113115,Vivaan Reddy,Female,42,Bengaluru,Karnataka,2024-05-11
113116,Vivaan Mishra,Female,37,Coimbatore,Tamil Nadu,2024-07-23
113117,Aditi Das,Male,34,Kochi,Kerala,2022-01-18
113118,Rahul Das,Female,36,Noida,Uttar Pradesh,2022-10-15
113119,Neha Mishra,Female,34,Gurugram,Haryana,2022-04-22
113120,Kavya Verma,Male,35,Hyderabad,Telangana,2024-08-16
113121,Aarav Mishra,Female,31,Hyderabad,Telangana,2022-06-02
113122,Aditi Kumar,Male,30,Kochi,Kerala,2023-12-29
113123,Riya Reddy,Male,48,Hyderabad,Telangana,2023-02-08
113124,Vivaan Sharma,Female,36,Delhi,Delhi,2024-07-28
113125,Aarav Mishra,Male,27,Mumbai,Maharashtra,2023-07-26
113126,Rahul Agarwal,Male,30,Lucknow,Uttar Pradesh,2023-01-16
113127,Rohan Nair,Male,42,Hyderabad,Telangana,2022-04-23
113128,Rahul Verma,Female,25,Mumbai,Maharashtra,2023-12-11
113129,Raj Gupta,Female,19,Gurugram,Haryana,2024-01-06
113130,Ananya Agarwal,Male,19,Pune,Maharashtra,2023-12-15
113131,Karan Verma,Female,18,Chennai,Tamil Nadu,2023-11-21
113132,Sneha Sharma,Male,20,Mumbai,Maharashtra,2023-03-25
113133,Pooja Patel,Female,21,Mumbai,Maharashtra,2023-10-17
113134,Vikram Malhotra,Male,44,Delhi,Delhi,2023-07-01
113135,Arjun Iyer,Female,32,Pune,Maharashtra,2023-08-02
113136,Karan Iyer,Other,29,Noida,Uttar Pradesh,2022-03-15
113137,Priya Joshi,Female,19,Ahmedabad,Gujarat,2024-07-10
113138,Aditya Agarwal,Male,31,Bengaluru,Karnataka,2024-11-23
113139,Rohan Mishra,Female,18,Surat,Gujarat,2024-04-26
113140,Vivaan Singh,Male,29,Delhi,Delhi,2024-07-22
113141,Arjun Singh,Female,51,Delhi,Delhi,2024-08-16
113142,Priya Malhotra,Male,38,Surat,Gujarat,2024-10-27
113143,Aditi Kumar,Male,30,Mumbai,Maharashtra,2024-12-12
113144,Rahul Joshi,Male,38,Lucknow,Uttar Pradesh,2022-12-04
113145,Priya Gupta,Male,27,Delhi,Delhi,2022-10-05
113146,Aarav Malhotra,Female,25,Delhi,Delhi,2022-08-05
113147,Rohan Malhotra,Female,47,Kolkata,West Bengal,2022-03-06
113148,Isha Iyer,Female,22,Mumbai,Maharashtra,2022-03-21
113149,Vikram Kumar,Female,29,Delhi,Delhi,2024-07-21
113150,Rahul Nair,Female,35,Pune,Maharashtra,2022-10-14
113151,Aditi Malhotra,Male,24,Bengaluru,Karnataka,2022-01-19
113152,Aditi Das,Male,38,Noida,Uttar Pradesh,2023-07-22
113153,Karan Mishra,Male,29,Gurugram,Haryana,2022-02-14
113154,Vikram Gupta,Male,38,Kolkata,West Bengal,2023-09-28
113155,Rohan Gupta,Male,37,Bengaluru,Karnataka,2024-10-09
113156,Neha Singh,Male,30,Pune,Maharashtra,2022-05-20
113157,Pooja Singh,Male,47,Lucknow,Uttar Pradesh,2022-09-13
113158,Riya Malhotra,Male,26,Delhi,Delhi,2022-12-22
113159,Pooja Gupta,Female,44,Bengaluru,Karnataka,2023-08-28
113160,Aarav Patel,Male,43,Gurugram,Haryana,2024-04-04
113161,Aditi Das,Female,48,Hyderabad,Telangana,2022-08-05
113162,Isha Nair,Female,34,Kolkata,West Bengal,2024-06-27
113163,Vikram Iyer,Female,25,Delhi,Delhi,2024-01-22
113164,Aditi Singh,Male,51,Noida,Uttar Pradesh,2024-10-04
113165,Rahul Singh,Male,29,Delhi,Delhi,2022-02-01
113166,Sneha Mehta,Male,25,Surat,Gujarat,2023-07-27
113167,Aditya Joshi,Male,30,Delhi,Delhi,2022-07-14
113168,Aditi Sharma,Male,23,Indore,Madhya Pradesh,2022-02-17
113169,Isha Mehta,Female,37,Bengaluru,Karnataka,2023-09-29
113170,Aditya Mishra,Female,27,Kolkata,West Bengal,2024-05-25
113171,Vivaan Joshi,Female,29,Surat,Gujarat,2024-04-17
113172,Neha Sharma,Male,41,Delhi,Delhi,2024-09-17
113173,Riya Gupta,Male,38,Bengaluru,Karnataka,2022-06-17
113174,Priya Malhotra,Female,32,Bhopal,Madhya Pradesh,2024-12-04
113175,Isha Iyer,Male,34,Hyderabad,Telangana,2024-05-06
113176,Arjun Iyer,Female,32,Lucknow,Uttar Pradesh,2023-06-11
113177,Riya Iyer,Female,28,Mumbai,Maharashtra,2023-07-14
113178,Rohan Das,Male,32,Jaipur,Rajasthan,2022-11-02
113179,Karan Mehta,Male,36,Delhi,Delhi,2024-06-06
113180,Vivaan Verma,Male,31,Lucknow,Uttar Pradesh,2022-09-16
113181,Aarav Agarwal,Male,36,Bengaluru,Karnataka,2023-08-22
113182,Arjun Gupta,Male,24,Pune,Maharashtra,2023-09-08
113183,Priya Verma,Male,27,Mumbai,Maharashtra,2024-10-16
113184,Aditi Reddy,Male,25,Kolkata,West Bengal,2022-05-02
113185,Kavya Singh,Female,27,Bengaluru,Karnataka,2023-06-14
113186,Kavya Reddy,Female,44,Hyderabad,Telangana,2024-04-28
113187,Kavya Reddy,Male,39,Jaipur,Rajasthan,2024-08-20
113188,Rohan Nair,Female,22,Mumbai,Maharashtra,2022-06-18
113189,Aditya Das,Female,36,Surat,Gujarat,2022-08-24
113190,Isha Reddy,Female,28,Ahmedabad,Gujarat,2022-02-02
113191,Sneha Mishra,Female,26,Chennai,Tamil Nadu,2022-08-29
113192,Aman Joshi,Male,19,Delhi,Delhi,2024-10-25
113193,Aman Iyer,Male,41,Lucknow,Uttar Pradesh,2024-08-06
113194,Priya Agarwal,Female,20,Delhi,Delhi,2024-08-12
113195,Karan Kumar,Female,32,Noida,Uttar Pradesh,2022-01-29
113196,Neha Iyer,Female,23,Bengaluru,Karnataka,2023-04-18
113197,Aman Gupta,Other,39,Delhi,Delhi,2023-05-12
113198,Rahul Singh,Female,29,Mumbai,Maharashtra,2022-11-18
113199,Karan Nair,Male,31,Kochi,Kerala,2023-10-31
113200,Rahul Gupta,Male,31,Ahmedabad,Gujarat,2024-08-06
113201,Rohan Mishra,Male,35,Mumbai,Maharashtra,2022-04-07
113202,Riya Sharma,Female,32,Kochi,Kerala,2023-08-08
113203,Arjun Iyer,Female,32,Mumbai,Maharashtra,2023-08-25
113204,Pooja Patel,Female,27,Ahmedabad,Gujarat,2023-04-05
113205,Aman Gupta,Female,18,Jaipur,Rajasthan,2022-03-01
113206,Aditi Joshi,Female,22,Gurugram,Haryana,2024-08-07
113207,Meera Gupta,Female,38,Hyderabad,Telangana,2023-05-16
113208,Rohan Gupta,Female,29,Hyderabad,Telangana,2022-10-03
113209,Aditi Mehta,Male,26,Kolkata,West Bengal,2023-09-23
113210,Vivaan Mehta,Female,19,Hyderabad,Telangana,2024-02-10
113211,Rohan Das,Female,18,Delhi,Delhi,2024-05-16
113212,Pooja Kumar,Male,26,Lucknow,Uttar Pradesh,2024-12-21
113213,Karan Kumar,Male,40,Kolkata,West Bengal,2024-09-15
113214,Vivaan Mishra,Female,27,Hyderabad,Telangana,2023-06-10
113215,Priya Singh,Male,36,Bengaluru,Karnataka,2022-05-03
113216,Isha Das,Male,27,Bengaluru,Karnataka,2023-03-14
113217,Vikram Verma,Male,38,Ahmedabad,Gujarat,2022-04-27
113218,Arjun Joshi,Female,29,Lucknow,Uttar Pradesh,2023-06-19
113219,Vivaan Patel,Female,21,Gurugram,Haryana,2023-04-12
113220,Priya Reddy,Male,30,Ahmedabad,Gujarat,2024-11-17
113221,Isha Patel,Male,49,Ahmedabad,Gujarat,2022-07-27
113222,Arjun Das,Other,48,Mumbai,Maharashtra,2024-08-08
113223,Vikram Sharma,Female,36,Delhi,Delhi,2024-06-24
113224,Isha Reddy,Female,31,Ahmedabad,Gujarat,2024-10-21
113225,Ananya Singh,Male,35,Delhi,Delhi,2022-10-20
113226,Kavya Patel,Male,35,Coimbatore,Tamil Nadu,2023-06-19
113227,Arjun Reddy,Male,32,Indore,Madhya Pradesh,2024-04-07
113228,Kavya Kumar,Female,36,Chennai,Tamil Nadu,2022-11-26
113229,Rahul Sharma,Male,34,Bengaluru,Karnataka,2023-08-04
113230,Aditya Singh,Male,29,Chennai,Tamil Nadu,2024-08-14
113231,Priya Gupta,Male,21,Ahmedabad,Gujarat,2022-02-15
113232,Priya Reddy,Male,28,Ahmedabad,Gujarat,2023-08-02
113233,Vivaan Joshi,Female,39,Delhi,Delhi,2024-12-16
113234,Raj Reddy,Male,32,Noida,Uttar Pradesh,2022-09-06
113235,Priya Singh,Female,35,Kolkata,West Bengal,2022-08-04
113236,Meera Das,Female,29,Delhi,Delhi,2023-01-28
113237,Isha Reddy,Male,22,Bengaluru,Karnataka,2022-05-02
113238,Aditi Mehta,Female,30,Pune,Maharashtra,2022-07-10
113239,Aditya Kumar,Female,23,Mumbai,Maharashtra,2024-11-13
113240,Aman Iyer,Female,22,Mumbai,Maharashtra,2024-05-22
113241,Isha Sharma,Male,43,Delhi,Delhi,2023-08-14
113242,Aditi Kumar,Male,28,Bhopal,Madhya Pradesh,2023-05-17
113243,Aman Malhotra,Male,25,Delhi,Delhi,2022-10-06
113244,Aditya Iyer,Female,47,Hyderabad,Telangana,2023-05-22
113245,Rohan Mishra,Female,39,Mumbai,Maharashtra,2022-06-21
113246,Aditya Kumar,Female,29,Ahmedabad,Gujarat,2023-06-26
113247,Aditya Mehta,Male,36,Lucknow,Uttar Pradesh,2024-01-02
113248,Aman Verma,Male,30,Noida,Uttar Pradesh,2024-02-16
113249,Aditya Malhotra,Female,26,Kolkata,West Bengal,2024-02-01
113250,Ananya Kumar,Male,36,Kolkata,West Bengal,2022-07-18
113251,Sneha Patel,Female,29,Hyderabad,Telangana,2024-11-10
113252,Aarav Malhotra,Male,33,Kolkata,West Bengal,2022-09-13
113253,Aditya Malhotra,Male,41,Delhi,Delhi,2022-12-07
113254,Priya Malhotra,Male,40,Jaipur,Rajasthan,2024-08-07
113255,Karan Malhotra,Male,27,Delhi,Delhi,2024-01-23
113256,Ananya Agarwal,Male,36,Surat,Gujarat,2022-06-15
113257,Kavya Agarwal,Male,22,Pune,Maharashtra,2024-08-30
113258,Aditi Iyer,Male,36,Chennai,Tamil Nadu,2022-04-27
113259,Rohan Sharma,Male,33,Chennai,Tamil Nadu,2022-02-14
113260,Isha Iyer,Male,35,Noida,Uttar Pradesh,2023-05-19
113261,Aarav Iyer,Female,29,Pune,Maharashtra,2023-07-10
113262,Rahul Sharma,Male,51,Hyderabad,Telangana,2023-05-11
113263,Aman Gupta,Female,24,Bengaluru,Karnataka,2024-07-31
113264,Sneha Gupta,Female,41,Delhi,Delhi,2023-07-09
113265,Aarav Verma,Female,23,Mumbai,Maharashtra,2023-02-10
113266,Pooja Das,Female,37,Delhi,Delhi,2022-11-13
113267,Isha Verma,Male,37,Surat,Gujarat,2023-12-27
113268,Rahul Nair,Female,32,Ahmedabad,Gujarat,2024-02-20
113269,Aditya Gupta,Female,28,Mumbai,Maharashtra,2024-08-18
113270,Raj Verma,Female,33,Delhi,Delhi,2023-08-30
113271,Karan Malhotra,Male,34,Pune,Maharashtra,2022-02-28
113272,Vikram Iyer,Male,48,Hyderabad,Telangana,2023-11-09
113273,Sneha Mishra,Male,24,Noida,Uttar Pradesh,2023-03-07
113274,Pooja Mehta,Female,27,Hyderabad,Telangana,2024-02-18
113275,Neha Joshi,Female,35,Surat,Gujarat,2022-10-10
113276,Meera Reddy,Male,30,Delhi,Delhi,2023-10-08
113277,Neha Mehta,Female,31,Hyderabad,Telangana,2022-07-07
113278,Vivaan Malhotra,Female,42,Chandigarh,Chandigarh,2022-11-14
113279,Riya Agarwal,Male,18,Delhi,Delhi,2023-02-25
113280,Karan Verma,Female,27,Hyderabad,Telangana,2022-09-10
113281,Rohan Mehta,Female,18,Bengaluru,Karnataka,2022-05-30
113282,Isha Mishra,Male,21,Chennai,Tamil Nadu,2023-11-21
113283,Isha Singh,Female,54,Bengaluru,Karnataka,2023-06-13
113284,Aditya Iyer,Male,37,Indore,Madhya Pradesh,2022-08-12
113285,Pooja Iyer,Female,41,Chandigarh,Chandigarh,2022-05-17
113286,Rohan Gupta,Female,31,Surat,Gujarat,2022-08-21
113287,Neha Reddy,Female,39,Hyderabad,Telangana,2022-02-25
113288,Priya Reddy,Male,18,Nagpur,Maharashtra,2022-10-09
113289,Aarav Agarwal,Male,41,Ahmedabad,Gujarat,2022-02-26
113290,Ananya Nair,Male,25,Bengaluru,Karnataka,2024-02-16
113291,Meera Joshi,Female,27,Delhi,Delhi,2022-01-24
113292,Kavya Malhotra,Male,37,Jaipur,Rajasthan,2024-09-28
113293,Isha Reddy,Female,35,Lucknow,Uttar Pradesh,2022-07-29
113294,Kavya Mehta,Male,33,Delhi,Delhi,2023-05-23
113295,Aditi Singh,Male,20,Chennai,Tamil Nadu,2024-04-03
113296,Karan Reddy,Male,33,Nagpur,Maharashtra,2023-02-22
113297,Meera Mishra,Female,41,Bengaluru,Karnataka,2022-04-19
113298,Raj Singh,Female,27,Bengaluru,Karnataka,2022-03-09
113299,Arjun Malhotra,Male,44,Bhopal,Madhya Pradesh,2024-01-09
113300,Aditya Reddy,Male,24,Delhi,Delhi,2022-09-21
113301,Priya Kumar,Female,32,Chandigarh,Chandigarh,2022-12-28
113302,Raj Singh,Male,46,Noida,Uttar Pradesh,2022-06-04
113303,Aarav Joshi,Female,26,Hyderabad,Telangana,2023-09-26
113304,Meera Reddy,Female,41,Delhi,Delhi,2023-06-27
113305,Ananya Gupta,Female,50,Delhi,Delhi,2022-12-02
113306,Vikram Verma,Female,34,Hyderabad,Telangana,2024-05-18
113307,Rahul Sharma,Female,27,Lucknow,Uttar Pradesh,2024-06-15
113308,Rohan Verma,Female,25,Pune,Maharashtra,2023-05-16
113309,Meera Verma,Female,44,Ahmedabad,Gujarat,2024-01-19
113310,Aditi Das,Female,43,Jaipur,Rajasthan,2023-02-14
113311,Aarav Iyer,Male,45,Chennai,Tamil Nadu,2023-06-28
113312,Aditi Agarwal,Male,32,Coimbatore,Tamil Nadu,2022-10-06
113313,Priya Patel,Male,41,Lucknow,Uttar Pradesh,2023-10-10
113314,Raj Malhotra,Female,32,Patna,Bihar,2024-05-19
113315,Neha Iyer,Female,24,Mumbai,Maharashtra,2022-09-03
113316,Raj Agarwal,Male,42,Lucknow,Uttar Pradesh,2022-09-11
113317,Aarav Nair,Male,47,Kolkata,West Bengal,2024-04-18
113318,Vivaan Sharma,Male,23,Patna,Bihar,2022-08-11
113319,Rahul Mehta,Female,23,Pune,Maharashtra,2023-10-03
113320,Kavya Agarwal,Female,32,Bengaluru,Karnataka,2023-09-30
113321,Priya Patel,Female,41,Hyderabad,Telangana,2023-07-08
113322,Raj Joshi,Male,22,Mumbai,Maharashtra,2022-10-18
113323,Sneha Agarwal,Female,34,Mumbai,Maharashtra,2024-04-26
113324,Priya Patel,Male,27,Pune,Maharashtra,2022-06-24
113325,Meera Agarwal,Female,38,Indore,Madhya Pradesh,2024-12-29
113326,Meera Agarwal,Male,25,Mumbai,Maharashtra,2023-07-18
113327,Raj Mishra,Female,39,Bengaluru,Karnataka,2023-11-06
113328,Aditya Mehta,Male,31,Surat,Gujarat,2023-10-07
113329,Karan Mehta,Male,24,Bengaluru,Karnataka,2023-03-06
113330,Aditi Mehta,Female,33,Kochi,Kerala,2024-06-17
113331,Vivaan Patel,Male,18,Bengaluru,Karnataka,2023-10-11
113332,Ananya Sharma,Male,27,Hyderabad,Telangana,2022-11-12
113333,Aarav Mehta,Female,35,Delhi,Delhi,2024-04-02
113334,Vikram Kumar,Female,18,Nagpur,Maharashtra,2024-12-21
113335,Ananya Nair,Male,18,Indore,Madhya Pradesh,2022-09-18
113336,Vikram Agarwal,Female,18,Gurugram,Haryana,2024-01-26
113337,Karan Sharma,Female,44,Mumbai,Maharashtra,2022-05-03
113338,Meera Nair,Male,31,Coimbatore,Tamil Nadu,2024-12-29
113339,Priya Patel,Male,27,Patna,Bihar,2022-08-07
113340,Meera Mehta,Male,41,Hyderabad,Telangana,2023-07-07
113341,Pooja Gupta,Female,28,Jaipur,Rajasthan,2023-09-29
113342,Neha Agarwal,Male,34,Nagpur,Maharashtra,2022-03-06
113343,Aditya Verma,Male,32,Hyderabad,Telangana,2023-01-10
113344,Meera Reddy,Female,28,Delhi,Delhi,2023-01-28
113345,Aditi Gupta,Female,35,Surat,Gujarat,2022-10-01
113346,Meera Nair,Male,39,Pune,Maharashtra,2023-02-04
113347,Priya Singh,Female,30,Nagpur,Maharashtra,2023-12-13
113348,Ananya Singh,Male,28,Chennai,Tamil Nadu,2024-01-29
113349,Vivaan Nair,Male,29,Delhi,Delhi,2023-04-17
113350,Aditi Malhotra,Female,18,Pune,Maharashtra,2023-12-14
113351,Neha Nair,Female,35,Lucknow,Uttar Pradesh,2024-11-12
113352,Aarav Gupta,Male,21,Delhi,Delhi,2022-04-25
113353,Aditi Kumar,Female,38,Hyderabad,Telangana,2023-02-27
113354,Arjun Gupta,Female,31,Mumbai,Maharashtra,2023-11-14
113355,Riya Gupta,Male,33,Kolkata,West Bengal,2022-12-18
113356,Neha Mehta,Female,38,Kochi,Kerala,2024-11-06
113357,Karan Mehta,Male,24,Kolkata,West Bengal,2024-11-26
113358,Raj Singh,Other,35,Lucknow,Uttar Pradesh,2022-03-03
113359,Aditya Das,Female,34,Hyderabad,Telangana,2023-11-20
113360,Ananya Malhotra,Male,30,Chennai,Tamil Nadu,2022-02-27
113361,Raj Mishra,Male,24,Chennai,Tamil Nadu,2024-10-12
113362,Riya Malhotra,Male,37,Ahmedabad,Gujarat,2023-10-10
113363,Kavya Das,Male,38,Surat,Gujarat,2022-04-04
113364,Meera Iyer,Male,33,Jaipur,Rajasthan,2024-10-15
113365,Ananya Malhotra,Male,22,Coimbatore,Tamil Nadu,2024-11-07
113366,Priya Kumar,Female,27,Gurugram,Haryana,2022-06-30
113367,Raj Mehta,Male,31,Delhi,Delhi,2024-07-12
113368,Sneha Singh,Female,38,Pune,Maharashtra,2023-03-10
113369,Raj Kumar,Female,18,Bhopal,Madhya Pradesh,2024-01-09
113370,Aman Das,Male,27,Chandigarh,Chandigarh,2023-06-15
113371,Raj Nair,Female,28,Hyderabad,Telangana,2023-08-27
113372,Vikram Patel,Male,31,Lucknow,Uttar Pradesh,2022-09-27
113373,Aman Iyer,Male,20,Hyderabad,Telangana,2024-01-04
113374,Aditya Iyer,Female,30,Delhi,Delhi,2023-01-06
113375,Raj Malhotra,Male,29,Indore,Madhya Pradesh,2023-07-29
113376,Arjun Mehta,Female,23,Chandigarh,Chandigarh,2024-08-27
113377,Meera Mishra,Female,31,Pune,Maharashtra,2024-10-05
113378,Pooja Malhotra,Female,27,Delhi,Delhi,2024-09-27
113379,Vikram Iyer,Female,36,Gurugram,Haryana,2024-09-15
113380,Pooja Singh,Female,24,Pune,Maharashtra,2023-06-03
113381,Aman Patel,Male,33,Delhi,Delhi,2023-08-08
113382,Meera Agarwal,Male,25,Mumbai,Maharashtra,2023-07-15
113383,Raj Singh,Female,27,Mumbai,Maharashtra,2024-03-10
113384,Meera Mishra,Male,35,Jaipur,Rajasthan,2023-06-26
113385,Aman Mishra,Male,34,Bengaluru,Karnataka,2023-05-18
113386,Sneha Patel,Male,28,Delhi,Delhi,2022-03-11
113387,Aarav Joshi,Female,30,Patna,Bihar,2023-09-19
113388,Kavya Gupta,Male,19,Kochi,Kerala,2024-05-24
113389,Rahul Singh,Female,45,Mumbai,Maharashtra,2023-08-02
113390,Vivaan Malhotra,Male,38,Mumbai,Maharashtra,2022-04-19
113391,Ananya Joshi,Male,38,Kolkata,West Bengal,2022-04-10
113392,Sneha Gupta,Male,18,Mumbai,Maharashtra,2024-06-09
113393,Pooja Nair,Male,27,Mumbai,Maharashtra,2022-01-18
113394,Isha Nair,Female,29,Bengaluru,Karnataka,2024-03-02
113395,Karan Malhotra,Male,18,Kochi,Kerala,2024-12-25
113396,Kavya Reddy,Male,40,Kochi,Kerala,2024-11-12
113397,Riya Malhotra,Female,45,Gurugram,Haryana,2022-10-05
113398,Aman Verma,Male,51,Lucknow,Uttar Pradesh,2024-03-10
113399,Vikram Gupta,Male,23,Lucknow,Uttar Pradesh,2023-09-02
113400,Arjun Sharma,Male,33,Pune,Maharashtra,2024-06-08
113401,Meera Agarwal,Other,44,Chennai,Tamil Nadu,2022-09-15
113402,Rahul Sharma,Female,30,Kolkata,West Bengal,2024-07-25
113403,Rohan Verma,Male,27,Ahmedabad,Gujarat,2024-01-16
113404,Isha Iyer,Male,18,Delhi,Delhi,2024-01-18
113405,Vivaan Agarwal,Male,42,Mumbai,Maharashtra,2023-03-02
113406,Ananya Patel,Male,32,Kochi,Kerala,2024-10-14
113407,Riya Kumar,Female,25,Bengaluru,Karnataka,2024-08-05
113408,Karan Patel,Female,35,Bengaluru,Karnataka,2023-04-12
113409,Sneha Kumar,Male,33,Hyderabad,Telangana,2023-12-22
113410,Ananya Agarwal,Female,34,Bengaluru,Karnataka,2023-08-18
113411,Meera Gupta,Male,30,Delhi,Delhi,2024-02-17
113412,Rahul Sharma,Male,47,Mumbai,Maharashtra,2022-02-12
113413,Vikram Sharma,Male,31,Kolkata,West Bengal,2022-07-26
113414,Vivaan Patel,Male,47,Mumbai,Maharashtra,2022-10-14
113415,Aman Malhotra,Female,37,Jaipur,Rajasthan,2022-09-06
113416,Sneha Das,Male,35,Delhi,Delhi,2022-02-15
113417,Raj Mehta,Male,31,Delhi,Delhi,2023-06-05
113418,Aditya Gupta,Female,41,Surat,Gujarat,2022-02-19
113419,Pooja Singh,Female,33,Ahmedabad,Gujarat,2024-08-16
113420,Meera Sharma,Female,24,Jaipur,Rajasthan,2022-11-18
113421,Aarav Gupta,Female,23,Delhi,Delhi,2024-01-09
113422,Aditi Verma,Male,36,Mumbai,Maharashtra,2023-06-03
113423,Rahul Iyer,Female,24,Gurugram,Haryana,2023-12-27
113424,Arjun Singh,Female,31,Mumbai,Maharashtra,2023-02-10
113425,Neha Kumar,Female,42,Gurugram,Haryana,2024-06-10
113426,Priya Das,Female,35,Chennai,Tamil Nadu,2022-03-31
113427,Aditi Joshi,Male,26,Ahmedabad,Gujarat,2022-07-09
113428,Pooja Mehta,Female,45,Jaipur,Rajasthan,2024-06-08
113429,Karan Kumar,Male,37,Hyderabad,Telangana,2022-05-04
113430,Meera Kumar,Male,41,Bengaluru,Karnataka,2023-04-01
113431,Isha Sharma,Male,18,Jaipur,Rajasthan,2022-10-17
113432,Kavya Mehta,Female,35,Noida,Uttar Pradesh,2023-06-02
113433,Aditya Mishra,Male,40,Delhi,Delhi,2024-08-17
113434,Meera Malhotra,Female,47,Hyderabad,Telangana,2022-03-05
113435,Karan Verma,Male,19,Bengaluru,Karnataka,2024-06-20
113436,Aman Nair,Female,43,Chennai,Tamil Nadu,2022-10-21
113437,Aditi Joshi,Male,47,Delhi,Delhi,2024-03-24
113438,Raj Singh,Female,18,Chandigarh,Chandigarh,2022-10-06
113439,Aman Nair,Female,36,Chennai,Tamil Nadu,2024-01-09
113440,Ananya Mehta,Male,38,Patna,Bihar,2022-08-02
113441,Priya Singh,Male,29,Gurugram,Haryana,2024-09-03
113442,Aditya Verma,Female,28,Mumbai,Maharashtra,2023-08-31
113443,Vikram Mishra,Female,38,Mumbai,Maharashtra,2023-02-17
113444,Kavya Joshi,Female,26,Surat,Gujarat,2022-09-12
113445,Aditi Sharma,Male,30,Chennai,Tamil Nadu,2024-03-18
113446,Karan Patel,Female,39,Delhi,Delhi,2022-04-27
113447,Rohan Singh,Male,48,Chandigarh,Chandigarh,2023-03-22
113448,Sneha Gupta,Female,37,Pune,Maharashtra,2022-09-27
113449,Rahul Sharma,Female,33,Bengaluru,Karnataka,2024-02-01
113450,Vikram Singh,Male,27,Pune,Maharashtra,2022-05-01
113451,Raj Agarwal,Female,23,Gurugram,Haryana,2023-04-19
113452,Raj Gupta,Female,42,Delhi,Delhi,2023-09-01
113453,Aman Mehta,Female,31,Bengaluru,Karnataka,2023-05-20
113454,Karan Reddy,Male,42,Bengaluru,Karnataka,2024-11-07
113455,Arjun Sharma,Male,29,Gurugram,Haryana,2024-12-23
113456,Raj Singh,Female,26,Noida,Uttar Pradesh,2023-06-14
113457,Neha Nair,Male,36,Hyderabad,Telangana,2023-07-02
113458,Meera Mehta,Male,31,Jaipur,Rajasthan,2022-11-13
113459,Riya Nair,Other,21,Hyderabad,Telangana,2024-07-30
113460,Priya Iyer,Male,48,Chennai,Tamil Nadu,2024-01-03
113461,Kavya Das,Female,26,Nagpur,Maharashtra,2022-11-15
113462,Aarav Sharma,Male,40,Chennai,Tamil Nadu,2023-05-13
113463,Kavya Iyer,Male,40,Nagpur,Maharashtra,2024-05-25
113464,Ananya Nair,Female,21,Ahmedabad,Gujarat,2022-07-05
113465,Rahul Malhotra,Female,23,Delhi,Delhi,2024-10-19
113466,Aman Mehta,Female,29,Noida,Uttar Pradesh,2023-06-26
113467,Meera Sharma,Female,24,Mumbai,Maharashtra,2024-04-28
113468,Rahul Mishra,Female,48,Chennai,Tamil Nadu,2023-06-22
113469,Aditya Reddy,Male,30,Kolkata,West Bengal,2023-11-20
113470,Isha Agarwal,Male,40,Indore,Madhya Pradesh,2023-09-20
113471,Raj Verma,Male,37,Mumbai,Maharashtra,2023-12-27
113472,Neha Patel,Female,34,Indore,Madhya Pradesh,2023-12-27
113473,Karan Sharma,Male,32,Chandigarh,Chandigarh,2024-07-23
113474,Raj Singh,Male,43,Delhi,Delhi,2024-11-04
113475,Ananya Sharma,Male,25,Indore,Madhya Pradesh,2022-08-26
113476,Rahul Singh,Male,48,Bengaluru,Karnataka,2022-12-21
113477,Kavya Iyer,Male,20,Delhi,Delhi,2024-07-07
113478,Aditi Sharma,Female,39,Kochi,Kerala,2023-01-31
113479,Rohan Gupta,Male,19,Hyderabad,Telangana,2022-08-12
113480,Kavya Malhotra,Female,29,Kolkata,West Bengal,2024-10-06
113481,Aman Mehta,Female,33,Chennai,Tamil Nadu,2023-08-13
113482,Priya Kumar,Male,28,Mumbai,Maharashtra,2022-10-22
113483,Rohan Agarwal,Female,30,Jaipur,Rajasthan,2024-06-18
113484,Ananya Nair,Male,20,Delhi,Delhi,2022-08-07
113485,Rohan Singh,Female,23,Mumbai,Maharashtra,2024-12-19
113486,Karan Gupta,Other,36,Chandigarh,Chandigarh,2023-04-14
113487,Riya Gupta,Female,32,Kochi,Kerala,2022-09-29
113488,Pooja Iyer,Female,26,Pune,Maharashtra,2022-10-25
113489,Vikram Sharma,Male,44,Mumbai,Maharashtra,2023-07-28
113490,Rahul Sharma,Male,21,Hyderabad,Telangana,2022-02-18
113491,Rahul Kumar,Female,29,Indore,Madhya Pradesh,2022-11-27
113492,Priya Malhotra,Male,27,Delhi,Delhi,2023-03-13
113493,Arjun Singh,Male,38,Delhi,Delhi,2023-03-04
113494,Karan Mishra,Male,32,Bhopal,Madhya Pradesh,2024-03-18
113495,Aarav Singh,Female,31,Hyderabad,Telangana,2022-09-22
113496,Aarav Singh,Male,18,Delhi,Delhi,2024-09-01
113497,Karan Patel,Female,40,Mumbai,Maharashtra,2024-03-04
113498,Sneha Agarwal,Male,30,Indore,Madhya Pradesh,2022-07-29
113499,Neha Verma,Male,33,Pune,Maharashtra,2024-08-03
113500,Arjun Reddy,Female,25,Mumbai,Maharashtra,2024-04-16
113501,Sneha Iyer,Male,24,Indore,Madhya Pradesh,2023-07-09
113502,Neha Kumar,Female,45,Surat,Gujarat,2022-03-04
113503,Aarav Agarwal,Male,18,Delhi,Delhi,2023-07-21
113504,Sneha Gupta,Male,23,Chennai,Tamil Nadu,2022-03-24
113505,Isha Malhotra,Male,45,Mumbai,Maharashtra,2023-07-24
113506,Pooja Kumar,Female,38,Chennai,Tamil Nadu,2024-03-08
113507,Ananya Singh,Female,29,Bengaluru,Karnataka,2023-11-20
113508,Vivaan Gupta,Female,43,Bengaluru,Karnataka,2024-01-21
113509,Aman Reddy,Male,36,Kolkata,West Bengal,2022-07-23
113510,Aditi Singh,Female,34,Chennai,Tamil Nadu,2022-06-15
113511,Vivaan Verma,Female,34,Hyderabad,Telangana,2022-12-01
113512,Rohan Mishra,Female,36,Delhi,Delhi,2024-02-13
113513,Vikram Nair,Female,37,Coimbatore,Tamil Nadu,2023-04-19
113514,Meera Joshi,Female,52,Mumbai,Maharashtra,2024-10-30
113515,Aman Das,Male,30,Kolkata,West Bengal,2022-06-12
113516,Isha Gupta,Female,31,Delhi,Delhi,2022-09-09
113517,Vikram Sharma,Male,21,Lucknow,Uttar Pradesh,2022-02-02
113518,Karan Patel,Female,32,Delhi,Delhi,2023-12-19
113519,Rahul Sharma,Male,49,Mumbai,Maharashtra,2022-01-14
113520,Rahul Joshi,Male,41,Jaipur,Rajasthan,2022-10-06
113521,Raj Agarwal,Male,27,Bengaluru,Karnataka,2022-09-26
113522,Aditya Iyer,Male,32,Chennai,Tamil Nadu,2024-12-25
113523,Meera Iyer,Male,20,Delhi,Delhi,2022-11-28
113524,Aarav Verma,Female,23,Mumbai,Maharashtra,2022-03-19
113525,Neha Nair,Female,33,Ahmedabad,Gujarat,2024-09-03
113526,Rohan Gupta,Female,28,Delhi,Delhi,2023-08-21
113527,Rahul Patel,Female,23,Delhi,Delhi,2023-11-25
113528,Vivaan Mishra,Male,36,Mumbai,Maharashtra,2024-01-01
113529,Aditi Sharma,Female,31,Delhi,Delhi,2022-12-14
113530,Neha Das,Male,18,Delhi,Delhi,2024-12-13
113531,Sneha Mishra,Female,18,Bengaluru,Karnataka,2022-10-04
113532,Aman Reddy,Male,27,Delhi,Delhi,2024-06-24
113533,Kavya Agarwal,Male,18,Surat,Gujarat,2024-05-10
113534,Arjun Das,Male,18,Delhi,Delhi,2024-10-01
113535,Isha Reddy,Male,42,Surat,Gujarat,2024-09-13
113536,Isha Kumar,Male,31,Gurugram,Haryana,2023-07-13
113537,Aman Mehta,Male,30,Delhi,Delhi,2023-01-09
113538,Arjun Malhotra,Female,30,Delhi,Delhi,2023-02-27
113539,Pooja Mishra,Female,22,Delhi,Delhi,2023-03-07
113540,Rohan Mishra,Male,36,Chennai,Tamil Nadu,2023-10-14
113541,Aman Sharma,Male,31,Jaipur,Rajasthan,2023-06-27
113542,Priya Kumar,Female,25,Kolkata,West Bengal,2023-03-21
113543,Kavya Singh,Male,27,Chennai,Tamil Nadu,2023-04-15
113544,Kavya Das,Female,21,Mumbai,Maharashtra,2024-07-24
113545,Neha Gupta,Male,28,Gurugram,Haryana,2023-02-01
113546,Isha Reddy,Female,30,Bengaluru,Karnataka,2022-09-30
113547,Rahul Kumar,Female,28,Nagpur,Maharashtra,2024-06-21
113548,Riya Das,Female,32,Hyderabad,Telangana,2024-12-01
113549,Aditya Gupta,Female,31,Bengaluru,Karnataka,2023-03-19
113550,Rahul Kumar,Male,34,Indore,Madhya Pradesh,2024-05-06
113551,Pooja Sharma,Male,40,Chennai,Tamil Nadu,2023-01-19
113552,Meera Iyer,Female,37,Lucknow,Uttar Pradesh,2022-06-13
113553,Ananya Mehta,Female,41,Hyderabad,Telangana,2023-12-07
113554,Priya Iyer,Male,24,Indore,Madhya Pradesh,2022-09-03
113555,Kavya Patel,Female,27,Patna,Bihar,2022-03-26
113556,Aman Mishra,Male,38,Hyderabad,Telangana,2022-01-25
113557,Riya Nair,Male,38,Mumbai,Maharashtra,2022-10-10
113558,Rahul Singh,Female,26,Jaipur,Rajasthan,2024-02-16
113559,Isha Singh,Male,38,Kochi,Kerala,2022-01-03
113560,Karan Agarwal,Female,24,Kolkata,West Bengal,2024-09-29
113561,Meera Iyer,Male,36,Kochi,Kerala,2024-06-22
113562,Aditya Iyer,Male,32,Bengaluru,Karnataka,2022-12-05
113563,Rohan Verma,Female,20,Patna,Bihar,2022-05-19
113564,Rahul Verma,Female,28,Delhi,Delhi,2023-06-12
113565,Aditya Sharma,Male,52,Bengaluru,Karnataka,2023-02-01
113566,Arjun Joshi,Male,34,Pune,Maharashtra,2023-05-30
113567,Neha Joshi,Male,53,Jaipur,Rajasthan,2024-12-04
113568,Vivaan Singh,Male,19,Bengaluru,Karnataka,2024-02-29
113569,Aditi Nair,Female,39,Patna,Bihar,2024-02-23
113570,Kavya Mehta,Female,18,Bhopal,Madhya Pradesh,2023-12-05
113571,Pooja Sharma,Male,32,Noida,Uttar Pradesh,2023-03-20
113572,Aditya Agarwal,Male,38,Delhi,Delhi,2024-10-14
113573,Vivaan Das,Female,40,Delhi,Delhi,2022-05-20
113574,Isha Patel,Female,25,Pune,Maharashtra,2024-01-10
113575,Vivaan Iyer,Female,41,Ahmedabad,Gujarat,2024-01-01
113576,Vikram Malhotra,Female,27,Delhi,Delhi,2024-09-02
113577,Rahul Kumar,Male,31,Kolkata,West Bengal,2023-05-25
113578,Arjun Malhotra,Male,28,Chennai,Tamil Nadu,2022-08-17
113579,Pooja Malhotra,Female,22,Lucknow,Uttar Pradesh,2022-02-23
113580,Aman Nair,Female,46,Hyderabad,Telangana,2023-12-31
113581,Aditi Gupta,Male,32,Lucknow,Uttar Pradesh,2023-01-07
113582,Pooja Kumar,Male,42,Mumbai,Maharashtra,2022-01-09
113583,Arjun Agarwal,Male,41,Mumbai,Maharashtra,2023-02-03
113584,Arjun Gupta,Female,23,Bhopal,Madhya Pradesh,2022-05-15
113585,Rohan Gupta,Male,43,Bengaluru,Karnataka,2024-07-17
113586,Isha Mehta,Male,37,Nagpur,Maharashtra,2023-03-31
113587,Aman Singh,Female,23,Delhi,Delhi,2022-03-04
113588,Vikram Joshi,Male,36,Pune,Maharashtra,2024-01-11
113589,Neha Gupta,Male,23,Bengaluru,Karnataka,2022-04-16
113590,Rohan Sharma,Male,46,Nagpur,Maharashtra,2024-09-02
113591,Aditi Das,Male,39,Nagpur,Maharashtra,2023-03-06
113592,Raj Gupta,Male,31,Mumbai,Maharashtra,2023-04-23
113593,Rahul Verma,Female,43,Bengaluru,Karnataka,2024-08-14
113594,Priya Gupta,Female,18,Ahmedabad,Gujarat,2024-07-09
113595,Priya Reddy,Male,25,Indore,Madhya Pradesh,2023-04-12
113596,Ananya Reddy,Male,30,Jaipur,Rajasthan,2022-08-04
113597,Aman Malhotra,Female,52,Surat,Gujarat,2022-09-24
113598,Priya Das,Male,22,Delhi,Delhi,2024-09-02
113599,Karan Mishra,Male,18,Kolkata,West Bengal,2023-01-30
113600,Karan Nair,Female,19,Lucknow,Uttar Pradesh,2023-07-18
113601,Aarav Nair,Male,40,Mumbai,Maharashtra,2022-06-25
113602,Kavya Das,Male,27,Noida,Uttar Pradesh,2023-09-30
113603,Karan Singh,Male,31,Chandigarh,Chandigarh,2024-11-25
113604,Raj Patel,Female,39,Bhopal,Madhya Pradesh,2023-11-28
113605,Raj Agarwal,Male,31,Mumbai,Maharashtra,2022-04-16
113606,Aarav Patel,Male,34,Bengaluru,Karnataka,2022-11-24
113607,Riya Das,Male,37,Pune,Maharashtra,2024-07-18
113608,Riya Agarwal,Female,28,Mumbai,Maharashtra,2024-02-04
113609,Riya Malhotra,Male,31,Kochi,Kerala,2022-02-24
113610,Meera Mishra,Male,34,Mumbai,Maharashtra,2024-12-12
113611,Ananya Sharma,Female,40,Ahmedabad,Gujarat,2022-11-02
113612,Aman Agarwal,Female,25,Bengaluru,Karnataka,2024-04-23
113613,Aarav Iyer,Male,18,Chennai,Tamil Nadu,2022-02-07
113614,Rohan Sharma,Male,38,Delhi,Delhi,2022-01-01
113615,Aditi Malhotra,Male,40,Mumbai,Maharashtra,2022-05-01
113616,Priya Iyer,Female,34,Hyderabad,Telangana,2024-08-24
113617,Riya Reddy,Male,34,Jaipur,Rajasthan,2022-11-05
113618,Aditi Verma,Male,27,Noida,Uttar Pradesh,2022-12-20
113619,Pooja Iyer,Male,37,Delhi,Delhi,2022-02-26
113620,Ananya Singh,Male,40,Mumbai,Maharashtra,2024-09-05
113621,Neha Agarwal,Male,33,Lucknow,Uttar Pradesh,2022-06-24
113622,Aman Malhotra,Male,54,Gurugram,Haryana,2022-11-17
113623,Rohan Mehta,Female,18,Mumbai,Maharashtra,2022-09-06
113624,Sneha Reddy,Female,33,Mumbai,Maharashtra,2024-12-05
113625,Karan Gupta,Male,21,Delhi,Delhi,2023-07-26
113626,Pooja Nair,Male,40,Mumbai,Maharashtra,2023-12-13
113627,Ananya Mehta,Female,18,Delhi,Delhi,2023-01-04
113628,Vikram Patel,Male,20,Chennai,Tamil Nadu,2023-05-18
113629,Rohan Agarwal,Female,26,Bhopal,Madhya Pradesh,2023-10-25
113630,Isha Agarwal,Other,34,Mumbai,Maharashtra,2024-04-26
113631,Ananya Iyer,Male,27,Ahmedabad,Gujarat,2022-03-19
113632,Rohan Gupta,Male,27,Chennai,Tamil Nadu,2022-09-27
113633,Aditi Malhotra,Male,30,Chandigarh,Chandigarh,2023-04-26
113634,Rahul Sharma,Female,30,Noida,Uttar Pradesh,2023-03-06
113635,Sneha Verma,Female,45,Surat,Gujarat,2022-06-04
113636,Priya Kumar,Female,38,Kolkata,West Bengal,2023-11-03
113637,Kavya Verma,Female,29,Gurugram,Haryana,2024-11-22
113638,Rahul Iyer,Male,51,Bengaluru,Karnataka,2024-08-09
113639,Pooja Gupta,Female,36,Mumbai,Maharashtra,2023-12-20
113640,Aarav Reddy,Female,23,Bhopal,Madhya Pradesh,2022-08-24
113641,Aditi Malhotra,Female,34,Ahmedabad,Gujarat,2024-07-31
113642,Rohan Gupta,Male,37,Delhi,Delhi,2024-01-09
113643,Meera Patel,Female,26,Surat,Gujarat,2024-07-01
113644,Arjun Verma,Female,23,Bengaluru,Karnataka,2022-03-02
113645,Ananya Mishra,Female,33,Bengaluru,Karnataka,2023-02-09
113646,Sneha Singh,Female,29,Kolkata,West Bengal,2022-12-09
113647,Vivaan Gupta,Female,45,Chennai,Tamil Nadu,2023-02-07
113648,Meera Kumar,Female,39,Chennai,Tamil Nadu,2022-01-29
113649,Ananya Iyer,Female,26,Bengaluru,Karnataka,2024-12-12
113650,Meera Mehta,Female,36,Kochi,Kerala,2022-04-27
113651,Vikram Mehta,Male,43,Kochi,Kerala,2024-06-07
113652,Vikram Agarwal,Male,19,Delhi,Delhi,2022-01-07
113653,Rahul Reddy,Male,23,Bengaluru,Karnataka,2023-08-03
113654,Sneha Gupta,Female,32,Delhi,Delhi,2022-05-18
113655,Pooja Nair,Female,32,Surat,Gujarat,2024-08-10
113656,Raj Reddy,Female,32,Indore,Madhya Pradesh,2023-11-20
113657,Rohan Sharma,Male,29,Pune,Maharashtra,2022-01-25
113658,Sneha Mehta,Male,29,Gurugram,Haryana,2022-12-13
113659,Aditya Kumar,Male,35,Lucknow,Uttar Pradesh,2023-07-27
113660,Aman Malhotra,Male,42,Pune,Maharashtra,2022-09-07
113661,Riya Sharma,Female,28,Bengaluru,Karnataka,2023-03-29
113662,Kavya Kumar,Male,54,Bengaluru,Karnataka,2022-02-19
113663,Arjun Singh,Female,50,Bengaluru,Karnataka,2022-04-07
113664,Karan Nair,Female,44,Chennai,Tamil Nadu,2024-06-27
113665,Arjun Singh,Male,38,Mumbai,Maharashtra,2024-11-17
113666,Kavya Iyer,Female,50,Mumbai,Maharashtra,2024-05-16
113667,Vivaan Sharma,Male,29,Delhi,Delhi,2024-10-07
113668,Aman Malhotra,Male,25,Kolkata,West Bengal,2023-12-17
113669,Kavya Das,Female,27,Nagpur,Maharashtra,2024-11-22
113670,Vikram Nair,Female,23,Indore,Madhya Pradesh,2024-09-19
113671,Rohan Verma,Male,33,Lucknow,Uttar Pradesh,2023-10-27
113672,Aditya Gupta,Male,35,Noida,Uttar Pradesh,2023-11-29
113673,Rahul Verma,Male,34,Hyderabad,Telangana,2023-11-24
113674,Rohan Iyer,Male,32,Bengaluru,Karnataka,2022-01-11
113675,Aditya Kumar,Female,33,Hyderabad,Telangana,2023-11-25
113676,Raj Joshi,Female,48,Delhi,Delhi,2022-07-18
113677,Arjun Nair,Male,38,Kolkata,West Bengal,2023-09-14
113678,Aditi Joshi,Female,40,Mumbai,Maharashtra,2023-11-18
113679,Rahul Das,Male,34,Ahmedabad,Gujarat,2022-03-30
113680,Sneha Joshi,Male,18,Mumbai,Maharashtra,2023-08-31
113681,Sneha Joshi,Female,18,Mumbai,Maharashtra,2024-06-15
113682,Isha Mehta,Female,51,Kochi,Kerala,2022-12-27
113683,Raj Mishra,Female,27,Delhi,Delhi,2023-05-24
113684,Aarav Verma,Female,26,Pune,Maharashtra,2024-03-11
113685,Meera Verma,Female,34,Delhi,Delhi,2024-04-24
113686,Riya Kumar,Male,37,Delhi,Delhi,2023-08-20
113687,Aman Joshi,Female,38,Kolkata,West Bengal,2024-03-16
113688,Kavya Sharma,Other,48,Kolkata,West Bengal,2022-09-20
113689,Priya Patel,Male,46,Mumbai,Maharashtra,2024-07-01
113690,Raj Iyer,Female,25,Indore,Madhya Pradesh,2022-12-31
113691,Rahul Das,Female,41,Lucknow,Uttar Pradesh,2024-10-24
113692,Aarav Sharma,Male,29,Bengaluru,Karnataka,2024-05-29
113693,Priya Gupta,Female,31,Mumbai,Maharashtra,2023-11-26
113694,Meera Mishra,Male,22,Ahmedabad,Gujarat,2022-08-02
113695,Riya Mishra,Female,18,Ahmedabad,Gujarat,2022-09-13
113696,Isha Agarwal,Male,32,Mumbai,Maharashtra,2023-08-13
113697,Riya Agarwal,Female,23,Bengaluru,Karnataka,2022-10-03
113698,Vikram Das,Male,40,Mumbai,Maharashtra,2022-03-22
113699,Ananya Joshi,Male,29,Bengaluru,Karnataka,2023-09-24
113700,Ananya Iyer,Male,35,Bengaluru,Karnataka,2023-04-08
113701,Priya Reddy,Female,44,Coimbatore,Tamil Nadu,2023-07-08
113702,Priya Patel,Female,19,Ahmedabad,Gujarat,2023-10-26
113703,Priya Nair,Female,25,Noida,Uttar Pradesh,2022-04-05
113704,Raj Iyer,Female,34,Bengaluru,Karnataka,2023-06-15
113705,Arjun Malhotra,Male,35,Delhi,Delhi,2024-04-01
113706,Sneha Nair,Male,42,Delhi,Delhi,2022-10-27
113707,Rahul Singh,Female,40,Chennai,Tamil Nadu,2022-08-06
113708,Raj Reddy,Male,33,Bengaluru,Karnataka,2024-09-24
113709,Rohan Verma,Female,35,Mumbai,Maharashtra,2024-03-01
113710,Pooja Gupta,Female,35,Delhi,Delhi,2023-06-19
113711,Sneha Iyer,Male,19,Indore,Madhya Pradesh,2023-02-01
113712,Rahul Gupta,Male,31,Kolkata,West Bengal,2023-08-29
113713,Aditya Singh,Female,34,Delhi,Delhi,2023-02-17
113714,Rohan Sharma,Male,36,Ahmedabad,Gujarat,2023-08-10
113715,Raj Nair,Male,24,Ahmedabad,Gujarat,2022-08-07
113716,Aditya Sharma,Male,21,Bengaluru,Karnataka,2024-05-21
113717,Raj Gupta,Female,30,Mumbai,Maharashtra,2024-02-13
113718,Pooja Patel,Female,50,Gurugram,Haryana,2024-07-08
113719,Kavya Singh,Male,25,Bengaluru,Karnataka,2023-06-10
113720,Arjun Patel,Male,43,Surat,Gujarat,2022-03-10
113721,Isha Joshi,Male,46,Delhi,Delhi,2024-06-23
113722,Meera Iyer,Female,32,Pune,Maharashtra,2024-05-09
113723,Arjun Verma,Male,26,Mumbai,Maharashtra,2024-11-12
113724,Isha Das,Male,37,Jaipur,Rajasthan,2024-01-08
113725,Pooja Agarwal,Female,34,Nagpur,Maharashtra,2024-12-27
113726,Rahul Das,Female,24,Hyderabad,Telangana,2023-10-07
113727,Sneha Malhotra,Other,26,Delhi,Delhi,2024-07-03
113728,Pooja Malhotra,Female,36,Bengaluru,Karnataka,2023-07-09
113729,Pooja Patel,Male,40,Indore,Madhya Pradesh,2022-06-04
113730,Meera Nair,Male,29,Ahmedabad,Gujarat,2022-06-26
113731,Riya Verma,Male,31,Mumbai,Maharashtra,2022-04-22
113732,Rohan Joshi,Male,38,Kochi,Kerala,2024-03-20
113733,Karan Verma,Female,30,Kolkata,West Bengal,2024-06-13
113734,Kavya Sharma,Female,29,Mumbai,Maharashtra,2024-07-26
113735,Vivaan Singh,Female,25,Chennai,Tamil Nadu,2022-11-06
113736,Sneha Mehta,Male,25,Hyderabad,Telangana,2024-05-28
113737,Sneha Sharma,Female,56,Gurugram,Haryana,2023-08-17
113738,Rohan Nair,Female,30,Bengaluru,Karnataka,2022-07-07
113739,Aarav Sharma,Male,44,Indore,Madhya Pradesh,2024-10-29
113740,Aarav Kumar,Female,47,Gurugram,Haryana,2024-07-05
113741,Karan Nair,Male,30,Jaipur,Rajasthan,2023-04-29
113742,Rohan Joshi,Male,35,Bengaluru,Karnataka,2024-07-10
113743,Ananya Singh,Female,33,Coimbatore,Tamil Nadu,2023-10-12
113744,Kavya Mehta,Female,18,Chennai,Tamil Nadu,2023-03-20
113745,Karan Das,Male,18,Bhopal,Madhya Pradesh,2024-07-19
113746,Arjun Sharma,Male,32,Mumbai,Maharashtra,2024-08-26
113747,Ananya Reddy,Other,28,Nagpur,Maharashtra,2022-04-18
113748,Vivaan Kumar,Female,49,Gurugram,Haryana,2022-05-29
113749,Rohan Patel,Female,30,Kochi,Kerala,2022-11-24
113750,Vikram Mishra,Male,50,Mumbai,Maharashtra,2023-07-25
113751,Riya Mishra,Male,28,Hyderabad,Telangana,2023-03-12
113752,Vikram Joshi,Male,49,Delhi,Delhi,2022-08-13
113753,Aarav Mishra,Male,37,Mumbai,Maharashtra,2024-06-02
113754,Aditi Joshi,Male,37,Bengaluru,Karnataka,2023-06-29
113755,Rohan Mishra,Male,27,Kochi,Kerala,2023-12-31
113756,Sneha Das,Female,37,Jaipur,Rajasthan,2024-12-04
113757,Pooja Gupta,Male,47,Bengaluru,Karnataka,2022-10-29
113758,Meera Iyer,Female,31,Kochi,Kerala,2023-06-14
113759,Pooja Sharma,Male,29,Ahmedabad,Gujarat,2023-05-21
113760,Vivaan Agarwal,Male,30,Bhopal,Madhya Pradesh,2024-06-17
113761,Priya Joshi,Male,47,Patna,Bihar,2022-01-30
113762,Sneha Gupta,Male,40,Ahmedabad,Gujarat,2023-07-08
113763,Neha Iyer,Male,45,Mumbai,Maharashtra,2024-06-20
113764,Sneha Mishra,Female,35,Nagpur,Maharashtra,2022-01-06
113765,Vikram Das,Female,32,Bengaluru,Karnataka,2023-08-23
113766,Vikram Gupta,Female,36,Jaipur,Rajasthan,2022-03-22
113767,Kavya Mishra,Male,42,Surat,Gujarat,2024-09-15
113768,Karan Mishra,Female,30,Mumbai,Maharashtra,2023-02-16
113769,Riya Malhotra,Female,44,Kolkata,West Bengal,2024-03-07
113770,Priya Reddy,Male,35,Hyderabad,Telangana,2023-12-07
113771,Karan Singh,Female,18,Mumbai,Maharashtra,2022-05-20
113772,Isha Mehta,Female,40,Delhi,Delhi,2024-11-08
113773,Aditya Joshi,Female,21,Indore,Madhya Pradesh,2024-07-04
113774,Ananya Reddy,Female,40,Mumbai,Maharashtra,2024-02-04
113775,Arjun Mishra,Female,40,Indore,Madhya Pradesh,2024-03-17
113776,Kavya Mishra,Female,35,Kolkata,West Bengal,2023-01-01
113777,Priya Gupta,Male,37,Kolkata,West Bengal,2024-06-03
113778,Priya Agarwal,Female,42,Gurugram,Haryana,2022-10-13
113779,Arjun Singh,Female,28,Pune,Maharashtra,2022-04-13
113780,Sneha Joshi,Female,39,Bengaluru,Karnataka,2023-03-28
113781,Raj Iyer,Other,42,Mumbai,Maharashtra,2022-11-22
113782,Arjun Sharma,Male,48,Chennai,Tamil Nadu,2024-08-19
113783,Aditya Singh,Male,22,Chennai,Tamil Nadu,2023-03-03
113784,Rahul Reddy,Male,36,Bengaluru,Karnataka,2023-12-03
113785,Riya Iyer,Male,23,Kolkata,West Bengal,2024-10-13
113786,Rohan Singh,Male,23,Hyderabad,Telangana,2022-08-30
113787,Vikram Nair,Female,35,Noida,Uttar Pradesh,2022-10-16
113788,Pooja Gupta,Male,33,Chennai,Tamil Nadu,2024-01-16
113789,Arjun Reddy,Female,42,Chandigarh,Chandigarh,2024-03-08
113790,Kavya Das,Female,29,Pune,Maharashtra,2024-09-17
113791,Riya Nair,Male,31,Indore,Madhya Pradesh,2023-01-14
113792,Vikram Kumar,Male,34,Pune,Maharashtra,2022-05-29
113793,Rohan Agarwal,Female,24,Chennai,Tamil Nadu,2022-11-13
113794,Pooja Nair,Female,25,Hyderabad,Telangana,2023-05-26
113795,Aditya Joshi,Female,42,Hyderabad,Telangana,2022-01-10
113796,Isha Kumar,Female,27,Chandigarh,Chandigarh,2022-02-25
113797,Aarav Mehta,Female,43,Mumbai,Maharashtra,2023-12-01
113798,Isha Agarwal,Female,37,Delhi,Delhi,2024-07-26
113799,Priya Verma,Female,18,Gurugram,Haryana,2024-11-02
113800,Vivaan Mehta,Female,37,Chennai,Tamil Nadu,2023-12-16
113801,Aditi Das,Female,37,Bengaluru,Karnataka,2022-08-24
113802,Meera Gupta,Male,36,Hyderabad,Telangana,2024-01-23
113803,Aarav Reddy,Female,31,Chennai,Tamil Nadu,2023-04-25
113804,Kavya Joshi,Male,24,Kolkata,West Bengal,2022-10-18
113805,Arjun Das,Female,44,Gurugram,Haryana,2023-09-17
113806,Aman Singh,Male,31,Hyderabad,Telangana,2023-01-07
113807,Aditya Malhotra,Male,24,Jaipur,Rajasthan,2023-11-29
113808,Rahul Agarwal,Male,36,Gurugram,Haryana,2024-03-06
113809,Pooja Agarwal,Male,25,Surat,Gujarat,2024-02-19
113810,Sneha Verma,Male,23,Bengaluru,Karnataka,2022-02-10
113811,Neha Mishra,Female,29,Bengaluru,Karnataka,2022-01-15
113812,Riya Nair,Male,26,Kolkata,West Bengal,2022-01-02
113813,Arjun Kumar,Male,24,Indore,Madhya Pradesh,2023-11-15
113814,Meera Mehta,Male,39,Noida,Uttar Pradesh,2024-10-02
113815,Meera Das,Female,31,Chennai,Tamil Nadu,2023-03-12
113816,Kavya Reddy,Male,43,Nagpur,Maharashtra,2024-04-14
113817,Vikram Joshi,Male,24,Hyderabad,Telangana,2022-04-05
113818,Raj Kumar,Male,18,Gurugram,Haryana,2023-02-25
113819,Isha Gupta,Female,33,Gurugram,Haryana,2022-03-05
113820,Aarav Nair,Male,49,Bhopal,Madhya Pradesh,2023-02-19
113821,Rahul Nair,Male,37,Nagpur,Maharashtra,2023-07-05
113822,Priya Mehta,Male,61,Pune,Maharashtra,2022-05-30
113823,Aditi Nair,Female,35,Mumbai,Maharashtra,2023-05-19
113824,Priya Joshi,Male,34,Pune,Maharashtra,2024-04-10
113825,Priya Iyer,Female,18,Surat,Gujarat,2023-11-24
113826,Rohan Malhotra,Male,36,Gurugram,Haryana,2023-01-23
113827,Aditi Malhotra,Female,34,Bengaluru,Karnataka,2022-09-14
113828,Arjun Gupta,Male,28,Delhi,Delhi,2024-11-21
113829,Ananya Agarwal,Male,31,Pune,Maharashtra,2023-10-24
113830,Karan Patel,Male,31,Pune,Maharashtra,2024-06-07
113831,Pooja Joshi,Male,30,Delhi,Delhi,2023-07-01
113832,Meera Malhotra,Male,51,Noida,Uttar Pradesh,2024-06-27
113833,Rohan Kumar,Female,29,Bengaluru,Karnataka,2024-06-22
113834,Ananya Singh,Other,34,Jaipur,Rajasthan,2022-02-26
113835,Pooja Patel,Male,28,Delhi,Delhi,2024-10-17
113836,Sneha Reddy,Female,39,Surat,Gujarat,2022-03-31
113837,Aarav Iyer,Female,34,Ahmedabad,Gujarat,2024-05-22
113838,Neha Nair,Female,29,Hyderabad,Telangana,2022-04-01
113839,Raj Mishra,Male,18,Kolkata,West Bengal,2022-02-20
113840,Rahul Malhotra,Female,34,Mumbai,Maharashtra,2024-10-18
113841,Pooja Sharma,Male,29,Nagpur,Maharashtra,2023-07-12
113842,Neha Patel,Female,31,Noida,Uttar Pradesh,2024-02-12
113843,Isha Gupta,Male,21,Noida,Uttar Pradesh,2022-07-23
113844,Pooja Mehta,Male,45,Mumbai,Maharashtra,2023-07-24
113845,Sneha Malhotra,Male,40,Delhi,Delhi,2023-05-06
113846,Raj Verma,Male,45,Chennai,Tamil Nadu,2023-05-22
113847,Neha Malhotra,Female,42,Mumbai,Maharashtra,2024-06-30
113848,Pooja Mehta,Male,37,Noida,Uttar Pradesh,2022-03-06
113849,Isha Sharma,Female,22,Hyderabad,Telangana,2022-04-15
113850,Kavya Sharma,Male,49,Bengaluru,Karnataka,2023-07-23
113851,Kavya Iyer,Male,24,Delhi,Delhi,2022-06-12
113852,Pooja Agarwal,Female,30,Nagpur,Maharashtra,2024-09-26
113853,Raj Reddy,Other,38,Kochi,Kerala,2023-09-25
113854,Isha Patel,Male,39,Mumbai,Maharashtra,2023-08-05
113855,Kavya Kumar,Male,37,Bengaluru,Karnataka,2023-02-08
113856,Pooja Das,Female,28,Hyderabad,Telangana,2024-03-04
113857,Meera Patel,Male,27,Bengaluru,Karnataka,2024-06-15
113858,Priya Patel,Female,55,Chandigarh,Chandigarh,2022-06-18
113859,Aditya Joshi,Female,32,Lucknow,Uttar Pradesh,2024-02-21
113860,Karan Iyer,Male,31,Kochi,Kerala,2023-05-04
113861,Pooja Iyer,Male,26,Indore,Madhya Pradesh,2024-10-28
113862,Riya Das,Male,34,Ahmedabad,Gujarat,2024-07-27
113863,Raj Verma,Male,34,Lucknow,Uttar Pradesh,2024-06-13
113864,Sneha Agarwal,Female,32,Surat,Gujarat,2023-01-17
113865,Vikram Patel,Female,35,Jaipur,Rajasthan,2022-06-12
113866,Neha Joshi,Female,48,Mumbai,Maharashtra,2024-01-03
113867,Ananya Singh,Female,27,Jaipur,Rajasthan,2024-09-05
113868,Priya Nair,Male,32,Pune,Maharashtra,2024-09-30
113869,Meera Joshi,Female,26,Coimbatore,Tamil Nadu,2023-09-09
113870,Kavya Verma,Male,35,Pune,Maharashtra,2022-01-13
113871,Priya Patel,Female,27,Delhi,Delhi,2023-10-28
113872,Meera Joshi,Male,27,Bengaluru,Karnataka,2023-06-07
113873,Aarav Patel,Female,19,Patna,Bihar,2024-02-07
113874,Raj Kumar,Female,33,Kochi,Kerala,2024-10-24
113875,Aarav Iyer,Male,36,Lucknow,Uttar Pradesh,2024-06-14
113876,Pooja Gupta,Male,49,Delhi,Delhi,2024-05-28
113877,Riya Iyer,Female,36,Delhi,Delhi,2022-09-07
113878,Priya Mishra,Male,28,Pune,Maharashtra,2024-12-08
113879,Aarav Kumar,Female,20,Nagpur,Maharashtra,2022-11-02
113880,Rohan Verma,Female,21,Surat,Gujarat,2023-08-18
113881,Vivaan Gupta,Male,20,Chandigarh,Chandigarh,2024-10-19
113882,Priya Gupta,Male,49,Kolkata,West Bengal,2023-09-22
113883,Neha Sharma,Female,35,Surat,Gujarat,2022-05-18
113884,Priya Mehta,Male,27,Bengaluru,Karnataka,2023-07-16
113885,Raj Joshi,Male,23,Delhi,Delhi,2022-12-15
113886,Pooja Mishra,Female,24,Patna,Bihar,2024-09-28
113887,Vivaan Sharma,Female,27,Mumbai,Maharashtra,2024-11-02
113888,Kavya Gupta,Male,44,Lucknow,Uttar Pradesh,2024-01-11
113889,Aman Joshi,Male,32,Jaipur,Rajasthan,2023-04-24
113890,Aman Kumar,Female,19,Mumbai,Maharashtra,2022-05-11
113891,Riya Verma,Female,53,Mumbai,Maharashtra,2023-05-29
113892,Vikram Sharma,Female,22,Bengaluru,Karnataka,2022-08-11
113893,Kavya Mishra,Male,27,Ahmedabad,Gujarat,2024-10-27
113894,Kavya Malhotra,Female,44,Delhi,Delhi,2024-10-22
113895,Kavya Singh,Female,36,Hyderabad,Telangana,2024-08-20
113896,Vivaan Kumar,Female,28,Jaipur,Rajasthan,2022-12-21
113897,Isha Patel,Female,21,Mumbai,Maharashtra,2024-05-06
113898,Kavya Joshi,Male,23,Delhi,Delhi,2023-03-01
113899,Vikram Malhotra,Female,24,Hyderabad,Telangana,2023-06-13
113900,Pooja Nair,Male,32,Bengaluru,Karnataka,2022-12-19
113901,Isha Patel,Male,34,Jaipur,Rajasthan,2022-06-18
113902,Arjun Joshi,Female,31,Coimbatore,Tamil Nadu,2022-11-26
113903,Aditi Mehta,Female,32,Delhi,Delhi,2022-10-07
113904,Vikram Sharma,Female,23,Bhopal,Madhya Pradesh,2023-02-24
113905,Rahul Mishra,Female,35,Hyderabad,Telangana,2023-03-25
113906,Neha Iyer,Male,44,Jaipur,Rajasthan,2024-12-09
113907,Aditi Mishra,Female,31,Surat,Gujarat,2022-11-23
113908,Aarav Sharma,Male,30,Chennai,Tamil Nadu,2022-09-09
113909,Aarav Singh,Female,33,Delhi,Delhi,2023-10-06
113910,Vivaan Reddy,Male,42,Mumbai,Maharashtra,2022-02-18
113911,Aditi Nair,Female,24,Noida,Uttar Pradesh,2022-01-30
113912,Priya Iyer,Male,45,Mumbai,Maharashtra,2024-08-02
113913,Priya Verma,Female,36,Chennai,Tamil Nadu,2022-09-09
113914,Meera Mishra,Female,32,Hyderabad,Telangana,2023-03-10
113915,Pooja Kumar,Male,43,Bengaluru,Karnataka,2022-10-11
113916,Karan Sharma,Female,21,Noida,Uttar Pradesh,2022-01-14
113917,Aditi Mehta,Female,37,Ahmedabad,Gujarat,2023-08-16
113918,Raj Verma,Female,36,Jaipur,Rajasthan,2023-07-14
113919,Kavya Patel,Female,24,Hyderabad,Telangana,2024-11-13
113920,Meera Singh,Male,36,Mumbai,Maharashtra,2023-06-14
113921,Neha Joshi,Male,35,Pune,Maharashtra,2023-12-21
113922,Raj Mehta,Male,30,Gurugram,Haryana,2024-05-09
113923,Neha Malhotra,Male,40,Chennai,Tamil Nadu,2024-07-17
113924,Vivaan Joshi,Male,27,Coimbatore,Tamil Nadu,2024-09-16
113925,Isha Mishra,Female,34,Delhi,Delhi,2022-05-26
113926,Aarav Reddy,Male,31,Nagpur,Maharashtra,2024-01-15
113927,Arjun Joshi,Male,26,Lucknow,Uttar Pradesh,2023-06-29
113928,Isha Gupta,Male,37,Gurugram,Haryana,2022-08-15
113929,Sneha Mishra,Female,30,Bengaluru,Karnataka,2024-08-09
113930,Vivaan Sharma,Female,19,Pune,Maharashtra,2024-02-17
113931,Arjun Reddy,Male,18,Noida,Uttar Pradesh,2024-03-10
113932,Karan Mehta,Female,39,Ahmedabad,Gujarat,2022-01-15
113933,Aditi Mishra,Male,21,Bengaluru,Karnataka,2023-08-31
113934,Arjun Sharma,Other,35,Bengaluru,Karnataka,2023-10-09
113935,Vikram Patel,Female,32,Jaipur,Rajasthan,2024-05-05
113936,Raj Patel,Male,29,Chandigarh,Chandigarh,2023-04-18
113937,Aman Gupta,Female,50,Hyderabad,Telangana,2022-06-23
113938,Pooja Malhotra,Female,34,Bengaluru,Karnataka,2022-07-22
113939,Vivaan Mehta,Male,39,Indore,Madhya Pradesh,2024-04-03
113940,Isha Patel,Female,35,Jaipur,Rajasthan,2023-09-28
113941,Ananya Mehta,Male,30,Hyderabad,Telangana,2024-01-29
113942,Kavya Mishra,Male,32,Delhi,Delhi,2024-06-20
113943,Priya Das,Male,45,Lucknow,Uttar Pradesh,2024-03-31
113944,Aditi Gupta,Male,42,Bengaluru,Karnataka,2024-10-03
113945,Raj Sharma,Male,50,Delhi,Delhi,2024-07-10
113946,Priya Gupta,Female,34,Kolkata,West Bengal,2024-03-29
113947,Rahul Verma,Male,24,Bengaluru,Karnataka,2024-02-02
113948,Ananya Mishra,Male,28,Bengaluru,Karnataka,2024-08-28
113949,Aditi Malhotra,Female,21,Pune,Maharashtra,2024-06-05
113950,Pooja Mehta,Female,39,Lucknow,Uttar Pradesh,2024-02-28
113951,Isha Gupta,Other,27,Bengaluru,Karnataka,2024-03-31
113952,Ananya Mishra,Female,18,Delhi,Delhi,2023-05-31
113953,Sneha Iyer,Female,54,Hyderabad,Telangana,2024-09-11
113954,Rohan Gupta,Female,27,Delhi,Delhi,2024-03-18
113955,Rohan Verma,Female,27,Lucknow,Uttar Pradesh,2022-04-06
113956,Pooja Sharma,Female,47,Kochi,Kerala,2023-12-24
113957,Ananya Singh,Male,21,Jaipur,Rajasthan,2022-09-15
113958,Karan Mishra,Male,42,Bengaluru,Karnataka,2022-01-18
113959,Raj Agarwal,Female,27,Mumbai,Maharashtra,2024-10-21
113960,Aarav Patel,Male,20,Mumbai,Maharashtra,2023-12-02
113961,Isha Patel,Male,47,Mumbai,Maharashtra,2022-10-14
113962,Isha Mishra,Female,40,Bengaluru,Karnataka,2024-06-11
113963,Priya Patel,Female,40,Delhi,Delhi,2023-09-29
113964,Kavya Patel,Male,35,Bhopal,Madhya Pradesh,2023-11-06
113965,Ananya Kumar,Female,37,Indore,Madhya Pradesh,2023-10-19
113966,Pooja Singh,Female,21,Kolkata,West Bengal,2023-01-14
113967,Pooja Mehta,Female,33,Delhi,Delhi,2022-05-25
113968,Ananya Gupta,Female,24,Noida,Uttar Pradesh,2024-10-02
113969,Arjun Das,Female,19,Delhi,Delhi,2024-01-15
113970,Vikram Joshi,Female,36,Delhi,Delhi,2022-05-08
113971,Vikram Kumar,Male,42,Bengaluru,Karnataka,2023-08-12
113972,Aarav Agarwal,Female,29,Hyderabad,Telangana,2024-11-29
113973,Aditya Gupta,Female,30,Bengaluru,Karnataka,2024-10-10
113974,Raj Kumar,Female,22,Mumbai,Maharashtra,2024-12-19
113975,Aditi Singh,Female,32,Delhi,Delhi,2022-10-03
113976,Arjun Gupta,Male,39,Surat,Gujarat,2024-10-23
113977,Pooja Sharma,Female,39,Bengaluru,Karnataka,2024-09-25
113978,Aarav Nair,Male,37,Mumbai,Maharashtra,2022-10-22
113979,Vikram Mehta,Male,26,Pune,Maharashtra,2024-08-16
113980,Rahul Reddy,Male,26,Delhi,Delhi,2024-01-09
113981,Rohan Verma,Male,39,Kolkata,West Bengal,2023-09-05
113982,Aditya Mishra,Female,39,Mumbai,Maharashtra,2023-07-19
113983,Isha Singh,Male,30,Kolkata,West Bengal,2022-10-18
113984,Rahul Reddy,Male,28,Kolkata,West Bengal,2022-12-08
113985,Neha Agarwal,Female,43,Gurugram,Haryana,2022-01-11
113986,Rohan Mehta,Male,29,Mumbai,Maharashtra,2024-06-01
113987,Aman Joshi,Male,39,Pune,Maharashtra,2022-06-07
113988,Kavya Nair,Male,31,Kochi,Kerala,2024-01-11
113989,Vikram Malhotra,Male,23,Lucknow,Uttar Pradesh,2022-03-25
113990,Aditi Joshi,Male,47,Coimbatore,Tamil Nadu,2024-04-28
113991,Ananya Nair,Male,33,Patna,Bihar,2022-12-15
113992,Ananya Joshi,Female,26,Kolkata,West Bengal,2024-08-15
113993,Ananya Gupta,Male,19,Bengaluru,Karnataka,2023-04-21
113994,Rohan Malhotra,Male,20,Ahmedabad,Gujarat,2024-12-13
113995,Raj Gupta,Female,29,Lucknow,Uttar Pradesh,2024-06-03
113996,Aditi Gupta,Male,49,Chennai,Tamil Nadu,2023-07-19
113997,Ananya Verma,Female,27,Lucknow,Uttar Pradesh,2022-03-13
113998,Priya Verma,Female,45,Kolkata,West Bengal,2022-05-07
113999,Riya Kumar,Male,31,Pune,Maharashtra,2024-02-18
114000,Isha Kumar,Female,21,Hyderabad,Telangana,2024-09-07
114001,Pooja Verma,Male,28,Delhi,Delhi,2022-10-14
114002,Neha Verma,Male,20,Surat,Gujarat,2023-09-18
114003,Vivaan Kumar,Female,24,Surat,Gujarat,2024-04-29
114004,Vivaan Joshi,Male,24,Kolkata,West Bengal,2024-06-03
114005,Vivaan Kumar,Female,18,Bengaluru,Karnataka,2023-02-19
114006,Raj Malhotra,Female,46,Delhi,Delhi,2022-03-18
114007,Aditya Patel,Male,34,Delhi,Delhi,2023-05-19
114008,Neha Agarwal,Female,26,Delhi,Delhi,2022-11-29
114009,Raj Patel,Female,34,Bengaluru,Karnataka,2022-06-29
114010,Isha Singh,Other,24,Mumbai,Maharashtra,2023-06-11
114011,Aditi Reddy,Female,18,Bengaluru,Karnataka,2023-05-22
114012,Karan Kumar,Female,59,Lucknow,Uttar Pradesh,2022-04-24
114013,Rahul Patel,Male,34,Kochi,Kerala,2023-02-02
114014,Neha Das,Female,27,Mumbai,Maharashtra,2022-07-02
114015,Riya Nair,Male,18,Pune,Maharashtra,2023-01-24
114016,Raj Verma,Male,19,Nagpur,Maharashtra,2023-05-05
114017,Neha Verma,Female,47,Chandigarh,Chandigarh,2023-05-11
114018,Aditi Malhotra,Male,46,Bengaluru,Karnataka,2022-02-10
114019,Raj Nair,Female,39,Bengaluru,Karnataka,2022-06-11
114020,Meera Agarwal,Male,22,Mumbai,Maharashtra,2022-08-11
114021,Karan Patel,Female,46,Mumbai,Maharashtra,2022-08-18
114022,Raj Das,Male,36,Pune,Maharashtra,2024-11-07
114023,Pooja Singh,Male,38,Bengaluru,Karnataka,2023-06-23
114024,Vivaan Kumar,Male,36,Ahmedabad,Gujarat,2022-02-13
114025,Vikram Agarwal,Female,18,Mumbai,Maharashtra,2024-03-31
114026,Riya Joshi,Male,21,Ahmedabad,Gujarat,2023-12-26
114027,Aarav Singh,Female,27,Bengaluru,Karnataka,2023-05-31
114028,Karan Verma,Male,38,Kolkata,West Bengal,2024-10-24
114029,Riya Singh,Male,20,Kolkata,West Bengal,2024-12-25
114030,Sneha Verma,Male,30,Jaipur,Rajasthan,2023-10-25
114031,Aditya Nair,Male,30,Mumbai,Maharashtra,2023-12-04
114032,Karan Singh,Female,39,Bengaluru,Karnataka,2024-12-07
114033,Riya Mishra,Female,38,Mumbai,Maharashtra,2024-10-17
114034,Pooja Gupta,Male,23,Chennai,Tamil Nadu,2023-10-17
114035,Sneha Mishra,Female,45,Delhi,Delhi,2024-01-31
114036,Vivaan Joshi,Female,22,Pune,Maharashtra,2022-10-01
114037,Isha Joshi,Male,42,Delhi,Delhi,2023-08-16
114038,Kavya Mishra,Male,27,Bengaluru,Karnataka,2023-12-30
114039,Rohan Iyer,Female,33,Jaipur,Rajasthan,2022-11-11
114040,Kavya Verma,Male,34,Hyderabad,Telangana,2024-03-15
114041,Aditi Iyer,Male,34,Bengaluru,Karnataka,2022-08-02
114042,Rohan Agarwal,Male,38,Kolkata,West Bengal,2023-12-05
114043,Kavya Agarwal,Female,36,Ahmedabad,Gujarat,2022-06-03
114044,Karan Sharma,Male,39,Bengaluru,Karnataka,2023-07-21
114045,Raj Das,Male,36,Bengaluru,Karnataka,2023-01-30
114046,Kavya Mehta,Male,21,Kolkata,West Bengal,2024-04-23
114047,Rohan Kumar,Male,34,Coimbatore,Tamil Nadu,2024-07-25
114048,Aditya Kumar,Male,27,Mumbai,Maharashtra,2023-06-03
114049,Rohan Verma,Female,22,Jaipur,Rajasthan,2023-12-11
114050,Neha Nair,Male,29,Bhopal,Madhya Pradesh,2024-07-20
114051,Raj Mehta,Female,34,Pune,Maharashtra,2024-12-07
114052,Ananya Das,Male,34,Bengaluru,Karnataka,2023-03-09
114053,Karan Mishra,Female,42,Jaipur,Rajasthan,2023-10-12
114054,Ananya Nair,Female,44,Delhi,Delhi,2022-05-30
114055,Vikram Agarwal,Male,35,Bengaluru,Karnataka,2024-07-16
114056,Riya Sharma,Female,37,Bengaluru,Karnataka,2023-02-14
114057,Arjun Joshi,Female,33,Mumbai,Maharashtra,2024-10-24
114058,Meera Das,Female,39,Mumbai,Maharashtra,2024-07-23
114059,Arjun Kumar,Male,36,Ahmedabad,Gujarat,2022-07-02
114060,Sneha Reddy,Other,32,Kochi,Kerala,2023-05-10
114061,Isha Singh,Female,51,Hyderabad,Telangana,2023-11-04
114062,Raj Patel,Female,27,Delhi,Delhi,2023-12-16
114063,Priya Agarwal,Female,45,Lucknow,Uttar Pradesh,2024-03-24
114064,Aditya Nair,Male,20,Chennai,Tamil Nadu,2024-05-18
114065,Isha Agarwal,Female,39,Lucknow,Uttar Pradesh,2024-06-03
114066,Priya Mishra,Female,45,Jaipur,Rajasthan,2023-05-22
114067,Rohan Malhotra,Female,18,Bhopal,Madhya Pradesh,2023-02-21
114068,Priya Malhotra,Male,33,Mumbai,Maharashtra,2023-12-29
114069,Aditya Patel,Female,38,Mumbai,Maharashtra,2024-06-14
114070,Vikram Singh,Male,34,Bengaluru,Karnataka,2023-05-28
114071,Priya Gupta,Female,35,Pune,Maharashtra,2022-05-20
114072,Meera Malhotra,Male,33,Patna,Bihar,2024-08-08
114073,Meera Patel,Male,22,Bhopal,Madhya Pradesh,2024-12-29
114074,Priya Reddy,Female,53,Indore,Madhya Pradesh,2022-10-16
114075,Sneha Patel,Male,27,Mumbai,Maharashtra,2023-11-01
114076,Ananya Sharma,Female,36,Lucknow,Uttar Pradesh,2024-03-03
114077,Pooja Malhotra,Female,26,Hyderabad,Telangana,2022-04-05
114078,Meera Malhotra,Male,18,Chandigarh,Chandigarh,2022-09-09
114079,Aarav Nair,Male,24,Mumbai,Maharashtra,2022-08-16
114080,Vivaan Verma,Female,19,Mumbai,Maharashtra,2024-06-04
114081,Vivaan Joshi,Male,42,Gurugram,Haryana,2022-09-22
114082,Pooja Joshi,Female,27,Lucknow,Uttar Pradesh,2023-06-25
114083,Ananya Agarwal,Female,27,Gurugram,Haryana,2024-05-19
114084,Vikram Malhotra,Male,22,Mumbai,Maharashtra,2023-09-20
114085,Aarav Joshi,Male,33,Indore,Madhya Pradesh,2024-08-21
114086,Vikram Das,Male,26,Jaipur,Rajasthan,2024-05-12
114087,Ananya Gupta,Female,41,Jaipur,Rajasthan,2022-12-11
114088,Arjun Nair,Male,35,Chennai,Tamil Nadu,2023-02-06
114089,Aditya Joshi,Male,27,Ahmedabad,Gujarat,2024-03-16
114090,Pooja Mehta,Female,40,Hyderabad,Telangana,2023-08-05
114091,Riya Patel,Female,32,Mumbai,Maharashtra,2022-10-09
114092,Raj Gupta,Male,32,Chennai,Tamil Nadu,2024-06-02
114093,Raj Mehta,Male,19,Ahmedabad,Gujarat,2024-12-11
114094,Aman Nair,Female,31,Mumbai,Maharashtra,2024-01-12
114095,Riya Iyer,Female,35,Mumbai,Maharashtra,2022-08-28
114096,Riya Patel,Female,44,Lucknow,Uttar Pradesh,2024-09-20
114097,Pooja Iyer,Female,25,Bengaluru,Karnataka,2024-07-26
114098,Pooja Nair,Female,53,Mumbai,Maharashtra,2023-01-27
114099,Neha Malhotra,Female,37,Indore,Madhya Pradesh,2024-06-08
114100,Aditi Agarwal,Female,18,Mumbai,Maharashtra,2024-09-12
114101,Rohan Joshi,Female,24,Bengaluru,Karnataka,2022-04-10
114102,Aditi Das,Female,45,Hyderabad,Telangana,2022-07-05
114103,Isha Kumar,Male,43,Pune,Maharashtra,2022-01-09
114104,Meera Kumar,Male,32,Bengaluru,Karnataka,2022-09-26
114105,Riya Gupta,Female,33,Bhopal,Madhya Pradesh,2024-10-09
114106,Riya Nair,Male,22,Jaipur,Rajasthan,2022-06-07
114107,Arjun Das,Female,44,Bengaluru,Karnataka,2022-04-30
114108,Meera Sharma,Male,23,Bengaluru,Karnataka,2023-10-03
114109,Rohan Gupta,Female,40,Pune,Maharashtra,2022-09-18
114110,Aditya Agarwal,Male,44,Delhi,Delhi,2022-01-19
114111,Meera Agarwal,Female,32,Patna,Bihar,2023-01-20
114112,Kavya Malhotra,Female,41,Mumbai,Maharashtra,2024-07-19
114113,Aditya Das,Male,49,Lucknow,Uttar Pradesh,2022-11-22
114114,Rahul Patel,Female,34,Noida,Uttar Pradesh,2022-07-26
114115,Riya Joshi,Male,30,Gurugram,Haryana,2022-09-21
114116,Karan Reddy,Male,31,Mumbai,Maharashtra,2022-09-12
114117,Pooja Mishra,Male,25,Chennai,Tamil Nadu,2024-01-19
114118,Neha Mishra,Male,25,Delhi,Delhi,2022-06-04
114119,Aditya Agarwal,Other,36,Noida,Uttar Pradesh,2022-03-26
114120,Aarav Mishra,Male,31,Pune,Maharashtra,2023-07-16
114121,Ananya Iyer,Female,35,Mumbai,Maharashtra,2023-12-22
114122,Meera Joshi,Male,19,Lucknow,Uttar Pradesh,2024-02-23
114123,Raj Mishra,Female,31,Bengaluru,Karnataka,2022-12-18
114124,Aman Mishra,Male,41,Delhi,Delhi,2023-09-17
114125,Ananya Iyer,Female,22,Pune,Maharashtra,2023-07-09
114126,Arjun Iyer,Female,32,Mumbai,Maharashtra,2024-05-04
114127,Aman Iyer,Female,18,Kochi,Kerala,2023-01-10
114128,Karan Mehta,Male,20,Bengaluru,Karnataka,2022-11-05
114129,Isha Iyer,Female,39,Chennai,Tamil Nadu,2022-03-15
114130,Rohan Joshi,Male,29,Kochi,Kerala,2022-07-12
114131,Priya Joshi,Male,48,Hyderabad,Telangana,2024-03-11
114132,Arjun Verma,Male,36,Bengaluru,Karnataka,2023-11-21
114133,Rohan Nair,Male,37,Mumbai,Maharashtra,2024-05-20
114134,Karan Reddy,Male,22,Chandigarh,Chandigarh,2024-04-15
114135,Aarav Singh,Female,29,Noida,Uttar Pradesh,2023-03-21
114136,Riya Joshi,Male,25,Mumbai,Maharashtra,2023-04-28
114137,Ananya Iyer,Male,22,Bengaluru,Karnataka,2023-03-11
114138,Sneha Das,Male,38,Patna,Bihar,2023-12-24
114139,Kavya Verma,Female,40,Chennai,Tamil Nadu,2022-03-16
114140,Aditya Malhotra,Female,36,Chennai,Tamil Nadu,2024-12-04
114141,Vikram Malhotra,Male,25,Jaipur,Rajasthan,2022-11-15
114142,Isha Das,Female,35,Ahmedabad,Gujarat,2023-08-13
114143,Kavya Verma,Female,18,Chandigarh,Chandigarh,2023-01-22
114144,Aman Mishra,Male,44,Noida,Uttar Pradesh,2022-09-27
114145,Ananya Malhotra,Female,20,Chandigarh,Chandigarh,2024-02-24
114146,Aarav Mishra,Female,22,Gurugram,Haryana,2022-09-20
114147,Aarav Nair,Female,33,Delhi,Delhi,2023-10-24
114148,Pooja Reddy,Male,34,Delhi,Delhi,2023-05-08
114149,Meera Reddy,Male,31,Indore,Madhya Pradesh,2022-07-07
114150,Rohan Das,Male,22,Delhi,Delhi,2023-07-21
114151,Arjun Agarwal,Female,42,Noida,Uttar Pradesh,2022-01-30
114152,Neha Malhotra,Female,18,Surat,Gujarat,2023-04-27
114153,Vivaan Kumar,Male,19,Hyderabad,Telangana,2022-04-20
114154,Ananya Gupta,Male,31,Bengaluru,Karnataka,2024-10-09
114155,Kavya Das,Female,21,Mumbai,Maharashtra,2023-10-05
114156,Sneha Mishra,Female,43,Delhi,Delhi,2023-10-04
114157,Sneha Malhotra,Female,21,Ahmedabad,Gujarat,2024-12-15
114158,Karan Singh,Female,46,Delhi,Delhi,2023-08-05
114159,Aditi Verma,Female,41,Chandigarh,Chandigarh,2022-05-15
114160,Ananya Nair,Male,43,Bengaluru,Karnataka,2023-07-15
114161,Riya Joshi,Male,49,Noida,Uttar Pradesh,2022-11-23
114162,Aarav Iyer,Male,33,Delhi,Delhi,2022-05-06
114163,Neha Nair,Female,23,Chennai,Tamil Nadu,2022-10-17
114164,Aarav Iyer,Male,31,Bengaluru,Karnataka,2023-08-03
114165,Ananya Singh,Female,27,Delhi,Delhi,2024-12-19
114166,Rahul Reddy,Male,26,Jaipur,Rajasthan,2023-09-02
114167,Priya Sharma,Male,33,Chandigarh,Chandigarh,2023-01-24
114168,Arjun Verma,Female,29,Delhi,Delhi,2023-12-11
114169,Meera Singh,Male,25,Bengaluru,Karnataka,2022-04-11
114170,Meera Verma,Male,30,Lucknow,Uttar Pradesh,2024-09-26
114171,Aarav Singh,Female,37,Indore,Madhya Pradesh,2023-07-28
114172,Kavya Gupta,Male,41,Mumbai,Maharashtra,2024-01-26
114173,Meera Agarwal,Female,18,Delhi,Delhi,2022-01-30
114174,Raj Gupta,Female,29,Delhi,Delhi,2023-03-11
114175,Ananya Kumar,Female,31,Mumbai,Maharashtra,2023-05-21
114176,Arjun Singh,Female,21,Delhi,Delhi,2023-01-13
114177,Sneha Sharma,Male,31,Bengaluru,Karnataka,2024-11-21
114178,Meera Sharma,Female,33,Hyderabad,Telangana,2022-04-21
114179,Riya Kumar,Male,37,Pune,Maharashtra,2024-08-11
114180,Kavya Iyer,Male,33,Mumbai,Maharashtra,2022-02-20
114181,Arjun Das,Male,24,Pune,Maharashtra,2022-10-14
114182,Riya Nair,Male,50,Delhi,Delhi,2023-06-27
114183,Arjun Sharma,Female,39,,,2023-07-07
114184,Raj Kumar,Male,37,Hyderabad,Telangana,2022-01-09
114185,Vivaan Mishra,Female,41,Delhi,Delhi,2023-09-12
114186,Rahul Patel,Male,34,Gurugram,Haryana,2023-02-19
114187,Karan Nair,Male,44,Mumbai,Maharashtra,2022-06-26
114188,Neha Singh,Female,33,Ahmedabad,Gujarat,2022-02-19
114189,Priya Verma,Male,32,Pune,Maharashtra,2022-01-25
114190,Ananya Mishra,Female,38,Pune,Maharashtra,2024-08-16
114191,Riya Agarwal,Male,46,Jaipur,Rajasthan,2024-09-18
114192,Karan Mehta,Male,46,Delhi,Delhi,2022-07-17
114193,Priya Gupta,Male,37,Delhi,Delhi,2022-12-23
114194,Neha Verma,Female,37,Bengaluru,Karnataka,2023-04-28
114195,Karan Nair,Male,38,Hyderabad,Telangana,2023-11-04
114196,Aditi Joshi,Male,41,Hyderabad,Telangana,2023-05-10
114197,Pooja Mehta,Male,44,Jaipur,Rajasthan,2022-09-22
114198,Meera Singh,Female,30,Delhi,Delhi,2024-09-28
114199,Karan Kumar,Female,44,Kochi,Kerala,2024-08-30
114200,Vikram Iyer,Female,35,Mumbai,Maharashtra,2023-03-28
114201,Pooja Sharma,Male,38,Mumbai,Maharashtra,2024-09-29
114202,Aarav Reddy,Female,44,Bhopal,Madhya Pradesh,2024-06-12
114203,Ananya Joshi,Female,39,Delhi,Delhi,2023-12-28
114204,Ananya Das,Female,40,Nagpur,Maharashtra,2023-12-04
114205,Sneha Verma,Female,28,Delhi,Delhi,2023-06-11
114206,Aditi Reddy,Female,45,Delhi,Delhi,2024-06-21
114207,Raj Agarwal,Male,38,Mumbai,Maharashtra,2024-03-25
114208,Vikram Verma,Female,33,Hyderabad,Telangana,2022-05-13
114209,Ananya Das,Female,42,Pune,Maharashtra,2024-06-15
114210,Priya Das,Male,55,Delhi,Delhi,2022-09-18
114211,Priya Singh,Male,21,Delhi,Delhi,2024-06-27
114212,Meera Agarwal,Female,25,Delhi,Delhi,2024-01-02
114213,Meera Gupta,Male,56,Bengaluru,Karnataka,2024-09-01
114214,Aditi Kumar,Female,36,Patna,Bihar,2023-04-07
114215,Arjun Verma,Male,34,Hyderabad,Telangana,2023-11-23
114216,Priya Patel,Male,31,Ahmedabad,Gujarat,2023-10-19
114217,Vikram Mehta,Male,43,Mumbai,Maharashtra,2023-09-27
114218,Pooja Sharma,Male,56,Delhi,Delhi,2022-08-07
114219,Rahul Das,Male,26,Chennai,Tamil Nadu,2023-08-14
114220,Riya Mishra,Male,31,Gurugram,Haryana,2024-08-16
114221,Vikram Agarwal,Female,29,Bhopal,Madhya Pradesh,2022-07-19
114222,Isha Gupta,Other,39,Chennai,Tamil Nadu,2023-01-04
114223,Neha Sharma,Male,43,Bengaluru,Karnataka,2024-03-08
114224,Rohan Joshi,Female,47,Delhi,Delhi,2024-04-12
114225,Pooja Mehta,Female,39,Jaipur,Rajasthan,2024-05-26
114226,Priya Mehta,Female,55,Bengaluru,Karnataka,2022-08-05
114227,Aarav Kumar,Female,27,Surat,Gujarat,2023-11-27
114228,Vikram Patel,Male,24,Kolkata,West Bengal,2023-05-21
114229,Rohan Joshi,Male,45,Surat,Gujarat,2023-03-21
114230,Aditya Mehta,Male,33,Chennai,Tamil Nadu,2022-09-19
114231,Aman Patel,Male,20,Ahmedabad,Gujarat,2023-06-30
114232,Aditya Das,Female,29,Bengaluru,Karnataka,2023-01-03
114233,Sneha Verma,Male,34,Pune,Maharashtra,2024-08-05
114234,Vivaan Mishra,Female,26,Delhi,Delhi,2022-04-15
114235,Arjun Malhotra,Female,23,Kolkata,West Bengal,2022-10-12
114236,Neha Kumar,Female,30,Chennai,Tamil Nadu,2022-05-22
114237,Karan Kumar,Female,22,Ahmedabad,Gujarat,2023-12-10
114238,Kavya Das,Male,38,Lucknow,Uttar Pradesh,2022-05-01
114239,Raj Mehta,Female,18,Kolkata,West Bengal,2022-07-21
114240,Aman Sharma,Male,33,Delhi,Delhi,2023-03-02
114241,Aditi Verma,Female,37,Bhopal,Madhya Pradesh,2023-06-06
114242,Vivaan Singh,Female,31,Delhi,Delhi,2023-04-01
114243,Kavya Joshi,Female,42,Noida,Uttar Pradesh,2023-05-27
114244,Aarav Gupta,Male,20,Pune,Maharashtra,2022-04-14
114245,Isha Singh,Female,26,Gurugram,Haryana,2024-06-13
114246,Aarav Patel,Male,29,Pune,Maharashtra,2022-11-19
114247,Rahul Agarwal,Male,38,Jaipur,Rajasthan,2024-08-25
114248,Sneha Singh,Female,34,Bengaluru,Karnataka,2023-11-08
114249,Sneha Gupta,Male,51,Ahmedabad,Gujarat,2024-10-29
114250,Riya Das,Other,25,Bengaluru,Karnataka,2023-01-06
114251,Arjun Patel,Male,19,Lucknow,Uttar Pradesh,2023-08-13
114252,Aman Reddy,Female,48,Mumbai,Maharashtra,2024-07-03
114253,Aman Agarwal,Male,19,Lucknow,Uttar Pradesh,2024-08-27
114254,Arjun Joshi,Female,38,Bengaluru,Karnataka,2023-01-22
114255,Meera Singh,Female,23,Bengaluru,Karnataka,2023-03-17
114256,Meera Kumar,Female,18,Gurugram,Haryana,2022-05-24
114257,Karan Mishra,Male,29,Gurugram,Haryana,2022-09-27
114258,Aarav Malhotra,Female,40,Lucknow,Uttar Pradesh,2022-03-30
114259,Sneha Malhotra,Male,21,Patna,Bihar,2023-03-29
114260,Vivaan Mehta,Male,37,Mumbai,Maharashtra,2024-07-10
114261,Isha Mehta,Male,39,Bengaluru,Karnataka,2022-08-18
114262,Aman Nair,Female,21,Bengaluru,Karnataka,2022-08-13
114263,Pooja Reddy,Male,30,Bengaluru,Karnataka,2022-10-31
114264,Aarav Malhotra,Female,46,Bengaluru,Karnataka,2024-06-23
114265,Rohan Gupta,Female,38,Lucknow,Uttar Pradesh,2023-12-11
114266,Riya Joshi,Male,30,Bengaluru,Karnataka,2023-05-12
114267,Aman Malhotra,Female,36,Bengaluru,Karnataka,2024-01-13
114268,Riya Agarwal,Male,26,Chennai,Tamil Nadu,2023-10-08
114269,Aman Das,Female,42,Mumbai,Maharashtra,2024-08-04
114270,Ananya Iyer,Male,42,Bengaluru,Karnataka,2022-06-29
114271,Aditi Verma,Female,33,Delhi,Delhi,2023-08-13
114272,Vikram Das,Male,34,Kochi,Kerala,2023-01-06
114273,Ananya Joshi,Male,23,Bengaluru,Karnataka,2022-06-22
114274,Neha Gupta,Male,20,Surat,Gujarat,2022-07-03
114275,Isha Verma,Male,29,Chennai,Tamil Nadu,2024-05-13
114276,Neha Patel,Male,31,Mumbai,Maharashtra,2023-01-18
114277,Karan Sharma,Male,42,Mumbai,Maharashtra,2022-12-30
114278,Sneha Iyer,Male,40,Lucknow,Uttar Pradesh,2022-03-10
114279,Kavya Joshi,Female,34,Kochi,Kerala,2024-03-12
114280,Arjun Iyer,Female,43,Mumbai,Maharashtra,2023-10-29
114281,Arjun Iyer,Female,24,Delhi,Delhi,2022-07-01
114282,Priya Das,Female,42,Hyderabad,Telangana,2022-04-04
114283,Aman Iyer,Female,25,Hyderabad,Telangana,2022-01-08
114284,Vivaan Singh,Female,43,Noida,Uttar Pradesh,2023-07-20
114285,Raj Singh,Male,32,Pune,Maharashtra,2023-05-30
114286,Meera Joshi,Female,18,Delhi,Delhi,2023-01-24
114287,Riya Mishra,Male,39,Patna,Bihar,2024-03-17
114288,Aditya Joshi,Female,39,Hyderabad,Telangana,2023-05-30
114289,Isha Singh,Female,28,Jaipur,Rajasthan,2023-03-18
114290,Kavya Agarwal,Male,29,Jaipur,Rajasthan,2024-03-14
114291,Neha Reddy,Female,31,Delhi,Delhi,2023-07-01
114292,Aditi Joshi,Male,18,Delhi,Delhi,2023-08-18
114293,Vikram Nair,Male,18,Delhi,Delhi,2023-05-30
114294,Vikram Singh,Male,44,Kochi,Kerala,2023-03-07
114295,Priya Patel,Female,25,Noida,Uttar Pradesh,2022-11-25
114296,Isha Agarwal,Female,49,Mumbai,Maharashtra,2024-05-06
114297,Aarav Das,Female,44,Kolkata,West Bengal,2022-07-10
114298,Aman Verma,Male,46,Kolkata,West Bengal,2023-06-02
114299,Vikram Nair,Female,26,Delhi,Delhi,2022-10-29
114300,Aarav Malhotra,Female,18,Hyderabad,Telangana,2022-11-17
114301,Aarav Malhotra,Male,22,Lucknow,Uttar Pradesh,2022-01-16
114302,Arjun Kumar,Female,28,Mumbai,Maharashtra,2022-04-26
114303,Karan Joshi,Male,18,Surat,Gujarat,2024-08-07
114304,Sneha Sharma,Male,28,Jaipur,Rajasthan,2022-11-04
114305,Rohan Joshi,Male,30,Delhi,Delhi,2022-12-05
114306,Rahul Mehta,Female,20,Surat,Gujarat,2024-06-23
114307,Rahul Kumar,Male,23,Delhi,Delhi,2024-03-26
114308,Aman Iyer,Male,30,Indore,Madhya Pradesh,2024-10-21
114309,Rohan Sharma,Male,35,Bengaluru,Karnataka,2023-05-05
114310,Aman Verma,Male,24,Lucknow,Uttar Pradesh,2023-10-16
114311,Rohan Das,Male,35,Noida,Uttar Pradesh,2022-11-18
114312,Vikram Mishra,Male,33,Bengaluru,Karnataka,2024-08-03
114313,Aditya Malhotra,Female,32,Bengaluru,Karnataka,2024-11-07
114314,Vivaan Nair,Male,26,Pune,Maharashtra,2022-04-07
114315,Aditi Agarwal,Female,20,Chennai,Tamil Nadu,2024-11-04
114316,Neha Gupta,Female,47,Bengaluru,Karnataka,2024-07-02
114317,Aarav Patel,Male,38,Nagpur,Maharashtra,2023-10-17
114318,Aman Verma,Male,41,Ahmedabad,Gujarat,2024-09-14
114319,Aarav Sharma,Female,31,Bengaluru,Karnataka,2022-08-06
114320,Isha Nair,Male,31,Kolkata,West Bengal,2022-04-26
114321,Meera Das,Male,36,Hyderabad,Telangana,2023-03-24
114322,Aman Verma,Male,18,Surat,Gujarat,2023-01-21
114323,Meera Singh,Female,22,Bengaluru,Karnataka,2024-02-02
114324,Rohan Patel,Female,25,Mumbai,Maharashtra,2023-03-23
114325,Aditi Iyer,Other,28,Delhi,Delhi,2022-03-22
114326,Vikram Das,Female,24,Nagpur,Maharashtra,2022-01-30
114327,Kavya Reddy,Male,35,Bengaluru,Karnataka,2022-03-31
114328,Aditya Sharma,Male,33,Mumbai,Maharashtra,2022-03-30
114329,Pooja Agarwal,Male,45,Pune,Maharashtra,2022-05-03
114330,Pooja Patel,Male,54,Bengaluru,Karnataka,2024-05-16
114331,Arjun Reddy,Male,21,Mumbai,Maharashtra,2023-03-10
114332,Rahul Gupta,Male,33,Kolkata,West Bengal,2022-10-15
114333,Aman Joshi,Male,33,Delhi,Delhi,2023-12-02
114334,Neha Sharma,Male,32,Pune,Maharashtra,2024-11-19
114335,Meera Nair,Male,22,Hyderabad,Telangana,2024-05-18
114336,Kavya Agarwal,Female,24,Chennai,Tamil Nadu,2024-09-01
114337,Rahul Nair,Female,34,Bengaluru,Karnataka,2024-07-02
114338,Priya Patel,Other,23,Chennai,Tamil Nadu,2023-11-09
114339,Meera Mehta,Male,33,Delhi,Delhi,2023-08-04
114340,Karan Gupta,Male,30,Hyderabad,Telangana,2024-04-04
114341,Rohan Kumar,Male,33,Mumbai,Maharashtra,2024-01-28
114342,Aditya Agarwal,Male,23,Hyderabad,Telangana,2024-04-26
114343,Raj Iyer,Male,33,Hyderabad,Telangana,2022-09-04
114344,Rahul Gupta,Female,24,Kolkata,West Bengal,2024-09-08
114345,Raj Sharma,Other,33,Kolkata,West Bengal,2022-12-06
114346,Aman Das,Male,44,Hyderabad,Telangana,2023-09-25
114347,Karan Gupta,Male,34,Mumbai,Maharashtra,2024-08-05
114348,Sneha Verma,Male,35,Chennai,Tamil Nadu,2022-02-26
114349,Arjun Joshi,Male,39,Coimbatore,Tamil Nadu,2023-05-10
114350,Pooja Sharma,Male,19,Mumbai,Maharashtra,2023-08-16
114351,Vivaan Singh,Male,47,Delhi,Delhi,2023-07-16
114352,Raj Mehta,Male,22,Bengaluru,Karnataka,2024-05-12
114353,Riya Mehta,Male,40,Hyderabad,Telangana,2023-03-20
114354,Arjun Nair,Male,39,Bengaluru,Karnataka,2023-03-28
114355,Priya Singh,Male,24,Gurugram,Haryana,2023-01-12
114356,Vivaan Agarwal,Male,41,Pune,Maharashtra,2023-08-11
114357,Aarav Gupta,Other,36,Mumbai,Maharashtra,2024-02-15
114358,Kavya Mehta,Male,49,Kochi,Kerala,2023-12-26
114359,Neha Nair,Female,34,Delhi,Delhi,2024-04-26
114360,Rohan Sharma,Female,31,Delhi,Delhi,2024-12-18
114361,Rahul Iyer,Female,27,Mumbai,Maharashtra,2023-08-07
114362,Vivaan Sharma,Female,18,Delhi,Delhi,2022-05-14
114363,Pooja Kumar,Female,29,Ahmedabad,Gujarat,2023-11-16
114364,Vikram Mehta,Female,30,Bengaluru,Karnataka,2023-08-31
114365,Sneha Nair,Male,34,Lucknow,Uttar Pradesh,2024-04-21
114366,Rahul Verma,Male,19,Ahmedabad,Gujarat,2023-02-16
114367,Meera Kumar,Other,30,Mumbai,Maharashtra,2023-11-13
114368,Karan Mehta,Female,37,Pune,Maharashtra,2022-09-05
114369,Kavya Malhotra,Female,38,Pune,Maharashtra,2024-08-11
114370,Aarav Sharma,Female,18,Indore,Madhya Pradesh,2023-10-03
114371,Ananya Agarwal,Female,38,Delhi,Delhi,2024-10-10
114372,Isha Malhotra,Female,30,Bengaluru,Karnataka,2023-02-22
114373,Ananya Sharma,Female,30,Indore,Madhya Pradesh,2023-10-05
114374,Vivaan Verma,Female,18,Mumbai,Maharashtra,2022-05-20
114375,Isha Singh,Female,45,Mumbai,Maharashtra,2024-11-20
114376,Rahul Kumar,Female,34,Chennai,Tamil Nadu,2024-01-21
114377,Meera Sharma,Female,18,Bengaluru,Karnataka,2022-08-10
114378,Aarav Iyer,Female,35,Pune,Maharashtra,2024-10-20
114379,Neha Singh,Male,35,Gurugram,Haryana,2024-03-21
114380,Pooja Agarwal,Male,43,Pune,Maharashtra,2024-03-02
114381,Aditya Singh,Female,29,Pune,Maharashtra,2024-01-06
114382,Vivaan Reddy,Female,32,Bengaluru,Karnataka,2024-01-10
114383,Neha Gupta,Male,26,Noida,Uttar Pradesh,2024-04-16
114384,Rohan Verma,Male,37,Ahmedabad,Gujarat,2023-11-02
114385,Arjun Singh,Female,25,Mumbai,Maharashtra,2024-04-23
114386,Kavya Das,Female,24,Bengaluru,Karnataka,2022-01-26
114387,Priya Malhotra,Female,31,Noida,Uttar Pradesh,2022-03-27
114388,Vivaan Nair,Female,21,Bengaluru,Karnataka,2023-04-14
114389,Riya Agarwal,Male,46,Hyderabad,Telangana,2023-03-25
114390,Aditya Reddy,Male,49,Bengaluru,Karnataka,2024-07-05
114391,Priya Agarwal,Male,28,Mumbai,Maharashtra,2023-10-07
114392,Rahul Gupta,Female,20,Bengaluru,Karnataka,2022-11-11
114393,Arjun Sharma,Male,35,Noida,Uttar Pradesh,2023-01-09
114394,Aman Kumar,Female,28,Pune,Maharashtra,2024-03-20
114395,Aman Nair,Female,43,Pune,Maharashtra,2023-07-12
114396,Sneha Iyer,Female,25,Mumbai,Maharashtra,2024-11-22
114397,Arjun Agarwal,Female,37,Mumbai,Maharashtra,2023-06-09
114398,Arjun Malhotra,Male,33,Delhi,Delhi,2022-10-14
114399,Rohan Joshi,Female,26,Delhi,Delhi,2022-06-30
114400,Aditya Agarwal,Male,34,Pune,Maharashtra,2022-01-18
114401,Aarav Agarwal,Male,40,Hyderabad,Telangana,2022-11-24
114402,Aman Patel,Male,33,Bengaluru,Karnataka,2023-01-12
114403,Vikram Mehta,Male,33,Nagpur,Maharashtra,2022-09-19
114404,Vivaan Gupta,Female,24,Hyderabad,Telangana,2023-10-30
114405,Vikram Iyer,Female,42,Noida,Uttar Pradesh,2022-07-09
114406,Raj Patel,Male,41,Mumbai,Maharashtra,2023-06-28
114407,Rahul Gupta,Male,28,Mumbai,Maharashtra,2023-11-25
114408,Aditi Gupta,Female,31,Chennai,Tamil Nadu,2023-12-25
114409,Aditya Reddy,Female,45,Delhi,Delhi,2024-09-09
114410,Priya Sharma,Male,22,Delhi,Delhi,2024-01-25
114411,Rahul Kumar,Female,37,Mumbai,Maharashtra,2023-02-10
114412,Rohan Singh,Female,27,Mumbai,Maharashtra,2024-07-17
114413,Meera Patel,Female,48,Chennai,Tamil Nadu,2022-09-25
114414,Aditya Gupta,Male,33,Jaipur,Rajasthan,2023-04-16
114415,Aarav Malhotra,Female,43,Bengaluru,Karnataka,2024-09-19
114416,Aman Patel,Female,25,Mumbai,Maharashtra,2024-03-23
114417,Neha Iyer,Female,21,Gurugram,Haryana,2024-04-26
114418,Isha Mishra,Female,30,Mumbai,Maharashtra,2022-04-03
114419,Rohan Mehta,Female,34,Jaipur,Rajasthan,2023-07-14
114420,Pooja Sharma,Male,27,Chandigarh,Chandigarh,2022-05-24
114421,Karan Reddy,Female,39,Mumbai,Maharashtra,2023-08-07
114422,Rohan Mehta,Female,30,Delhi,Delhi,2022-10-22
114423,Aditi Kumar,Female,18,Coimbatore,Tamil Nadu,2024-05-29
114424,Arjun Singh,Male,37,Bengaluru,Karnataka,2023-09-21
114425,Rahul Agarwal,Male,24,Bengaluru,Karnataka,2023-03-15
114426,Sneha Verma,Female,29,Pune,Maharashtra,2022-04-28
114427,Neha Malhotra,Female,46,Mumbai,Maharashtra,2023-01-14
114428,Raj Nair,Male,48,Nagpur,Maharashtra,2024-08-24
114429,Kavya Sharma,Female,27,Delhi,Delhi,2022-04-05
114430,Rahul Patel,Male,37,Hyderabad,Telangana,2022-06-08
114431,Aditi Das,Other,27,Chennai,Tamil Nadu,2023-03-28
114432,Aditi Malhotra,Female,29,Pune,Maharashtra,2024-09-23
114433,Kavya Kumar,Male,27,Pune,Maharashtra,2022-11-14
114434,Arjun Mehta,Female,18,Nagpur,Maharashtra,2023-01-02
114435,Vivaan Gupta,Female,33,Indore,Madhya Pradesh,2022-10-20
114436,Arjun Verma,Male,35,Bengaluru,Karnataka,2022-09-07
114437,Meera Reddy,Female,26,Chennai,Tamil Nadu,2022-02-03
114438,Arjun Kumar,Male,42,Delhi,Delhi,2023-02-15
114439,Kavya Malhotra,Female,28,Hyderabad,Telangana,2024-01-11
114440,Aditya Gupta,Male,26,Mumbai,Maharashtra,2022-11-01
114441,Sneha Joshi,Male,37,Lucknow,Uttar Pradesh,2023-09-30
114442,Priya Iyer,Male,18,Mumbai,Maharashtra,2023-01-25
114443,Raj Nair,Male,40,Ahmedabad,Gujarat,2022-11-09
114444,Pooja Iyer,Female,28,Bengaluru,Karnataka,2022-12-07
114445,Kavya Mishra,Male,41,Patna,Bihar,2024-01-27
114446,Sneha Patel,Male,44,Hyderabad,Telangana,2022-03-09
114447,Isha Joshi,Female,38,Gurugram,Haryana,2022-06-28
114448,Sneha Iyer,Female,25,Kolkata,West Bengal,2023-09-18
114449,Riya Reddy,Female,21,Coimbatore,Tamil Nadu,2024-03-18
114450,Sneha Gupta,Female,19,Ahmedabad,Gujarat,2022-09-30
114451,Karan Agarwal,Female,42,Lucknow,Uttar Pradesh,2023-06-18
114452,Priya Sharma,Male,31,Bengaluru,Karnataka,2022-02-22
114453,Aarav Joshi,Male,27,Pune,Maharashtra,2024-08-01
114454,Riya Patel,Female,31,Bengaluru,Karnataka,2024-06-04
114455,Raj Agarwal,Male,42,Delhi,Delhi,2023-11-04
114456,Aman Sharma,Male,39,Lucknow,Uttar Pradesh,2023-02-10
114457,Riya Nair,Male,36,Mumbai,Maharashtra,2022-04-22
114458,Vikram Agarwal,Male,38,Hyderabad,Telangana,2024-08-16
114459,Kavya Verma,Female,34,Bengaluru,Karnataka,2023-03-12
114460,Meera Verma,Female,35,Mumbai,Maharashtra,2023-08-26
114461,Meera Sharma,Female,34,Delhi,Delhi,2024-10-18
114462,Isha Patel,Female,32,Bengaluru,Karnataka,2024-04-05
114463,Pooja Das,Male,39,Delhi,Delhi,2024-07-26
114464,Meera Gupta,Male,35,Chennai,Tamil Nadu,2022-02-19
114465,Aditya Mehta,Other,24,Delhi,Delhi,2022-04-14
114466,Raj Sharma,Male,37,Chandigarh,Chandigarh,2024-06-16
114467,Vivaan Mehta,Male,34,Coimbatore,Tamil Nadu,2024-11-01
114468,Meera Nair,Female,38,Bengaluru,Karnataka,2022-11-16
114469,Riya Mishra,Female,31,Bengaluru,Karnataka,2023-09-29
114470,Karan Mehta,Male,39,Delhi,Delhi,2023-09-14
114471,Pooja Nair,Female,31,Bhopal,Madhya Pradesh,2024-03-28
114472,Rahul Das,Other,39,Chennai,Tamil Nadu,2024-06-01
114473,Karan Iyer,Male,28,Kolkata,West Bengal,2024-03-14
114474,Ananya Singh,Female,29,Bhopal,Madhya Pradesh,2024-02-12
114475,Aman Joshi,Male,37,Bhopal,Madhya Pradesh,2023-09-25
114476,Aman Joshi,Female,29,Gurugram,Haryana,2023-03-31
114477,Sneha Patel,Female,52,Ahmedabad,Gujarat,2024-06-02
114478,Neha Sharma,Female,37,Indore,Madhya Pradesh,2022-01-10
114479,Riya Gupta,Male,32,Indore,Madhya Pradesh,2023-09-26
114480,Arjun Singh,Male,39,Hyderabad,Telangana,2023-03-07
114481,Meera Joshi,Male,28,Coimbatore,Tamil Nadu,2024-11-26
114482,Sneha Kumar,Female,40,Lucknow,Uttar Pradesh,2024-04-16
114483,Aman Mehta,Male,40,Hyderabad,Telangana,2024-11-01
114484,Rohan Gupta,Male,43,Hyderabad,Telangana,2022-11-22
114485,Aarav Gupta,Male,28,Lucknow,Uttar Pradesh,2023-12-31
114486,Aditya Gupta,Male,21,Bengaluru,Karnataka,2022-02-03
114487,Karan Nair,Male,27,Gurugram,Haryana,2024-12-20
114488,Isha Reddy,Female,29,Mumbai,Maharashtra,2023-11-01
114489,Rahul Das,Male,47,Bhopal,Madhya Pradesh,2023-11-18
114490,Aarav Kumar,Male,52,Bengaluru,Karnataka,2023-01-06
114491,Ananya Sharma,Female,35,Mumbai,Maharashtra,2023-11-16
114492,Karan Iyer,Female,32,Surat,Gujarat,2024-05-24
114493,Karan Sharma,Male,29,Mumbai,Maharashtra,2022-12-05
114494,Vivaan Sharma,Male,39,Gurugram,Haryana,2024-09-03
114495,Aarav Joshi,Female,52,Bengaluru,Karnataka,2023-01-13
114496,Riya Mehta,Male,48,Chandigarh,Chandigarh,2024-02-12
114497,Vikram Iyer,Female,42,Mumbai,Maharashtra,2024-02-18
114498,Raj Nair,Male,42,Delhi,Delhi,2022-10-27
114499,Priya Agarwal,Male,39,Chandigarh,Chandigarh,2023-03-08
114500,Vikram Malhotra,Male,32,Mumbai,Maharashtra,2022-10-20
114501,Arjun Malhotra,Female,25,Chandigarh,Chandigarh,2023-11-02
114502,Aarav Sharma,Female,32,Gurugram,Haryana,2024-07-06
114503,Riya Joshi,Male,36,Delhi,Delhi,2022-11-22
114504,Meera Iyer,Female,19,Hyderabad,Telangana,2024-09-26
114505,Meera Verma,Male,31,Delhi,Delhi,2023-05-17
114506,Arjun Patel,Male,25,Bengaluru,Karnataka,2023-09-15
114507,Arjun Mehta,Female,41,Bengaluru,Karnataka,2024-04-25
114508,Aarav Sharma,Male,27,Kolkata,West Bengal,2022-12-06
114509,Meera Das,Female,35,Coimbatore,Tamil Nadu,2024-08-27
114510,Aditya Mehta,Female,26,Mumbai,Maharashtra,2022-04-23
114511,Meera Iyer,Female,46,Bengaluru,Karnataka,2023-07-08
114512,Rahul Das,Female,18,Chennai,Tamil Nadu,2024-08-15
114513,Vikram Gupta,Male,36,Mumbai,Maharashtra,2022-12-29
114514,Isha Singh,Male,21,Lucknow,Uttar Pradesh,2023-01-30
114515,Neha Nair,Male,27,Hyderabad,Telangana,2023-05-09
114516,Meera Reddy,Male,34,Kochi,Kerala,2023-06-03
114517,Kavya Iyer,Female,34,Kolkata,West Bengal,2023-05-30
114518,Meera Nair,Male,34,Bengaluru,Karnataka,2024-05-31
114519,Neha Nair,Female,33,Lucknow,Uttar Pradesh,2024-05-02
114520,Pooja Sharma,Male,26,Gurugram,Haryana,2024-03-25
114521,Priya Sharma,Female,31,Noida,Uttar Pradesh,2022-08-04
114522,Kavya Iyer,Female,32,Bengaluru,Karnataka,2022-04-05
114523,Ananya Patel,Female,34,Hyderabad,Telangana,2023-12-25
114524,Kavya Das,Male,31,Pune,Maharashtra,2022-07-25
114525,Aditya Das,Female,39,Hyderabad,Telangana,2023-09-03
114526,Kavya Mehta,Male,33,Bengaluru,Karnataka,2024-03-02
114527,Isha Patel,Male,34,Ahmedabad,Gujarat,2022-06-28
114528,Priya Singh,Male,29,Delhi,Delhi,2022-04-09
114529,Vivaan Sharma,Female,23,Bengaluru,Karnataka,2024-02-15
114530,Aarav Mishra,Male,33,Mumbai,Maharashtra,2024-11-17
114531,Pooja Das,Female,43,Delhi,Delhi,2024-03-21
114532,Meera Joshi,Other,36,Bengaluru,Karnataka,2022-12-12
114533,Aman Reddy,Male,25,Ahmedabad,Gujarat,2024-10-25
114534,Vikram Singh,Male,39,Coimbatore,Tamil Nadu,2024-03-01
114535,Sneha Verma,Female,29,Pune,Maharashtra,2024-11-30
114536,Arjun Nair,Male,38,Bengaluru,Karnataka,2024-12-04
114537,Vikram Agarwal,Female,29,Gurugram,Haryana,2024-08-22
114538,Aditya Mishra,Male,35,Delhi,Delhi,2022-12-13
114539,Arjun Joshi,Female,27,Delhi,Delhi,2023-07-11
114540,Aditya Kumar,Male,28,Bengaluru,Karnataka,2023-05-29
114541,Aditya Reddy,Male,18,Hyderabad,Telangana,2023-06-06
114542,Pooja Joshi,Female,37,Noida,Uttar Pradesh,2022-02-08
114543,Aditi Nair,Male,35,Patna,Bihar,2023-05-19
114544,Aman Kumar,Male,36,Chennai,Tamil Nadu,2024-01-08
114545,Riya Gupta,Male,34,Pune,Maharashtra,2022-06-20
114546,Meera Iyer,Male,25,Mumbai,Maharashtra,2024-12-01
114547,Raj Gupta,Female,41,Hyderabad,Telangana,2024-05-24
114548,Aarav Singh,Female,41,Patna,Bihar,2023-10-26
114549,Aman Iyer,Female,25,Hyderabad,Telangana,2024-05-04
114550,Aarav Verma,Female,37,Mumbai,Maharashtra,2022-06-27
114551,Aditi Singh,Male,40,Bengaluru,Karnataka,2023-04-16
114552,Ananya Iyer,Male,28,Pune,Maharashtra,2023-09-06
114553,Vikram Patel,Female,29,Kolkata,West Bengal,2023-07-14
114554,Sneha Mehta,Female,37,Hyderabad,Telangana,2022-04-07
114555,Aarav Agarwal,Male,18,Ahmedabad,Gujarat,2023-04-12
114556,Ananya Mehta,Male,22,Chennai,Tamil Nadu,2023-04-27
114557,Meera Malhotra,Female,23,Jaipur,Rajasthan,2022-07-27
114558,Pooja Patel,Female,18,Surat,Gujarat,2023-05-23
114559,Raj Malhotra,Female,42,Surat,Gujarat,2022-02-26
114560,Aman Das,Male,18,Mumbai,Maharashtra,2022-09-06
114561,Priya Mehta,Female,35,Kolkata,West Bengal,2024-03-20
114562,Neha Gupta,Male,39,Lucknow,Uttar Pradesh,2023-01-26
114563,Vivaan Verma,Male,29,Mumbai,Maharashtra,2023-07-03
114564,Vivaan Joshi,Female,26,Gurugram,Haryana,2024-08-18
114565,Rahul Patel,Male,34,Mumbai,Maharashtra,2024-05-11
114566,Aarav Iyer,Male,32,Noida,Uttar Pradesh,2022-05-20
114567,Rahul Nair,Other,41,Mumbai,Maharashtra,2022-10-04
114568,Kavya Mishra,Female,18,Ahmedabad,Gujarat,2023-02-21
114569,Aditya Nair,Female,24,Mumbai,Maharashtra,2024-10-08
114570,Riya Gupta,Male,37,Hyderabad,Telangana,2024-10-08
114571,Rahul Reddy,Male,32,Mumbai,Maharashtra,2023-05-23
114572,Vikram Joshi,Female,39,Bengaluru,Karnataka,2022-01-05
114573,Neha Malhotra,Female,34,Nagpur,Maharashtra,2022-07-06
114574,Raj Sharma,Female,31,Delhi,Delhi,2022-11-20
114575,Rahul Mishra,Male,29,Hyderabad,Telangana,2022-11-24
114576,Priya Gupta,Male,53,Jaipur,Rajasthan,2022-02-26
114577,Vivaan Joshi,Other,46,Delhi,Delhi,2022-06-07
114578,Aditi Joshi,Female,36,Delhi,Delhi,2024-02-29
114579,Aditya Agarwal,Male,33,Mumbai,Maharashtra,2023-03-17
114580,Aman Nair,Male,37,Jaipur,Rajasthan,2022-07-16
114581,Ananya Mishra,Male,39,Bhopal,Madhya Pradesh,2024-10-23
114582,Rahul Agarwal,Male,36,Gurugram,Haryana,2024-01-22
114583,Vikram Iyer,Male,25,Nagpur,Maharashtra,2023-01-05
114584,Aditi Reddy,Male,48,Chennai,Tamil Nadu,2022-03-05
114585,Karan Mehta,Female,34,Kochi,Kerala,2022-01-13
114586,Raj Gupta,Male,50,Bengaluru,Karnataka,2022-11-10
114587,Vikram Kumar,Other,34,Hyderabad,Telangana,2023-05-08
114588,Neha Sharma,Male,30,Hyderabad,Telangana,2022-07-23
114589,Aarav Patel,Female,44,Delhi,Delhi,2024-01-16
114590,Aditya Gupta,Male,35,Gurugram,Haryana,2022-11-08
114591,Pooja Verma,Female,33,Delhi,Delhi,2023-03-19
114592,Kavya Gupta,Other,21,Lucknow,Uttar Pradesh,2022-05-30
114593,Kavya Nair,Female,38,Hyderabad,Telangana,2023-02-04
114594,Ananya Verma,Female,28,Delhi,Delhi,2023-05-12
114595,Kavya Verma,Male,28,Bengaluru,Karnataka,2024-03-19
114596,Sneha Verma,Female,28,Bengaluru,Karnataka,2023-03-21
114597,Rohan Iyer,Female,36,Kochi,Kerala,2022-05-17
114598,Ananya Kumar,Other,18,Jaipur,Rajasthan,2023-08-20
114599,Meera Sharma,Male,30,Chennai,Tamil Nadu,2022-01-10
114600,Raj Reddy,Other,41,Delhi,Delhi,2022-12-30
114601,Priya Verma,Male,21,Hyderabad,Telangana,2022-06-12
114602,Vivaan Sharma,Male,34,Delhi,Delhi,2022-12-10
114603,Neha Malhotra,Male,26,Ahmedabad,Gujarat,2024-09-20
114604,Rohan Singh,Male,28,Mumbai,Maharashtra,2022-04-04
114605,Vivaan Patel,Female,47,Kolkata,West Bengal,2023-01-11
114606,Sneha Mehta,Female,18,Lucknow,Uttar Pradesh,2023-05-16
114607,Aarav Sharma,Female,39,Hyderabad,Telangana,2022-09-08
114608,Aditya Gupta,Female,28,Kolkata,West Bengal,2024-05-23
114609,Kavya Singh,Female,27,Ahmedabad,Gujarat,2024-09-18
114610,Riya Gupta,Female,22,Mumbai,Maharashtra,2023-01-19
114611,Neha Verma,Male,39,Kolkata,West Bengal,2022-03-13
114612,Aarav Verma,Female,30,Ahmedabad,Gujarat,2022-08-19
114613,Rohan Singh,Female,29,Bengaluru,Karnataka,2023-01-10
114614,Rahul Malhotra,Female,33,Mumbai,Maharashtra,2023-12-14
114615,Sneha Verma,Female,30,Bengaluru,Karnataka,2022-02-07
114616,Aditi Verma,Female,18,Chandigarh,Chandigarh,2023-05-17
114617,Rahul Sharma,Male,28,Bengaluru,Karnataka,2022-07-20
114618,Aman Joshi,Male,40,Delhi,Delhi,2024-07-23
114619,Aditi Sharma,Female,18,Delhi,Delhi,2024-09-22
114620,Isha Nair,Female,22,Mumbai,Maharashtra,2023-10-18
114621,Sneha Mehta,Female,28,Delhi,Delhi,2024-03-27
114622,Ananya Singh,Male,25,Pune,Maharashtra,2022-01-29
114623,Aman Patel,Male,32,Bengaluru,Karnataka,2022-01-16
114624,Priya Nair,Female,22,Gurugram,Haryana,2022-01-12
114625,Vivaan Mishra,Male,29,,,2022-08-04
114626,Raj Reddy,Female,32,Pune,Maharashtra,2022-06-12
114627,Rohan Mishra,Male,38,Indore,Madhya Pradesh,2024-08-06
114628,Rahul Agarwal,Male,43,Hyderabad,Telangana,2024-02-10
114629,Sneha Singh,Female,30,Kolkata,West Bengal,2023-12-03
114630,Raj Mehta,Male,49,Mumbai,Maharashtra,2023-03-12
114631,Aarav Verma,Female,30,Delhi,Delhi,2022-12-23
114632,Pooja Verma,Female,39,Mumbai,Maharashtra,2023-08-26
114633,Ananya Singh,Male,49,Mumbai,Maharashtra,2023-09-25
114634,Aarav Kumar,Female,33,Ahmedabad,Gujarat,2024-12-20
114635,Isha Nair,Female,20,Mumbai,Maharashtra,2023-05-04
114636,Karan Nair,Male,33,Mumbai,Maharashtra,2023-06-11
114637,Raj Agarwal,Male,26,Patna,Bihar,2023-03-24
114638,Rahul Patel,Male,30,Lucknow,Uttar Pradesh,2024-11-11
114639,Vikram Kumar,Female,50,Pune,Maharashtra,2024-09-12
114640,Kavya Mehta,Female,21,Delhi,Delhi,2022-08-21
114641,Aditya Agarwal,Female,35,Surat,Gujarat,2024-02-03
114642,Sneha Joshi,Female,24,Delhi,Delhi,2022-05-29
114643,Rohan Gupta,Female,29,Kolkata,West Bengal,2023-10-03
114644,Ananya Iyer,Female,39,Jaipur,Rajasthan,2023-08-07
114645,Arjun Nair,Female,35,Hyderabad,Telangana,2024-10-06
114646,Rahul Das,Male,30,Bhopal,Madhya Pradesh,2023-09-16
114647,Neha Reddy,Female,26,Delhi,Delhi,2024-06-10
114648,Rohan Mehta,Female,35,Gurugram,Haryana,2022-08-25
114649,Neha Sharma,Female,47,Chennai,Tamil Nadu,2022-08-21
114650,Riya Mehta,Female,24,Kolkata,West Bengal,2024-08-10
114651,Sneha Nair,Male,49,Nagpur,Maharashtra,2022-04-30
114652,Priya Mishra,Female,43,Chennai,Tamil Nadu,2024-07-15
114653,Aditi Mishra,Male,44,Noida,Uttar Pradesh,2022-01-23
114654,Priya Gupta,Female,35,Mumbai,Maharashtra,2022-10-01
114655,Rahul Patel,Male,43,Gurugram,Haryana,2024-09-15
114656,Aditya Mishra,Female,23,Ahmedabad,Gujarat,2022-10-16
114657,Pooja Mishra,Female,26,Coimbatore,Tamil Nadu,2024-12-27
114658,Neha Mishra,Female,39,Chandigarh,Chandigarh,2023-01-17
114659,Sneha Das,Male,35,Mumbai,Maharashtra,2022-03-09
114660,Kavya Agarwal,Other,31,Pune,Maharashtra,2023-06-06
114661,Riya Das,Female,18,Bhopal,Madhya Pradesh,2022-04-20
114662,Aman Iyer,Female,28,Kolkata,West Bengal,2022-04-06
114663,Pooja Patel,Male,21,Pune,Maharashtra,2023-05-02
114664,Isha Agarwal,Female,36,Delhi,Delhi,2024-11-30
114665,Aditya Reddy,Male,30,Bengaluru,Karnataka,2022-01-20
114666,Rohan Malhotra,Female,26,Jaipur,Rajasthan,2023-02-18
114667,Vivaan Reddy,Male,56,Noida,Uttar Pradesh,2023-08-03
114668,Karan Kumar,Female,41,Hyderabad,Telangana,2022-08-22
114669,Aarav Sharma,Female,42,Delhi,Delhi,2023-01-02
114670,Sneha Mishra,Male,52,Kolkata,West Bengal,2023-02-24
114671,Arjun Iyer,Female,39,Patna,Bihar,2022-12-10
114672,Riya Patel,Female,25,Pune,Maharashtra,2022-08-20
114673,Riya Malhotra,Male,24,Patna,Bihar,2024-02-19
114674,Isha Patel,Female,41,Bengaluru,Karnataka,2022-01-26
114675,Rahul Gupta,Male,18,Indore,Madhya Pradesh,2022-02-21
114676,Vikram Kumar,Male,31,Noida,Uttar Pradesh,2024-02-07
114677,Aman Iyer,Male,18,Kochi,Kerala,2023-03-16
114678,Karan Patel,Female,33,Noida,Uttar Pradesh,2022-12-31
114679,Vivaan Patel,Male,40,Bengaluru,Karnataka,2023-06-28
114680,Sneha Mishra,Female,35,Bhopal,Madhya Pradesh,2022-06-05
114681,Priya Joshi,Female,40,Jaipur,Rajasthan,2023-04-24
114682,Rahul Verma,Male,50,Mumbai,Maharashtra,2022-10-12
114683,Rahul Verma,Female,31,Delhi,Delhi,2023-12-19
114684,Ananya Iyer,Male,57,Hyderabad,Telangana,2023-01-18
114685,Sneha Das,Female,34,Noida,Uttar Pradesh,2024-07-12
114686,Aman Malhotra,Male,41,Kolkata,West Bengal,2024-02-27
114687,Aditi Gupta,Male,27,Chennai,Tamil Nadu,2022-11-25
114688,Aditi Patel,Female,47,Delhi,Delhi,2024-01-10
114689,Meera Iyer,Female,41,Hyderabad,Telangana,2022-10-30
114690,Rohan Sharma,Male,45,Mumbai,Maharashtra,2022-03-29
114691,Priya Reddy,Female,32,Pune,Maharashtra,2022-12-02
114692,Aman Iyer,Male,21,Nagpur,Maharashtra,2022-06-30
114693,Raj Reddy,Female,36,Indore,Madhya Pradesh,2023-03-28
114694,Aditya Iyer,Female,18,Bengaluru,Karnataka,2022-08-17
114695,Arjun Verma,Male,29,Kolkata,West Bengal,2022-07-22
114696,Pooja Agarwal,Male,34,Pune,Maharashtra,2024-06-13
114697,Karan Joshi,Male,53,Delhi,Delhi,2024-08-15
114698,Kavya Verma,Male,35,Nagpur,Maharashtra,2023-12-11
114699,Riya Gupta,Male,33,Hyderabad,Telangana,2023-08-18
114700,Neha Singh,Female,31,Pune,Maharashtra,2022-12-06
114701,Aarav Das,Other,20,Jaipur,Rajasthan,2024-12-19
114702,Sneha Singh,Male,33,Mumbai,Maharashtra,2023-03-17
114703,Raj Singh,Female,33,Mumbai,Maharashtra,2022-12-09
114704,Ananya Reddy,Female,23,Mumbai,Maharashtra,2024-03-02
114705,Meera Iyer,Female,21,Hyderabad,Telangana,2024-10-08
114706,Raj Joshi,Female,28,Mumbai,Maharashtra,2022-02-24
114707,Riya Iyer,Female,33,Patna,Bihar,2022-07-27
114708,Rohan Nair,Male,28,Lucknow,Uttar Pradesh,2022-06-20
114709,Aditya Joshi,Male,23,Bhopal,Madhya Pradesh,2024-04-01
114710,Riya Patel,Male,35,Surat,Gujarat,2024-07-02
114711,Meera Iyer,Male,37,Lucknow,Uttar Pradesh,2024-11-01
114712,Sneha Joshi,Male,33,Mumbai,Maharashtra,2022-08-15
114713,Aarav Mehta,Female,27,Kolkata,West Bengal,2022-08-20
114714,Priya Patel,Male,37,Mumbai,Maharashtra,2024-06-05
114715,Aarav Kumar,Female,30,Mumbai,Maharashtra,2024-08-17
114716,Arjun Das,Male,21,Kolkata,West Bengal,2024-04-22
114717,Arjun Sharma,Female,41,Kolkata,West Bengal,2022-10-05
114718,Rohan Verma,Female,35,Mumbai,Maharashtra,2022-01-15
114719,Rohan Das,Male,31,Bengaluru,Karnataka,2023-01-03
114720,Aditi Patel,Male,18,Delhi,Delhi,2023-10-18
114721,Karan Reddy,Female,25,Lucknow,Uttar Pradesh,2022-07-16
114722,Aman Verma,Male,50,Nagpur,Maharashtra,2023-11-14
114723,Rohan Singh,Male,18,Ahmedabad,Gujarat,2023-01-22
114724,Aarav Verma,Male,30,Surat,Gujarat,2024-11-04
114725,Priya Sharma,Female,32,Pune,Maharashtra,2024-03-24
114726,Raj Malhotra,Female,35,Delhi,Delhi,2023-06-10
114727,Riya Mehta,Female,19,Lucknow,Uttar Pradesh,2022-12-13
114728,Aarav Das,Female,34,Bengaluru,Karnataka,2024-06-04
114729,Vikram Agarwal,Female,18,Hyderabad,Telangana,2024-06-25
114730,Rahul Verma,Female,33,Lucknow,Uttar Pradesh,2023-04-24
114731,Riya Mehta,Female,26,Bhopal,Madhya Pradesh,2022-02-02
114732,Vivaan Sharma,Male,24,Pune,Maharashtra,2022-12-16
114733,Karan Gupta,Male,40,Kochi,Kerala,2022-12-17
114734,Vivaan Nair,Female,30,Pune,Maharashtra,2022-03-25
114735,Karan Verma,Female,36,Delhi,Delhi,2023-09-05
114736,Pooja Agarwal,Male,37,Pune,Maharashtra,2022-06-21
114737,Kavya Das,Male,43,Surat,Gujarat,2024-09-16
114738,Meera Malhotra,Female,21,Chennai,Tamil Nadu,2023-11-24
114739,Pooja Mishra,Female,40,Ahmedabad,Gujarat,2023-03-04
114740,Vivaan Verma,Male,32,Chennai,Tamil Nadu,2022-02-17
114741,Aditya Iyer,Female,29,Chennai,Tamil Nadu,2023-08-03
114742,Aman Sharma,Female,22,Bengaluru,Karnataka,2022-01-25
114743,Aarav Singh,Female,37,Mumbai,Maharashtra,2024-01-10
114744,Raj Mishra,Male,24,Bengaluru,Karnataka,2023-02-09
114745,Isha Das,Male,37,Hyderabad,Telangana,2022-06-08
114746,Arjun Singh,Male,49,Gurugram,Haryana,2024-12-04
114747,Arjun Iyer,Male,41,Gurugram,Haryana,2023-07-30
114748,Isha Nair,Female,45,Mumbai,Maharashtra,2022-06-02
114749,Arjun Malhotra,Male,26,Chennai,Tamil Nadu,2022-05-05
114750,Neha Iyer,Other,39,Hyderabad,Telangana,2023-12-03
114751,Kavya Mehta,Male,22,Chennai,Tamil Nadu,2022-02-26
114752,Vivaan Iyer,Male,30,Jaipur,Rajasthan,2024-07-05
114753,Arjun Mishra,Female,48,Bengaluru,Karnataka,2023-10-23
114754,Priya Mishra,Female,27,Patna,Bihar,2023-10-17
114755,Rahul Iyer,Male,42,Chandigarh,Chandigarh,2022-01-06
114756,Aditi Reddy,Female,41,Delhi,Delhi,2024-12-16
114757,Pooja Iyer,Female,42,Lucknow,Uttar Pradesh,2023-06-16
114758,Vivaan Nair,Female,21,Delhi,Delhi,2024-10-24
114759,Riya Patel,Female,37,Delhi,Delhi,2023-10-18
114760,Arjun Malhotra,Male,31,Kochi,Kerala,2022-12-02
114761,Raj Das,Female,42,Lucknow,Uttar Pradesh,2023-08-20
114762,Neha Das,Female,18,Bengaluru,Karnataka,2024-04-25
114763,Riya Kumar,Male,35,Jaipur,Rajasthan,2024-09-29
114764,Aditi Mishra,Male,34,Surat,Gujarat,2024-07-03
114765,Aarav Reddy,Female,18,Indore,Madhya Pradesh,2022-05-08
114766,Arjun Verma,Male,24,Delhi,Delhi,2023-04-22
114767,Karan Agarwal,Male,18,Gurugram,Haryana,2024-10-13
114768,Ananya Singh,Other,25,Surat,Gujarat,2024-10-29
114769,Ananya Joshi,Male,37,Kolkata,West Bengal,2023-05-29
114770,Rohan Nair,Male,34,Pune,Maharashtra,2024-06-12
114771,Arjun Sharma,Female,34,Delhi,Delhi,2024-07-14
114772,Isha Mishra,Female,23,Mumbai,Maharashtra,2024-10-04
114773,Rohan Joshi,Male,42,Pune,Maharashtra,2022-04-12
114774,Riya Reddy,Female,32,Surat,Gujarat,2022-01-15
114775,Neha Joshi,Female,32,Noida,Uttar Pradesh,2023-04-11
114776,Aarav Agarwal,Female,40,Pune,Maharashtra,2022-02-18
114777,Rahul Iyer,Male,23,Noida,Uttar Pradesh,2024-07-09
114778,Neha Malhotra,Male,34,Ahmedabad,Gujarat,2024-03-15
114779,Vivaan Nair,Male,36,Chennai,Tamil Nadu,2023-07-13
114780,Vikram Agarwal,Female,27,Mumbai,Maharashtra,2023-08-26
114781,Arjun Mehta,Female,38,Bengaluru,Karnataka,2022-03-24
114782,Arjun Mehta,Female,36,Mumbai,Maharashtra,2023-11-27
114783,Aarav Joshi,Female,31,Delhi,Delhi,2024-11-10
114784,Riya Verma,Female,31,Delhi,Delhi,2023-04-21
114785,Pooja Agarwal,Male,37,Ahmedabad,Gujarat,2023-10-22
114786,Rahul Gupta,Female,39,Delhi,Delhi,2023-11-03
114787,Karan Reddy,Female,33,Hyderabad,Telangana,2022-01-16
114788,Pooja Mishra,Female,42,Nagpur,Maharashtra,2022-06-22
114789,Meera Reddy,Male,38,Noida,Uttar Pradesh,2024-10-15
114790,Priya Patel,Female,18,Ahmedabad,Gujarat,2022-12-01
114791,Isha Agarwal,Male,19,Bengaluru,Karnataka,2024-06-23
114792,Arjun Joshi,Male,43,Kolkata,West Bengal,2022-12-09
114793,Karan Agarwal,Female,30,Pune,Maharashtra,2024-07-19
114794,Ananya Das,Female,33,Kolkata,West Bengal,2024-06-25
114795,Vikram Sharma,Male,42,Hyderabad,Telangana,2023-05-12
114796,Neha Mishra,Female,32,Chennai,Tamil Nadu,2022-10-09
114797,Sneha Joshi,Male,32,Nagpur,Maharashtra,2023-01-19
114798,Arjun Mishra,Male,24,Bengaluru,Karnataka,2022-02-22
114799,Aarav Gupta,Male,35,Mumbai,Maharashtra,2022-08-30
114800,Raj Joshi,Female,37,Hyderabad,Telangana,2023-04-29
114801,Aarav Reddy,Female,27,Chennai,Tamil Nadu,2022-09-25
114802,Kavya Kumar,Female,24,Delhi,Delhi,2022-01-23
114803,Aditi Agarwal,Female,56,Noida,Uttar Pradesh,2024-01-10
114804,Riya Sharma,Male,31,Hyderabad,Telangana,2022-08-10
114805,Aarav Gupta,Male,26,Hyderabad,Telangana,2022-07-04
114806,Aman Reddy,Female,38,Jaipur,Rajasthan,2022-11-19
114807,Raj Singh,Male,32,Ahmedabad,Gujarat,2022-05-10
114808,Rahul Singh,Female,22,Nagpur,Maharashtra,2023-01-31
114809,Priya Gupta,Female,36,Mumbai,Maharashtra,2023-06-08
114810,Rohan Das,Female,24,Bengaluru,Karnataka,2022-02-26
114811,Arjun Mehta,Male,46,Mumbai,Maharashtra,2024-05-24
114812,Meera Sharma,Male,36,Indore,Madhya Pradesh,2023-02-05
114813,Priya Malhotra,Female,30,Chennai,Tamil Nadu,2024-02-25
114814,Priya Joshi,Male,33,Surat,Gujarat,2024-12-29
114815,Aditi Das,Female,40,Nagpur,Maharashtra,2022-03-05
114816,Neha Patel,Male,34,Chennai,Tamil Nadu,2022-05-30
114817,Priya Reddy,Male,51,Delhi,Delhi,2022-03-22
114818,Isha Sharma,Male,42,Bengaluru,Karnataka,2024-01-16
114819,Priya Iyer,Male,36,Delhi,Delhi,2022-03-02
114820,Neha Reddy,Female,24,Surat,Gujarat,2023-01-02
114821,Aditi Verma,Male,31,Delhi,Delhi,2023-09-13
114822,Sneha Malhotra,Male,36,Kolkata,West Bengal,2022-03-26
114823,Arjun Singh,Male,25,Delhi,Delhi,2024-04-01
114824,Meera Das,Male,44,Delhi,Delhi,2023-10-07
114825,Aditi Nair,Male,23,Bengaluru,Karnataka,2022-05-12
114826,Rahul Verma,Male,26,Chennai,Tamil Nadu,2022-05-16
114827,Ananya Sharma,Female,27,Delhi,Delhi,2024-08-18
114828,Arjun Das,Female,39,Kolkata,West Bengal,2023-07-14
114829,Sneha Mishra,Female,25,Jaipur,Rajasthan,2024-08-30
114830,Raj Das,Female,18,Coimbatore,Tamil Nadu,2022-06-09
114831,Rahul Mehta,Male,42,Bhopal,Madhya Pradesh,2022-07-01
114832,Aditya Sharma,Female,28,Chennai,Tamil Nadu,2024-08-01
114833,Isha Mishra,Female,22,Noida,Uttar Pradesh,2022-04-11
114834,Aarav Singh,Male,25,Bengaluru,Karnataka,2024-03-15
114835,Karan Kumar,Female,47,Chennai,Tamil Nadu,2023-07-11
114836,Vivaan Das,Male,26,Hyderabad,Telangana,2023-12-22
114837,Riya Iyer,Male,31,Bengaluru,Karnataka,2024-06-19
114838,Aman Mishra,Female,28,Lucknow,Uttar Pradesh,2024-06-11
114839,Rohan Patel,Male,21,Bengaluru,Karnataka,2024-11-10
114840,Karan Nair,Male,25,Hyderabad,Telangana,2024-04-10
114841,Arjun Malhotra,Male,20,Hyderabad,Telangana,2023-02-04
114842,Kavya Das,Male,41,Indore,Madhya Pradesh,2022-07-03
114843,Vikram Malhotra,Male,33,Mumbai,Maharashtra,2022-12-01
114844,Rahul Patel,Female,54,Hyderabad,Telangana,2023-06-06
114845,Kavya Das,Female,26,Indore,Madhya Pradesh,2022-04-25
114846,Raj Joshi,Female,24,Delhi,Delhi,2024-07-06
114847,Aditya Singh,Male,46,Kochi,Kerala,2022-02-21
114848,Aarav Sharma,Other,42,Bhopal,Madhya Pradesh,2023-09-23
114849,Raj Mishra,Female,35,Hyderabad,Telangana,2023-09-02
114850,Arjun Nair,Male,22,Jaipur,Rajasthan,2022-06-14
114851,Sneha Malhotra,Female,48,Nagpur,Maharashtra,2023-05-20
114852,Aditya Das,Female,31,Chennai,Tamil Nadu,2024-12-03
114853,Aarav Kumar,Female,28,Delhi,Delhi,2022-09-04
114854,Vikram Sharma,Male,42,Surat,Gujarat,2022-05-08
114855,Rahul Verma,Male,32,Mumbai,Maharashtra,2022-09-12
114856,Aditi Mishra,Female,22,Bengaluru,Karnataka,2022-07-24
114857,Aditya Mehta,Female,32,Indore,Madhya Pradesh,2023-07-16
114858,Isha Nair,Female,25,Bengaluru,Karnataka,2023-11-18
114859,Aditi Iyer,Female,18,Ahmedabad,Gujarat,2024-04-13
114860,Kavya Mehta,Female,24,Hyderabad,Telangana,2024-10-20
114861,Raj Mehta,Male,27,Ahmedabad,Gujarat,2024-04-03
114862,Vikram Singh,Female,22,Mumbai,Maharashtra,2024-08-09
114863,Pooja Das,Male,37,Hyderabad,Telangana,2024-06-18
114864,Ananya Singh,Female,25,Bengaluru,Karnataka,2024-05-02
114865,Raj Joshi,Female,36,Mumbai,Maharashtra,2022-05-26
114866,Aditya Verma,Male,21,Bengaluru,Karnataka,2023-11-24
114867,Aarav Kumar,Female,40,Bengaluru,Karnataka,2022-09-22
114868,Aarav Das,Male,21,Kochi,Kerala,2023-07-03
114869,Arjun Mishra,Male,18,Chennai,Tamil Nadu,2024-03-28
114870,Aman Mishra,Male,43,Pune,Maharashtra,2022-03-01
114871,Isha Mehta,Male,24,Pune,Maharashtra,2022-07-17
114872,Aman Iyer,Male,48,Nagpur,Maharashtra,2024-09-18
114873,Rahul Agarwal,Male,37,,,2022-03-21
114874,Riya Das,Female,39,Lucknow,Uttar Pradesh,2022-11-10
114875,Meera Iyer,Female,41,Bengaluru,Karnataka,2022-07-13
114876,Sneha Das,Female,33,Pune,Maharashtra,2024-07-10
114877,Arjun Kumar,Male,33,Mumbai,Maharashtra,2024-05-14
114878,Isha Singh,Female,44,Jaipur,Rajasthan,2023-09-20
114879,Kavya Kumar,Female,33,Bengaluru,Karnataka,2023-11-10
114880,Ananya Nair,Male,25,Ahmedabad,Gujarat,2022-06-03
114881,Arjun Gupta,Female,37,Mumbai,Maharashtra,2024-09-16
114882,Kavya Iyer,Male,18,Hyderabad,Telangana,2024-08-13
114883,Aditya Mishra,Female,44,Pune,Maharashtra,2022-03-24
114884,Neha Mishra,Male,44,Mumbai,Maharashtra,2022-09-22
114885,Isha Kumar,Male,43,Delhi,Delhi,2022-11-09
114886,Arjun Gupta,Female,42,Bengaluru,Karnataka,2023-02-26
114887,Vikram Malhotra,Male,31,Chennai,Tamil Nadu,2022-01-09
114888,Aditi Iyer,Male,31,Jaipur,Rajasthan,2023-05-31
114889,Meera Agarwal,Female,21,Hyderabad,Telangana,2023-12-18
114890,Riya Verma,Female,48,Pune,Maharashtra,2023-04-17
114891,Ananya Kumar,Female,28,Chennai,Tamil Nadu,2023-09-18
114892,Aman Gupta,Male,35,Pune,Maharashtra,2024-07-14
114893,Priya Das,Male,34,Delhi,Delhi,2024-10-30
114894,Vivaan Iyer,Female,20,Hyderabad,Telangana,2022-11-29
114895,Pooja Agarwal,Male,18,Mumbai,Maharashtra,2024-06-20
114896,Rohan Singh,Male,32,Chennai,Tamil Nadu,2024-07-31
114897,Priya Sharma,Female,28,Ahmedabad,Gujarat,2022-10-06
114898,Rahul Patel,Male,31,Chennai,Tamil Nadu,2023-10-23
114899,Raj Mehta,Male,42,Mumbai,Maharashtra,2023-01-24
114900,Aditi Iyer,Male,34,Mumbai,Maharashtra,2022-11-01
114901,Aman Mehta,Male,39,Delhi,Delhi,2022-05-02
114902,Neha Agarwal,Male,36,Hyderabad,Telangana,2023-12-25
114903,Rahul Sharma,Male,29,Hyderabad,Telangana,2023-01-09
114904,Aditi Verma,Male,23,Mumbai,Maharashtra,2024-12-25
114905,Neha Verma,Female,34,Ahmedabad,Gujarat,2023-07-03
114906,Aarav Agarwal,Female,33,Hyderabad,Telangana,2024-12-09
114907,Karan Sharma,Male,40,Jaipur,Rajasthan,2024-08-29
114908,Riya Agarwal,Female,31,Kolkata,West Bengal,2023-04-28
114909,Arjun Kumar,Male,29,Kolkata,West Bengal,2024-01-09
114910,Priya Iyer,Male,30,Bhopal,Madhya Pradesh,2024-10-25
114911,Aman Iyer,Male,24,Delhi,Delhi,2024-10-18
114912,Isha Joshi,Female,45,Delhi,Delhi,2022-12-24
114913,Vikram Agarwal,Female,42,Lucknow,Uttar Pradesh,2024-07-28
114914,Vivaan Singh,Female,21,Bengaluru,Karnataka,2022-12-18
114915,Arjun Agarwal,Male,39,Nagpur,Maharashtra,2023-01-25
114916,Ananya Patel,Male,18,Mumbai,Maharashtra,2023-03-17
114917,Vikram Joshi,Female,41,Mumbai,Maharashtra,2023-11-27
114918,Aarav Iyer,Male,26,Chennai,Tamil Nadu,2024-08-25
114919,Rohan Mishra,Female,35,Bengaluru,Karnataka,2022-02-02
114920,Neha Patel,Female,18,Bengaluru,Karnataka,2022-12-01
114921,Aditya Das,Female,21,Patna,Bihar,2023-06-07
114922,Raj Joshi,Female,36,Delhi,Delhi,2022-03-03
114923,Ananya Nair,Female,26,Chennai,Tamil Nadu,2023-05-13
114924,Neha Reddy,Female,24,Bengaluru,Karnataka,2024-10-27
114925,Rohan Mehta,Female,45,Bengaluru,Karnataka,2024-04-01
114926,Vivaan Gupta,Male,52,Mumbai,Maharashtra,2024-05-17
114927,Meera Gupta,Female,40,Mumbai,Maharashtra,2023-02-05
114928,Ananya Patel,Male,22,Delhi,Delhi,2024-12-18
114929,Priya Reddy,Male,48,Nagpur,Maharashtra,2023-09-24
114930,Riya Mehta,Male,18,Jaipur,Rajasthan,2024-02-26
114931,Rahul Mishra,Male,29,Noida,Uttar Pradesh,2023-08-10
114932,Neha Gupta,Female,32,Delhi,Delhi,2024-12-29
114933,Kavya Joshi,Female,49,Delhi,Delhi,2023-08-09
114934,Raj Sharma,Male,40,Kolkata,West Bengal,2023-06-30
114935,Neha Mehta,Male,28,Lucknow,Uttar Pradesh,2022-10-05
114936,Sneha Patel,Female,23,Hyderabad,Telangana,2024-07-20
114937,Rahul Sharma,Female,41,Hyderabad,Telangana,2023-05-24
114938,Neha Reddy,Female,27,Hyderabad,Telangana,2023-04-22
114939,Priya Reddy,Male,34,Mumbai,Maharashtra,2023-10-16
114940,Karan Gupta,Female,20,Ahmedabad,Gujarat,2024-03-15
114941,Isha Verma,Male,37,Mumbai,Maharashtra,2023-12-12
114942,Karan Kumar,Male,36,Bengaluru,Karnataka,2022-09-26
114943,Karan Nair,Male,21,Jaipur,Rajasthan,2023-05-07
114944,Kavya Mishra,Male,41,Delhi,Delhi,2022-06-08
114945,Priya Agarwal,Male,37,Ahmedabad,Gujarat,2024-05-02
114946,Sneha Nair,Other,39,Bhopal,Madhya Pradesh,2024-07-18
114947,Rahul Kumar,Male,29,Delhi,Delhi,2024-04-09
114948,Pooja Gupta,Male,34,Kolkata,West Bengal,2022-12-07
114949,Karan Mishra,Male,33,Hyderabad,Telangana,2022-11-15
114950,Riya Mehta,Male,31,Delhi,Delhi,2024-08-27
114951,Riya Das,Female,34,Jaipur,Rajasthan,2023-05-25
114952,Isha Malhotra,Male,43,Kolkata,West Bengal,2023-11-14
114953,Vivaan Mehta,Female,42,Kolkata,West Bengal,2023-04-08
114954,Aarav Iyer,Male,21,Gurugram,Haryana,2023-04-26
114955,Aman Joshi,Female,41,Bengaluru,Karnataka,2023-10-01
114956,Riya Mehta,Female,43,Jaipur,Rajasthan,2022-01-07
114957,Meera Reddy,Female,31,Ahmedabad,Gujarat,2024-03-10
114958,Vikram Gupta,Female,37,Mumbai,Maharashtra,2022-11-20
114959,Vivaan Nair,Female,36,Kochi,Kerala,2022-04-26
114960,Ananya Iyer,Male,24,Bengaluru,Karnataka,2022-08-02
114961,Aditi Iyer,Female,29,Lucknow,Uttar Pradesh,2024-04-21
114962,Vikram Patel,Female,39,Ahmedabad,Gujarat,2024-05-18
114963,Aarav Kumar,Female,28,Pune,Maharashtra,2023-02-03
114964,Aarav Reddy,Male,41,Delhi,Delhi,2023-05-19
114965,Riya Das,Male,44,Bengaluru,Karnataka,2023-07-08
114966,Pooja Iyer,Female,42,Mumbai,Maharashtra,2022-05-02
114967,Rahul Agarwal,Male,50,Pune,Maharashtra,2022-08-27
114968,Karan Malhotra,Male,31,Bengaluru,Karnataka,2023-06-21
114969,Sneha Nair,Male,34,Chennai,Tamil Nadu,2022-09-30
114970,Aditya Mishra,Female,35,Bengaluru,Karnataka,2022-07-08
114971,Ananya Malhotra,Other,31,Delhi,Delhi,2024-02-06
114972,Neha Mehta,Female,37,Bengaluru,Karnataka,2024-03-26
114973,Aman Iyer,Male,18,Kolkata,West Bengal,2023-02-06
114974,Aarav Kumar,Male,34,Ahmedabad,Gujarat,2023-06-08
114975,Karan Reddy,Male,20,Delhi,Delhi,2023-12-05
114976,Ananya Mehta,Female,23,Bengaluru,Karnataka,2022-12-29
114977,Neha Sharma,Female,39,Nagpur,Maharashtra,2024-05-01
114978,Isha Joshi,Male,30,Bengaluru,Karnataka,2023-03-10
114979,Pooja Mishra,Female,38,Noida,Uttar Pradesh,2024-04-01
114980,Neha Agarwal,Female,30,Pune,Maharashtra,2022-12-17
114981,Ananya Kumar,Male,42,Delhi,Delhi,2024-12-17
114982,Aman Gupta,Male,30,Kolkata,West Bengal,2024-05-09
114983,Sneha Das,Other,18,Coimbatore,Tamil Nadu,2023-01-08
114984,Aditya Malhotra,Male,34,Indore,Madhya Pradesh,2023-03-21
114985,Aarav Singh,Female,18,Lucknow,Uttar Pradesh,2023-02-04
114986,Riya Patel,Male,19,Pune,Maharashtra,2024-01-17
114987,Rahul Das,Female,24,Bengaluru,Karnataka,2024-07-29
114988,Rohan Agarwal,Female,23,Bengaluru,Karnataka,2022-03-07
114989,Karan Das,Female,27,Bengaluru,Karnataka,2023-08-04
114990,Priya Nair,Female,23,Patna,Bihar,2023-07-20
114991,Rahul Agarwal,Female,19,Mumbai,Maharashtra,2023-06-30
114992,Karan Gupta,Female,46,Hyderabad,Telangana,2024-01-16
114993,Vivaan Nair,Male,26,Hyderabad,Telangana,2024-01-14
114994,Rohan Gupta,Male,18,Hyderabad,Telangana,2022-08-29
114995,Rahul Agarwal,Female,29,Delhi,Delhi,2023-09-20
114996,Arjun Verma,Female,22,Bengaluru,Karnataka,2023-02-21
114997,Aditya Das,Male,24,Pune,Maharashtra,2023-07-09
114998,Neha Das,Male,38,Ahmedabad,Gujarat,2023-08-18
114999,Aditi Reddy,Female,28,Chennai,Tamil Nadu,2022-10-29
115000,Isha Mehta,Male,22,Hyderabad,Telangana,2022-06-22
100405,Karan Verma,Male,35,Bengaluru,Karnataka,2023-02-16
105222,Riya Joshi,Male,27,Kolkata,West Bengal,2022-05-27
103358,Kavya Kumar,Male,23,Ahmedabad,Gujarat,2022-10-05
107337,Arjun Joshi,Male,34,Delhi,Delhi,2022-06-22
108314,Pooja Singh,Female,29,Mumbai,Maharashtra,2022-01-16
107717,Sneha Kumar,Male,40,Mumbai,Maharashtra,2022-03-16
105944,Priya Mishra,Female,36,Ahmedabad,Gujarat,2023-05-11
114690,Rohan Sharma,Male,45,Mumbai,Maharashtra,2022-03-29
100101,Isha Das,Male,54,Chennai,Tamil Nadu,2024-03-20
111415,Aarav Mehta,Male,22,Kolkata,West Bengal,2024-10-12
105018,Aditya Iyer,Male,33,Nagpur,Maharashtra,2022-07-11
108582,Aman Agarwal,Female,23,Lucknow,Uttar Pradesh,2022-12-20
104702,Ananya Gupta,Male,24,Hyderabad,Telangana,2024-05-02
108549,Rohan Nair,Male,29,Bengaluru,Karnataka,2024-04-19
100155,Isha Singh,Other,20,Chandigarh,Chandigarh,2024-02-06
103272,Aman Verma,Male,39,Coimbatore,Tamil Nadu,2022-04-30
111983,Aman Malhotra,Female,18,Bhopal,Madhya Pradesh,2022-09-21
105449,Karan Reddy,Female,31,Delhi,Delhi,2023-07-24
101459,Rohan Iyer,Male,28,Gurugram,Haryana,2023-06-26
104155,Meera Singh,Male,18,Noida,Uttar Pradesh,2022-02-02
111241,Kavya Nair,Male,34,Indore,Madhya Pradesh,2024-12-09
113066,Aman Gupta,Female,47,Ahmedabad,Gujarat,2022-03-21
104971,Meera Gupta,Male,19,Delhi,Delhi,2024-06-07
114043,Kavya Agarwal,Female,36,Ahmedabad,Gujarat,2022-06-03
111074,Pooja Agarwal,Male,41,Kolkata,West Bengal,2024-09-21
106640,Aditi Kumar,Male,29,Bengaluru,Karnataka,2024-02-07
106443,Aarav Reddy,Female,18,Ahmedabad,Gujarat,2023-11-12
105656,Neha Mehta,Male,24,Gurugram,Haryana,2024-04-03
112230,Aman Iyer,Male,24,Bengaluru,Karnataka,2023-08-12
100379,Karan Agarwal,Female,45,Delhi,Delhi,2022-12-15
