return_id,order_id,product_id,return_date,return_reason,return_quantity
600001,261336,5239,2025-10-10,Damaged,1
600002,207063,5342,2023-09-06,Not as Expected,1
600003,222381,5080,2023-12-10,Wrong Product,1
600004,285582,5477,2025-11-12,Changed Mind,1
600005,243153,5114,2023-06-10,Size/Fit Issue,1
600006,232120,5096,2025-08-12,Size/Fit Issue,1
600007,249295,5093,2025-11-12,Wrong Product,1
600008,298460,5416,2024-08-28,Changed Mind,1
600009,220797,5249,2024-10-14,Size/Fit Issue,1
600010,262233,5293,2024-05-06,Size/Fit Issue,1
600011,235710,5369,2023-05-23,Not as Expected,1
600012,200903,5207,2024-08-18,Damaged,1
600013,212965,5246,2025-07-16,Size/Fit Issue,1
600014,270045,5089,2024-09-04,Changed Mind,1
600015,213950,5299,2023-06-14,Not as Expected,1
600016,222014,5368,2024-11-15,Size/Fit Issue,1
600017,207871,5373,2023-07-05,Wrong Product,1
600018,231763,5156,2025-10-25,Wrong Product,1
600019,280399,5462,2024-02-23,Not as Expected,1
600020,259290,5400,2026-01-12,Damaged,1
600021,212352,5416,2024-05-17,Not as Expected,1
600022,295914,5420,2026-01-14,Size/Fit Issue,1
600023,299326,5122,2025-02-22,Size/Fit Issue,1
600024,259747,5425,2024-05-06,Not as Expected,1
600025,267198,5416,2025-10-25,Damaged,1
600026,209717,5119,2023-08-20,Not as Expected,1
600027,202486,5301,2024-02-04,Wrong Product,1
600028,234077,5246,2023-05-05,Changed Mind,1
600029,212898,5429,2024-06-18,Not as Expected,1
600030,263583,5203,2023-09-02,Damaged,1
600031,204671,5164,2024-07-04,Size/Fit Issue,1
600032,250104,5390,2025-12-15,Damaged,1
600033,247763,5053,2024-09-30,Not as Expected,1
600034,261898,5265,2025-05-14,Wrong Product,1
600035,213186,5213,2025-07-03,Damaged,1
600036,226796,5404,2024-12-19,Wrong Product,1
600037,220643,5218,2025-08-20,Wrong Product,1
600038,265175,5061,2023-11-18,Not as Expected,1
600039,204735,5107,2025-08-27,Not as Expected,1
600040,207275,5167,2025-02-11,Size/Fit Issue,1
600041,206687,5456,2025-02-18,Damaged,1
600042,280564,5218,2025-03-22,Damaged,1
600043,219370,5178,2023-11-23,Changed Mind,1
600044,217487,5188,2025-03-18,Wrong Product,1
600045,278429,5315,2025-10-06,Changed Mind,1
600046,224436,5257,2024-07-14,Changed Mind,1
600047,268210,5387,2025-02-28,Size/Fit Issue,1
600048,211010,5223,2025-05-08,Not as Expected,1
600049,255857,5100,2023-09-21,Damaged,1
600050,255207,5066,2023-08-22,Not as Expected,1
600051,281036,5245,2024-09-07,Damaged,1
600052,298046,5183,2024-06-02,Damaged,1
600053,283372,5097,2026-01-05,Damaged,1
600054,226497,5194,2023-12-12,Damaged,1
600055,213451,5178,2023-11-10,Damaged,1
600056,224818,5238,2025-06-21,Not as Expected,1
600057,263932,5054,2023-11-03,Not as Expected,1
600058,256945,5284,2024-11-27,Wrong Product,1
600059,200093,5311,2024-10-21,Size/Fit Issue,1
600060,269452,5158,2024-10-28,Size/Fit Issue,1
600061,275090,5428,2024-09-27,Damaged,1
600062,200673,5027,2024-06-27,Wrong Product,1
600063,242703,5352,2026-01-09,Not as Expected,1
600064,261628,5262,2023-10-19,Wrong Product,1
600065,253321,5402,2023-11-15,Damaged,1
600066,257935,5054,2024-11-15,Size/Fit Issue,1
600067,202115,5343,2025-09-28,Wrong Product,1
600068,247975,5185,2025-11-01,Size/Fit Issue,1
600069,297425,5205,2024-12-11,Wrong Product,1
600070,287117,5017,2023-03-02,Size/Fit Issue,1
600071,216036,5177,2025-02-12,Wrong Product,1
600072,276350,5421,2024-05-24,Changed Mind,1
600073,206759,5287,2025-02-06,Damaged,1
600074,281402,5168,2025-08-28,Not as Expected,1
600075,201120,5222,2024-10-25,Not as Expected,1
600076,255869,5326,2023-09-15,Damaged,1
600077,209787,5196,2025-11-06,Size/Fit Issue,1
600078,251260,5444,2025-12-11,Damaged,1
600079,255048,5215,2025-06-30,Damaged,1
600080,223421,5381,2024-12-25,Wrong Product,1
600081,211353,5291,2025-08-07,Changed Mind,1
600082,262970,5448,2025-01-03,Not as Expected,1
600083,256244,5374,2025-10-08,Not as Expected,1
600084,200741,5369,2023-11-09,Wrong Product,1
600085,214281,5275,2024-08-11,Not as Expected,1
600086,268603,5301,2024-05-03,Size/Fit Issue,1
600087,212885,5423,2024-05-17,Size/Fit Issue,1
600088,212622,5272,2025-11-07,Wrong Product,1
600089,214132,5377,2024-09-08,Damaged,1
600090,246273,5254,2025-05-29,Wrong Product,1
600091,257323,5394,2024-07-12,Damaged,1
600092,265353,5171,2024-01-18,Size/Fit Issue,1
600093,217118,5011,2025-01-04,Not as Expected,1
600094,212996,5031,2024-09-11,Damaged,1
600095,282401,5340,2025-11-11,Wrong Product,1
600096,268324,5007,2025-04-30,Wrong Product,1
600097,219577,5384,2024-06-08,Wrong Product,1
600098,232064,5027,2025-08-01,Damaged,1
600099,208848,5430,2025-02-17,Not as Expected,1
600100,251390,5163,2023-11-29,Damaged,1
600101,281490,5394,2024-07-31,Changed Mind,1
600102,225360,5432,2025-01-23,Changed Mind,1
600103,212092,5356,2025-02-28,Size/Fit Issue,1
600104,274092,5283,2025-09-17,Not as Expected,1
600105,265502,5133,2023-04-21,Not as Expected,1
600106,245304,5200,2025-09-30,Size/Fit Issue,1
600107,230936,5286,2025-09-24,Damaged,2
600108,285979,5079,2023-07-14,Not as Expected,1
600109,293301,5462,2023-08-22,Damaged,1
600110,225361,5405,2024-07-24,Size/Fit Issue,1
600111,205261,5219,2025-11-08,Damaged,1
600112,200133,5188,2024-10-27,Damaged,1
600113,280843,5428,2023-12-28,Size/Fit Issue,1
600114,257429,5252,2023-08-06,Not as Expected,1
600115,202507,5313,2025-10-13,Damaged,1
600116,236133,5098,2024-12-06,Not as Expected,1
600117,247796,5166,2024-12-20,Size/Fit Issue,1
600118,222526,5444,2024-08-17,Size/Fit Issue,1
600119,212459,5439,2025-11-06,Wrong Product,1
600120,285577,5006,2023-09-02,Wrong Product,1
600121,285663,5380,2023-04-04,Changed Mind,1
600122,217844,5129,2023-12-28,Changed Mind,1
600123,254624,5253,2025-04-07,Size/Fit Issue,1
600124,242178,5157,2025-01-25,Damaged,1
600125,270745,5375,2023-10-24,Damaged,1
600126,220581,5460,2025-12-15,Changed Mind,1
600127,233005,5166,2023-09-17,Wrong Product,1
600128,225607,5250,2024-03-14,Changed Mind,1
600129,237519,5105,2025-11-25,Not as Expected,1
600130,262539,5110,2025-02-05,Not as Expected,1
600131,268239,5182,2025-10-09,Damaged,2
600132,220059,5344,2024-06-09,Size/Fit Issue,1
600133,276417,5095,2025-03-15,Damaged,1
600134,272776,5076,2025-03-02,Damaged,2
600135,250891,5027,2024-12-23,Damaged,1
600136,205432,5155,2024-04-21,Changed Mind,1
600137,268839,5415,2025-01-30,Size/Fit Issue,1
600138,287316,5065,2025-03-19,Wrong Product,1
600139,279996,5265,2024-03-09,Size/Fit Issue,1
600140,264775,5335,2023-07-01,Not as Expected,1
600141,209413,5075,2023-09-18,Not as Expected,1
600142,251235,5198,2025-11-18,Not as Expected,1
600143,271560,5111,2024-09-11,Changed Mind,2
600144,239842,5403,2025-09-07,Not as Expected,1
600145,273690,5203,2023-07-01,Changed Mind,1
600146,266007,5304,2025-01-04,Not as Expected,1
600147,235770,5023,2024-09-01,Size/Fit Issue,1
600148,285357,5294,2025-02-13,Damaged,1
600149,213374,5135,2025-06-19,Size/Fit Issue,1
600150,297362,5245,2025-01-03,Damaged,1
600151,299662,5460,2025-10-13,Wrong Product,1
600152,238815,5115,2023-04-27,Damaged,1
600153,222738,5174,2025-03-22,Changed Mind,1
600154,208688,5317,2025-04-17,Changed Mind,1
600155,270179,5329,2024-02-23,Damaged,1
600156,214975,5303,2025-05-23,Size/Fit Issue,1
600157,237876,5407,2024-04-04,Changed Mind,1
600158,281277,5119,2023-03-03,Size/Fit Issue,1
600159,242168,5429,2025-12-27,Size/Fit Issue,1
600160,279120,5096,2026-01-15,Changed Mind,1
600161,283502,5393,2025-11-24,Size/Fit Issue,1
600162,243278,5344,2023-04-05,Wrong Product,1
600163,221323,5389,2025-04-29,Not as Expected,1
600164,215801,5402,2025-09-15,Damaged,1
600165,223138,5354,2024-08-21,Size/Fit Issue,1
600166,284099,5197,2024-02-22,Changed Mind,1
600167,268762,5323,2024-02-05,Not as Expected,1
600168,218279,5345,2025-11-15,Not as Expected,1
600169,278791,5123,2023-05-17,Damaged,1
600170,231668,5450,2023-02-19,Size/Fit Issue,1
600171,266623,5453,2025-07-02,Wrong Product,1
600172,226830,5191,2024-07-22,Not as Expected,1
600173,241606,5132,2025-03-30,Not as Expected,1
600174,211326,5290,2024-07-29,Changed Mind,1
600175,287292,5414,2024-01-07,Not as Expected,1
600176,232507,5294,2024-04-05,Wrong Product,1
600177,262145,5236,2023-12-08,Not as Expected,1
600178,221478,5260,2025-12-22,Changed Mind,1
600179,213467,5144,2025-12-22,Damaged,1
600180,260618,5310,2024-08-31,Wrong Product,1
600181,286300,5191,2023-11-28,Wrong Product,1
600182,264520,5408,2024-06-22,Damaged,1
600183,293798,5339,2023-06-28,Wrong Product,1
600184,250883,5284,2025-11-29,Damaged,2
600185,229477,5066,2024-06-17,Not as Expected,1
600186,236246,5298,2025-04-11,Size/Fit Issue,1
600187,294655,5074,2023-06-28,Damaged,1
600188,240601,5162,2025-09-01,Size/Fit Issue,1
600189,223266,5235,2024-09-18,Wrong Product,1
600190,289461,5475,2023-08-31,Size/Fit Issue,1
600191,251709,5360,2024-06-10,Changed Mind,1
600192,227998,5175,2024-07-17,Size/Fit Issue,1
600193,224894,5373,2024-10-10,Size/Fit Issue,1
600194,207543,5200,2023-12-12,Changed Mind,1
600195,274469,5238,2024-09-26,Wrong Product,1
600196,232912,5103,2023-10-14,Not as Expected,1
600197,275443,5323,2024-12-16,Damaged,1
600198,236387,5176,2024-04-01,Size/Fit Issue,1
600199,202044,5059,2025-09-14,Not as Expected,1
600200,272534,5147,2023-02-28,Size/Fit Issue,1
600201,244600,5111,2025-04-20,Wrong Product,1
600202,229382,5268,2025-02-27,Size/Fit Issue,1
600203,287369,5047,2023-07-21,Size/Fit Issue,1
600204,241894,5149,2024-08-17,Size/Fit Issue,1
600205,223897,5371,2023-06-30,Size/Fit Issue,1
600206,273584,5418,2023-07-20,Damaged,1
600207,250524,5045,2024-11-01,Damaged,1
600208,273934,5017,2024-01-18,Damaged,1
600209,221529,5454,2026-01-10,Not as Expected,1
600210,227870,5282,2023-07-29,Wrong Product,1
600211,269761,5154,2024-01-21,Size/Fit Issue,1
600212,282287,5345,2025-08-07,Wrong Product,1
600213,247591,5184,2025-09-26,Not as Expected,1
600214,245327,5010,2024-05-06,Not as Expected,1
600215,273200,5221,2023-01-24,Size/Fit Issue,1
600216,284879,5109,2023-06-09,Damaged,1
600217,245310,5294,2023-07-05,Not as Expected,1
600218,213152,5429,2024-03-07,Size/Fit Issue,1
600219,225155,5258,2025-03-10,Damaged,1
600220,251121,5283,2024-11-09,Size/Fit Issue,1
600221,222692,5214,2023-11-09,Not as Expected,1
600222,287697,5373,2024-10-25,Size/Fit Issue,1
600223,240775,5076,2025-10-13,Damaged,1
600224,288525,5163,2025-11-05,Not as Expected,1
600225,239940,5263,2025-10-10,Changed Mind,1
600226,241232,5443,2024-12-10,Size/Fit Issue,1
600227,260334,5464,2023-03-17,Size/Fit Issue,1
600228,262001,5331,2023-03-16,Not as Expected,1
600229,279749,5063,2023-11-11,Changed Mind,1
600230,276747,5063,2025-09-13,Size/Fit Issue,1
600231,291786,5157,2024-09-30,Size/Fit Issue,1
600232,202227,5206,2025-04-16,Wrong Product,1
600233,209459,5432,2025-12-31,Size/Fit Issue,1
600234,296011,5341,2023-08-30,Changed Mind,1
600235,246711,5128,2025-04-10,Size/Fit Issue,1
600236,258972,5366,2023-02-11,Size/Fit Issue,1
600237,216362,5205,2024-08-04,Changed Mind,1
600238,253569,5319,2024-08-30,Size/Fit Issue,1
600239,264188,5247,2025-07-25,Size/Fit Issue,1
600240,234767,5071,2024-08-29,Wrong Product,1
600241,279889,5001,2026-01-10,Size/Fit Issue,1
600242,241907,5422,2023-05-02,Wrong Product,1
600243,270917,5330,2025-08-26,Size/Fit Issue,1
600244,253741,5128,2025-06-20,Not as Expected,1
600245,215362,5403,2025-08-08,Wrong Product,1
600246,282482,5071,2025-04-05,Size/Fit Issue,1
600247,266922,5326,2025-02-25,Not as Expected,1
600248,286947,5220,2024-06-08,Changed Mind,1
600249,289350,5022,2023-05-29,Changed Mind,1
600250,279824,5110,2025-07-06,Damaged,1
600251,254101,5151,2024-09-17,Not as Expected,1
600252,253351,5275,2024-02-04,Not as Expected,1
600253,299241,5302,2025-07-13,Wrong Product,1
600254,236486,5094,2025-05-10,Wrong Product,1
600255,264305,5095,2023-11-18,Wrong Product,1
600256,215060,5107,2024-11-26,Damaged,1
600257,297180,5036,2023-07-31,Damaged,1
600258,242462,5423,2023-11-17,Size/Fit Issue,1
600259,265125,5351,2023-10-16,Damaged,1
600260,210406,5311,2024-10-28,Damaged,1
600261,218160,5335,2025-11-12,Not as Expected,1
600262,275786,5341,2025-07-13,Size/Fit Issue,1
600263,201263,5470,2025-07-23,Not as Expected,1
600264,289613,5103,2024-11-02,Not as Expected,1
600265,225417,5356,2024-03-25,Size/Fit Issue,1
600266,259396,5062,2025-02-09,Size/Fit Issue,1
600267,262091,5363,2024-01-27,Changed Mind,1
600268,297387,5353,2024-10-17,Not as Expected,1
600269,270816,5381,2025-12-19,Size/Fit Issue,1
600270,249730,5238,2024-01-20,Damaged,1
600271,202377,5223,2023-09-11,Size/Fit Issue,1
600272,208575,5094,2025-11-18,Wrong Product,1
600273,228936,5460,2025-10-05,Damaged,1
600274,232573,5140,2025-07-22,Size/Fit Issue,1
600275,258971,5049,2024-07-26,Damaged,1
600276,254456,5016,2024-01-26,Damaged,1
600277,295725,5455,2024-09-14,Size/Fit Issue,1
600278,299063,5267,2024-03-19,Damaged,1
600279,220032,5073,2025-04-20,Size/Fit Issue,1
600280,208544,5284,2023-12-24,Not as Expected,1
600281,281593,5454,2023-10-03,Damaged,1
600282,268543,5257,2025-10-23,Wrong Product,1
600283,224055,5421,2024-05-21,Damaged,1
600284,241385,5416,2024-06-07,Size/Fit Issue,1
600285,220293,5251,2024-10-28,Size/Fit Issue,1
600286,261486,5216,2023-11-19,Not as Expected,1
600287,223972,5395,2024-10-19,Not as Expected,1
600288,201141,5091,2025-11-10,Changed Mind,1
600289,209369,5412,2025-10-01,Size/Fit Issue,1
600290,282429,5037,2024-01-08,Not as Expected,1
600291,210274,5444,2024-07-12,Wrong Product,1
600292,287849,5227,2024-11-30,Wrong Product,1
600293,220323,5402,2024-07-27,Size/Fit Issue,1
600294,282630,5191,2024-03-08,Size/Fit Issue,1
600295,294985,5228,2025-09-28,Not as Expected,1
600296,226860,5058,2025-10-10,Wrong Product,1
600297,239802,5292,2025-02-25,Damaged,1
600298,236741,5301,2025-11-16,Not as Expected,1
600299,262003,5052,2024-06-27,Size/Fit Issue,1
600300,267036,5128,2024-08-04,Damaged,1
600301,227619,5165,2024-07-24,Changed Mind,1
600302,240652,5025,2024-06-12,Not as Expected,1
600303,245579,5067,2025-07-16,Not as Expected,1
600304,239828,5051,2024-10-08,Size/Fit Issue,1
600305,217901,5476,2025-01-04,Changed Mind,1
600306,248543,5231,2025-06-18,Damaged,1
600307,225252,5392,2023-09-28,Damaged,1
600308,216818,5319,2023-08-19,Damaged,1
600309,234631,5203,2025-05-19,Not as Expected,1
600310,257916,5060,2024-06-13,Size/Fit Issue,1
600311,258721,5196,2025-05-01,Size/Fit Issue,1
600312,203186,5131,2025-09-21,Size/Fit Issue,1
600313,239536,5321,2023-02-25,Size/Fit Issue,1
600314,224557,5264,2025-06-11,Not as Expected,1
600315,296387,5098,2023-11-28,Size/Fit Issue,1
600316,207195,5351,2025-12-02,Wrong Product,1
600317,236844,5299,2024-08-27,Wrong Product,1
600318,289752,5334,2025-05-16,Damaged,1
600319,226837,5339,2025-10-13,Not as Expected,1
600320,202611,5323,2023-12-15,Not as Expected,1
600321,218828,5259,2023-05-03,Size/Fit Issue,1
600322,221426,5306,2024-11-12,Changed Mind,1
600323,262171,5323,2025-08-04,Size/Fit Issue,1
600324,224915,5382,2025-05-09,Changed Mind,1
600325,246497,5146,2025-02-22,Size/Fit Issue,1
600326,242594,5011,2024-01-24,Size/Fit Issue,1
600327,202987,5474,2025-08-27,Size/Fit Issue,1
600328,262341,5279,2024-11-13,Not as Expected,1
600329,229668,5343,2024-10-28,Damaged,1
600330,295867,5407,2024-07-26,Not as Expected,1
600331,266745,5116,2023-09-10,Changed Mind,1
600332,255275,5258,2023-11-14,Damaged,1
600333,299934,5276,2023-05-14,Size/Fit Issue,1
600334,223701,5444,2025-09-29,Damaged,1
600335,263513,5158,2025-03-07,Not as Expected,1
600336,284209,5038,2025-10-05,Changed Mind,1
600337,270122,5075,2023-05-07,Wrong Product,1
600338,245351,5456,2025-09-28,Changed Mind,1
600339,212894,5232,2024-02-21,Not as Expected,1
600340,270815,5002,2025-05-28,Not as Expected,1
600341,291832,5307,2025-11-11,Wrong Product,1
600342,296945,5446,2025-10-01,Changed Mind,1
600343,234573,5414,2025-04-26,Changed Mind,1
600344,209493,5236,2025-11-05,Damaged,1
600345,271848,5041,2024-04-28,Wrong Product,1
600346,288067,5419,2023-04-25,Not as Expected,1
600347,265835,5342,2025-05-28,Damaged,1
600348,288974,5026,2023-06-12,Not as Expected,1
600349,297628,5132,2024-09-21,Damaged,1
600350,218063,5293,2024-11-06,Not as Expected,1
600351,279151,5226,2023-12-09,Not as Expected,1
600352,290239,5038,2025-07-29,Not as Expected,1
600353,262468,5429,2024-12-18,Wrong Product,1
600354,240988,5310,2024-10-09,Size/Fit Issue,1
600355,221365,5428,2024-02-07,Wrong Product,1
600356,266676,5130,2023-03-05,Size/Fit Issue,1
600357,288847,5320,2024-04-14,Changed Mind,1
600358,262833,5061,2023-05-22,Wrong Product,1
600359,235445,5138,2025-09-11,Size/Fit Issue,1
600360,210771,5477,2024-06-12,Wrong Product,1
600361,250701,5182,2024-11-29,Not as Expected,1
600362,294046,5023,2025-09-11,Wrong Product,1
600363,285626,5098,2023-04-28,Wrong Product,1
600364,233491,5044,2023-12-17,Size/Fit Issue,1
600365,292874,5282,2024-05-08,Wrong Product,1
600366,274146,5379,2026-01-03,Changed Mind,1
600367,286838,5013,2024-04-28,Not as Expected,1
600368,276353,5385,2023-05-24,Size/Fit Issue,1
600369,290344,5251,2023-02-08,Size/Fit Issue,1
600370,201466,5415,2024-06-25,Size/Fit Issue,1
600371,224867,5256,2024-11-04,Not as Expected,1
600372,244620,5031,2025-06-19,Damaged,1
600373,219046,5093,2025-02-28,Damaged,1
600374,287696,5223,2024-01-06,Damaged,1
600375,265182,5265,2024-04-22,Damaged,1
600376,269427,5390,2023-12-24,Size/Fit Issue,1
600377,282007,5182,2024-08-13,Size/Fit Issue,1
600378,262421,5450,2023-11-28,Changed Mind,1
600379,227772,5353,2024-07-24,Damaged,1
600380,291187,5093,2024-02-07,Changed Mind,1
600381,247075,5379,2025-01-12,Size/Fit Issue,1
600382,244798,5472,2023-03-30,Wrong Product,1
600383,281968,5128,2025-02-11,Not as Expected,1
600384,290007,5295,2023-04-29,Not as Expected,1
600385,229200,5314,2024-05-04,Damaged,2
600386,260925,5052,2024-02-04,Damaged,1
600387,283758,5355,2024-05-31,Not as Expected,1
600388,226199,5211,2024-12-12,Not as Expected,1
600389,228429,5252,2023-09-12,Not as Expected,1
600390,214716,5308,2025-12-07,Not as Expected,1
600391,263042,5114,2025-10-19,Size/Fit Issue,1
600392,272461,5102,2023-11-07,Damaged,1
600393,260115,5434,2024-06-24,Damaged,1
600394,280659,5249,2024-11-27,Size/Fit Issue,1
600395,237430,5358,2024-07-10,Size/Fit Issue,1
600396,231382,5065,2025-09-10,Not as Expected,1
600397,202921,5445,2023-07-01,Damaged,1
600398,222297,5472,2024-06-29,Size/Fit Issue,1
600399,280480,5220,2023-12-30,Size/Fit Issue,1
600400,213445,5306,2023-10-03,Changed Mind,1
600401,225871,5034,2024-04-09,Not as Expected,1
600402,256528,5190,2024-05-05,Wrong Product,1
600403,275420,5318,2025-01-23,Not as Expected,1
600404,203396,5052,2024-09-07,Wrong Product,1
600405,249498,5472,2023-07-05,Damaged,1
600406,200951,5088,2025-04-15,Damaged,1
600407,252529,5215,2023-04-16,Damaged,1
600408,217426,5077,2025-08-14,Not as Expected,1
600409,260677,5145,2024-02-19,Size/Fit Issue,1
600410,222158,5282,2025-07-26,Changed Mind,1
600411,200723,5199,2023-09-15,Wrong Product,1
600412,274314,5468,2025-10-10,Size/Fit Issue,1
600413,239638,5453,2025-01-19,Not as Expected,1
600414,272450,5166,2023-09-22,Changed Mind,1
600415,272305,5114,2024-02-17,Size/Fit Issue,1
600416,220053,5366,2025-08-26,Damaged,1
600417,204916,5446,2024-02-10,Not as Expected,1
600418,294328,5075,2023-07-14,Size/Fit Issue,1
600419,224110,5267,2023-08-29,Damaged,1
600420,276338,5223,2024-12-23,Size/Fit Issue,1
600421,282772,5062,2025-03-31,Damaged,1
600422,276686,5019,2023-10-16,Size/Fit Issue,1
600423,278247,5161,2023-08-05,Damaged,1
600424,248488,5066,2025-11-01,Size/Fit Issue,1
600425,226089,5147,2025-12-16,Size/Fit Issue,1
600426,257337,5247,2024-04-06,Not as Expected,1
600427,256806,5453,2025-10-20,Changed Mind,1
600428,225294,5010,2025-08-10,Not as Expected,1
600429,277225,5462,2024-09-09,Wrong Product,1
600430,223811,5244,2023-02-14,Size/Fit Issue,1
600431,241033,5252,2025-03-28,Size/Fit Issue,1
600432,296319,5119,2023-06-05,Damaged,1
600433,260377,5084,2024-01-07,Wrong Product,1
600434,201870,5205,2023-02-15,Size/Fit Issue,1
600435,222150,5451,2025-05-15,Size/Fit Issue,1
600436,236137,5047,2023-04-10,Changed Mind,1
600437,282517,5395,2024-07-12,Changed Mind,1
600438,275852,5183,2024-04-23,Changed Mind,1
600439,241609,5423,2024-02-18,Changed Mind,1
600440,227791,5075,2026-01-06,Not as Expected,1
600441,242875,5167,2024-07-17,Size/Fit Issue,1
600442,249527,5084,2025-10-09,Not as Expected,1
600443,290338,5025,2025-01-25,Size/Fit Issue,1
600444,268148,5215,2023-08-29,Wrong Product,1
600445,250494,5188,2026-01-05,Size/Fit Issue,1
600446,225669,5029,2023-12-05,Not as Expected,1
600447,280817,5318,2025-05-22,Changed Mind,1
600448,280264,5026,2023-12-24,Damaged,1
600449,232411,5240,2023-08-30,Changed Mind,1
600450,203543,5114,2024-11-17,Not as Expected,1
600451,220803,5395,2023-10-06,Wrong Product,1
600452,274460,5023,2024-08-23,Size/Fit Issue,1
600453,231913,5079,2024-03-03,Wrong Product,1
600454,265350,5466,2024-09-13,Changed Mind,1
600455,282000,5127,2024-01-04,Not as Expected,1
600456,225513,5373,2025-08-15,Size/Fit Issue,1
600457,245474,5273,2023-11-30,Damaged,1
600458,239591,5405,2024-03-21,Damaged,1
600459,268078,5400,2025-07-03,Not as Expected,1
600460,222649,5225,2023-02-13,Wrong Product,1
600461,283285,5214,2025-10-09,Not as Expected,1
600462,270721,5296,2023-05-04,Changed Mind,1
600463,243453,5371,2025-03-28,Damaged,1
600464,260363,5243,2024-02-06,Size/Fit Issue,1
600465,223087,5374,2024-05-31,Wrong Product,1
600466,232007,5301,2024-10-18,Damaged,1
600467,240614,5229,2024-12-26,Not as Expected,1
600468,268553,5133,2023-07-11,Changed Mind,1
600469,213178,5285,2025-03-30,Size/Fit Issue,1
600470,255935,5203,2024-10-17,Not as Expected,1
600471,231633,5403,2023-07-14,Changed Mind,1
600472,226218,5348,2025-03-15,Not as Expected,1
600473,251402,5077,2023-07-15,Wrong Product,1
600474,219060,5043,2025-06-28,Not as Expected,1
600475,219628,5226,2025-06-24,Changed Mind,1
600476,206859,5437,2025-02-09,Wrong Product,1
600477,208061,5430,2023-06-08,Not as Expected,1
600478,266425,5160,2025-07-15,Wrong Product,1
600479,286073,5252,2023-10-24,Wrong Product,1
600480,258805,5236,2024-01-02,Size/Fit Issue,1
600481,255148,5097,2024-12-01,Damaged,1
600482,213852,5182,2025-06-27,Changed Mind,1
600483,235338,5245,2025-08-22,Not as Expected,1
600484,207771,5093,2024-09-07,Wrong Product,1
600485,286212,5367,2023-10-27,Damaged,1
600486,235130,5046,2025-05-10,Wrong Product,1
600487,292087,5071,2024-06-04,Size/Fit Issue,1
600488,267233,5224,2026-01-14,Not as Expected,1
600489,207253,5222,2025-02-10,Damaged,1
600490,218536,5375,2024-08-14,Size/Fit Issue,1
600491,218756,5232,2025-11-20,Size/Fit Issue,1
600492,282153,5260,2024-10-23,Size/Fit Issue,1
600493,210676,5122,2025-02-13,Not as Expected,1
600494,234317,5466,2024-06-09,Size/Fit Issue,1
600495,210674,5396,2024-09-05,Not as Expected,1
600496,267479,5231,2024-02-07,Not as Expected,1
600497,276502,5162,2024-09-29,Not as Expected,1
600498,217509,5216,2025-07-25,Size/Fit Issue,1
600499,229194,5013,2024-09-10,Not as Expected,1
600500,214380,5017,2024-07-18,Not as Expected,1
600501,269060,5107,2025-05-09,Damaged,1
600502,253385,5005,2025-01-24,Changed Mind,1
600503,257275,5457,2024-01-29,Size/Fit Issue,1
600504,268251,5388,2025-04-16,Damaged,1
600505,204128,5055,2024-02-03,Changed Mind,1
600506,260657,5274,2023-12-29,Damaged,1
600507,221304,5015,2024-09-23,Changed Mind,1
600508,246878,5019,2024-12-29,Not as Expected,1
600509,258384,5110,2023-09-28,Wrong Product,1
600510,211126,5111,2025-01-26,Size/Fit Issue,1
600511,250243,5157,2023-08-07,Size/Fit Issue,1
600512,245308,5343,2025-09-16,Wrong Product,1
600513,244536,5200,2025-01-27,Damaged,1
600514,266186,5283,2024-01-16,Damaged,1
600515,222255,5137,2025-09-27,Damaged,1
600516,211737,5348,2024-04-21,Not as Expected,1
600517,236199,5099,2024-10-25,Size/Fit Issue,1
600518,213885,5195,2024-09-16,Size/Fit Issue,2
600519,267526,5220,2023-11-07,Not as Expected,1
600520,246114,5435,2023-04-01,Not as Expected,1
600521,273058,5097,2025-12-14,Not as Expected,1
600522,291923,5099,2024-05-11,Damaged,1
600523,255781,5389,2023-05-14,Changed Mind,1
600524,281906,5440,2024-09-03,Size/Fit Issue,1
600525,254854,5131,2024-08-17,Changed Mind,1
600526,221320,5087,2023-06-24,Damaged,1
600527,265954,5127,2023-01-21,Size/Fit Issue,1
600528,222579,5134,2023-03-29,Size/Fit Issue,1
600529,292141,5175,2025-07-15,Size/Fit Issue,1
600530,271232,5017,2025-07-30,Wrong Product,1
600531,237070,5369,2024-11-25,Changed Mind,1
600532,220620,5121,2025-01-21,Not as Expected,1
600533,252201,5114,2025-10-10,Changed Mind,1
600534,280953,5170,2025-05-27,Size/Fit Issue,1
600535,288656,5380,2024-04-30,Size/Fit Issue,1
600536,255836,5195,2023-03-07,Changed Mind,1
600537,278072,5365,2026-01-04,Changed Mind,1
600538,236327,5459,2025-12-09,Size/Fit Issue,1
600539,288721,5183,2025-04-17,Wrong Product,1
600540,243016,5259,2025-10-17,Damaged,1
600541,244020,5270,2023-08-15,Size/Fit Issue,1
600542,223007,5209,2025-07-19,Damaged,1
600543,223687,5360,2026-01-15,Size/Fit Issue,1
600544,262993,5382,2025-10-17,Not as Expected,1
600545,205701,5304,2024-05-27,Damaged,1
600546,278482,5428,2025-08-23,Wrong Product,1
600547,222950,5003,2024-10-28,Wrong Product,1
600548,259124,5380,2023-11-18,Wrong Product,1
600549,261909,5023,2024-05-08,Not as Expected,1
600550,221847,5170,2024-01-15,Changed Mind,1
600551,254856,5234,2024-02-04,Size/Fit Issue,1
600552,234126,5355,2025-02-22,Size/Fit Issue,1
600553,252963,5218,2025-09-22,Wrong Product,1
600554,210889,5441,2024-06-28,Wrong Product,1
600555,253807,5042,2025-05-16,Not as Expected,1
600556,207824,5173,2024-03-05,Damaged,1
600557,261563,5294,2024-09-06,Not as Expected,1
600558,263136,5331,2025-12-03,Size/Fit Issue,1
600559,242547,5428,2025-01-09,Size/Fit Issue,1
600560,281521,5076,2023-04-10,Wrong Product,1
600561,282388,5123,2024-07-15,Size/Fit Issue,1
600562,221660,5205,2025-11-01,Not as Expected,1
600563,206218,5185,2025-08-06,Not as Expected,1
600564,299140,5012,2024-11-09,Size/Fit Issue,1
600565,254590,5219,2025-03-20,Size/Fit Issue,1
600566,291847,5410,2024-09-23,Wrong Product,1
600567,296163,5307,2023-04-02,Damaged,1
600568,238050,5135,2024-12-21,Size/Fit Issue,1
600569,212434,5027,2023-03-26,Changed Mind,1
600570,234711,5111,2023-01-19,Changed Mind,1
600571,209719,5325,2024-07-10,Not as Expected,2
600572,228488,5184,2025-01-16,Wrong Product,1
600573,266776,5017,2024-12-06,Not as Expected,1
600574,248840,5221,2025-04-19,Wrong Product,1
600575,294541,5120,2024-09-26,Not as Expected,1
600576,248018,5397,2025-12-17,Not as Expected,1
600577,228044,5277,2024-07-05,Wrong Product,1
600578,272146,5107,2023-04-23,Damaged,1
600579,233215,5162,2025-07-24,Damaged,1
600580,228120,5427,2024-05-24,Not as Expected,1
600581,282452,5381,2024-06-18,Damaged,1
600582,259903,5169,2024-07-19,Changed Mind,1
600583,207113,5355,2024-03-01,Not as Expected,1
600584,221472,5081,2024-09-14,Damaged,1
600585,280536,5318,2026-01-15,Wrong Product,1
600586,289915,5382,2023-03-31,Changed Mind,1
600587,208692,5127,2025-03-17,Changed Mind,1
600588,226995,5125,2023-09-20,Not as Expected,1
600589,273048,5013,2025-10-09,Changed Mind,1
600590,213317,5322,2025-06-02,Damaged,1
600591,265784,5429,2024-06-06,Not as Expected,1
600592,223973,5402,2024-08-01,Size/Fit Issue,1
600593,273172,5184,2025-04-17,Size/Fit Issue,1
600594,285848,5200,2025-02-11,Size/Fit Issue,1
600595,204763,5475,2024-11-13,Changed Mind,1
600596,223160,5191,2025-09-08,Not as Expected,1
600597,281245,5002,2023-07-17,Damaged,1
600598,253146,5347,2025-10-17,Wrong Product,1
600599,231808,5360,2023-08-04,Size/Fit Issue,1
600600,233358,5155,2025-12-15,Wrong Product,1
600601,261196,5204,2023-12-18,Size/Fit Issue,1
600602,226496,5399,2025-05-29,Damaged,1
600603,230072,5038,2024-03-18,Size/Fit Issue,1
600604,278260,5105,2025-01-05,Wrong Product,1
600605,250082,5413,2025-04-05,Wrong Product,1
600606,205951,5241,2025-10-11,Damaged,1
600607,202913,5206,2023-05-12,Damaged,1
600608,270799,5289,2024-10-31,Not as Expected,1
600609,227306,5075,2025-07-21,Wrong Product,1
600610,291788,5027,2023-08-15,Damaged,1
600611,243623,5227,2024-02-16,Changed Mind,1
600612,229556,5387,2025-12-06,Size/Fit Issue,1
600613,210608,5108,2023-09-27,Changed Mind,1
600614,271372,5323,2023-09-20,Not as Expected,1
600615,279058,5054,2025-06-26,Size/Fit Issue,1
600616,284767,5423,2025-06-18,Damaged,1
600617,234934,5358,2024-06-05,Size/Fit Issue,1
600618,231343,5310,2023-12-24,Size/Fit Issue,1
600619,266382,5293,2025-01-26,Wrong Product,1
600620,286312,5060,2024-03-25,Size/Fit Issue,1
600621,249402,5070,2024-02-14,Damaged,1
600622,264489,5095,2023-07-05,Size/Fit Issue,1
600623,230844,5332,2025-09-01,Damaged,1
600624,241450,5166,2024-04-23,Changed Mind,1
600625,236609,5150,2025-09-14,Damaged,1
600626,242337,5114,2025-02-08,Damaged,1
600627,220282,5385,2024-07-25,Not as Expected,1
600628,255249,5223,2025-01-25,Damaged,1
600629,285433,5459,2025-01-29,Wrong Product,1
600630,208183,5227,2023-03-13,Not as Expected,1
600631,206909,5190,2023-10-21,Not as Expected,1
600632,239187,5166,2024-07-22,Not as Expected,1
600633,224708,5327,2024-09-07,Damaged,1
600634,273023,5352,2025-06-09,Damaged,1
600635,213654,5052,2025-03-16,Size/Fit Issue,1
600636,299070,5060,2025-08-27,Wrong Product,1
600637,285117,5127,2025-07-29,Damaged,1
600638,241734,5085,2025-05-07,Not as Expected,1
600639,279451,5052,2023-09-19,Changed Mind,1
600640,291399,5340,2024-08-06,Size/Fit Issue,1
600641,236289,5476,2024-07-31,Wrong Product,1
600642,230118,5376,2025-09-18,Damaged,1
600643,257994,5056,2024-08-26,Changed Mind,1
600644,281911,5188,2024-08-07,Damaged,1
600645,247508,5366,2024-05-24,Changed Mind,1
600646,235042,5476,2024-09-08,Size/Fit Issue,1
600647,251875,5200,2023-11-29,Damaged,1
600648,202457,5140,2023-11-13,Size/Fit Issue,1
600649,281987,5371,2025-04-28,Damaged,1
600650,255571,5379,2025-09-15,Changed Mind,1
600651,203539,5201,2025-01-31,Size/Fit Issue,1
600652,217323,5043,2025-01-06,Not as Expected,1
600653,273380,5350,2024-06-01,Wrong Product,1
600654,204540,5265,2025-03-18,Size/Fit Issue,1
600655,262398,5095,2024-05-21,Not as Expected,1
600656,266094,5099,2024-08-16,Damaged,1
600657,236785,5036,2023-08-29,Damaged,1
600658,272017,5063,2023-10-30,Damaged,1
600659,297705,5040,2026-01-15,Damaged,1
600660,293910,5416,2024-01-09,Damaged,1
600661,280297,5378,2025-12-23,Changed Mind,1
600662,216359,5205,2024-10-18,Damaged,1
600663,253969,5274,2025-04-19,Size/Fit Issue,1
600664,296363,5031,2024-09-08,Size/Fit Issue,1
600665,236268,5288,2023-11-17,Changed Mind,1
600666,272830,5232,2023-10-16,Changed Mind,1
600667,243673,5440,2025-03-12,Size/Fit Issue,1
600668,235755,5172,2024-12-01,Changed Mind,1
600669,213948,5337,2024-08-18,Not as Expected,1
600670,246498,5041,2023-09-21,Size/Fit Issue,1
600671,210108,5300,2024-04-11,Changed Mind,1
600672,249711,5310,2025-12-13,Not as Expected,1
600673,254187,5011,2024-04-05,Wrong Product,1
600674,281803,5073,2023-05-23,Damaged,1
600675,217513,5334,2025-09-29,Size/Fit Issue,1
600676,286533,5361,2025-11-22,Wrong Product,1
600677,257786,5282,2023-06-14,Not as Expected,1
600678,280191,5477,2023-02-15,Changed Mind,1
600679,202724,5418,2025-01-10,Size/Fit Issue,1
600680,273594,5416,2025-11-26,Not as Expected,1
600681,259727,5269,2025-03-01,Size/Fit Issue,1
600682,250073,5238,2025-12-12,Not as Expected,1
600683,292129,5375,2025-05-19,Changed Mind,1
600684,239857,5054,2024-09-06,Damaged,1
600685,239542,5355,2025-03-18,Size/Fit Issue,1
600686,229378,5364,2025-01-08,Changed Mind,1
600687,292530,5465,2025-03-29,Size/Fit Issue,1
600688,229622,5187,2023-04-04,Not as Expected,1
600689,285387,5181,2025-07-19,Not as Expected,1
600690,267610,5392,2023-07-14,Not as Expected,1
600691,269735,5100,2024-11-14,Not as Expected,1
600692,244652,5295,2024-04-10,Not as Expected,1
600693,287169,5458,2024-02-04,Changed Mind,1
600694,241498,5202,2024-06-15,Changed Mind,1
600695,201319,5194,2024-12-25,Size/Fit Issue,1
600696,271329,5463,2024-07-23,Wrong Product,1
600697,212851,5408,2025-02-14,Changed Mind,1
600698,290946,5246,2023-10-01,Changed Mind,1
600699,286968,5008,2023-02-15,Damaged,1
600700,202728,5357,2025-11-23,Damaged,1
600701,215482,5139,2025-11-27,Not as Expected,1
600702,272211,5208,2023-06-11,Wrong Product,1
600703,243257,5036,2025-01-20,Not as Expected,1
600704,260490,5230,2025-01-28,Not as Expected,1
600705,260186,5200,2024-12-17,Size/Fit Issue,1
600706,272933,5368,2025-07-30,Changed Mind,1
600707,284841,5349,2024-02-10,Wrong Product,1
600708,204343,5233,2025-06-26,Size/Fit Issue,1
600709,250431,5060,2024-10-09,Size/Fit Issue,1
600710,208796,5288,2025-01-31,Wrong Product,1
600711,220852,5209,2024-09-30,Changed Mind,1
600712,221207,5089,2024-09-15,Damaged,1
600713,231051,5081,2023-09-04,Not as Expected,1
600714,247273,5095,2025-10-07,Not as Expected,1
600715,202020,5174,2024-02-04,Damaged,1
600716,272861,5331,2024-12-28,Changed Mind,1
600717,221632,5423,2024-09-08,Size/Fit Issue,1
600718,270119,5184,2024-02-13,Not as Expected,1
600719,229175,5075,2024-09-30,Not as Expected,1
600720,263283,5234,2025-02-17,Damaged,1
600721,247889,5277,2025-12-21,Damaged,1
600722,244202,5082,2023-01-19,Not as Expected,1
600723,282330,5474,2024-04-11,Size/Fit Issue,1
600724,207825,5177,2023-10-29,Not as Expected,1
600725,226009,5346,2025-09-30,Not as Expected,1
600726,210776,5427,2023-11-25,Damaged,1
600727,276132,5468,2025-07-25,Not as Expected,1
600728,227937,5078,2025-03-25,Size/Fit Issue,1
600729,268205,5126,2024-11-13,Size/Fit Issue,1
600730,231087,5207,2025-10-17,Not as Expected,1
600731,214562,5092,2023-02-24,Wrong Product,1
600732,285214,5283,2024-01-12,Changed Mind,2
600733,294517,5440,2025-08-15,Not as Expected,1
600734,296973,5444,2025-04-18,Size/Fit Issue,1
600735,281299,5337,2025-04-15,Size/Fit Issue,1
600736,261518,5171,2025-05-19,Size/Fit Issue,1
600737,222746,5084,2025-03-02,Wrong Product,1
600738,280695,5344,2025-01-16,Not as Expected,1
600739,286075,5030,2025-12-20,Damaged,1
600740,262569,5448,2023-04-12,Not as Expected,1
600741,261366,5022,2025-02-16,Damaged,1
600742,251288,5064,2025-03-29,Damaged,1
600743,254584,5413,2025-12-17,Not as Expected,1
600744,224441,5064,2023-07-26,Damaged,1
600745,231264,5280,2024-03-07,Wrong Product,1
600746,279086,5031,2024-01-23,Not as Expected,1
600747,265094,5140,2025-11-11,Changed Mind,1
600748,268936,5111,2023-06-12,Damaged,1
600749,265063,5244,2024-09-16,Damaged,1
600750,261142,5106,2023-10-13,Damaged,1
600751,298097,5363,2025-10-27,Wrong Product,1
600752,243963,5288,2024-10-05,Size/Fit Issue,1
600753,299236,5124,2025-04-11,Wrong Product,1
600754,245796,5306,2024-11-29,Not as Expected,1
600755,224745,5297,2024-05-30,Size/Fit Issue,1
600756,252572,5459,2025-12-18,Wrong Product,1
600757,209430,5041,2023-09-02,Not as Expected,1
600758,215439,5440,2023-03-15,Damaged,1
600759,219728,5315,2025-10-29,Damaged,1
600760,252871,5370,2026-01-01,Not as Expected,1
600761,264166,5270,2024-11-27,Wrong Product,1
600762,220618,5148,2025-11-23,Damaged,1
600763,241999,5375,2025-03-18,Size/Fit Issue,1
600764,289215,5122,2024-09-12,Size/Fit Issue,1
600765,254994,5335,2025-12-25,Changed Mind,1
600766,206505,5125,2025-02-26,Size/Fit Issue,1
600767,251653,5323,2024-01-12,Not as Expected,1
600768,256172,5140,2024-03-30,Size/Fit Issue,1
600769,216367,5403,2025-03-31,Wrong Product,1
600770,242874,5281,2024-11-07,Damaged,1
600771,205663,5110,2025-03-02,Not as Expected,1
600772,209042,5032,2024-12-17,Changed Mind,1
600773,288094,5263,2025-01-14,Size/Fit Issue,1
600774,233770,5457,2025-12-24,Size/Fit Issue,1
600775,262991,5119,2024-03-13,Changed Mind,1
600776,240097,5380,2023-12-19,Damaged,1
600777,264917,5073,2025-11-19,Wrong Product,1
600778,298636,5410,2024-06-20,Damaged,1
600779,233477,5057,2023-08-28,Damaged,1
600780,298950,5135,2025-01-30,Not as Expected,1
600781,227589,5087,2024-06-21,Wrong Product,1
600782,243254,5005,2025-11-18,Changed Mind,1
600783,204580,5467,2025-05-04,Not as Expected,1
600784,280352,5202,2023-02-12,Changed Mind,1
600785,288756,5373,2023-01-24,Size/Fit Issue,1
600786,235037,5057,2023-01-31,Not as Expected,1
600787,209132,5130,2024-08-21,Not as Expected,1
600788,225899,5048,2024-12-28,Size/Fit Issue,1
600789,261904,5334,2024-03-04,Size/Fit Issue,1
600790,206001,5051,2023-05-31,Not as Expected,1
600791,231771,5408,2024-05-25,Wrong Product,1
600792,259712,5474,2025-04-20,Not as Expected,1
600793,227845,5376,2025-11-29,Damaged,1
600794,203360,5016,2024-02-12,Damaged,1
600795,210428,5036,2025-10-19,Changed Mind,1
600796,248316,5447,2025-02-09,Size/Fit Issue,1
600797,255779,5087,2023-12-06,Not as Expected,1
600798,251033,5100,2025-08-31,Wrong Product,1
600799,231953,5271,2025-11-24,Not as Expected,1
600800,222291,5074,2023-12-13,Size/Fit Issue,1
600801,212376,5438,2024-02-20,Changed Mind,1
600802,235641,5195,2024-05-23,Not as Expected,1
600803,234816,5256,2023-10-14,Damaged,1
600804,206670,5457,2026-01-16,Not as Expected,1
600805,282776,5148,2023-03-17,Size/Fit Issue,1
600806,256972,5045,2025-04-03,Size/Fit Issue,1
600807,214258,5175,2023-04-24,Size/Fit Issue,1
600808,247003,5141,2025-01-17,Not as Expected,1
600809,213174,5419,2025-12-06,Size/Fit Issue,1
600810,260500,5159,2025-06-11,Damaged,1
600811,261487,5164,2023-02-03,Size/Fit Issue,1
600812,257139,5160,2025-03-14,Not as Expected,1
600813,271876,5021,2024-12-06,Size/Fit Issue,1
600814,250628,5275,2025-06-25,Changed Mind,1
600815,225393,5068,2023-03-31,Not as Expected,1
600816,273073,5040,2023-06-30,Damaged,1
600817,225903,5237,2025-08-25,Not as Expected,1
600818,286740,5218,2024-12-27,Changed Mind,1
600819,202476,5033,2023-03-08,Damaged,1
600820,236470,5181,2026-01-07,Not as Expected,1
600821,299352,5318,2024-06-02,Changed Mind,1
600822,295159,5146,2025-07-24,Changed Mind,1
600823,213158,5138,2023-02-10,Not as Expected,1
600824,218748,5225,2025-02-14,Damaged,1
600825,263400,5188,2025-05-05,Changed Mind,1
600826,285773,5101,2024-07-19,Size/Fit Issue,1
600827,298365,5081,2025-01-02,Not as Expected,1
600828,222581,5244,2025-11-23,Size/Fit Issue,1
600829,236166,5017,2023-04-23,Changed Mind,1
600830,238749,5273,2024-10-01,Not as Expected,1
600831,274238,5183,2025-08-10,Wrong Product,1
600832,255871,5331,2024-01-22,Not as Expected,1
600833,250011,5234,2025-06-23,Not as Expected,1
600834,218123,5232,2025-09-06,Changed Mind,1
600835,282336,5317,2024-09-06,Size/Fit Issue,1
600836,233454,5400,2023-09-21,Wrong Product,1
600837,237500,5443,2024-10-12,Damaged,1
600838,233804,5128,2023-09-05,Size/Fit Issue,1
600839,227134,5370,2024-02-13,Not as Expected,1
600840,251282,5186,2023-02-04,Damaged,1
600841,235634,5323,2024-12-04,Wrong Product,1
600842,249977,5334,2023-08-21,Size/Fit Issue,1
600843,262157,5237,2024-07-28,Damaged,1
600844,286700,5426,2024-05-14,Size/Fit Issue,1
600845,253631,5368,2026-01-01,Size/Fit Issue,1
600846,226777,5461,2024-12-16,Changed Mind,1
600847,223741,5430,2024-04-28,Size/Fit Issue,1
600848,283301,5193,2026-01-05,Wrong Product,1
600849,280217,5028,2024-02-27,Wrong Product,1
600850,221083,5402,2024-02-22,Damaged,1
600851,251314,5090,2024-08-13,Changed Mind,1
600852,271317,5333,2024-06-08,Size/Fit Issue,1
600853,283941,5382,2025-05-05,Not as Expected,1
600854,217520,5178,2023-09-27,Damaged,1
600855,293946,5011,2026-01-01,Damaged,1
600856,202574,5134,2025-11-19,Not as Expected,1
600857,292867,5187,2025-04-16,Size/Fit Issue,1
600858,282345,5462,2025-03-24,Changed Mind,1
600859,205851,5192,2023-08-07,Size/Fit Issue,1
600860,256584,5330,2024-04-03,Wrong Product,1
600861,208548,5018,2024-01-13,Size/Fit Issue,1
600862,238260,5084,2023-11-02,Size/Fit Issue,1
600863,261145,5213,2025-05-12,Changed Mind,1
600864,296630,5190,2025-03-31,Wrong Product,1
600865,263305,5463,2023-07-04,Not as Expected,1
600866,281099,5193,2025-02-08,Not as Expected,1
600867,239057,5341,2023-11-23,Wrong Product,1
600868,203469,5057,2025-01-21,Changed Mind,1
600869,267632,5439,2023-07-25,Not as Expected,2
600870,258809,5158,2025-01-10,Damaged,1
600871,200389,5149,2023-08-13,Size/Fit Issue,1
600872,288949,5241,2023-06-16,Not as Expected,1
600873,275310,5147,2024-02-16,Wrong Product,1
600874,272256,5303,2024-09-03,Size/Fit Issue,1
600875,209919,5449,2025-01-19,Damaged,1
600876,250799,5100,2025-05-27,Size/Fit Issue,1
600877,296669,5022,2023-02-03,Not as Expected,1
600878,236187,5144,2023-03-19,Not as Expected,1
600879,242639,5043,2025-10-07,Not as Expected,1
600880,271468,5413,2025-07-01,Wrong Product,1
600881,245090,5138,2023-02-20,Not as Expected,1
600882,265746,5468,2025-02-25,Size/Fit Issue,1
600883,293382,5224,2025-11-30,Changed Mind,1
600884,246120,5311,2024-07-06,Changed Mind,1
600885,258343,5466,2023-01-23,Wrong Product,1
600886,211596,5084,2023-10-31,Changed Mind,1
600887,271176,5323,2025-12-06,Wrong Product,1
600888,273519,5416,2025-09-04,Changed Mind,1
600889,227494,5196,2025-02-14,Wrong Product,1
600890,230672,5112,2024-01-05,Damaged,1
600891,283511,5095,2024-10-06,Size/Fit Issue,1
600892,286499,5006,2025-11-22,Not as Expected,1
600893,209180,5002,2023-10-26,Not as Expected,1
600894,209873,5405,2024-10-20,Damaged,1
600895,212702,5439,2025-05-18,Changed Mind,1
600896,224741,5048,2023-10-14,Not as Expected,1
600897,262700,5380,2025-12-07,Damaged,1
600898,284846,5364,2025-02-02,Wrong Product,1
600899,225864,5112,2023-12-20,Size/Fit Issue,1
600900,294069,5229,2024-02-14,Changed Mind,1
600901,226393,5112,2023-03-14,Wrong Product,1
600902,263378,5328,2025-05-15,Size/Fit Issue,1
600903,245184,5298,2025-04-04,Size/Fit Issue,1
600904,268905,5047,2025-03-24,Size/Fit Issue,1
600905,262859,5263,2025-10-27,Damaged,1
600906,236469,5428,2025-01-14,Not as Expected,1
600907,236629,5077,2024-08-03,Size/Fit Issue,1
600908,233668,5185,2023-03-22,Wrong Product,1
600909,282373,5264,2024-10-30,Wrong Product,1
600910,252874,5177,2024-06-22,Wrong Product,1
600911,229883,5304,2023-10-08,Not as Expected,1
600912,223522,5099,2025-09-01,Changed Mind,1
600913,299878,5073,2025-04-26,Wrong Product,1
600914,220043,5046,2023-05-13,Changed Mind,1
600915,284253,5032,2025-02-05,Not as Expected,1
600916,222821,5010,2023-06-18,Size/Fit Issue,1
600917,206069,5417,2023-11-25,Wrong Product,1
600918,257749,5201,2025-07-27,Size/Fit Issue,1
600919,265762,5112,2025-04-28,Damaged,1
600920,277762,5156,2024-01-15,Changed Mind,1
600921,245761,5179,2025-06-02,Damaged,1
600922,237350,5164,2025-01-15,Damaged,1
600923,287594,5366,2025-05-26,Wrong Product,1
600924,224020,5126,2024-09-15,Damaged,1
600925,236869,5175,2024-02-17,Wrong Product,1
600926,299826,5126,2025-07-22,Damaged,1
600927,244532,5164,2023-10-23,Damaged,1
600928,282983,5434,2023-11-21,Wrong Product,1
600929,201872,5459,2025-02-19,Not as Expected,1
600930,242182,5274,2024-08-01,Wrong Product,1
600931,228418,5459,2025-10-04,Size/Fit Issue,1
600932,243209,5077,2025-12-03,Not as Expected,1
600933,203989,5392,2024-09-14,Not as Expected,1
600934,283109,5327,2024-11-02,Not as Expected,1
600935,279559,5127,2023-08-13,Damaged,1
600936,278387,5081,2024-04-16,Size/Fit Issue,1
600937,218357,5419,2023-08-28,Wrong Product,1
600938,212555,5404,2025-08-06,Wrong Product,1
600939,229433,5129,2024-09-29,Not as Expected,1
600940,202825,5135,2023-11-24,Changed Mind,1
600941,236706,5392,2023-07-06,Changed Mind,1
600942,238020,5261,2023-11-22,Wrong Product,1
600943,237954,5125,2024-04-04,Wrong Product,1
600944,264925,5197,2024-07-14,Size/Fit Issue,1
600945,250255,5028,2025-04-23,Wrong Product,1
600946,246298,5430,2025-06-01,Size/Fit Issue,1
600947,210410,5399,2024-07-13,Not as Expected,1
600948,220073,5167,2025-11-15,Damaged,1
600949,228380,5022,2023-10-13,Size/Fit Issue,1
600950,229474,5097,2024-06-30,Changed Mind,1
600951,238862,5128,2025-05-21,Size/Fit Issue,1
600952,256951,5064,2024-09-26,Damaged,1
600953,265869,5457,2024-03-29,Size/Fit Issue,1
600954,295409,5283,2023-08-22,Size/Fit Issue,1
600955,202133,5274,2025-10-16,Not as Expected,1
600956,280242,5210,2023-09-06,Size/Fit Issue,1
600957,234173,5430,2025-10-25,Changed Mind,1
600958,291859,5225,2025-04-12,Wrong Product,1
600959,215128,5393,2024-04-06,Size/Fit Issue,1
600960,216963,5331,2024-05-08,Changed Mind,1
600961,224847,5012,2023-02-23,Not as Expected,1
600962,246005,5096,2025-05-19,Not as Expected,1
600963,288787,5155,2024-06-02,Size/Fit Issue,1
600964,213811,5315,2023-03-26,Wrong Product,2
600965,256987,5135,2025-01-11,Size/Fit Issue,1
600966,255132,5379,2023-07-10,Damaged,1
600967,261294,5125,2024-06-02,Size/Fit Issue,1
600968,221384,5206,2023-02-15,Not as Expected,1
600969,200619,5239,2023-11-02,Wrong Product,1
600970,298050,5001,2024-06-11,Not as Expected,1
600971,280749,5396,2025-07-29,Size/Fit Issue,1
600972,214874,5032,2023-09-13,Not as Expected,1
600973,213954,5027,2025-03-26,Wrong Product,1
600974,237802,5134,2025-01-16,Wrong Product,1
600975,257151,5276,2024-04-09,Changed Mind,1
600976,211347,5034,2023-12-24,Not as Expected,1
600977,282947,5191,2025-01-10,Not as Expected,1
600978,259766,5011,2025-03-24,Changed Mind,1
600979,250993,5438,2025-06-24,Wrong Product,1
600980,248715,5325,2025-10-25,Damaged,1
600981,279137,5331,2025-05-20,Size/Fit Issue,1
600982,275981,5470,2023-08-07,Wrong Product,1
600983,278615,5318,2025-02-15,Damaged,1
600984,233590,5345,2024-05-28,Wrong Product,1
600985,242179,5083,2023-06-03,Not as Expected,1
600986,269246,5264,2025-04-21,Wrong Product,1
600987,283844,5311,2024-10-07,Wrong Product,1
600988,201295,5328,2026-01-04,Wrong Product,1
600989,233731,5255,2026-01-17,Wrong Product,1
600990,271714,5336,2024-06-26,Not as Expected,1
600991,242305,5381,2024-12-18,Wrong Product,1
600992,231338,5419,2024-08-04,Size/Fit Issue,1
600993,228494,5389,2024-12-16,Damaged,1
600994,246468,5342,2023-10-20,Size/Fit Issue,1
600995,231127,5176,2025-01-22,Not as Expected,1
600996,268772,5122,2025-07-01,Not as Expected,1
600997,251686,5342,2025-03-28,Changed Mind,1
600998,292666,5147,2025-09-01,Changed Mind,1
600999,261065,5090,2025-01-09,Size/Fit Issue,1
601000,224876,5097,2025-03-30,Size/Fit Issue,1
601001,275016,5420,2025-06-08,Changed Mind,1
601002,216601,5148,2025-03-11,Size/Fit Issue,1
601003,213682,5167,2025-03-03,Size/Fit Issue,1
601004,223649,5269,2024-03-18,Not as Expected,1
601005,266910,5281,2023-11-08,Damaged,1
601006,278756,5306,2025-03-20,Size/Fit Issue,1
601007,275550,5207,2024-02-16,Size/Fit Issue,1
601008,268290,5051,2023-12-11,Size/Fit Issue,1
601009,217553,5367,2025-01-07,Changed Mind,1
601010,290444,5145,2023-10-05,Wrong Product,1
601011,247442,5178,2025-07-25,Wrong Product,1
601012,205957,5363,2024-09-12,Changed Mind,1
601013,231455,5391,2025-08-18,Not as Expected,1
601014,237956,5458,2025-08-21,Damaged,1
601015,247203,5165,2025-12-10,Damaged,1
601016,202933,5172,2024-09-12,Damaged,1
601017,276681,5281,2025-10-28,Damaged,1
601018,280960,5165,2025-03-09,Damaged,1
601019,226714,5272,2025-02-11,Not as Expected,1
601020,202926,5079,2024-09-11,Damaged,1
601021,267879,5067,2023-11-18,Damaged,1
601022,291463,5233,2025-03-20,Changed Mind,1
601023,262317,5196,2023-04-18,Damaged,1
601024,241141,5175,2024-04-01,Not as Expected,1
601025,267694,5369,2025-01-24,Changed Mind,1
601026,259437,5114,2023-05-21,Changed Mind,1
601027,233883,5240,2024-08-07,Not as Expected,1
601028,279567,5456,2024-11-25,Not as Expected,1
601029,285508,5315,2023-11-14,Not as Expected,1
601030,295644,5426,2024-10-23,Size/Fit Issue,1
601031,259127,5180,2025-06-24,Damaged,1
601032,291614,5333,2023-08-05,Size/Fit Issue,1
601033,289553,5215,2025-02-26,Changed Mind,1
601034,224086,5122,2024-01-30,Wrong Product,1
601035,220252,5294,2025-05-18,Not as Expected,1
601036,298978,5288,2025-03-08,Size/Fit Issue,1
601037,275369,5097,2024-05-08,Changed Mind,1
601038,272505,5285,2025-02-22,Damaged,1
601039,299121,5436,2024-09-05,Wrong Product,1
601040,206186,5234,2025-08-01,Changed Mind,1
601041,256773,5309,2024-12-27,Wrong Product,1
601042,276334,5262,2024-06-18,Damaged,1
601043,220722,5085,2024-04-06,Wrong Product,1
601044,299047,5216,2025-06-20,Wrong Product,1
601045,258651,5011,2024-06-02,Wrong Product,1
601046,293585,5466,2025-08-21,Wrong Product,1
601047,280958,5266,2024-05-29,Wrong Product,1
601048,267227,5210,2024-12-14,Damaged,1
601049,220416,5008,2023-09-23,Wrong Product,1
601050,230764,5478,2024-11-13,Size/Fit Issue,1
601051,261149,5286,2024-10-21,Wrong Product,1
601052,211127,5358,2024-09-17,Wrong Product,1
601053,210165,5403,2025-01-27,Not as Expected,1
601054,230575,5382,2023-06-04,Wrong Product,1
601055,273822,5447,2025-10-21,Changed Mind,1
601056,265295,5307,2025-08-10,Not as Expected,1
601057,234236,5442,2024-03-28,Size/Fit Issue,1
601058,251505,5333,2025-01-01,Damaged,1
601059,267465,5336,2025-04-19,Damaged,1
601060,281432,5224,2024-01-24,Size/Fit Issue,1
601061,280533,5455,2025-01-29,Size/Fit Issue,1
601062,275607,5466,2025-10-26,Not as Expected,1
601063,233010,5063,2024-04-12,Wrong Product,1
601064,229351,5049,2025-07-27,Size/Fit Issue,1
601065,256772,5451,2023-07-22,Not as Expected,1
601066,259024,5206,2023-10-14,Wrong Product,1
601067,212195,5357,2025-08-10,Not as Expected,1
601068,286476,5184,2024-12-04,Damaged,1
601069,287745,5099,2024-08-17,Size/Fit Issue,1
601070,214605,5394,2024-09-04,Damaged,1
601071,293095,5152,2023-01-15,Damaged,1
601072,206169,5105,2024-01-27,Size/Fit Issue,1
601073,290074,5125,2025-07-30,Wrong Product,1
601074,271757,5249,2023-04-28,Size/Fit Issue,1
601075,258125,5413,2023-07-26,Damaged,1
601076,266969,5407,2024-03-18,Size/Fit Issue,1
601077,297526,5156,2025-11-22,Size/Fit Issue,1
601078,275230,5480,2025-06-29,Damaged,1
601079,263214,5366,2023-01-26,Damaged,1
601080,264872,5166,2024-11-20,Not as Expected,1
601081,257161,5016,2024-11-06,Size/Fit Issue,1
601082,247137,5202,2024-07-08,Size/Fit Issue,1
601083,241975,5374,2025-07-04,Damaged,1
601084,260004,5340,2024-04-16,Damaged,1
601085,230598,5287,2023-07-22,Wrong Product,1
601086,247869,5014,2023-10-07,Changed Mind,1
601087,244519,5294,2023-06-28,Size/Fit Issue,1
601088,287355,5097,2023-09-26,Not as Expected,1
601089,262229,5063,2024-07-15,Damaged,1
601090,238511,5131,2023-08-03,Damaged,1
601091,296926,5250,2025-05-14,Changed Mind,1
601092,265599,5270,2024-12-01,Size/Fit Issue,1
601093,273888,5413,2023-07-24,Not as Expected,1
601094,260728,5001,2023-10-26,Not as Expected,2
601095,225217,5043,2024-04-26,Not as Expected,1
601096,239985,5456,2023-06-18,Changed Mind,1
601097,217452,5049,2024-01-24,Size/Fit Issue,1
601098,276025,5019,2025-09-14,Size/Fit Issue,1
601099,238493,5188,2025-02-14,Wrong Product,1
601100,265937,5347,2023-09-10,Not as Expected,1
601101,260561,5089,2025-09-07,Changed Mind,1
601102,212521,5341,2025-09-13,Not as Expected,2
601103,220659,5330,2025-06-27,Changed Mind,1
601104,281456,5074,2025-03-10,Wrong Product,1
601105,268519,5123,2024-08-03,Size/Fit Issue,1
601106,201259,5020,2025-12-21,Wrong Product,1
601107,217232,5368,2025-01-03,Damaged,1
601108,206692,5343,2024-12-11,Damaged,1
601109,255908,5231,2023-06-10,Damaged,1
601110,253124,5354,2026-01-04,Changed Mind,1
601111,269964,5037,2023-05-28,Wrong Product,1
601112,272404,5002,2024-02-24,Changed Mind,1
601113,290377,5214,2025-03-27,Changed Mind,1
601114,258038,5185,2024-09-12,Damaged,1
601115,299622,5162,2023-07-05,Not as Expected,1
601116,263500,5372,2025-09-14,Size/Fit Issue,1
601117,292377,5083,2024-03-08,Wrong Product,1
601118,248663,5175,2025-12-26,Size/Fit Issue,1
601119,281206,5306,2024-06-25,Not as Expected,1
601120,246172,5050,2023-08-12,Changed Mind,1
601121,240761,5205,2025-08-10,Damaged,1
601122,213822,5169,2025-01-21,Not as Expected,1
601123,272285,5438,2024-08-10,Not as Expected,1
601124,280447,5289,2024-05-07,Damaged,1
601125,241129,5011,2023-03-12,Size/Fit Issue,1
601126,214404,5034,2024-10-14,Damaged,1
601127,246792,5207,2025-07-13,Not as Expected,1
601128,288689,5357,2025-06-14,Changed Mind,1
601129,279651,5102,2023-08-11,Size/Fit Issue,1
601130,234096,5221,2025-04-13,Size/Fit Issue,1
601131,291365,5231,2025-09-28,Damaged,1
601132,265706,5396,2023-08-18,Size/Fit Issue,1
601133,228613,5451,2025-02-01,Changed Mind,1
601134,289963,5287,2023-10-30,Wrong Product,1
601135,221237,5273,2025-09-27,Size/Fit Issue,1
601136,207923,5263,2025-08-09,Size/Fit Issue,1
601137,209381,5175,2024-04-26,Size/Fit Issue,1
601138,206871,5339,2025-06-26,Changed Mind,1
601139,209465,5318,2023-08-04,Size/Fit Issue,1
601140,203248,5409,2024-09-08,Not as Expected,1
601141,260398,5403,2023-09-28,Not as Expected,1
601142,243653,5344,2023-03-08,Size/Fit Issue,1
601143,243134,5083,2025-10-28,Damaged,1
601144,239023,5354,2023-12-08,Damaged,1
601145,238369,5346,2024-05-05,Changed Mind,1
601146,286156,5076,2024-04-30,Size/Fit Issue,1
601147,297868,5141,2024-10-15,Wrong Product,1
601148,211637,5167,2023-08-24,Damaged,1
601149,279830,5182,2025-12-07,Damaged,1
601150,285182,5149,2024-05-26,Wrong Product,1
601151,280470,5479,2024-09-29,Damaged,1
601152,283000,5073,2024-10-12,Size/Fit Issue,1
601153,248054,5153,2024-01-03,Changed Mind,1
601154,207012,5338,2024-08-01,Size/Fit Issue,1
601155,254134,5129,2025-03-22,Damaged,1
601156,253269,5131,2025-02-19,Size/Fit Issue,1
601157,271511,5292,2023-09-24,Size/Fit Issue,1
601158,202104,5013,2023-11-16,Size/Fit Issue,1
601159,247607,5076,2025-07-18,Not as Expected,1
601160,257605,5219,2024-05-09,Damaged,1
601161,290106,5240,2025-02-21,Not as Expected,1
601162,208423,5162,2024-11-09,Damaged,1
601163,275596,5292,2024-12-25,Damaged,1
601164,299536,5252,2024-02-13,Not as Expected,1
601165,236709,5109,2023-01-28,Changed Mind,1
601166,288591,5240,2024-12-06,Damaged,1
601167,278021,5308,2024-06-10,Not as Expected,1
601168,258066,5289,2025-10-21,Damaged,1
601169,237229,5391,2023-03-20,Wrong Product,1
601170,253531,5085,2025-03-26,Not as Expected,1
601171,237478,5332,2025-02-13,Not as Expected,1
601172,276387,5150,2025-04-09,Size/Fit Issue,1
601173,277698,5066,2025-12-08,Damaged,1
601174,212057,5372,2025-12-08,Not as Expected,1
601175,231688,5180,2025-06-19,Changed Mind,1
601176,296436,5084,2024-09-24,Not as Expected,1
601177,251158,5120,2023-04-22,Not as Expected,1
601178,293052,5302,2025-09-03,Not as Expected,1
601179,225322,5265,2023-03-25,Damaged,1
601180,270607,5480,2025-08-02,Wrong Product,1
601181,261209,5214,2024-09-05,Not as Expected,1
601182,238706,5233,2025-05-25,Not as Expected,1
601183,228032,5285,2025-08-07,Damaged,1
601184,247389,5345,2025-07-23,Not as Expected,1
601185,253791,5200,2025-01-03,Size/Fit Issue,1
601186,264087,5013,2023-03-14,Wrong Product,1
601187,230078,5445,2025-10-11,Size/Fit Issue,1
601188,227995,5471,2024-05-15,Size/Fit Issue,1
601189,222426,5329,2024-12-01,Damaged,1
601190,218904,5125,2023-09-10,Damaged,1
601191,292869,5136,2024-06-06,Damaged,1
601192,280444,5349,2025-02-27,Not as Expected,1
601193,218589,5141,2024-02-20,Size/Fit Issue,1
601194,264439,5433,2023-05-25,Size/Fit Issue,1
601195,208240,5428,2025-04-08,Size/Fit Issue,1
601196,287066,5399,2024-09-21,Changed Mind,1
601197,258322,5176,2025-09-26,Wrong Product,1
601198,277293,5290,2023-08-26,Size/Fit Issue,1
601199,287009,5043,2025-03-25,Damaged,1
601200,254671,5418,2023-04-21,Damaged,1
601201,200108,5347,2024-07-31,Not as Expected,1
601202,203260,5122,2025-04-28,Size/Fit Issue,1
601203,292354,5233,2025-10-22,Damaged,1
601204,224575,5188,2024-06-18,Wrong Product,1
601205,291342,5476,2025-11-24,Changed Mind,1
601206,260538,5076,2023-09-27,Damaged,1
601207,262066,5112,2024-03-17,Not as Expected,1
601208,264949,5415,2023-08-23,Size/Fit Issue,1
601209,299028,5072,2025-02-15,Damaged,1
601210,259604,5393,2023-03-25,Wrong Product,1
601211,286255,5251,2025-05-07,Size/Fit Issue,1
601212,224458,5429,2023-02-10,Size/Fit Issue,1
601213,274636,5118,2024-02-16,Size/Fit Issue,1
601214,213505,5284,2023-07-31,Damaged,1
601215,274678,5436,2024-05-15,Not as Expected,1
601216,236960,5292,2024-04-29,Damaged,1
601217,206720,5014,2024-03-20,Damaged,1
601218,240747,5415,2025-11-18,Size/Fit Issue,1
601219,290503,5072,2025-06-28,Wrong Product,1
601220,226125,5459,2025-06-12,Wrong Product,1
601221,247954,5200,2025-10-20,Damaged,1
601222,244212,5357,2023-06-23,Not as Expected,1
601223,251600,5435,2024-12-26,Not as Expected,1
601224,232342,5471,2025-05-26,Not as Expected,1
601225,231861,5150,2025-03-21,Changed Mind,1
601226,205468,5148,2024-01-27,Wrong Product,1
601227,247356,5217,2024-04-17,Wrong Product,1
601228,269574,5252,2024-11-20,Wrong Product,1
601229,260641,5112,2025-09-30,Not as Expected,1
601230,288769,5285,2024-04-05,Damaged,1
601231,240769,5418,2023-08-10,Changed Mind,1
601232,242558,5453,2025-04-30,Wrong Product,1
601233,210728,5079,2025-02-19,Damaged,1
601234,239865,5088,2023-07-18,Wrong Product,1
601235,243607,5146,2023-12-05,Changed Mind,1
601236,255366,5182,2024-10-05,Size/Fit Issue,1
601237,257851,5304,2025-03-26,Size/Fit Issue,1
601238,274783,5099,2023-11-15,Damaged,1
601239,245147,5418,2024-10-11,Not as Expected,1
601240,246884,5386,2025-11-01,Damaged,1
601241,205586,5083,2025-08-24,Wrong Product,2
601242,266882,5085,2024-06-08,Size/Fit Issue,1
601243,265086,5352,2024-04-04,Damaged,1
601244,269365,5173,2024-09-17,Changed Mind,1
601245,222941,5386,2024-08-26,Changed Mind,1
601246,265843,5325,2025-08-06,Wrong Product,1
601247,215016,5106,2023-06-24,Wrong Product,1
601248,248556,5246,2025-09-07,Not as Expected,1
601249,279224,5221,2023-01-27,Wrong Product,1
601250,244039,5173,2023-10-20,Size/Fit Issue,1
601251,278931,5345,2024-06-21,Damaged,1
601252,278569,5461,2023-09-11,Size/Fit Issue,1
601253,219998,5421,2023-12-01,Not as Expected,1
601254,225596,5312,2023-12-21,Not as Expected,1
601255,255740,5351,2025-04-22,Damaged,1
601256,219241,5312,2024-04-05,Damaged,1
601257,208431,5393,2025-05-06,Size/Fit Issue,1
601258,277360,5020,2024-11-09,Changed Mind,1
601259,223551,5401,2025-02-16,Size/Fit Issue,1
601260,288576,5463,2024-01-04,Not as Expected,1
601261,204962,5019,2024-07-29,Damaged,1
601262,224586,5454,2023-12-20,Size/Fit Issue,1
601263,243569,5033,2024-08-27,Wrong Product,1
601264,269141,5395,2023-11-20,Size/Fit Issue,2
601265,205931,5439,2024-06-28,Size/Fit Issue,1
601266,269198,5479,2024-04-16,Size/Fit Issue,1
601267,225577,5049,2023-04-28,Wrong Product,1
601268,298594,5272,2023-07-25,Damaged,1
601269,238657,5235,2024-01-08,Size/Fit Issue,1
601270,271695,5265,2024-12-16,Size/Fit Issue,1
601271,227133,5087,2025-12-25,Wrong Product,1
601272,262411,5026,2025-08-11,Size/Fit Issue,1
601273,222016,5267,2024-07-08,Changed Mind,1
601274,240361,5219,2023-08-14,Not as Expected,1
601275,228501,5148,2024-06-11,Size/Fit Issue,1
601276,289471,5339,2023-09-07,Wrong Product,1
601277,288910,5176,2025-05-18,Wrong Product,1
601278,240446,5219,2025-02-02,Size/Fit Issue,1
601279,286355,5428,2023-02-12,Changed Mind,1
601280,220927,5130,2024-01-21,Size/Fit Issue,1
601281,204972,5389,2024-03-24,Not as Expected,1
601282,298216,5263,2023-07-13,Size/Fit Issue,1
601283,298100,5197,2025-01-30,Wrong Product,1
601284,234756,5038,2024-10-13,Not as Expected,1
601285,224019,5320,2024-03-02,Not as Expected,1
601286,245204,5418,2025-07-26,Damaged,1
601287,216701,5278,2025-10-25,Size/Fit Issue,1
601288,208834,5033,2023-06-08,Size/Fit Issue,1
601289,280587,5040,2025-01-24,Damaged,1
601290,209643,5096,2023-09-27,Size/Fit Issue,1
601291,236544,5066,2023-07-16,Changed Mind,1
601292,253068,5267,2025-09-12,Size/Fit Issue,1
601293,246159,5452,2023-04-30,Damaged,1
601294,283251,5480,2023-02-13,Not as Expected,1
601295,275308,5157,2025-07-24,Changed Mind,1
601296,261459,5305,2025-04-08,Wrong Product,1
601297,255397,5456,2023-06-09,Wrong Product,1
601298,229747,5090,2024-12-17,Changed Mind,1
601299,235835,5428,2024-03-03,Wrong Product,1
601300,240702,5022,2024-10-28,Damaged,1
601301,218891,5313,2024-11-21,Wrong Product,1
601302,276972,5457,2023-07-28,Size/Fit Issue,1
601303,224124,5158,2024-05-28,Not as Expected,1
601304,226511,5325,2024-05-24,Damaged,1
601305,279169,5148,2025-02-07,Size/Fit Issue,1
601306,232277,5058,2025-09-22,Size/Fit Issue,1
601307,286829,5427,2024-03-19,Size/Fit Issue,1
601308,286082,5325,2025-09-21,Not as Expected,1
601309,286334,5445,2023-10-14,Wrong Product,1
601310,214329,5276,2024-05-04,Damaged,1
601311,218768,5324,2024-11-26,Changed Mind,1
601312,231512,5135,2024-04-22,Damaged,1
601313,208574,5245,2024-02-13,Size/Fit Issue,1
601314,284932,5447,2025-05-15,Not as Expected,1
601315,262785,5479,2025-04-26,Changed Mind,1
601316,279331,5028,2023-10-13,Damaged,1
601317,254064,5202,2025-10-28,Not as Expected,1
601318,295860,5294,2023-06-13,Damaged,1
601319,275320,5303,2024-05-20,Size/Fit Issue,1
601320,269085,5253,2025-04-18,Size/Fit Issue,1
601321,259344,5134,2025-06-07,Changed Mind,1
601322,225680,5230,2023-10-07,Size/Fit Issue,1
601323,289182,5457,2024-07-04,Size/Fit Issue,1
601324,216082,5469,2025-11-18,Not as Expected,1
601325,260346,5367,2025-09-17,Not as Expected,1
601326,277579,5036,2024-09-18,Not as Expected,1
601327,209104,5339,2025-08-13,Size/Fit Issue,1
601328,292908,5175,2025-11-19,Size/Fit Issue,1
601329,288169,5311,2025-09-21,Wrong Product,1
601330,299459,5454,2024-12-17,Not as Expected,1
601331,228022,5309,2024-08-14,Damaged,1
601332,215044,5366,2023-06-21,Damaged,1
601333,218433,5466,2023-06-06,Not as Expected,1
601334,264578,5171,2024-06-21,Not as Expected,2
601335,241679,5439,2024-01-23,Damaged,1
601336,275068,5255,2024-08-09,Damaged,1
601337,219092,5187,2023-05-27,Damaged,1
601338,272617,5297,2023-10-29,Changed Mind,2
601339,235976,5021,2025-08-12,Damaged,1
601340,290199,5158,2023-11-18,Changed Mind,1
601341,244648,5332,2025-06-09,Size/Fit Issue,1
601342,200376,5416,2024-06-10,Damaged,1
601343,233909,5375,2024-01-12,Size/Fit Issue,1
601344,278850,5272,2024-05-29,Changed Mind,1
601345,291533,5038,2024-09-23,Size/Fit Issue,1
601346,202546,5303,2025-09-13,Damaged,1
601347,279916,5050,2024-03-29,Damaged,1
601348,268051,5033,2025-09-07,Changed Mind,1
601349,246804,5070,2023-04-06,Size/Fit Issue,1
601350,276574,5375,2025-06-23,Damaged,1
601351,253412,5001,2025-03-19,Not as Expected,1
601352,279820,5367,2024-08-09,Damaged,1
601353,232781,5249,2023-07-14,Damaged,1
601354,272526,5373,2023-10-08,Damaged,1
601355,244537,5276,2025-11-12,Not as Expected,1
601356,297976,5305,2023-12-28,Damaged,1
601357,277530,5354,2023-11-18,Changed Mind,1
601358,260216,5258,2024-01-12,Not as Expected,1
601359,215221,5435,2026-01-16,Not as Expected,1
601360,215568,5246,2025-08-13,Size/Fit Issue,1
601361,216338,5296,2023-03-13,Wrong Product,1
601362,273603,5181,2023-12-31,Wrong Product,1
601363,252994,5016,2024-09-21,Damaged,1
601364,246117,5041,2025-05-16,Changed Mind,1
601365,217938,5274,2023-10-28,Size/Fit Issue,1
601366,276389,5226,2023-07-07,Wrong Product,1
601367,242202,5023,2025-11-23,Wrong Product,1
601368,201473,5130,2023-04-05,Not as Expected,1
601369,268754,5200,2024-06-07,Damaged,1
601370,216853,5359,2025-04-25,Not as Expected,1
601371,210223,5377,2024-05-13,Not as Expected,1
601372,246809,5203,2024-04-29,Not as Expected,1
601373,229494,5006,2024-01-25,Size/Fit Issue,1
601374,203081,5134,2025-02-03,Damaged,1
601375,200170,5178,2023-01-12,Wrong Product,1
601376,250629,5352,2023-09-06,Changed Mind,1
601377,252831,5205,2025-07-20,Wrong Product,1
601378,237427,5003,2024-10-20,Damaged,1
601379,264274,5442,2025-09-24,Not as Expected,1
601380,228861,5204,2025-03-23,Size/Fit Issue,1
601381,213826,5135,2025-05-12,Wrong Product,1
601382,249240,5097,2024-02-18,Damaged,1
601383,281182,5335,2023-09-10,Size/Fit Issue,1
601384,235629,5329,2025-10-11,Size/Fit Issue,1
601385,223826,5409,2023-03-01,Damaged,1
601386,230850,5417,2023-06-04,Changed Mind,1
601387,291209,5424,2024-03-03,Not as Expected,1
601388,239894,5445,2026-01-11,Damaged,1
601389,262032,5297,2024-02-28,Wrong Product,1
601390,299994,5442,2025-10-24,Wrong Product,1
601391,231399,5440,2024-05-07,Size/Fit Issue,1
601392,289062,5416,2024-02-21,Wrong Product,1
601393,271499,5404,2025-09-08,Changed Mind,1
601394,262334,5348,2023-08-07,Damaged,1
601395,202937,5352,2025-08-10,Damaged,1
601396,289734,5175,2023-05-13,Damaged,1
601397,270341,5147,2023-08-24,Changed Mind,1
601398,275191,5446,2025-10-23,Wrong Product,1
601399,206122,5180,2024-11-07,Not as Expected,1
601400,285166,5120,2025-01-12,Size/Fit Issue,1
601401,201881,5123,2024-10-26,Damaged,1
601402,247879,5288,2025-12-24,Damaged,1
601403,209093,5413,2025-08-01,Wrong Product,1
601404,214435,5111,2025-09-24,Size/Fit Issue,1
601405,220232,5084,2023-11-06,Not as Expected,1
601406,261123,5394,2025-10-18,Wrong Product,1
601407,288859,5389,2023-02-04,Damaged,1
601408,285259,5116,2023-06-15,Size/Fit Issue,1
601409,286625,5122,2023-09-10,Damaged,1
601410,295092,5150,2025-04-19,Size/Fit Issue,1
601411,283593,5105,2023-06-19,Size/Fit Issue,1
601412,224672,5415,2025-02-08,Size/Fit Issue,1
601413,297699,5245,2025-11-03,Size/Fit Issue,1
601414,246153,5005,2024-09-26,Wrong Product,1
601415,266563,5375,2024-11-09,Changed Mind,1
601416,229076,5212,2025-05-07,Size/Fit Issue,1
601417,277206,5418,2025-11-11,Size/Fit Issue,1
601418,221186,5457,2025-02-01,Size/Fit Issue,1
601419,290489,5442,2025-12-09,Not as Expected,1
601420,250517,5181,2025-06-15,Size/Fit Issue,1
601421,206146,5082,2024-02-26,Wrong Product,1
601422,253656,5452,2025-11-29,Damaged,1
601423,298514,5143,2025-09-22,Damaged,1
601424,227146,5464,2025-11-28,Not as Expected,1
601425,233888,5348,2023-03-11,Damaged,1
601426,272223,5236,2024-11-19,Changed Mind,1
601427,244188,5207,2025-06-30,Wrong Product,1
601428,230930,5367,2023-07-11,Wrong Product,1
601429,224324,5461,2024-02-07,Size/Fit Issue,1
601430,218138,5071,2025-12-23,Damaged,1
601431,296542,5347,2025-12-07,Changed Mind,1
601432,251194,5089,2024-09-21,Damaged,1
601433,262974,5414,2025-08-28,Not as Expected,1
601434,258244,5046,2023-06-30,Size/Fit Issue,1
601435,288667,5320,2023-09-22,Not as Expected,1
601436,221824,5417,2023-10-10,Changed Mind,1
601437,270822,5186,2023-03-17,Size/Fit Issue,1
601438,277380,5035,2024-01-27,Changed Mind,1
601439,294215,5042,2024-05-27,Wrong Product,1
601440,235967,5035,2024-11-16,Size/Fit Issue,1
601441,299086,5289,2025-08-16,Not as Expected,1
601442,239854,5016,2025-12-01,Damaged,1
601443,207262,5004,2024-11-24,Damaged,1
601444,259348,5029,2025-12-14,Size/Fit Issue,1
601445,286130,5221,2025-06-18,Damaged,1
601446,237452,5390,2024-01-24,Not as Expected,1
601447,270991,5068,2025-02-25,Wrong Product,1
601448,234507,5358,2025-06-13,Not as Expected,1
601449,279213,5421,2025-08-26,Wrong Product,1
601450,218233,5305,2024-02-15,Changed Mind,1
601451,290357,5284,2023-11-16,Changed Mind,1
601452,220967,5105,2025-09-30,Wrong Product,1
601453,265024,5361,2025-03-10,Wrong Product,1
601454,259238,5067,2023-05-01,Size/Fit Issue,1
601455,226822,5055,2025-05-16,Size/Fit Issue,1
601456,251042,5342,2024-10-03,Size/Fit Issue,1
601457,237234,5148,2025-10-08,Size/Fit Issue,1
601458,210052,5323,2025-08-09,Changed Mind,1
601459,257791,5462,2024-05-30,Not as Expected,1
601460,275533,5169,2026-01-16,Not as Expected,1
601461,232421,5176,2026-01-13,Not as Expected,1
601462,210019,5323,2025-07-12,Size/Fit Issue,1
601463,201987,5359,2023-07-15,Changed Mind,1
601464,250361,5053,2024-08-03,Size/Fit Issue,1
601465,222467,5207,2025-08-03,Wrong Product,1
601466,213326,5067,2024-12-26,Size/Fit Issue,1
601467,287597,5158,2025-07-15,Changed Mind,1
601468,206842,5453,2024-01-19,Wrong Product,1
601469,292209,5443,2024-04-08,Size/Fit Issue,1
601470,290574,5443,2024-01-02,Wrong Product,1
601471,256706,5053,2024-07-31,Damaged,1
601472,201876,5324,2025-02-27,Wrong Product,1
601473,257706,5090,2025-08-11,Size/Fit Issue,1
601474,265715,5079,2024-09-24,Size/Fit Issue,1
601475,259653,5432,2023-02-15,Wrong Product,1
601476,217343,5472,2023-05-23,Size/Fit Issue,1
601477,257476,5027,2024-07-25,Size/Fit Issue,1
601478,254342,5105,2025-04-05,Damaged,1
601479,221094,5341,2024-04-01,Size/Fit Issue,1
601480,234379,5402,2024-10-21,Size/Fit Issue,1
601481,267215,5151,2025-01-07,Damaged,1
601482,268492,5326,2024-03-17,Damaged,1
601483,227227,5192,2023-07-20,Damaged,1
601484,268002,5187,2025-10-07,Changed Mind,1
601485,212891,5219,2025-04-03,Not as Expected,1
601486,266936,5187,2024-06-28,Wrong Product,1
601487,270952,5137,2025-08-26,Damaged,1
601488,256569,5167,2024-11-26,Wrong Product,1
601489,225331,5293,2023-12-30,Wrong Product,1
601490,270600,5229,2025-06-28,Not as Expected,1
601491,272444,5306,2025-09-11,Changed Mind,1
601492,266232,5341,2025-10-04,Damaged,1
601493,266586,5198,2024-05-07,Not as Expected,1
601494,263703,5010,2025-05-25,Size/Fit Issue,1
601495,262034,5458,2023-04-30,Damaged,1
601496,266694,5247,2025-03-27,Damaged,1
601497,225734,5406,2023-06-26,Not as Expected,1
601498,272511,5456,2023-06-09,Wrong Product,1
601499,247183,5098,2025-09-28,Not as Expected,1
601500,224886,5061,2024-09-12,Size/Fit Issue,1
601501,287969,5409,2026-01-07,Not as Expected,1
601502,255193,5112,2025-08-03,Wrong Product,1
601503,271605,5237,2024-12-18,Wrong Product,1
601504,214464,5310,2024-10-23,Size/Fit Issue,1
601505,293513,5076,2025-03-07,Not as Expected,1
601506,257950,5439,2025-07-25,Wrong Product,1
601507,258618,5470,2025-12-17,Damaged,1
601508,262513,5252,2025-02-04,Wrong Product,1
601509,229650,5216,2024-07-26,Size/Fit Issue,1
601510,234368,5078,2023-09-12,Damaged,1
601511,236903,5344,2024-01-07,Damaged,1
601512,225022,5435,2023-08-23,Size/Fit Issue,1
601513,295726,5149,2025-10-26,Wrong Product,1
601514,262192,5091,2025-03-04,Damaged,1
601515,274247,5455,2025-09-24,Damaged,1
601516,250814,5479,2024-11-08,Size/Fit Issue,1
601517,221492,5066,2025-03-13,Size/Fit Issue,1
601518,271574,5212,2025-12-27,Damaged,1
601519,250795,5196,2024-05-24,Size/Fit Issue,1
601520,290054,5119,2024-08-02,Size/Fit Issue,1
601521,295179,5208,2023-04-14,Size/Fit Issue,1
601522,274648,5171,2024-12-11,Wrong Product,1
601523,212527,5284,2025-04-30,Damaged,1
601524,227490,5051,2025-09-12,Not as Expected,1
601525,232837,5074,2025-10-04,Changed Mind,1
601526,201421,5101,2023-09-28,Wrong Product,1
601527,205329,5314,2024-12-14,Changed Mind,1
601528,246622,5407,2025-06-27,Size/Fit Issue,1
601529,203888,5052,2023-09-10,Wrong Product,1
601530,227843,5061,2024-01-18,Wrong Product,1
601531,298517,5215,2024-01-09,Size/Fit Issue,1
601532,269231,5255,2024-12-16,Size/Fit Issue,1
601533,259662,5121,2024-11-26,Size/Fit Issue,1
601534,298034,5202,2025-03-07,Changed Mind,1
601535,241018,5200,2025-12-17,Wrong Product,1
601536,235167,5029,2025-05-02,Size/Fit Issue,1
601537,246363,5300,2023-06-20,Wrong Product,1
601538,201553,5349,2023-05-17,Changed Mind,1
601539,227816,5053,2023-06-05,Damaged,1
601540,251619,5126,2025-01-15,Not as Expected,1
601541,202520,5390,2025-03-12,Damaged,1
601542,232723,5438,2023-10-29,Size/Fit Issue,1
601543,212899,5427,2025-05-03,Not as Expected,1
601544,269827,5366,2024-04-02,Not as Expected,1
601545,202410,5443,2024-03-30,Size/Fit Issue,1
601546,263487,5396,2024-12-09,Not as Expected,1
601547,247095,5319,2024-09-25,Wrong Product,1
601548,240717,5477,2025-11-12,Changed Mind,1
601549,264404,5324,2025-08-15,Size/Fit Issue,1
601550,270805,5196,2024-10-05,Changed Mind,1
601551,280195,5006,2026-01-11,Damaged,1
601552,233542,5238,2025-08-23,Wrong Product,1
601553,253081,5322,2024-07-06,Size/Fit Issue,1
601554,232443,5461,2023-07-31,Size/Fit Issue,1
601555,252317,5235,2024-03-22,Damaged,1
601556,254532,5043,2023-09-14,Damaged,1
601557,273588,5460,2024-11-13,Damaged,1
601558,286467,5387,2025-07-15,Wrong Product,1
601559,233024,5007,2025-05-04,Not as Expected,1
601560,216782,5442,2024-03-05,Damaged,1
601561,241813,5012,2024-01-04,Changed Mind,1
601562,258198,5320,2025-06-15,Size/Fit Issue,1
601563,282246,5280,2024-07-29,Wrong Product,1
601564,214793,5031,2024-04-14,Size/Fit Issue,1
601565,256384,5469,2024-07-09,Not as Expected,1
601566,271852,5250,2024-08-18,Not as Expected,1
601567,279073,5442,2025-02-06,Changed Mind,1
601568,265474,5375,2023-01-15,Wrong Product,1
601569,264552,5466,2025-05-10,Wrong Product,1
601570,298381,5282,2023-12-01,Wrong Product,1
601571,246580,5400,2023-10-24,Changed Mind,1
601572,263699,5227,2023-01-28,Damaged,1
601573,270480,5080,2025-07-11,Not as Expected,1
601574,287389,5468,2023-02-14,Changed Mind,1
601575,251511,5215,2023-11-06,Damaged,1
601576,278364,5132,2025-08-20,Damaged,1
601577,252735,5082,2024-08-29,Damaged,1
601578,299666,5143,2024-09-21,Not as Expected,1
601579,282699,5094,2023-05-07,Not as Expected,1
601580,293011,5464,2023-09-02,Not as Expected,1
601581,252040,5415,2025-01-27,Not as Expected,1
601582,243224,5270,2025-08-15,Not as Expected,1
601583,213354,5070,2023-11-25,Changed Mind,1
601584,275669,5138,2023-09-07,Size/Fit Issue,1
601585,265766,5469,2023-04-23,Size/Fit Issue,1
601586,280315,5241,2024-04-30,Damaged,1
601587,248291,5177,2024-09-07,Damaged,1
601588,282974,5318,2023-01-28,Not as Expected,1
601589,290272,5378,2023-12-19,Not as Expected,1
601590,238570,5361,2023-10-01,Changed Mind,1
601591,214159,5147,2025-06-29,Damaged,1
601592,286862,5387,2023-04-19,Not as Expected,1
601593,275173,5333,2025-02-24,Size/Fit Issue,1
601594,200316,5020,2023-04-19,Changed Mind,1
601595,257391,5217,2024-04-25,Size/Fit Issue,1
601596,251525,5410,2025-11-01,Changed Mind,1
601597,263672,5400,2024-02-10,Damaged,1
601598,290762,5176,2024-10-11,Damaged,1
601599,234591,5226,2023-09-08,Size/Fit Issue,1
601600,247894,5351,2025-07-23,Wrong Product,1
601601,263330,5073,2024-06-05,Not as Expected,1
601602,273726,5029,2025-09-17,Changed Mind,1
601603,238184,5190,2024-01-07,Damaged,1
601604,271660,5215,2023-09-10,Not as Expected,1
601605,263530,5255,2025-04-26,Damaged,1
601606,238284,5118,2025-03-19,Changed Mind,1
601607,290555,5414,2025-02-04,Size/Fit Issue,1
601608,232211,5188,2025-12-17,Not as Expected,1
601609,229086,5361,2023-12-27,Damaged,1
601610,220687,5345,2025-09-13,Wrong Product,1
601611,246957,5331,2025-08-14,Wrong Product,1
601612,234754,5023,2024-04-29,Size/Fit Issue,1
601613,229695,5287,2023-12-29,Not as Expected,1
601614,246955,5395,2023-03-25,Size/Fit Issue,1
601615,281225,5112,2023-09-22,Size/Fit Issue,1
601616,279659,5103,2025-02-06,Size/Fit Issue,1
601617,241505,5071,2024-04-04,Wrong Product,1
601618,240604,5423,2024-09-08,Size/Fit Issue,1
601619,221216,5300,2025-07-15,Damaged,1
601620,287992,5286,2024-04-02,Damaged,1
601621,257189,5196,2025-03-23,Changed Mind,1
601622,267181,5085,2025-10-05,Not as Expected,1
601623,286461,5303,2025-02-18,Not as Expected,1
601624,208150,5468,2025-10-28,Size/Fit Issue,1
601625,214026,5023,2025-08-12,Not as Expected,1
601626,248164,5139,2023-08-21,Not as Expected,1
601627,226355,5417,2025-06-29,Not as Expected,1
601628,266214,5372,2026-01-14,Not as Expected,1
601629,250888,5100,2025-11-06,Size/Fit Issue,1
601630,271623,5475,2024-01-12,Wrong Product,1
601631,281116,5208,2025-03-20,Wrong Product,1
601632,259974,5355,2024-05-14,Wrong Product,1
601633,213804,5336,2024-03-19,Changed Mind,1
601634,218292,5193,2025-01-20,Wrong Product,1
601635,221041,5069,2023-12-21,Not as Expected,1
601636,236666,5385,2023-05-07,Not as Expected,1
601637,295306,5267,2025-10-01,Size/Fit Issue,1
601638,277538,5267,2023-03-20,Not as Expected,1
601639,215769,5150,2024-01-18,Not as Expected,1
601640,289421,5432,2024-10-02,Damaged,1
601641,243886,5253,2025-04-05,Not as Expected,1
601642,246451,5141,2023-07-28,Damaged,1
601643,214365,5189,2023-04-22,Damaged,1
601644,269883,5130,2024-08-06,Not as Expected,1
601645,297680,5365,2023-03-04,Wrong Product,1
601646,271401,5086,2025-11-09,Size/Fit Issue,1
601647,268501,5162,2025-02-24,Size/Fit Issue,1
601648,236003,5416,2024-06-03,Wrong Product,1
601649,266130,5076,2024-07-30,Changed Mind,1
601650,223627,5216,2023-08-09,Not as Expected,1
601651,239555,5397,2023-07-23,Changed Mind,1
601652,291064,5437,2024-08-06,Changed Mind,1
601653,295432,5414,2025-11-30,Changed Mind,1
601654,217865,5383,2025-12-25,Not as Expected,1
601655,211960,5351,2023-03-13,Damaged,1
601656,226823,5069,2025-08-15,Not as Expected,1
601657,213369,5480,2025-10-05,Wrong Product,1
601658,216766,5467,2024-07-18,Not as Expected,1
601659,263873,5078,2025-08-15,Not as Expected,1
601660,202576,5115,2024-06-12,Wrong Product,1
601661,296738,5261,2024-08-09,Changed Mind,1
601662,242982,5242,2023-10-28,Size/Fit Issue,1
601663,237058,5382,2024-11-19,Damaged,1
601664,202254,5373,2025-01-25,Size/Fit Issue,1
601665,242405,5105,2025-02-24,Wrong Product,1
601666,227116,5172,2023-11-23,Size/Fit Issue,1
601667,291829,5176,2024-04-02,Size/Fit Issue,1
601668,287640,5475,2025-05-24,Wrong Product,1
601669,260643,5478,2023-06-18,Wrong Product,1
601670,229420,5242,2024-11-03,Not as Expected,1
601671,293908,5470,2025-04-30,Changed Mind,1
601672,285808,5121,2024-08-19,Wrong Product,1
601673,232432,5067,2024-07-25,Wrong Product,1
601674,279198,5292,2024-04-04,Size/Fit Issue,1
601675,206852,5331,2023-10-20,Damaged,1
601676,267496,5272,2025-02-24,Size/Fit Issue,1
601677,255195,5119,2024-11-10,Size/Fit Issue,1
601678,279162,5245,2025-10-22,Wrong Product,1
601679,277747,5333,2023-11-16,Changed Mind,1
601680,214310,5378,2025-06-08,Changed Mind,1
601681,254574,5020,2023-03-21,Damaged,1
601682,245973,5400,2023-11-15,Size/Fit Issue,1
601683,262383,5471,2023-05-30,Not as Expected,1
601684,210354,5423,2025-08-04,Wrong Product,1
601685,230318,5030,2025-11-02,Wrong Product,1
601686,215441,5265,2023-04-20,Changed Mind,1
601687,257989,5310,2023-07-16,Damaged,1
601688,266133,5301,2025-12-01,Size/Fit Issue,1
601689,294056,5474,2023-10-07,Damaged,1
601690,219495,5473,2024-06-21,Changed Mind,1
601691,202488,5150,2025-06-10,Size/Fit Issue,1
601692,298033,5141,2025-03-24,Size/Fit Issue,1
601693,260310,5246,2023-12-18,Size/Fit Issue,1
601694,264418,5089,2024-05-09,Changed Mind,1
601695,244344,5148,2023-03-29,Wrong Product,1
601696,297606,5049,2024-06-17,Size/Fit Issue,1
601697,292048,5019,2023-09-11,Not as Expected,1
601698,218864,5279,2025-05-01,Not as Expected,1
601699,285740,5257,2024-01-17,Wrong Product,1
601700,295081,5098,2025-01-09,Damaged,1
601701,217709,5306,2025-02-25,Size/Fit Issue,1
601702,220412,5355,2023-03-06,Damaged,1
601703,200121,5411,2024-04-23,Wrong Product,1
601704,224015,5388,2025-12-21,Size/Fit Issue,1
601705,227081,5390,2024-11-23,Size/Fit Issue,1
601706,246060,5152,2024-05-18,Size/Fit Issue,1
601707,203463,5191,2023-08-10,Not as Expected,1
601708,219915,5351,2023-07-30,Damaged,1
601709,294846,5333,2024-10-05,Size/Fit Issue,1
601710,283933,5366,2025-05-01,Not as Expected,1
601711,297152,5165,2025-11-27,Size/Fit Issue,1
601712,246300,5073,2024-07-07,Not as Expected,1
601713,246452,5218,2023-09-12,Wrong Product,1
601714,209436,5049,2023-09-29,Changed Mind,1
601715,250602,5137,2024-02-25,Wrong Product,2
601716,225117,5184,2023-03-21,Size/Fit Issue,1
601717,266320,5448,2023-02-22,Wrong Product,1
601718,275820,5084,2023-03-24,Not as Expected,1
601719,244294,5168,2025-01-24,Not as Expected,1
601720,259852,5114,2025-08-12,Size/Fit Issue,1
601721,229902,5115,2024-10-07,Damaged,1
601722,282083,5227,2024-05-11,Wrong Product,1
601723,262195,5440,2025-06-18,Not as Expected,1
601724,239868,5398,2023-08-14,Changed Mind,1
601725,203566,5060,2025-10-28,Size/Fit Issue,1
601726,273087,5345,2025-08-27,Changed Mind,1
601727,254806,5230,2025-11-30,Size/Fit Issue,1
601728,200182,5477,2025-07-08,Wrong Product,1
601729,272500,5074,2024-01-08,Size/Fit Issue,1
601730,200883,5188,2026-01-07,Not as Expected,1
601731,257865,5267,2023-12-31,Changed Mind,1
601732,210137,5245,2024-09-23,Not as Expected,1
601733,298852,5363,2025-08-27,Not as Expected,1
601734,243014,5132,2024-12-17,Changed Mind,1
601735,222035,5063,2024-05-30,Damaged,1
601736,246734,5316,2023-04-03,Size/Fit Issue,1
601737,222301,5417,2023-12-24,Size/Fit Issue,1
601738,237979,5060,2025-11-26,Not as Expected,1
601739,224360,5017,2024-10-24,Changed Mind,1
601740,233519,5115,2023-12-03,Changed Mind,1
601741,278184,5112,2024-08-01,Changed Mind,1
601742,268402,5453,2024-11-03,Size/Fit Issue,1
601743,219078,5367,2023-03-29,Changed Mind,1
601744,288300,5330,2025-06-15,Changed Mind,1
601745,200594,5211,2023-09-28,Not as Expected,1
601746,277440,5017,2025-11-11,Size/Fit Issue,1
601747,217690,5357,2025-07-23,Not as Expected,1
601748,202726,5017,2026-01-10,Damaged,1
601749,274008,5405,2025-09-05,Size/Fit Issue,1
601750,261984,5042,2025-10-07,Size/Fit Issue,1
601751,268562,5218,2025-04-03,Changed Mind,1
601752,207055,5076,2025-06-25,Not as Expected,1
601753,290447,5420,2024-09-20,Wrong Product,1
601754,270097,5346,2024-12-04,Size/Fit Issue,1
601755,230820,5016,2024-01-07,Not as Expected,1
601756,248668,5107,2025-04-10,Damaged,1
601757,224627,5089,2024-12-11,Not as Expected,1
601758,263833,5008,2023-12-08,Damaged,1
601759,273872,5338,2025-11-10,Size/Fit Issue,1
601760,262014,5400,2024-12-08,Not as Expected,1
601761,292038,5275,2025-04-25,Size/Fit Issue,1
601762,263341,5439,2025-01-17,Not as Expected,1
601763,295758,5383,2023-07-04,Size/Fit Issue,1
601764,294903,5153,2025-12-14,Not as Expected,1
601765,267074,5399,2023-04-12,Not as Expected,1
601766,201214,5453,2023-12-20,Not as Expected,1
601767,253228,5209,2023-06-08,Damaged,1
601768,251367,5117,2024-02-12,Size/Fit Issue,1
601769,275719,5324,2024-05-22,Damaged,1
601770,278190,5447,2023-09-01,Changed Mind,1
601771,271085,5310,2025-05-17,Size/Fit Issue,1
601772,237635,5160,2023-02-20,Damaged,1
601773,220246,5260,2023-01-25,Not as Expected,1
601774,298851,5445,2023-08-22,Damaged,1
601775,273127,5044,2025-03-14,Not as Expected,1
601776,260976,5376,2025-09-22,Not as Expected,1
601777,282092,5151,2024-09-28,Size/Fit Issue,1
601778,216516,5078,2024-06-03,Not as Expected,1
601779,214395,5425,2025-10-22,Wrong Product,1
601780,234566,5181,2025-04-13,Not as Expected,1
601781,234115,5479,2023-05-24,Damaged,1
601782,236440,5293,2025-09-05,Size/Fit Issue,1
601783,284256,5459,2025-04-18,Size/Fit Issue,1
601784,253296,5440,2023-07-24,Damaged,1
601785,285724,5469,2023-06-19,Damaged,1
601786,268778,5461,2025-12-13,Size/Fit Issue,1
601787,293303,5440,2025-01-05,Wrong Product,1
601788,227719,5147,2025-02-09,Size/Fit Issue,1
601789,203161,5117,2026-01-08,Wrong Product,2
601790,265334,5471,2023-08-04,Not as Expected,1
601791,298262,5398,2025-07-18,Not as Expected,1
601792,244049,5413,2023-05-28,Changed Mind,1
601793,219712,5120,2023-01-19,Changed Mind,1
601794,291499,5361,2023-06-24,Damaged,1
601795,228602,5179,2025-12-10,Damaged,1
601796,283398,5179,2023-09-21,Changed Mind,1
601797,291563,5391,2024-05-23,Changed Mind,1
601798,210469,5459,2024-04-01,Damaged,1
601799,203006,5217,2025-02-06,Damaged,1
601800,242401,5071,2025-04-10,Wrong Product,1
601801,234148,5331,2023-02-08,Not as Expected,1
601802,216489,5015,2024-04-01,Changed Mind,1
601803,237804,5350,2023-10-07,Size/Fit Issue,1
601804,281519,5288,2025-05-01,Damaged,1
601805,258405,5288,2026-01-04,Changed Mind,1
601806,278269,5375,2024-01-17,Not as Expected,1
601807,256725,5032,2024-10-16,Changed Mind,1
601808,267489,5023,2024-06-10,Wrong Product,1
601809,240847,5409,2025-08-01,Not as Expected,1
601810,296321,5334,2025-01-09,Size/Fit Issue,1
601811,223798,5353,2023-06-27,Wrong Product,1
601812,267799,5268,2024-11-03,Size/Fit Issue,1
601813,247773,5346,2025-06-08,Size/Fit Issue,1
601814,244635,5240,2024-04-07,Not as Expected,1
601815,250886,5184,2025-06-19,Wrong Product,1
601816,278317,5090,2025-09-09,Not as Expected,1
601817,281464,5347,2025-10-20,Not as Expected,1
601818,251677,5270,2025-12-31,Size/Fit Issue,1
601819,218650,5460,2023-10-10,Changed Mind,1
601820,223214,5004,2025-07-01,Damaged,1
601821,225474,5140,2026-01-08,Not as Expected,1
601822,262737,5258,2026-01-15,Damaged,1
601823,253159,5319,2023-05-02,Changed Mind,1
601824,295947,5031,2024-09-10,Not as Expected,1
601825,276541,5119,2024-04-29,Wrong Product,1
601826,201289,5079,2025-11-15,Not as Expected,1
601827,294004,5123,2026-01-25,Damaged,1
601828,257747,5437,2023-03-24,Not as Expected,1
601829,200401,5311,2024-06-17,Size/Fit Issue,1
601830,229849,5207,2023-06-13,Not as Expected,1
601831,222958,5206,2024-03-02,Wrong Product,1
601832,200627,5196,2024-09-14,Not as Expected,1
601833,261155,5475,2025-04-14,Size/Fit Issue,1
601834,202682,5209,2025-10-21,Size/Fit Issue,1
601835,218590,5245,2024-05-29,Wrong Product,1
601836,230890,5368,2025-03-17,Not as Expected,1
601837,204909,5207,2023-05-18,Size/Fit Issue,1
601838,216716,5315,2025-12-28,Changed Mind,1
601839,241006,5422,2024-11-16,Changed Mind,1
601840,285142,5196,2025-06-23,Size/Fit Issue,1
601841,242746,5353,2025-06-14,Size/Fit Issue,1
601842,230439,5364,2025-11-21,Not as Expected,1
601843,257355,5314,2025-03-01,Wrong Product,1
601844,273464,5156,2023-03-04,Size/Fit Issue,1
601845,224836,5327,2023-01-25,Not as Expected,1
601846,250623,5467,2024-12-17,Size/Fit Issue,1
601847,255407,5442,2024-05-27,Size/Fit Issue,1
601848,214925,5287,2023-06-12,Size/Fit Issue,1
601849,206771,5229,2023-01-29,Changed Mind,1
601850,233448,5023,2024-08-21,Not as Expected,1
601851,298178,5269,2025-11-04,Size/Fit Issue,1
601852,233013,5376,2024-08-21,Size/Fit Issue,1
601853,227363,5325,2025-05-27,Size/Fit Issue,1
601854,207405,5169,2024-02-01,Size/Fit Issue,1
601855,292678,5336,2024-04-22,Damaged,1
601856,278532,5364,2024-12-20,Size/Fit Issue,1
601857,260902,5371,2024-09-05,Not as Expected,1
601858,257064,5469,2025-07-17,Size/Fit Issue,1
601859,287071,5215,2024-07-15,Size/Fit Issue,1
601860,250420,5144,2025-01-11,Wrong Product,1
601861,292938,5019,2025-07-24,Not as Expected,1
601862,278297,5103,2023-06-24,Changed Mind,1
601863,225708,5162,2023-10-11,Size/Fit Issue,1
601864,211314,5414,2023-11-26,Size/Fit Issue,1
601865,248576,5423,2024-10-15,Size/Fit Issue,1
601866,233337,5182,2024-03-24,Wrong Product,1
601867,210612,5065,2023-04-30,Not as Expected,1
601868,210953,5477,2025-05-11,Wrong Product,1
601869,232332,5011,2025-11-04,Damaged,1
601870,224607,5038,2024-12-15,Not as Expected,1
601871,252033,5031,2023-02-23,Not as Expected,1
601872,236282,5259,2025-07-04,Damaged,1
601873,239221,5360,2025-08-21,Not as Expected,1
601874,209841,5327,2024-02-22,Not as Expected,1
601875,259943,5366,2024-11-08,Not as Expected,1
601876,268621,5036,2025-01-20,Not as Expected,1
601877,263812,5011,2023-08-09,Damaged,1
601878,236338,5345,2023-11-13,Not as Expected,1
601879,237841,5369,2024-02-10,Not as Expected,1
601880,242570,5341,2023-05-25,Damaged,1
601881,278220,5061,2024-05-11,Damaged,1
601882,290791,5282,2024-08-11,Size/Fit Issue,1
601883,272623,5011,2025-08-27,Damaged,1
601884,286489,5305,2023-12-16,Wrong Product,1
601885,223401,5340,2024-04-22,Size/Fit Issue,1
601886,241221,5215,2023-04-16,Damaged,1
601887,230034,5393,2023-10-07,Wrong Product,1
601888,207863,5209,2025-08-10,Size/Fit Issue,1
601889,288273,5418,2025-06-30,Damaged,1
601890,233994,5374,2025-03-19,Not as Expected,1
601891,217355,5195,2024-01-08,Changed Mind,1
601892,271291,5410,2024-09-14,Size/Fit Issue,1
601893,297505,5201,2024-01-21,Wrong Product,1
601894,259288,5380,2024-02-25,Size/Fit Issue,1
601895,241866,5298,2025-05-25,Not as Expected,1
601896,284206,5448,2024-02-15,Not as Expected,1
601897,233336,5382,2023-12-10,Damaged,1
601898,235134,5459,2025-03-19,Changed Mind,1
601899,228825,5172,2025-04-11,Damaged,1
601900,235965,5133,2025-10-03,Size/Fit Issue,1
601901,267518,5110,2023-04-30,Damaged,1
601902,234420,5143,2025-07-20,Changed Mind,1
601903,258171,5216,2023-05-23,Damaged,1
601904,283090,5465,2025-08-05,Wrong Product,1
601905,200075,5122,2023-02-19,Damaged,1
601906,287182,5001,2024-01-22,Wrong Product,1
601907,237826,5099,2023-07-03,Not as Expected,1
601908,275671,5366,2023-04-22,Not as Expected,1
601909,253273,5057,2024-01-05,Changed Mind,1
601910,208323,5420,2023-11-22,Changed Mind,1
601911,209934,5048,2024-09-18,Not as Expected,1
601912,251248,5064,2024-09-26,Wrong Product,1
601913,242861,5214,2023-11-23,Not as Expected,1
601914,276087,5158,2023-09-22,Size/Fit Issue,1
601915,239255,5104,2025-06-04,Size/Fit Issue,1
601916,246830,5397,2025-06-11,Changed Mind,1
601917,253410,5298,2023-04-18,Size/Fit Issue,1
601918,237178,5015,2025-10-31,Changed Mind,1
601919,239560,5334,2025-08-09,Damaged,1
601920,254349,5425,2024-08-11,Not as Expected,1
601921,209091,5303,2025-11-17,Wrong Product,1
601922,268640,5043,2024-04-05,Changed Mind,1
601923,267083,5068,2025-02-13,Wrong Product,1
601924,262163,5163,2024-07-08,Not as Expected,1
601925,235339,5084,2024-04-19,Damaged,1
601926,219941,5403,2025-07-03,Size/Fit Issue,1
601927,274992,5418,2023-08-21,Wrong Product,1
601928,231752,5042,2024-04-02,Size/Fit Issue,1
601929,219665,5194,2025-09-20,Size/Fit Issue,1
601930,225586,5209,2023-10-30,Wrong Product,1
601931,225340,5090,2023-05-02,Wrong Product,1
601932,202391,5207,2025-09-26,Damaged,1
601933,284418,5081,2025-05-04,Not as Expected,1
601934,270133,5150,2025-03-10,Wrong Product,1
601935,254547,5146,2023-07-21,Wrong Product,1
601936,290110,5217,2023-10-06,Wrong Product,1
601937,243228,5319,2023-02-14,Not as Expected,1
601938,276156,5027,2025-09-20,Size/Fit Issue,1
601939,267101,5380,2023-09-25,Size/Fit Issue,1
601940,280241,5236,2024-03-05,Wrong Product,1
601941,298841,5307,2024-03-17,Size/Fit Issue,1
601942,284040,5092,2024-08-22,Wrong Product,1
601943,284551,5004,2024-08-24,Damaged,1
601944,205436,5126,2024-05-25,Not as Expected,1
601945,271173,5431,2024-04-23,Size/Fit Issue,1
601946,231697,5470,2024-11-15,Changed Mind,1
601947,267392,5124,2026-01-02,Damaged,1
601948,281393,5226,2024-08-24,Changed Mind,1
601949,226234,5106,2025-09-27,Damaged,1
601950,253708,5153,2025-02-08,Size/Fit Issue,1
601951,284381,5049,2025-11-14,Damaged,1
601952,245353,5418,2025-12-07,Size/Fit Issue,1
601953,236732,5277,2024-09-25,Not as Expected,1
601954,245776,5223,2024-03-05,Changed Mind,1
601955,232950,5474,2024-06-21,Wrong Product,1
601956,276708,5099,2025-11-06,Changed Mind,1
601957,220108,5366,2025-06-07,Size/Fit Issue,1
601958,201348,5258,2025-04-29,Changed Mind,1
601959,217778,5250,2025-10-23,Size/Fit Issue,1
601960,278745,5046,2025-07-08,Changed Mind,1
601961,277473,5106,2024-09-29,Changed Mind,1
601962,273122,5159,2023-09-28,Size/Fit Issue,1
601963,250935,5423,2025-03-06,Size/Fit Issue,1
601964,214468,5115,2024-12-10,Damaged,1
601965,283073,5252,2023-05-18,Size/Fit Issue,1
601966,253032,5421,2025-05-04,Size/Fit Issue,1
601967,222148,5142,2024-10-20,Not as Expected,1
601968,248162,5314,2025-01-24,Wrong Product,1
601969,234618,5084,2023-04-08,Not as Expected,1
601970,216058,5036,2025-08-07,Damaged,1
601971,252367,5320,2025-02-03,Wrong Product,1
601972,214127,5433,2023-09-10,Damaged,1
601973,210070,5021,2025-03-27,Not as Expected,1
601974,286905,5007,2025-10-11,Damaged,1
601975,236876,5154,2025-09-13,Wrong Product,1
601976,241351,5064,2024-11-27,Not as Expected,1
601977,213802,5207,2023-05-02,Not as Expected,1
601978,239974,5295,2024-10-13,Wrong Product,1
601979,292351,5111,2025-07-01,Size/Fit Issue,1
601980,237383,5214,2025-03-28,Damaged,1
601981,210923,5024,2025-06-21,Size/Fit Issue,1
601982,278653,5046,2025-11-28,Not as Expected,1
601983,204995,5355,2023-02-08,Not as Expected,1
601984,289842,5210,2024-05-01,Wrong Product,1
601985,277835,5079,2024-06-15,Size/Fit Issue,1
601986,272496,5080,2023-03-22,Wrong Product,1
601987,280567,5365,2024-02-22,Size/Fit Issue,1
601988,202626,5112,2025-04-14,Size/Fit Issue,1
601989,259368,5097,2025-05-24,Wrong Product,1
601990,223638,5331,2023-01-30,Not as Expected,1
601991,286606,5153,2025-05-11,Size/Fit Issue,1
601992,260891,5066,2024-03-27,Wrong Product,1
601993,218639,5233,2025-01-22,Changed Mind,1
601994,284063,5022,2025-12-05,Changed Mind,1
601995,216733,5070,2023-07-12,Size/Fit Issue,1
601996,234855,5091,2023-08-30,Changed Mind,1
601997,225478,5282,2024-07-05,Wrong Product,1
601998,217485,5146,2023-03-24,Size/Fit Issue,1
601999,239632,5129,2025-12-08,Wrong Product,1
602000,252998,5224,2023-02-20,Not as Expected,1
602001,212714,5418,2024-02-01,Changed Mind,1
602002,283046,5272,2024-01-28,Size/Fit Issue,1
602003,280076,5438,2024-05-25,Not as Expected,1
602004,236218,5331,2024-05-11,Changed Mind,1
602005,229606,5072,2025-10-08,Damaged,1
602006,288023,5349,2023-09-24,Changed Mind,1
602007,231009,5467,2023-08-02,Not as Expected,1
602008,258178,5204,2024-09-29,Wrong Product,1
602009,247491,5048,2023-04-03,Not as Expected,1
602010,286995,5246,2023-01-22,Size/Fit Issue,1
602011,274912,5368,2024-04-18,Wrong Product,1
602012,291911,5103,2023-02-27,Not as Expected,1
602013,209246,5094,2025-10-20,Changed Mind,1
602014,260134,5299,2024-01-22,Size/Fit Issue,1
602015,248824,5226,2024-01-05,Changed Mind,1
602016,248260,5103,2024-12-16,Not as Expected,1
602017,223648,5023,2024-11-28,Wrong Product,1
602018,295906,5303,2025-09-30,Damaged,1
602019,289621,5012,2025-07-18,Damaged,1
602020,257575,5041,2025-01-05,Damaged,1
602021,206739,5316,2023-04-24,Size/Fit Issue,1
602022,221516,5133,2023-09-24,Size/Fit Issue,1
602023,231409,5307,2024-12-26,Damaged,1
602024,201994,5380,2025-01-18,Damaged,1
602025,273327,5407,2025-03-06,Size/Fit Issue,1
602026,263982,5200,2024-06-05,Wrong Product,1
602027,229325,5355,2024-03-30,Wrong Product,1
602028,281231,5330,2023-09-17,Not as Expected,1
602029,268179,5124,2025-11-04,Size/Fit Issue,1
602030,234652,5027,2025-09-13,Wrong Product,1
602031,280867,5288,2024-08-10,Not as Expected,1
602032,227080,5043,2025-07-09,Not as Expected,1
602033,257022,5407,2024-03-25,Changed Mind,1
602034,266294,5008,2025-03-10,Size/Fit Issue,1
602035,259388,5218,2024-10-16,Changed Mind,1
602036,276072,5302,2025-09-04,Changed Mind,1
602037,227447,5446,2025-10-07,Damaged,1
602038,281992,5469,2025-05-30,Not as Expected,1
602039,243388,5185,2023-11-20,Not as Expected,1
602040,218941,5230,2023-02-01,Size/Fit Issue,1
602041,219228,5440,2024-12-04,Size/Fit Issue,1
602042,254904,5393,2024-11-29,Not as Expected,1
602043,298647,5305,2025-05-08,Size/Fit Issue,1
602044,244458,5045,2024-07-05,Not as Expected,1
602045,236310,5212,2023-03-18,Changed Mind,1
602046,243050,5215,2024-09-15,Changed Mind,1
602047,281766,5165,2025-03-19,Damaged,1
602048,275112,5094,2023-11-08,Not as Expected,1
602049,278461,5324,2025-10-08,Damaged,1
602050,280320,5413,2024-10-01,Changed Mind,1
602051,246781,5216,2025-05-06,Size/Fit Issue,1
602052,266354,5093,2025-08-14,Wrong Product,1
602053,223707,5361,2025-06-05,Size/Fit Issue,1
602054,278065,5077,2024-09-11,Size/Fit Issue,1
602055,271098,5109,2023-03-31,Changed Mind,1
602056,228240,5003,2025-08-16,Damaged,1
602057,213867,5206,2023-11-25,Damaged,1
602058,239932,5270,2024-07-22,Not as Expected,1
602059,211916,5444,2025-08-29,Damaged,1
602060,283681,5129,2025-02-27,Size/Fit Issue,1
602061,207836,5165,2024-07-26,Damaged,1
602062,290554,5115,2023-06-18,Size/Fit Issue,1
602063,275853,5074,2024-12-31,Damaged,1
602064,242591,5360,2023-07-11,Not as Expected,1
602065,249349,5304,2026-01-02,Size/Fit Issue,1
602066,297765,5406,2025-11-17,Size/Fit Issue,1
602067,263190,5163,2024-10-11,Size/Fit Issue,1
602068,210954,5198,2024-06-23,Not as Expected,1
602069,212176,5233,2025-05-19,Size/Fit Issue,1
602070,297059,5271,2026-01-18,Changed Mind,1
602071,227861,5224,2025-09-26,Size/Fit Issue,1
602072,236896,5154,2025-02-21,Damaged,1
602073,246241,5324,2023-06-09,Changed Mind,1
602074,240812,5453,2025-05-04,Damaged,1
602075,238473,5403,2023-12-21,Wrong Product,1
602076,200466,5230,2025-06-28,Not as Expected,1
602077,233447,5173,2024-10-28,Size/Fit Issue,1
602078,268895,5152,2023-04-02,Wrong Product,1
602079,250797,5141,2025-07-11,Size/Fit Issue,1
602080,216353,5122,2024-05-04,Not as Expected,1
602081,217195,5349,2025-06-05,Wrong Product,1
602082,230081,5004,2024-02-28,Not as Expected,1
602083,277623,5114,2025-02-12,Damaged,1
602084,212519,5256,2023-10-29,Wrong Product,1
602085,277677,5480,2025-12-30,Changed Mind,1
602086,216706,5127,2025-02-08,Changed Mind,1
602087,249510,5143,2024-10-21,Not as Expected,1
602088,294566,5040,2023-03-08,Damaged,1
602089,298108,5129,2025-04-27,Size/Fit Issue,1
602090,217480,5477,2025-10-07,Wrong Product,1
602091,200452,5164,2024-12-03,Not as Expected,1
602092,247986,5239,2025-04-04,Size/Fit Issue,1
602093,268789,5138,2024-09-17,Size/Fit Issue,1
602094,294608,5059,2024-03-13,Size/Fit Issue,1
602095,261187,5110,2023-05-15,Wrong Product,1
602096,247760,5461,2025-01-03,Changed Mind,1
602097,257696,5010,2025-05-31,Damaged,1
602098,250403,5072,2025-10-07,Size/Fit Issue,1
602099,204064,5257,2024-10-12,Damaged,1
602100,211961,5409,2024-06-04,Not as Expected,1
602101,248529,5279,2023-12-05,Wrong Product,1
602102,242515,5423,2025-04-09,Wrong Product,1
602103,225848,5186,2024-05-25,Not as Expected,1
602104,253824,5331,2023-12-05,Not as Expected,1
602105,290253,5104,2024-11-04,Damaged,1
602106,283646,5338,2024-12-18,Not as Expected,1
602107,259636,5277,2025-08-02,Size/Fit Issue,1
602108,223622,5400,2023-04-06,Changed Mind,1
602109,249014,5423,2025-04-17,Damaged,1
602110,221141,5144,2025-03-27,Size/Fit Issue,1
602111,254677,5266,2024-12-13,Not as Expected,1
602112,236807,5241,2025-12-30,Damaged,1
602113,202721,5357,2025-04-05,Wrong Product,1
602114,292939,5005,2024-08-21,Wrong Product,1
602115,220845,5273,2024-07-26,Not as Expected,1
602116,228805,5349,2025-08-10,Size/Fit Issue,1
602117,238932,5109,2024-08-24,Damaged,1
602118,287045,5296,2023-09-06,Changed Mind,1
602119,264463,5466,2024-05-11,Changed Mind,1
602120,246947,5054,2025-11-18,Not as Expected,1
602121,278489,5374,2023-04-22,Not as Expected,1
602122,259017,5298,2024-07-26,Wrong Product,1
602123,253208,5136,2024-09-21,Not as Expected,1
602124,293437,5365,2024-01-20,Damaged,1
602125,208910,5454,2023-03-05,Damaged,1
602126,243727,5352,2023-06-29,Wrong Product,1
602127,226803,5273,2023-09-11,Damaged,1
602128,204465,5255,2025-05-05,Changed Mind,1
602129,225508,5096,2024-08-31,Damaged,1
602130,238390,5154,2025-05-24,Size/Fit Issue,1
602131,264844,5046,2025-05-18,Changed Mind,1
602132,276890,5213,2025-04-09,Wrong Product,1
602133,267544,5347,2024-02-05,Size/Fit Issue,1
602134,219338,5206,2025-10-08,Size/Fit Issue,1
602135,205291,5229,2025-02-24,Wrong Product,1
602136,272677,5047,2025-12-29,Size/Fit Issue,1
602137,204902,5444,2024-08-07,Not as Expected,1
602138,232096,5177,2023-07-13,Damaged,1
602139,224845,5403,2025-12-12,Not as Expected,1
602140,213612,5286,2025-07-24,Wrong Product,1
602141,236203,5025,2025-11-12,Changed Mind,1
602142,203763,5036,2024-02-20,Wrong Product,1
602143,244679,5339,2024-02-03,Wrong Product,1
602144,265761,5417,2023-07-06,Damaged,1
602145,242155,5371,2025-08-29,Size/Fit Issue,1
602146,283960,5219,2025-06-28,Not as Expected,1
602147,264536,5003,2025-10-21,Wrong Product,1
602148,206420,5202,2025-04-07,Size/Fit Issue,1
602149,267345,5011,2023-12-25,Wrong Product,1
602150,221172,5202,2024-06-24,Size/Fit Issue,1
602151,284617,5434,2025-12-03,Changed Mind,1
602152,242386,5176,2023-07-14,Changed Mind,1
602153,235757,5404,2023-07-07,Wrong Product,1
602154,288855,5399,2024-07-01,Damaged,1
602155,275716,5281,2023-08-10,Size/Fit Issue,1
602156,251412,5256,2023-10-17,Damaged,1
602157,253963,5264,2025-01-07,Wrong Product,1
602158,235334,5124,2024-04-09,Size/Fit Issue,1
602159,272259,5251,2025-01-29,Wrong Product,1
602160,223063,5430,2024-04-20,Changed Mind,1
602161,232785,5087,2024-09-16,Size/Fit Issue,1
602162,203743,5393,2023-11-18,Size/Fit Issue,1
602163,247710,5194,2025-11-16,Size/Fit Issue,1
602164,250385,5051,2023-05-20,Changed Mind,1
602165,230644,5451,2024-02-28,Not as Expected,1
602166,225512,5175,2023-01-27,Not as Expected,1
602167,286559,5148,2025-09-01,Damaged,1
602168,269711,5161,2023-03-20,Damaged,1
602169,263076,5038,2025-06-06,Size/Fit Issue,1
602170,295875,5077,2024-06-24,Not as Expected,1
602171,268090,5185,2024-08-21,Changed Mind,1
602172,283883,5256,2025-07-11,Wrong Product,1
602173,278263,5123,2025-11-10,Not as Expected,1
602174,238022,5387,2024-05-20,Changed Mind,1
602175,217541,5298,2024-03-01,Size/Fit Issue,1
602176,232917,5353,2025-07-14,Not as Expected,1
602177,237460,5195,2025-07-04,Not as Expected,1
602178,230572,5004,2024-09-27,Size/Fit Issue,1
602179,239089,5305,2025-12-12,Not as Expected,1
602180,206584,5325,2024-07-12,Size/Fit Issue,1
602181,264273,5385,2025-03-10,Changed Mind,1
602182,273429,5020,2024-04-23,Changed Mind,1
602183,286447,5022,2024-07-05,Not as Expected,1
602184,210999,5353,2024-11-28,Size/Fit Issue,1
602185,231849,5043,2025-04-11,Changed Mind,1
602186,255223,5152,2025-02-03,Damaged,1
602187,205395,5363,2023-06-14,Damaged,1
602188,255180,5379,2024-05-13,Wrong Product,1
602189,238212,5104,2023-10-27,Size/Fit Issue,1
602190,253551,5221,2025-09-26,Size/Fit Issue,1
602191,277926,5434,2023-08-20,Not as Expected,1
602192,294512,5401,2023-06-15,Wrong Product,1
602193,275872,5171,2024-01-04,Size/Fit Issue,1
602194,227632,5126,2025-10-07,Wrong Product,1
602195,258937,5405,2024-01-03,Not as Expected,1
602196,223249,5422,2023-02-25,Wrong Product,1
602197,241060,5080,2023-09-24,Changed Mind,1
602198,221205,5017,2023-10-15,Damaged,1
602199,292363,5021,2026-01-02,Wrong Product,1
602200,254122,5421,2025-02-16,Size/Fit Issue,1
602201,247313,5274,2025-10-25,Wrong Product,1
602202,265470,5362,2023-09-12,Damaged,1
602203,215614,5369,2024-07-31,Size/Fit Issue,1
602204,278046,5220,2025-03-05,Size/Fit Issue,1
602205,294397,5412,2025-04-03,Size/Fit Issue,1
602206,265018,5182,2025-07-08,Damaged,1
602207,296960,5297,2024-08-19,Wrong Product,1
602208,238466,5422,2024-11-15,Damaged,1
602209,265229,5402,2024-01-21,Not as Expected,1
602210,211509,5230,2023-02-27,Changed Mind,1
602211,251160,5384,2025-07-08,Changed Mind,1
602212,246410,5321,2023-05-03,Size/Fit Issue,1
602213,241921,5023,2023-08-07,Not as Expected,1
602214,267885,5071,2023-01-23,Size/Fit Issue,1
602215,240176,5370,2024-01-05,Size/Fit Issue,1
602216,262977,5415,2024-01-15,Size/Fit Issue,1
602217,280344,5163,2024-08-15,Damaged,1
602218,245996,5228,2024-01-15,Size/Fit Issue,1
602219,249206,5219,2024-06-01,Size/Fit Issue,1
602220,264518,5340,2025-07-24,Size/Fit Issue,1
602221,272610,5335,2025-08-13,Wrong Product,1
602222,202562,5425,2025-04-22,Size/Fit Issue,1
602223,229587,5338,2024-01-16,Wrong Product,1
602224,214267,5363,2025-11-14,Size/Fit Issue,1
602225,249788,5111,2025-03-22,Damaged,1
602226,225171,5136,2023-05-09,Changed Mind,1
602227,210986,5260,2025-12-03,Size/Fit Issue,1
602228,267123,5213,2023-03-30,Not as Expected,1
602229,273658,5152,2025-07-09,Wrong Product,1
602230,221439,5399,2023-10-17,Damaged,1
602231,260204,5445,2025-05-18,Damaged,1
602232,215289,5124,2023-03-17,Damaged,1
602233,299101,5251,2023-01-14,Size/Fit Issue,1
602234,239443,5337,2023-03-28,Size/Fit Issue,2
602235,288452,5039,2023-04-10,Wrong Product,1
602236,292588,5107,2026-01-02,Wrong Product,1
602237,243147,5179,2025-10-07,Damaged,1
602238,287142,5425,2023-04-20,Not as Expected,1
602239,299594,5008,2024-08-26,Size/Fit Issue,1
602240,270026,5058,2025-01-28,Changed Mind,1
602241,206411,5162,2024-03-15,Not as Expected,1
602242,281146,5292,2025-03-15,Damaged,1
602243,263758,5248,2023-07-09,Not as Expected,1
602244,277213,5326,2023-03-31,Not as Expected,1
602245,265015,5453,2024-10-14,Wrong Product,1
602246,298991,5152,2024-11-23,Size/Fit Issue,1
602247,238007,5160,2025-03-30,Damaged,1
602248,241346,5421,2024-09-05,Changed Mind,1
602249,207234,5083,2024-08-18,Changed Mind,1
602250,217964,5175,2023-03-02,Size/Fit Issue,1
602251,257401,5369,2024-11-25,Wrong Product,1
602252,268082,5362,2024-11-13,Changed Mind,1
602253,295755,5204,2025-07-08,Not as Expected,1
602254,216892,5232,2025-09-10,Size/Fit Issue,1
602255,213583,5333,2025-01-14,Damaged,1
602256,270016,5007,2024-12-25,Size/Fit Issue,1
602257,209926,5032,2023-04-16,Not as Expected,1
602258,228484,5075,2025-04-29,Not as Expected,1
602259,216860,5134,2025-08-02,Not as Expected,1
602260,242578,5046,2024-12-31,Not as Expected,1
602261,259935,5078,2023-06-11,Not as Expected,1
602262,242351,5311,2023-05-02,Not as Expected,1
602263,262219,5068,2024-08-16,Size/Fit Issue,1
602264,258965,5032,2025-03-15,Changed Mind,1
602265,275998,5303,2023-08-01,Size/Fit Issue,1
602266,238929,5205,2024-11-06,Changed Mind,1
602267,246033,5063,2024-07-02,Changed Mind,1
602268,284406,5113,2025-12-04,Size/Fit Issue,1
602269,245389,5136,2024-10-26,Changed Mind,1
602270,206436,5184,2025-11-13,Damaged,1
602271,278210,5421,2024-09-08,Not as Expected,1
602272,212144,5273,2025-10-21,Size/Fit Issue,1
602273,276592,5356,2026-01-06,Size/Fit Issue,1
602274,236528,5343,2023-10-07,Wrong Product,1
602275,289575,5329,2025-08-31,Size/Fit Issue,1
602276,264954,5170,2024-09-06,Size/Fit Issue,1
602277,202328,5226,2023-03-10,Damaged,1
602278,242776,5217,2025-06-12,Wrong Product,1
602279,276808,5397,2023-12-15,Not as Expected,1
602280,202794,5262,2024-05-29,Size/Fit Issue,1
602281,279905,5416,2025-07-30,Size/Fit Issue,1
602282,284310,5334,2025-02-03,Size/Fit Issue,1
602283,256499,5129,2023-11-02,Damaged,1
602284,261660,5195,2025-08-10,Damaged,1
602285,203867,5326,2024-08-12,Changed Mind,1
602286,254215,5402,2025-04-25,Wrong Product,1
602287,293907,5004,2025-11-23,Not as Expected,1
602288,244854,5278,2024-03-15,Changed Mind,1
602289,241456,5201,2025-03-18,Changed Mind,1
602290,261249,5015,2025-07-06,Damaged,1
602291,230208,5322,2025-08-07,Size/Fit Issue,1
602292,268473,5452,2025-09-17,Size/Fit Issue,1
602293,217470,5464,2023-10-08,Damaged,1
602294,202253,5429,2024-02-22,Not as Expected,1
602295,208822,5277,2025-06-11,Not as Expected,1
602296,278274,5235,2023-12-16,Damaged,1
602297,247912,5356,2025-07-28,Changed Mind,1
602298,229908,5459,2024-08-20,Damaged,1
602299,290819,5064,2024-10-27,Damaged,1
602300,262286,5140,2025-09-13,Size/Fit Issue,1
602301,292661,5438,2025-10-02,Not as Expected,1
602302,213197,5459,2025-11-05,Not as Expected,1
602303,220025,5073,2024-02-19,Wrong Product,1
602304,231318,5022,2024-06-09,Damaged,1
602305,215243,5188,2024-03-06,Not as Expected,1
602306,216727,5169,2025-11-10,Size/Fit Issue,1
602307,248414,5400,2025-02-18,Damaged,1
602308,207218,5388,2025-05-03,Wrong Product,1
602309,204105,5239,2025-01-26,Not as Expected,1
602310,201850,5071,2025-09-03,Size/Fit Issue,1
602311,214724,5347,2025-03-24,Damaged,1
602312,236192,5279,2025-10-17,Damaged,1
602313,240507,5156,2023-04-07,Wrong Product,1
602314,204523,5470,2023-08-14,Damaged,1
602315,240010,5159,2024-05-10,Changed Mind,1
602316,229858,5180,2025-09-26,Size/Fit Issue,1
602317,254543,5384,2023-12-09,Changed Mind,1
602318,255873,5201,2025-06-22,Size/Fit Issue,1
602319,255600,5439,2023-04-03,Not as Expected,1
602320,260183,5420,2025-06-01,Wrong Product,1
602321,295451,5339,2025-06-19,Damaged,1
602322,209609,5232,2025-12-10,Size/Fit Issue,1
602323,225701,5064,2023-02-28,Size/Fit Issue,1
602324,200536,5326,2024-12-19,Changed Mind,1
602325,291963,5271,2025-09-20,Not as Expected,1
602326,207614,5255,2024-10-04,Size/Fit Issue,1
602327,216194,5452,2023-02-18,Not as Expected,1
602328,279539,5319,2025-06-28,Wrong Product,1
602329,278012,5143,2023-12-24,Wrong Product,1
602330,211772,5230,2023-06-19,Size/Fit Issue,1
602331,259896,5402,2024-09-08,Size/Fit Issue,1
602332,230406,5283,2024-12-31,Size/Fit Issue,1
602333,236527,5192,2023-05-20,Size/Fit Issue,1
602334,280888,5457,2024-12-18,Changed Mind,1
602335,258757,5392,2023-12-17,Damaged,1
602336,297284,5122,2025-11-05,Not as Expected,1
602337,261407,5457,2025-07-11,Not as Expected,1
602338,216488,5343,2024-10-20,Changed Mind,1
602339,246446,5436,2023-03-28,Not as Expected,1
602340,295748,5247,2024-05-09,Changed Mind,1
602341,252082,5019,2023-08-23,Size/Fit Issue,1
602342,238858,5217,2024-01-28,Changed Mind,1
602343,237757,5039,2024-06-22,Not as Expected,1
602344,269719,5064,2024-04-03,Size/Fit Issue,1
602345,236589,5423,2024-10-11,Size/Fit Issue,1
602346,221532,5088,2024-02-04,Not as Expected,1
602347,276532,5291,2023-09-17,Size/Fit Issue,1
602348,221590,5071,2025-05-20,Damaged,1
602349,264131,5385,2024-02-06,Damaged,1
602350,295509,5074,2025-03-14,Wrong Product,1
602351,290316,5465,2025-03-11,Size/Fit Issue,1
602352,291808,5382,2024-10-07,Not as Expected,1
602353,293309,5295,2023-12-07,Size/Fit Issue,1
602354,283080,5469,2025-07-31,Damaged,1
602355,202541,5016,2023-11-20,Damaged,1
602356,254374,5257,2023-06-29,Size/Fit Issue,1
602357,254110,5031,2023-05-05,Size/Fit Issue,1
602358,271653,5346,2023-10-11,Not as Expected,1
602359,256024,5413,2025-08-02,Not as Expected,1
602360,279913,5307,2024-11-09,Changed Mind,1
602361,253960,5211,2024-10-27,Wrong Product,1
602362,291567,5218,2023-04-11,Not as Expected,1
602363,203334,5123,2024-04-11,Changed Mind,1
602364,289536,5452,2025-04-26,Changed Mind,1
602365,229306,5341,2024-11-25,Wrong Product,1
602366,279135,5289,2024-02-03,Wrong Product,1
602367,212479,5193,2024-01-05,Wrong Product,1
602368,231104,5310,2025-10-08,Not as Expected,1
602369,250678,5354,2024-11-16,Size/Fit Issue,1
602370,251836,5274,2025-12-11,Changed Mind,1
602371,297953,5194,2023-08-15,Size/Fit Issue,1
602372,205943,5258,2025-11-13,Damaged,1
602373,271705,5320,2024-01-05,Not as Expected,1
602374,201356,5206,2023-08-21,Size/Fit Issue,1
602375,257850,5376,2025-10-21,Size/Fit Issue,1
602376,231289,5321,2024-03-26,Not as Expected,1
602377,218762,5408,2024-07-03,Size/Fit Issue,1
602378,221784,5436,2024-10-20,Size/Fit Issue,1
602379,228843,5045,2025-09-14,Size/Fit Issue,1
602380,264310,5115,2025-10-02,Damaged,1
602381,224727,5480,2023-12-11,Not as Expected,1
602382,272160,5261,2023-11-23,Size/Fit Issue,1
602383,257116,5149,2023-05-31,Not as Expected,1
602384,203802,5028,2025-09-23,Damaged,1
602385,253738,5109,2025-06-26,Size/Fit Issue,1
602386,241699,5199,2023-02-01,Wrong Product,1
602387,247323,5449,2024-02-04,Not as Expected,1
602388,298926,5462,2025-11-06,Not as Expected,1
602389,243110,5056,2024-01-11,Damaged,1
602390,299178,5252,2025-08-18,Size/Fit Issue,1
602391,203468,5370,2023-07-01,Damaged,1
602392,290905,5365,2025-03-14,Changed Mind,1
602393,259658,5114,2024-05-06,Size/Fit Issue,1
602394,237605,5366,2025-06-21,Size/Fit Issue,1
602395,249695,5034,2025-01-31,Not as Expected,1
602396,259080,5065,2023-11-22,Damaged,1
602397,224215,5435,2025-11-14,Not as Expected,1
602398,267453,5286,2023-02-05,Changed Mind,1
602399,247258,5026,2023-08-20,Not as Expected,1
602400,297563,5395,2025-03-16,Wrong Product,1
602401,258839,5441,2025-05-05,Size/Fit Issue,1
602402,214261,5124,2025-09-11,Not as Expected,1
602403,226680,5439,2023-06-20,Wrong Product,1
602404,270274,5301,2025-12-04,Damaged,1
602405,219856,5471,2023-02-04,Size/Fit Issue,1
602406,222708,5339,2025-09-06,Damaged,1
602407,262578,5290,2023-06-08,Wrong Product,1
602408,270957,5327,2024-10-20,Not as Expected,1
602409,288004,5319,2024-09-07,Size/Fit Issue,1
602410,286650,5364,2025-04-06,Damaged,1
602411,244457,5012,2026-01-02,Wrong Product,1
602412,293714,5097,2025-05-14,Size/Fit Issue,1
602413,249576,5009,2024-01-17,Size/Fit Issue,1
602414,242597,5002,2024-01-02,Size/Fit Issue,1
602415,287860,5427,2025-01-28,Wrong Product,1
602416,291247,5229,2025-11-27,Size/Fit Issue,1
602417,267877,5473,2025-04-15,Not as Expected,1
602418,203035,5281,2024-02-17,Size/Fit Issue,1
602419,218150,5166,2025-01-23,Size/Fit Issue,1
602420,250172,5174,2024-08-29,Size/Fit Issue,1
602421,233597,5369,2023-04-11,Size/Fit Issue,1
602422,262183,5266,2024-08-17,Not as Expected,1
602423,200848,5026,2025-12-18,Damaged,1
602424,216363,5155,2023-10-23,Damaged,1
602425,269583,5454,2024-05-23,Not as Expected,1
602426,206741,5156,2024-01-16,Not as Expected,1
602427,280871,5099,2025-12-18,Changed Mind,1
602428,200243,5385,2025-06-12,Wrong Product,1
602429,287296,5182,2025-05-15,Not as Expected,1
602430,227073,5093,2025-05-22,Size/Fit Issue,1
602431,215695,5103,2023-10-31,Not as Expected,1
602432,232033,5007,2023-11-03,Size/Fit Issue,1
602433,270493,5060,2024-11-21,Size/Fit Issue,1
602434,287461,5290,2025-03-03,Size/Fit Issue,1
602435,205732,5428,2025-08-25,Damaged,1
602436,271343,5273,2023-12-16,Size/Fit Issue,1
602437,200130,5023,2025-08-16,Damaged,1
602438,295077,5400,2023-05-12,Wrong Product,1
602439,246216,5218,2024-07-26,Damaged,1
602440,294888,5131,2024-01-10,Not as Expected,1
602441,222802,5026,2025-07-12,Damaged,1
602442,287765,5149,2023-11-07,Size/Fit Issue,1
602443,280001,5441,2025-08-20,Size/Fit Issue,1
602444,237694,5075,2025-11-20,Wrong Product,1
602445,247490,5231,2025-04-16,Damaged,1
602446,292700,5342,2023-03-14,Damaged,1
602447,245609,5080,2023-12-27,Size/Fit Issue,1
602448,247093,5440,2024-07-21,Not as Expected,1
602449,286917,5261,2024-03-03,Changed Mind,1
602450,244414,5220,2024-11-09,Not as Expected,1
602451,288981,5240,2024-03-29,Changed Mind,1
602452,250884,5376,2024-07-09,Not as Expected,1
602453,231451,5075,2023-10-12,Damaged,1
602454,298176,5057,2024-01-22,Wrong Product,1
602455,236113,5081,2025-10-29,Not as Expected,1
602456,274440,5355,2023-07-21,Damaged,1
602457,237119,5396,2025-12-31,Changed Mind,1
602458,230555,5468,2023-04-30,Wrong Product,1
602459,215285,5453,2024-03-16,Size/Fit Issue,1
602460,222557,5232,2024-03-06,Size/Fit Issue,1
602461,230859,5259,2023-11-22,Changed Mind,1
602462,269770,5054,2024-10-15,Damaged,1
602463,211557,5317,2026-01-17,Changed Mind,1
602464,223822,5425,2024-07-06,Size/Fit Issue,1
602465,277891,5400,2023-08-03,Not as Expected,1
602466,283953,5005,2025-12-08,Wrong Product,1
602467,215036,5183,2023-11-06,Changed Mind,1
602468,270415,5113,2024-12-19,Size/Fit Issue,1
602469,295281,5047,2023-11-14,Damaged,1
602470,233971,5288,2023-07-15,Not as Expected,1
602471,259575,5243,2023-11-14,Size/Fit Issue,1
602472,260279,5475,2024-09-30,Size/Fit Issue,1
602473,276020,5035,2024-09-20,Size/Fit Issue,1
602474,254886,5290,2024-04-06,Wrong Product,1
602475,257388,5218,2025-07-25,Size/Fit Issue,1
602476,238998,5384,2025-06-01,Not as Expected,1
602477,227296,5462,2023-05-09,Not as Expected,1
602478,222617,5026,2026-01-09,Damaged,1
602479,215619,5134,2024-04-21,Not as Expected,1
602480,252114,5118,2025-12-20,Size/Fit Issue,1
602481,283268,5404,2025-05-27,Damaged,1
602482,200618,5163,2024-09-02,Wrong Product,1
602483,256053,5374,2023-06-02,Damaged,1
602484,233514,5117,2024-12-12,Not as Expected,1
602485,218814,5133,2025-07-30,Wrong Product,1
602486,272512,5121,2025-07-10,Not as Expected,1
602487,284578,5219,2023-03-17,Wrong Product,1
602488,206629,5187,2023-05-17,Size/Fit Issue,1
602489,258097,5478,2025-11-13,Damaged,1
602490,231134,5098,2023-08-19,Changed Mind,1
602491,223396,5069,2024-05-14,Size/Fit Issue,1
602492,282945,5335,2024-10-17,Size/Fit Issue,1
602493,263118,5316,2023-02-26,Size/Fit Issue,1
602494,250312,5307,2025-11-20,Damaged,1
602495,213661,5404,2024-06-26,Not as Expected,1
602496,296539,5404,2025-04-23,Not as Expected,1
602497,203464,5193,2025-03-11,Damaged,1
602498,209451,5039,2025-01-07,Size/Fit Issue,1
602499,247620,5325,2024-08-26,Not as Expected,1
602500,256867,5467,2023-08-28,Size/Fit Issue,1
602501,250853,5352,2024-08-09,Size/Fit Issue,1
602502,214931,5062,2024-10-24,Size/Fit Issue,1
602503,212143,5175,2024-10-17,Size/Fit Issue,1
602504,215706,5273,2023-08-06,Size/Fit Issue,1
602505,217736,5312,2025-07-25,Damaged,1
602506,225313,5002,2024-10-19,Wrong Product,1
602507,283047,5435,2024-07-04,Not as Expected,1
602508,209452,5208,2024-11-08,Not as Expected,1
602509,258477,5283,2023-08-15,Wrong Product,1
602510,226238,5253,2024-08-31,Wrong Product,1
602511,268170,5332,2023-08-27,Size/Fit Issue,1
602512,259516,5468,2024-04-26,Damaged,1
602513,228073,5302,2024-05-06,Damaged,1
602514,226994,5437,2025-07-17,Size/Fit Issue,1
602515,274042,5062,2025-09-14,Wrong Product,1
602516,285347,5378,2025-02-08,Changed Mind,1
602517,298642,5199,2024-02-01,Changed Mind,1
602518,280125,5231,2025-10-20,Damaged,1
602519,277611,5230,2025-05-23,Size/Fit Issue,1
602520,211589,5420,2025-09-30,Not as Expected,1
602521,215357,5254,2024-11-20,Wrong Product,1
602522,265509,5149,2024-10-20,Size/Fit Issue,1
602523,201846,5426,2025-11-28,Changed Mind,1
602524,267813,5198,2024-03-11,Size/Fit Issue,1
602525,218607,5468,2025-07-05,Size/Fit Issue,1
602526,253609,5366,2025-10-30,Not as Expected,1
602527,230234,5431,2024-07-22,Not as Expected,1
602528,215867,5361,2023-05-24,Size/Fit Issue,1
602529,275970,5237,2023-03-12,Not as Expected,1
602530,220475,5230,2024-03-26,Size/Fit Issue,1
602531,290930,5348,2023-12-16,Not as Expected,1
602532,255170,5282,2024-08-21,Not as Expected,1
602533,278039,5343,2023-01-29,Not as Expected,1
602534,213422,5390,2026-01-01,Damaged,1
602535,244659,5441,2023-06-22,Size/Fit Issue,1
602536,237021,5379,2024-12-14,Size/Fit Issue,1
602537,289255,5257,2023-04-15,Damaged,1
602538,275800,5075,2023-12-16,Size/Fit Issue,1
602539,239371,5277,2023-05-22,Wrong Product,1
602540,205776,5010,2023-07-05,Not as Expected,1
602541,298181,5222,2024-06-30,Damaged,1
602542,210111,5200,2024-03-04,Size/Fit Issue,1
602543,270802,5138,2024-01-29,Damaged,1
602544,215875,5361,2024-06-09,Wrong Product,1
602545,231820,5154,2025-05-31,Damaged,1
602546,201024,5350,2024-07-21,Not as Expected,2
602547,291986,5060,2023-12-29,Not as Expected,1
602548,222128,5223,2024-04-02,Wrong Product,1
602549,269672,5105,2025-01-25,Not as Expected,1
602550,269801,5267,2024-05-30,Size/Fit Issue,1
602551,206791,5372,2024-09-21,Size/Fit Issue,1
602552,294386,5393,2024-11-14,Not as Expected,1
602553,269681,5348,2024-10-04,Not as Expected,1
602554,224840,5358,2025-06-18,Not as Expected,1
602555,247157,5229,2024-09-11,Size/Fit Issue,1
602556,252145,5360,2024-07-04,Not as Expected,1
602557,239566,5211,2025-05-09,Wrong Product,1
602558,213101,5185,2024-01-12,Not as Expected,1
602559,208717,5453,2025-09-02,Not as Expected,1
602560,284290,5348,2025-02-13,Damaged,1
602561,276517,5298,2025-10-02,Size/Fit Issue,1
602562,296567,5430,2023-03-28,Wrong Product,1
602563,205724,5181,2023-10-14,Wrong Product,1
602564,217722,5377,2025-06-27,Changed Mind,1
602565,269556,5178,2023-07-29,Wrong Product,1
602566,214977,5291,2024-06-16,Size/Fit Issue,1
602567,229885,5277,2025-05-25,Changed Mind,1
602568,265359,5429,2025-12-27,Size/Fit Issue,1
602569,239008,5206,2025-03-26,Wrong Product,1
602570,207419,5389,2023-06-03,Changed Mind,1
602571,291277,5242,2025-12-10,Size/Fit Issue,1
602572,237057,5289,2025-07-08,Not as Expected,1
602573,226116,5448,2026-01-07,Damaged,1
602574,249863,5306,2025-12-16,Damaged,1
602575,203533,5041,2025-01-09,Wrong Product,1
602576,222424,5263,2023-10-11,Not as Expected,1
602577,211889,5025,2023-01-31,Damaged,1
602578,205466,5294,2025-10-25,Wrong Product,1
602579,243042,5157,2023-10-11,Size/Fit Issue,1
602580,264344,5260,2023-03-16,Size/Fit Issue,1
602581,296586,5212,2025-11-19,Damaged,1
602582,224218,5428,2025-12-31,Size/Fit Issue,1
602583,250307,5152,2025-08-01,Wrong Product,1
602584,207596,5461,2024-05-07,Not as Expected,1
602585,227551,5152,2025-01-09,Size/Fit Issue,1
602586,218129,5381,2024-07-02,Size/Fit Issue,1
602587,250097,5338,2024-10-23,Not as Expected,2
602588,296752,5169,2024-06-12,Damaged,1
602589,219848,5376,2025-11-19,Not as Expected,1
602590,228543,5112,2025-12-26,Size/Fit Issue,1
602591,225487,5267,2025-02-05,Not as Expected,1
602592,290480,5271,2025-04-26,Size/Fit Issue,1
602593,282277,5416,2025-04-19,Damaged,1
602594,256141,5320,2023-11-27,Size/Fit Issue,1
602595,231073,5091,2023-02-19,Not as Expected,1
602596,215066,5052,2025-03-16,Not as Expected,1
602597,207755,5195,2024-06-09,Size/Fit Issue,1
602598,250054,5253,2023-04-01,Changed Mind,1
602599,217988,5385,2024-09-26,Damaged,1
602600,226954,5041,2023-12-23,Changed Mind,1
602601,290465,5241,2025-05-26,Wrong Product,1
602602,293128,5421,2025-02-23,Not as Expected,1
602603,252968,5189,2025-06-07,Size/Fit Issue,1
602604,277099,5435,2023-10-14,Size/Fit Issue,1
602605,272169,5031,2024-05-25,Damaged,1
602606,266878,5231,2023-07-07,Changed Mind,1
602607,272470,5447,2024-06-06,Not as Expected,1
602608,212201,5382,2024-03-27,Wrong Product,1
602609,246340,5337,2025-02-24,Size/Fit Issue,1
602610,240285,5251,2025-06-08,Changed Mind,1
602611,226347,5350,2025-09-14,Damaged,1
602612,238495,5242,2023-08-15,Damaged,1
602613,241348,5397,2025-08-18,Size/Fit Issue,1
602614,202209,5322,2023-06-13,Changed Mind,1
602615,213082,5005,2025-08-13,Damaged,1
602616,284891,5251,2024-08-08,Wrong Product,1
602617,244094,5345,2023-10-31,Size/Fit Issue,1
602618,254917,5242,2025-06-23,Damaged,1
602619,216632,5077,2024-11-28,Size/Fit Issue,1
602620,261169,5453,2025-09-20,Not as Expected,1
602621,215293,5048,2023-11-05,Not as Expected,1
602622,273980,5470,2023-10-30,Changed Mind,1
602623,223247,5029,2025-01-26,Size/Fit Issue,1
602624,235524,5030,2024-12-31,Damaged,1
602625,279094,5039,2025-04-24,Not as Expected,1
602626,274744,5099,2023-10-02,Damaged,1
602627,263177,5037,2025-06-16,Changed Mind,1
602628,231452,5368,2024-08-03,Not as Expected,1
602629,273277,5472,2023-11-02,Size/Fit Issue,1
602630,296577,5357,2024-05-28,Changed Mind,1
602631,207698,5280,2025-01-17,Not as Expected,1
602632,237269,5474,2024-03-29,Damaged,1
602633,226762,5470,2025-08-30,Damaged,1
602634,268220,5105,2023-06-11,Wrong Product,1
602635,200864,5035,2025-02-27,Not as Expected,1
602636,215480,5458,2025-09-03,Damaged,1
602637,255337,5364,2024-07-02,Not as Expected,1
602638,210784,5233,2024-10-29,Size/Fit Issue,1
602639,242931,5273,2024-06-28,Not as Expected,1
602640,291857,5248,2024-04-25,Changed Mind,1
602641,250064,5334,2025-01-19,Changed Mind,1
602642,284417,5025,2024-11-04,Size/Fit Issue,1
602643,253797,5258,2026-01-05,Changed Mind,1
602644,267819,5205,2025-09-28,Changed Mind,1
602645,263620,5355,2023-12-15,Size/Fit Issue,1
602646,277925,5132,2025-10-08,Not as Expected,1
602647,233734,5183,2023-07-16,Damaged,1
602648,242332,5393,2025-03-23,Wrong Product,1
602649,234575,5216,2024-03-30,Wrong Product,1
602650,282895,5317,2024-09-10,Not as Expected,1
602651,248944,5455,2023-02-05,Size/Fit Issue,1
602652,204569,5168,2024-03-29,Damaged,1
602653,214774,5115,2024-10-21,Wrong Product,1
602654,216599,5348,2025-08-18,Wrong Product,1
602655,268228,5439,2025-06-16,Not as Expected,1
602656,242183,5127,2023-06-18,Not as Expected,1
602657,279840,5120,2025-10-01,Not as Expected,1
602658,234446,5057,2023-11-29,Size/Fit Issue,1
602659,268359,5202,2023-05-12,Wrong Product,1
602660,253885,5208,2024-01-12,Changed Mind,1
602661,269885,5239,2023-06-08,Wrong Product,1
602662,239064,5407,2025-04-09,Not as Expected,1
602663,248809,5273,2025-01-14,Not as Expected,1
602664,280213,5382,2023-07-25,Changed Mind,1
602665,209356,5012,2025-04-16,Size/Fit Issue,1
602666,277075,5437,2023-05-15,Not as Expected,1
602667,224808,5300,2025-02-02,Wrong Product,1
602668,201509,5293,2025-04-18,Damaged,1
602669,214373,5096,2025-07-25,Not as Expected,1
602670,260100,5127,2025-04-07,Size/Fit Issue,1
602671,270655,5056,2025-07-31,Changed Mind,1
602672,243150,5367,2024-05-06,Not as Expected,1
602673,225197,5085,2025-03-16,Not as Expected,1
602674,239725,5333,2023-09-19,Not as Expected,1
602675,272150,5344,2025-07-11,Size/Fit Issue,1
602676,253726,5093,2025-02-23,Damaged,1
602677,258002,5040,2024-07-25,Not as Expected,1
602678,230928,5091,2023-06-24,Wrong Product,1
602679,221142,5233,2025-09-26,Damaged,1
602680,212050,5363,2025-03-19,Size/Fit Issue,1
602681,265577,5054,2025-06-05,Size/Fit Issue,1
602682,210287,5229,2024-12-28,Damaged,1
602683,241430,5455,2024-01-20,Changed Mind,1
602684,209236,5437,2024-08-17,Size/Fit Issue,1
602685,275064,5410,2024-07-12,Size/Fit Issue,1
602686,265092,5451,2023-03-22,Wrong Product,1
602687,274600,5389,2025-03-11,Size/Fit Issue,1
602688,264483,5325,2023-04-24,Not as Expected,1
602689,228723,5394,2023-12-14,Wrong Product,1
602690,234867,5197,2023-12-12,Size/Fit Issue,1
602691,219288,5412,2024-03-04,Not as Expected,1
602692,225614,5278,2024-01-15,Not as Expected,1
602693,241676,5236,2025-01-21,Changed Mind,1
602694,223704,5113,2023-06-25,Damaged,1
602695,200209,5340,2024-11-11,Wrong Product,1
602696,266782,5083,2023-07-26,Damaged,1
602697,273515,5262,2025-09-14,Size/Fit Issue,1
602698,299749,5165,2025-08-14,Damaged,1
602699,245047,5282,2025-06-05,Damaged,1
602700,235671,5121,2023-08-23,Damaged,1
602701,236762,5316,2023-02-18,Size/Fit Issue,1
602702,208405,5018,2023-11-29,Wrong Product,1
602703,218432,5216,2024-12-05,Size/Fit Issue,1
602704,274691,5031,2025-10-31,Wrong Product,1
602705,222274,5362,2025-03-23,Damaged,1
602706,280289,5272,2024-02-21,Not as Expected,1
602707,269829,5226,2024-11-08,Size/Fit Issue,1
602708,279966,5182,2025-12-03,Changed Mind,1
602709,296473,5410,2024-12-24,Wrong Product,1
602710,217469,5452,2024-07-17,Wrong Product,1
602711,258301,5087,2024-11-24,Size/Fit Issue,1
602712,216019,5407,2025-05-21,Size/Fit Issue,1
602713,242879,5264,2023-03-09,Changed Mind,1
602714,234049,5449,2023-10-02,Wrong Product,1
602715,293244,5385,2024-09-10,Damaged,1
602716,236353,5007,2023-12-28,Size/Fit Issue,1
602717,231567,5341,2024-01-02,Changed Mind,1
602718,267943,5142,2024-05-30,Size/Fit Issue,1
602719,200840,5176,2023-05-18,Size/Fit Issue,1
602720,281879,5025,2024-08-15,Size/Fit Issue,1
602721,210685,5338,2024-02-20,Size/Fit Issue,1
602722,211269,5148,2024-10-30,Changed Mind,1
602723,237046,5026,2025-08-30,Not as Expected,1
602724,286591,5144,2025-11-07,Wrong Product,1
602725,265728,5068,2024-11-28,Changed Mind,1
602726,255695,5098,2025-06-20,Not as Expected,1
602727,288731,5413,2025-09-14,Size/Fit Issue,1
602728,292404,5406,2024-05-01,Size/Fit Issue,1
602729,263398,5246,2025-08-28,Not as Expected,1
602730,284109,5401,2024-11-07,Size/Fit Issue,1
602731,295426,5075,2025-02-06,Size/Fit Issue,1
602732,246801,5219,2024-02-01,Not as Expected,1
602733,231408,5320,2024-01-13,Damaged,1
602734,298928,5092,2025-09-07,Wrong Product,1
602735,245007,5474,2025-05-08,Changed Mind,1
602736,239432,5299,2024-09-23,Damaged,1
602737,235609,5152,2024-12-16,Damaged,1
602738,298328,5478,2025-02-24,Not as Expected,1
602739,270023,5368,2025-07-24,Size/Fit Issue,1
602740,209119,5470,2023-05-08,Size/Fit Issue,1
602741,270877,5417,2024-08-10,Not as Expected,1
602742,268768,5070,2024-12-28,Damaged,1
602743,287590,5056,2024-05-16,Changed Mind,1
602744,260122,5372,2023-01-31,Size/Fit Issue,1
602745,266698,5141,2025-11-24,Changed Mind,1
602746,215742,5069,2026-01-07,Damaged,1
602747,226368,5150,2025-07-28,Wrong Product,1
602748,275452,5141,2024-10-22,Damaged,1
602749,273981,5397,2023-02-05,Size/Fit Issue,1
602750,297104,5003,2024-04-11,Size/Fit Issue,1
602751,210150,5332,2025-04-25,Damaged,1
602752,269357,5352,2025-12-06,Not as Expected,1
602753,294036,5250,2025-10-03,Not as Expected,1
602754,249117,5262,2023-09-03,Changed Mind,1
602755,202645,5267,2024-04-29,Size/Fit Issue,1
602756,299055,5396,2024-09-26,Not as Expected,1
602757,237292,5309,2024-07-17,Size/Fit Issue,1
602758,255984,5472,2025-09-14,Damaged,1
602759,260766,5091,2024-10-01,Not as Expected,1
602760,214480,5215,2023-03-21,Not as Expected,1
602761,287754,5225,2025-10-23,Damaged,1
602762,274870,5127,2024-03-24,Not as Expected,1
602763,236630,5090,2025-04-24,Wrong Product,1
602764,268294,5059,2024-10-16,Wrong Product,1
602765,263320,5317,2025-05-28,Size/Fit Issue,1
602766,226109,5070,2024-09-24,Not as Expected,1
602767,205412,5253,2025-01-10,Not as Expected,1
602768,289282,5090,2024-08-24,Size/Fit Issue,1
602769,234823,5295,2025-05-03,Changed Mind,1
602770,236281,5066,2023-05-28,Size/Fit Issue,1
602771,273533,5346,2025-02-13,Changed Mind,1
602772,258585,5377,2025-12-09,Wrong Product,1
602773,220074,5014,2023-12-24,Size/Fit Issue,1
602774,201549,5466,2025-01-16,Size/Fit Issue,1
602775,252418,5443,2023-04-08,Damaged,1
602776,296397,5282,2025-10-27,Not as Expected,1
602777,242430,5283,2023-05-14,Changed Mind,1
602778,285876,5226,2025-09-07,Changed Mind,1
602779,287530,5242,2023-09-20,Wrong Product,1
602780,229971,5387,2025-10-01,Size/Fit Issue,1
602781,281244,5353,2024-06-29,Size/Fit Issue,1
602782,271877,5271,2024-08-02,Wrong Product,1
602783,203903,5142,2025-02-05,Damaged,1
602784,280515,5239,2024-01-26,Changed Mind,1
602785,209565,5003,2023-12-15,Size/Fit Issue,1
602786,286643,5447,2024-02-28,Size/Fit Issue,2
602787,245109,5329,2024-07-09,Size/Fit Issue,1
602788,251946,5197,2025-06-11,Changed Mind,1
602789,297618,5270,2023-03-31,Not as Expected,1
602790,261768,5177,2023-05-30,Size/Fit Issue,1
602791,234856,5440,2024-12-19,Damaged,1
602792,296707,5250,2025-07-31,Damaged,1
602793,241720,5361,2026-01-13,Size/Fit Issue,1
602794,260425,5066,2023-01-31,Damaged,1
602795,246066,5046,2025-02-23,Wrong Product,1
602796,251457,5175,2023-08-11,Size/Fit Issue,1
602797,241444,5325,2025-02-24,Not as Expected,1
602798,204967,5462,2023-08-04,Changed Mind,1
602799,224675,5108,2024-07-23,Damaged,1
602800,261128,5157,2024-09-26,Size/Fit Issue,1
602801,289816,5055,2023-05-14,Size/Fit Issue,1
602802,267439,5191,2024-03-20,Changed Mind,1
602803,247160,5116,2025-08-13,Damaged,1
602804,237435,5234,2023-02-04,Not as Expected,1
602805,268737,5344,2025-12-04,Changed Mind,1
602806,218004,5178,2025-10-11,Changed Mind,1
602807,214646,5159,2025-04-06,Size/Fit Issue,1
602808,240921,5453,2023-03-25,Size/Fit Issue,1
602809,236061,5281,2024-09-27,Damaged,1
602810,251210,5297,2025-07-21,Damaged,1
602811,248785,5466,2024-04-28,Size/Fit Issue,1
602812,274167,5072,2024-04-09,Size/Fit Issue,1
602813,275454,5139,2024-06-09,Changed Mind,1
602814,222660,5083,2024-04-11,Not as Expected,1
602815,210185,5025,2025-01-31,Wrong Product,1
602816,290433,5187,2024-06-02,Wrong Product,1
602817,263058,5383,2023-10-25,Changed Mind,1
602818,245815,5094,2024-01-27,Not as Expected,1
602819,219434,5437,2023-03-16,Wrong Product,1
602820,261919,5422,2024-04-21,Not as Expected,1
602821,281483,5082,2025-08-04,Size/Fit Issue,1
602822,261280,5266,2023-07-28,Changed Mind,1
602823,227182,5450,2024-02-18,Size/Fit Issue,1
602824,241332,5409,2024-02-04,Size/Fit Issue,1
602825,255631,5317,2025-06-18,Wrong Product,1
602826,279713,5130,2025-08-30,Wrong Product,1
602827,287808,5018,2023-11-24,Size/Fit Issue,1
602828,221454,5307,2025-01-18,Size/Fit Issue,1
602829,249684,5137,2025-05-23,Not as Expected,1
602830,235196,5230,2023-03-11,Damaged,1
602831,227322,5362,2025-09-10,Wrong Product,1
602832,208268,5273,2025-11-20,Wrong Product,1
602833,222080,5056,2023-10-03,Wrong Product,1
602834,252522,5385,2024-05-04,Damaged,1
602835,292078,5113,2024-06-12,Changed Mind,1
602836,279462,5209,2025-04-18,Damaged,1
602837,239653,5123,2024-08-10,Damaged,1
602838,248505,5358,2023-10-12,Damaged,1
602839,295865,5443,2025-10-01,Not as Expected,1
602840,210500,5012,2025-07-28,Damaged,1
602841,204300,5247,2023-09-27,Wrong Product,1
602842,283726,5367,2024-05-06,Not as Expected,1
602843,220992,5450,2024-06-07,Wrong Product,1
602844,228898,5003,2024-11-05,Damaged,1
602845,299627,5233,2024-03-15,Not as Expected,1
602846,289918,5029,2024-01-08,Not as Expected,1
602847,277617,5412,2025-08-01,Size/Fit Issue,1
602848,256984,5070,2025-10-05,Not as Expected,1
602849,274098,5117,2024-12-19,Wrong Product,1
602850,291043,5468,2023-12-20,Size/Fit Issue,1
602851,264778,5412,2025-08-29,Not as Expected,1
602852,203219,5335,2025-08-29,Not as Expected,1
602853,239556,5392,2025-09-08,Size/Fit Issue,1
602854,260337,5283,2023-09-10,Size/Fit Issue,1
602855,232819,5038,2026-01-02,Wrong Product,1
602856,250716,5051,2023-09-28,Changed Mind,1
602857,200747,5365,2023-03-08,Changed Mind,1
602858,239264,5379,2023-03-05,Size/Fit Issue,1
602859,207511,5183,2025-03-06,Not as Expected,1
602860,224645,5024,2023-04-10,Not as Expected,1
602861,208898,5463,2024-05-14,Wrong Product,1
602862,275451,5142,2023-04-02,Not as Expected,1
602863,262946,5444,2025-07-12,Size/Fit Issue,1
602864,283173,5207,2025-03-21,Not as Expected,1
602865,292894,5203,2025-03-10,Wrong Product,1
602866,248709,5237,2025-12-25,Damaged,1
602867,267384,5095,2023-08-27,Changed Mind,1
602868,204231,5021,2024-04-15,Wrong Product,1
602869,291674,5310,2023-07-09,Damaged,1
602870,299020,5069,2025-02-14,Size/Fit Issue,1
602871,253306,5088,2025-09-21,Changed Mind,1
602872,244933,5314,2024-07-18,Size/Fit Issue,1
602873,209379,5275,2024-02-07,Changed Mind,1
602874,274348,5113,2023-09-26,Wrong Product,1
602875,236321,5437,2025-02-20,Changed Mind,1
602876,288282,5026,2023-12-11,Size/Fit Issue,1
602877,256997,5204,2026-01-10,Damaged,1
602878,231624,5379,2026-01-07,Size/Fit Issue,1
602879,252580,5388,2025-04-22,Wrong Product,1
602880,221275,5133,2025-09-13,Size/Fit Issue,1
602881,259299,5373,2025-07-29,Not as Expected,1
602882,205832,5166,2025-11-18,Not as Expected,1
602883,239672,5052,2024-09-11,Damaged,1
602884,203478,5255,2025-09-19,Size/Fit Issue,1
602885,244148,5124,2023-05-23,Wrong Product,1
602886,296742,5058,2023-11-17,Changed Mind,1
602887,295193,5195,2024-05-19,Not as Expected,1
602888,244740,5183,2026-01-02,Size/Fit Issue,1
602889,228883,5226,2024-04-25,Wrong Product,1
602890,288590,5129,2025-03-16,Not as Expected,1
602891,265776,5341,2025-02-12,Size/Fit Issue,1
602892,262088,5298,2025-01-24,Wrong Product,1
602893,204834,5119,2024-07-02,Changed Mind,1
602894,276494,5104,2024-08-20,Damaged,1
602895,250980,5024,2023-02-26,Not as Expected,1
602896,264126,5348,2025-09-16,Damaged,1
602897,212326,5093,2025-03-18,Changed Mind,1
602898,217660,5301,2023-08-14,Changed Mind,1
602899,211668,5257,2025-09-30,Size/Fit Issue,1
602900,257350,5082,2025-07-25,Size/Fit Issue,1
602901,259922,5096,2025-05-05,Wrong Product,1
602902,293495,5390,2024-04-01,Damaged,1
602903,202432,5127,2023-08-28,Not as Expected,1
602904,266148,5285,2024-08-04,Size/Fit Issue,1
602905,224407,5186,2023-06-18,Size/Fit Issue,1
602906,214024,5430,2023-04-14,Changed Mind,1
602907,280345,5135,2026-01-01,Damaged,1
602908,204641,5300,2024-02-03,Size/Fit Issue,1
602909,283975,5238,2024-10-24,Not as Expected,1
602910,241160,5364,2024-12-19,Not as Expected,1
602911,238545,5295,2023-09-14,Size/Fit Issue,1
602912,271615,5240,2025-02-04,Damaged,1
602913,291524,5390,2023-05-08,Not as Expected,1
602914,229309,5270,2025-10-07,Changed Mind,1
602915,263399,5437,2024-12-27,Wrong Product,1
602916,236467,5295,2025-01-05,Damaged,1
602917,205501,5030,2025-07-31,Size/Fit Issue,1
602918,265059,5245,2024-08-20,Wrong Product,1
602919,283688,5172,2023-10-09,Damaged,1
602920,271073,5018,2025-04-25,Damaged,1
602921,236029,5274,2024-05-18,Size/Fit Issue,1
602922,283917,5083,2025-12-18,Not as Expected,1
602923,292649,5467,2023-07-25,Not as Expected,1
602924,241344,5222,2025-10-31,Not as Expected,1
602925,232009,5446,2024-01-22,Damaged,1
602926,255953,5380,2025-02-16,Damaged,1
602927,240399,5327,2025-04-03,Damaged,1
602928,245694,5291,2025-07-13,Size/Fit Issue,1
602929,249950,5163,2023-02-09,Damaged,1
602930,204891,5022,2025-06-06,Changed Mind,1
602931,212227,5383,2023-10-24,Wrong Product,1
602932,255647,5282,2024-07-15,Damaged,1
602933,268986,5137,2023-01-09,Not as Expected,1
602934,207411,5081,2024-09-12,Wrong Product,1
602935,248981,5206,2024-04-09,Damaged,1
602936,232125,5459,2024-01-31,Size/Fit Issue,1
602937,207798,5021,2025-04-09,Size/Fit Issue,1
602938,236104,5017,2025-01-15,Damaged,1
602939,294436,5462,2023-11-08,Size/Fit Issue,1
602940,296804,5058,2025-02-07,Size/Fit Issue,1
602941,235218,5430,2026-01-11,Size/Fit Issue,1
602942,287302,5071,2025-01-18,Wrong Product,2
602943,264470,5041,2024-12-18,Not as Expected,1
602944,252311,5393,2023-07-25,Wrong Product,1
602945,249441,5287,2025-06-02,Size/Fit Issue,1
602946,258640,5412,2024-09-19,Not as Expected,1
602947,203455,5091,2025-05-18,Not as Expected,1
602948,294473,5377,2025-05-24,Size/Fit Issue,1
602949,229166,5327,2023-04-07,Size/Fit Issue,1
602950,277276,5256,2024-09-16,Size/Fit Issue,1
602951,246482,5198,2023-04-21,Not as Expected,1
602952,262989,5104,2024-11-27,Wrong Product,1
602953,261696,5029,2025-08-16,Damaged,1
602954,215640,5184,2024-12-24,Damaged,1
602955,270213,5402,2023-09-30,Damaged,1
602956,234149,5209,2023-03-06,Size/Fit Issue,1
602957,237594,5258,2023-06-30,Size/Fit Issue,1
602958,237012,5142,2024-11-18,Damaged,2
602959,285159,5442,2024-06-27,Changed Mind,1
602960,271121,5333,2023-06-16,Size/Fit Issue,1
602961,242077,5004,2024-12-09,Changed Mind,1
602962,214763,5414,2025-04-01,Not as Expected,1
602963,291285,5138,2023-04-13,Size/Fit Issue,1
602964,250930,5387,2024-10-30,Wrong Product,1
602965,218202,5457,2025-01-01,Damaged,1
602966,208609,5279,2025-12-02,Changed Mind,1
602967,245490,5322,2025-04-22,Size/Fit Issue,1
602968,233792,5213,2024-02-20,Not as Expected,1
602969,217784,5308,2025-12-05,Changed Mind,1
602970,245227,5128,2023-07-29,Wrong Product,1
602971,254462,5407,2025-12-19,Wrong Product,1
602972,220314,5130,2025-11-19,Not as Expected,1
602973,285572,5447,2024-09-01,Wrong Product,1
602974,271818,5416,2025-11-09,Changed Mind,1
602975,246989,5457,2025-06-03,Not as Expected,1
602976,272062,5020,2025-09-15,Damaged,1
602977,260576,5419,2025-09-19,Damaged,1
602978,213148,5242,2023-10-24,Changed Mind,1
602979,233777,5146,2026-01-17,Size/Fit Issue,1
602980,256741,5436,2024-01-03,Not as Expected,1
602981,246747,5042,2024-04-12,Size/Fit Issue,1
602982,288692,5353,2024-08-21,Wrong Product,1
602983,207631,5286,2024-09-30,Not as Expected,1
602984,229292,5451,2023-03-02,Damaged,1
602985,246598,5135,2025-09-28,Size/Fit Issue,1
602986,219063,5367,2023-02-01,Wrong Product,1
602987,276916,5163,2023-07-08,Not as Expected,1
602988,244038,5399,2025-01-19,Wrong Product,1
602989,255694,5366,2025-06-11,Wrong Product,1
602990,298466,5303,2023-12-01,Damaged,1
602991,225516,5030,2024-06-30,Not as Expected,1
602992,252427,5016,2023-01-25,Changed Mind,1
602993,236053,5214,2024-04-30,Not as Expected,1
602994,225114,5400,2024-02-23,Changed Mind,1
602995,252493,5232,2023-02-07,Wrong Product,1
602996,206866,5204,2025-02-02,Changed Mind,1
602997,292670,5415,2025-02-25,Not as Expected,1
602998,225263,5290,2024-02-12,Size/Fit Issue,1
602999,277640,5239,2024-02-19,Changed Mind,1
603000,203970,5290,2023-06-20,Not as Expected,1
603001,233212,5124,2025-12-18,Size/Fit Issue,1
603002,243267,5178,2025-09-04,Changed Mind,1
603003,263585,5419,2023-12-14,Wrong Product,1
603004,240576,5288,2023-04-21,Size/Fit Issue,1
603005,281589,5001,2023-11-05,Size/Fit Issue,1
603006,291634,5208,2025-04-16,Damaged,1
603007,259392,5147,2025-08-22,Not as Expected,1
603008,245489,5126,2024-04-07,Damaged,1
603009,226479,5444,2023-07-21,Changed Mind,1
603010,260688,5306,2025-01-24,Size/Fit Issue,1
603011,221280,5237,2025-04-13,Not as Expected,1
603012,240881,5403,2024-03-17,Changed Mind,1
603013,288594,5242,2025-08-10,Damaged,1
603014,287190,5080,2025-09-09,Size/Fit Issue,1
603015,225948,5015,2024-02-12,Not as Expected,1
603016,270628,5031,2023-03-24,Not as Expected,1
603017,264858,5049,2024-06-26,Size/Fit Issue,1
603018,201381,5175,2023-10-03,Wrong Product,1
603019,298813,5409,2024-02-22,Size/Fit Issue,1
603020,284114,5286,2025-01-10,Size/Fit Issue,1
603021,289135,5342,2025-03-27,Wrong Product,1
603022,299432,5236,2023-10-29,Changed Mind,1
603023,259504,5237,2023-12-16,Wrong Product,1
603024,264605,5338,2025-10-08,Changed Mind,1
603025,235868,5356,2023-11-28,Wrong Product,1
603026,206784,5229,2025-03-30,Damaged,1
603027,224396,5334,2023-10-03,Not as Expected,1
603028,228391,5323,2025-06-06,Size/Fit Issue,1
603029,278671,5170,2025-02-15,Wrong Product,1
603030,281390,5383,2024-06-15,Damaged,1
603031,226800,5191,2025-06-08,Damaged,1
603032,218064,5123,2023-07-09,Wrong Product,1
603033,236599,5436,2023-11-13,Wrong Product,1
603034,253373,5215,2025-09-25,Size/Fit Issue,1
603035,272812,5123,2024-07-09,Not as Expected,1
603036,230171,5458,2025-08-08,Damaged,1
603037,259833,5276,2025-09-09,Size/Fit Issue,1
603038,271606,5166,2025-03-07,Size/Fit Issue,1
603039,244840,5247,2023-10-14,Not as Expected,1
603040,219158,5005,2024-05-15,Not as Expected,1
603041,277645,5407,2023-04-01,Wrong Product,1
603042,215946,5356,2025-06-02,Damaged,1
603043,229064,5154,2025-01-22,Not as Expected,1
603044,215698,5024,2025-08-30,Changed Mind,1
603045,222888,5070,2025-08-29,Size/Fit Issue,1
603046,265187,5333,2025-09-09,Wrong Product,1
603047,262064,5123,2024-08-19,Size/Fit Issue,1
603048,247874,5229,2023-12-14,Wrong Product,1
603049,224888,5129,2023-08-02,Changed Mind,1
603050,204435,5229,2025-08-13,Changed Mind,1
603051,268508,5477,2025-08-31,Size/Fit Issue,1
603052,279886,5346,2025-06-22,Size/Fit Issue,1
603053,229084,5378,2024-01-12,Damaged,1
603054,206119,5070,2025-06-27,Damaged,1
603055,284469,5415,2024-07-19,Changed Mind,1
603056,296853,5001,2024-07-14,Damaged,1
603057,201560,5066,2024-06-14,Wrong Product,1
603058,203535,5436,2023-11-29,Size/Fit Issue,1
603059,236224,5330,2023-09-12,Damaged,1
603060,215050,5109,2024-01-12,Size/Fit Issue,1
603061,204546,5347,2025-10-27,Not as Expected,1
603062,277525,5312,2025-01-01,Damaged,1
603063,209315,5308,2025-11-27,Wrong Product,1
603064,292631,5366,2026-01-28,Wrong Product,1
603065,292870,5041,2025-08-21,Size/Fit Issue,1
603066,203165,5164,2023-05-26,Wrong Product,1
603067,214359,5163,2025-08-14,Changed Mind,1
603068,238968,5210,2025-11-01,Size/Fit Issue,1
603069,215786,5421,2023-03-12,Not as Expected,1
603070,276533,5013,2023-03-31,Not as Expected,1
603071,244670,5036,2025-12-24,Wrong Product,1
603072,269926,5176,2025-11-10,Size/Fit Issue,1
603073,280989,5156,2025-03-03,Not as Expected,1
603074,277957,5125,2026-01-02,Changed Mind,1
603075,298392,5286,2024-11-01,Changed Mind,1
603076,203627,5254,2025-11-27,Damaged,1
603077,263287,5372,2024-04-01,Changed Mind,1
603078,258123,5137,2024-11-02,Wrong Product,1
603079,261134,5012,2023-02-15,Size/Fit Issue,1
603080,221020,5125,2025-09-15,Damaged,1
603081,237864,5325,2025-10-04,Wrong Product,1
603082,275999,5451,2025-07-30,Changed Mind,1
603083,242464,5041,2025-03-03,Damaged,1
603084,210485,5200,2024-02-01,Wrong Product,1
603085,250535,5095,2024-03-26,Changed Mind,1
603086,266078,5190,2024-04-11,Size/Fit Issue,1
603087,216054,5154,2025-07-12,Wrong Product,1
603088,275082,5266,2024-12-31,Damaged,1
603089,249779,5457,2025-01-28,Damaged,1
603090,204693,5166,2023-08-19,Damaged,1
603091,239242,5200,2023-07-16,Size/Fit Issue,1
603092,291153,5276,2025-03-14,Not as Expected,1
603093,298509,5232,2025-10-16,Size/Fit Issue,1
603094,207462,5154,2024-03-29,Size/Fit Issue,1
603095,290892,5191,2023-12-01,Wrong Product,1
603096,273609,5049,2024-10-19,Size/Fit Issue,1
603097,232516,5288,2024-10-16,Size/Fit Issue,1
603098,259453,5336,2024-12-06,Changed Mind,1
603099,202977,5350,2025-08-06,Wrong Product,1
603100,211295,5146,2025-06-29,Wrong Product,1
603101,236045,5282,2024-04-29,Wrong Product,1
603102,249641,5307,2024-08-07,Not as Expected,1
603103,267717,5094,2024-11-03,Size/Fit Issue,1
603104,280518,5027,2024-04-07,Size/Fit Issue,1
603105,286641,5438,2024-12-14,Not as Expected,1
603106,248277,5288,2023-02-04,Wrong Product,1
603107,206279,5443,2024-04-05,Wrong Product,1
603108,255739,5152,2023-12-26,Wrong Product,1
603109,241455,5394,2025-06-01,Wrong Product,1
603110,205811,5440,2025-10-30,Size/Fit Issue,1
603111,280257,5201,2023-12-16,Size/Fit Issue,1
603112,218210,5472,2023-12-05,Not as Expected,1
603113,261402,5286,2025-06-02,Changed Mind,1
603114,234437,5180,2024-02-16,Not as Expected,1
603115,251479,5156,2024-01-20,Not as Expected,1
603116,208502,5282,2024-08-09,Damaged,1
603117,230787,5419,2023-02-11,Not as Expected,1
603118,228698,5437,2023-08-10,Changed Mind,1
603119,243149,5324,2025-04-10,Not as Expected,1
603120,265667,5137,2024-10-24,Size/Fit Issue,1
603121,256947,5081,2024-11-06,Wrong Product,1
603122,241330,5036,2024-04-27,Changed Mind,1
603123,231132,5255,2023-11-19,Damaged,1
603124,264416,5435,2023-07-22,Wrong Product,1
603125,285042,5431,2025-01-28,Not as Expected,1
603126,273467,5421,2025-02-03,Not as Expected,1
603127,263115,5280,2025-08-15,Size/Fit Issue,1
603128,278515,5099,2025-08-23,Wrong Product,1
603129,248869,5380,2025-04-19,Wrong Product,1
603130,213261,5136,2025-10-30,Size/Fit Issue,1
603131,268404,5196,2024-12-02,Size/Fit Issue,1
603132,246018,5324,2023-06-19,Size/Fit Issue,1
603133,210236,5404,2025-07-08,Damaged,1
603134,293369,5204,2024-06-22,Damaged,1
603135,273953,5435,2025-01-19,Size/Fit Issue,1
603136,207940,5311,2024-05-26,Size/Fit Issue,1
603137,247289,5377,2025-01-04,Damaged,1
603138,281410,5369,2024-02-03,Size/Fit Issue,1
603139,211327,5362,2024-12-23,Not as Expected,1
603140,276824,5145,2024-08-11,Wrong Product,1
603141,296009,5193,2025-04-27,Not as Expected,1
603142,251205,5225,2024-06-01,Damaged,1
603143,272753,5193,2023-10-06,Wrong Product,1
603144,208759,5273,2025-01-07,Damaged,1
603145,206514,5147,2023-06-21,Size/Fit Issue,1
603146,267375,5287,2025-02-07,Size/Fit Issue,1
603147,281719,5255,2025-06-28,Not as Expected,1
603148,273337,5239,2023-01-26,Wrong Product,1
603149,270762,5425,2024-01-20,Not as Expected,1
603150,207133,5064,2023-08-22,Not as Expected,1
603151,234389,5338,2023-02-07,Not as Expected,1
603152,206711,5023,2025-12-20,Not as Expected,1
603153,241190,5473,2025-11-06,Size/Fit Issue,1
603154,268826,5259,2025-08-12,Size/Fit Issue,1
603155,287820,5449,2024-04-20,Wrong Product,1
603156,210689,5199,2024-06-17,Not as Expected,1
603157,220988,5118,2025-01-11,Damaged,1
603158,214685,5442,2024-11-13,Not as Expected,1
603159,237001,5188,2025-05-05,Damaged,1
603160,247794,5419,2025-05-21,Size/Fit Issue,1
603161,218836,5214,2025-01-12,Changed Mind,1
603162,243130,5141,2025-04-21,Not as Expected,1
603163,212872,5234,2024-11-21,Size/Fit Issue,1
603164,293656,5474,2024-11-25,Damaged,1
603165,206342,5249,2025-10-19,Changed Mind,1
603166,298904,5066,2023-05-27,Wrong Product,1
603167,218570,5081,2024-01-03,Wrong Product,1
603168,281552,5162,2023-04-29,Changed Mind,1
603169,232888,5275,2023-08-02,Damaged,1
603170,253200,5304,2023-08-03,Damaged,1
603171,272301,5312,2023-05-25,Not as Expected,1
603172,212815,5133,2024-09-29,Damaged,1
603173,246710,5263,2025-05-14,Not as Expected,1
603174,209558,5325,2025-05-10,Damaged,1
603175,237039,5232,2025-07-05,Damaged,1
603176,216914,5028,2024-10-14,Changed Mind,1
603177,280424,5329,2023-05-20,Damaged,1
603178,288703,5419,2024-09-06,Not as Expected,1
603179,261640,5125,2024-01-12,Not as Expected,1
603180,209869,5271,2024-10-31,Changed Mind,1
603181,288992,5446,2024-10-27,Not as Expected,1
603182,235423,5331,2025-06-12,Not as Expected,1
603183,210080,5360,2024-08-17,Wrong Product,1
603184,202376,5383,2026-01-12,Not as Expected,1
603185,235397,5035,2023-02-22,Size/Fit Issue,1
603186,226541,5458,2023-09-28,Size/Fit Issue,1
603187,269119,5316,2023-06-13,Damaged,1
603188,257418,5164,2025-05-24,Not as Expected,1
603189,278659,5077,2023-10-28,Size/Fit Issue,1
603190,295160,5050,2025-01-12,Wrong Product,1
603191,290287,5300,2024-09-28,Size/Fit Issue,1
603192,244746,5470,2025-01-28,Not as Expected,1
603193,280943,5217,2025-09-04,Damaged,1
603194,285872,5182,2025-06-10,Size/Fit Issue,1
603195,239779,5274,2025-10-05,Damaged,1
603196,278984,5126,2024-07-26,Damaged,1
603197,254563,5474,2023-11-09,Size/Fit Issue,1
603198,201938,5340,2025-09-21,Size/Fit Issue,1
603199,225431,5191,2025-01-21,Damaged,1
603200,242729,5083,2024-03-06,Not as Expected,1
603201,242247,5212,2023-02-06,Not as Expected,1
603202,256566,5360,2025-09-27,Size/Fit Issue,1
603203,266174,5124,2025-05-05,Size/Fit Issue,1
603204,217199,5189,2024-01-02,Wrong Product,1
603205,280940,5408,2024-05-13,Changed Mind,1
603206,255644,5434,2024-04-15,Wrong Product,1
603207,269134,5033,2023-10-24,Size/Fit Issue,1
603208,221764,5400,2025-08-13,Wrong Product,1
603209,200996,5195,2025-05-03,Damaged,1
603210,296667,5002,2025-08-03,Damaged,1
603211,213642,5301,2025-07-11,Wrong Product,1
603212,220468,5191,2024-01-06,Damaged,1
603213,267379,5173,2024-01-07,Size/Fit Issue,1
603214,249311,5018,2024-11-16,Damaged,1
603215,246713,5436,2024-09-11,Wrong Product,1
603216,212926,5466,2024-12-22,Size/Fit Issue,1
603217,237410,5422,2025-09-07,Damaged,1
603218,298379,5256,2025-01-24,Size/Fit Issue,2
603219,204291,5169,2023-03-02,Damaged,1
603220,277414,5339,2023-04-06,Size/Fit Issue,1
603221,216415,5308,2023-03-07,Not as Expected,1
603222,206733,5278,2024-10-14,Not as Expected,1
603223,280719,5440,2023-03-22,Size/Fit Issue,1
603224,211505,5139,2023-10-28,Wrong Product,1
603225,270139,5198,2023-10-10,Not as Expected,1
603226,207413,5411,2025-05-03,Wrong Product,1
603227,227379,5111,2023-07-30,Wrong Product,1
603228,296383,5337,2024-10-20,Changed Mind,1
603229,234238,5390,2024-03-28,Wrong Product,1
603230,266590,5014,2023-07-14,Size/Fit Issue,1
603231,220467,5352,2025-11-30,Size/Fit Issue,1
603232,247240,5224,2024-09-15,Not as Expected,1
603233,204963,5333,2024-12-19,Changed Mind,1
603234,251807,5086,2023-11-05,Wrong Product,1
603235,200830,5373,2025-08-05,Damaged,1
603236,244319,5191,2023-12-16,Wrong Product,1
603237,290627,5463,2024-09-10,Damaged,1
603238,236853,5218,2023-04-06,Size/Fit Issue,1
603239,296921,5124,2024-04-15,Damaged,1
603240,288678,5446,2025-12-19,Changed Mind,1
603241,226137,5092,2024-12-13,Size/Fit Issue,1
603242,265978,5215,2025-11-01,Not as Expected,1
603243,267112,5468,2023-02-04,Changed Mind,1
603244,237088,5374,2023-09-07,Size/Fit Issue,1
603245,282137,5414,2024-03-25,Wrong Product,1
603246,235644,5429,2024-07-07,Changed Mind,1
603247,252220,5438,2024-12-27,Size/Fit Issue,1
603248,292719,5034,2024-03-04,Damaged,1
603249,206425,5460,2025-09-30,Size/Fit Issue,1
603250,283624,5269,2024-01-02,Wrong Product,1
603251,212102,5162,2025-03-03,Damaged,1
603252,265798,5431,2023-04-19,Changed Mind,1
603253,283554,5223,2024-07-05,Size/Fit Issue,1
603254,232270,5297,2024-11-08,Damaged,1
603255,200701,5231,2025-10-01,Wrong Product,1
603256,269291,5121,2024-08-16,Damaged,1
603257,235778,5079,2025-10-13,Size/Fit Issue,1
603258,216356,5404,2023-05-29,Size/Fit Issue,1
603259,281463,5211,2023-12-21,Size/Fit Issue,1
603260,217515,5380,2025-09-14,Size/Fit Issue,1
603261,259309,5237,2024-09-10,Damaged,1
603262,201555,5310,2025-10-26,Damaged,1
603263,274584,5450,2023-09-10,Changed Mind,1
603264,200448,5032,2023-12-15,Wrong Product,1
603265,296261,5178,2024-10-25,Damaged,1
603266,296650,5413,2025-04-02,Wrong Product,1
603267,286084,5019,2024-06-06,Wrong Product,1
603268,273086,5190,2024-06-03,Damaged,1
603269,252941,5176,2025-11-03,Changed Mind,1
603270,259679,5456,2024-11-30,Wrong Product,1
603271,203028,5458,2024-07-14,Not as Expected,1
603272,277332,5433,2025-05-21,Changed Mind,1
603273,233603,5402,2025-04-26,Wrong Product,1
603274,205419,5217,2025-05-12,Wrong Product,1
603275,247645,5371,2023-06-10,Size/Fit Issue,1
603276,264646,5337,2024-05-18,Damaged,1
603277,241673,5336,2025-07-09,Not as Expected,1
603278,293190,5370,2024-07-30,Not as Expected,1
603279,226060,5111,2023-11-01,Size/Fit Issue,1
603280,251021,5260,2024-03-17,Wrong Product,1
603281,273111,5315,2023-02-11,Size/Fit Issue,1
603282,254410,5095,2025-04-02,Changed Mind,1
603283,271548,5169,2025-10-11,Size/Fit Issue,1
603284,202675,5115,2025-04-21,Size/Fit Issue,1
603285,247299,5135,2025-09-29,Wrong Product,1
603286,287812,5134,2023-12-15,Changed Mind,1
603287,225692,5290,2024-03-11,Wrong Product,1
603288,214548,5168,2023-06-21,Damaged,1
603289,220768,5173,2024-10-03,Changed Mind,1
603290,219297,5454,2024-07-27,Wrong Product,1
603291,236086,5142,2024-03-21,Damaged,1
603292,281258,5396,2024-01-04,Size/Fit Issue,1
603293,276990,5354,2025-08-02,Changed Mind,1
603294,278778,5087,2025-11-20,Changed Mind,1
603295,224831,5191,2024-08-22,Not as Expected,1
603296,264554,5110,2025-12-21,Damaged,1
603297,241709,5432,2025-12-24,Size/Fit Issue,1
603298,268351,5428,2024-03-16,Wrong Product,1
603299,261785,5382,2024-05-29,Size/Fit Issue,1
603300,296103,5370,2025-05-09,Size/Fit Issue,1
603301,202424,5424,2024-11-04,Not as Expected,1
603302,211278,5005,2023-07-16,Damaged,1
603303,205397,5049,2025-08-20,Changed Mind,1
603304,212315,5030,2024-07-17,Not as Expected,1
603305,219472,5175,2025-03-11,Damaged,1
603306,210624,5468,2025-10-30,Size/Fit Issue,1
603307,203911,5251,2023-10-21,Not as Expected,1
603308,208297,5357,2024-08-03,Wrong Product,1
603309,226190,5203,2023-01-21,Not as Expected,1
603310,272195,5139,2024-10-17,Wrong Product,1
603311,224074,5104,2025-03-30,Size/Fit Issue,1
603312,210715,5434,2023-07-01,Size/Fit Issue,1
603313,275570,5352,2025-04-16,Damaged,1
603314,257687,5142,2025-01-07,Damaged,1
603315,243827,5358,2024-08-01,Wrong Product,1
603316,239147,5229,2025-01-31,Not as Expected,1
603317,268367,5448,2024-07-17,Wrong Product,1
603318,287763,5364,2023-04-15,Size/Fit Issue,1
603319,243803,5422,2024-07-17,Wrong Product,1
603320,282634,5015,2024-06-13,Size/Fit Issue,1
603321,292333,5334,2024-01-15,Damaged,1
603322,282039,5274,2024-11-25,Not as Expected,1
603323,283014,5445,2023-05-20,Not as Expected,1
603324,225107,5138,2023-07-29,Wrong Product,1
603325,286889,5235,2025-12-12,Damaged,1
603326,274955,5145,2023-11-27,Changed Mind,1
603327,283006,5402,2025-11-15,Changed Mind,1
603328,281932,5444,2023-06-20,Size/Fit Issue,1
603329,235529,5022,2025-08-12,Damaged,1
603330,286652,5060,2024-03-13,Damaged,1
603331,275685,5435,2023-07-23,Changed Mind,1
603332,237514,5031,2024-02-24,Damaged,1
603333,254054,5240,2024-11-26,Size/Fit Issue,1
603334,254444,5310,2023-09-22,Wrong Product,1
603335,212546,5180,2025-09-30,Changed Mind,1
603336,283158,5387,2024-01-29,Not as Expected,1
603337,271107,5404,2023-02-19,Damaged,1
603338,252815,5081,2023-09-28,Wrong Product,1
603339,297020,5118,2025-05-18,Damaged,1
603340,209923,5339,2023-04-18,Changed Mind,1
603341,202436,5169,2024-03-16,Size/Fit Issue,1
603342,253436,5221,2025-04-10,Damaged,1
603343,236644,5429,2025-10-04,Changed Mind,1
603344,218775,5107,2025-04-23,Not as Expected,1
603345,216807,5176,2025-08-07,Damaged,2
603346,250305,5257,2024-09-07,Damaged,1
603347,264749,5281,2024-11-12,Damaged,1
603348,264399,5412,2024-03-01,Size/Fit Issue,1
603349,255120,5131,2023-10-11,Damaged,1
603350,260269,5189,2025-09-16,Not as Expected,1
603351,265788,5394,2024-12-23,Changed Mind,1
603352,240139,5439,2024-07-24,Not as Expected,1
603353,225553,5202,2023-04-20,Not as Expected,1
603354,251386,5154,2024-10-01,Damaged,1
603355,285105,5457,2025-01-04,Changed Mind,1
603356,235174,5221,2025-11-21,Damaged,1
603357,200681,5268,2023-03-20,Size/Fit Issue,1
603358,285554,5264,2025-08-30,Damaged,1
603359,299208,5358,2024-01-25,Damaged,1
603360,210894,5093,2023-04-21,Changed Mind,1
603361,216467,5112,2023-03-08,Not as Expected,1
603362,228803,5042,2025-10-03,Wrong Product,1
603363,224069,5114,2025-10-12,Size/Fit Issue,1
603364,296162,5286,2025-03-09,Damaged,1
603365,261465,5042,2025-10-09,Damaged,1
603366,214303,5223,2025-11-01,Not as Expected,1
603367,243231,5404,2023-07-06,Not as Expected,1
603368,295359,5273,2025-09-15,Not as Expected,1
603369,232658,5471,2023-08-20,Size/Fit Issue,1
603370,207551,5280,2025-10-05,Not as Expected,1
603371,209365,5431,2024-09-01,Size/Fit Issue,1
603372,221445,5331,2025-11-13,Not as Expected,1
603373,262456,5262,2023-04-15,Damaged,1
603374,266927,5185,2025-09-18,Changed Mind,1
603375,230773,5209,2023-08-24,Size/Fit Issue,1
603376,237944,5020,2025-07-06,Not as Expected,1
603377,251691,5008,2023-04-01,Damaged,1
603378,284352,5248,2025-02-27,Wrong Product,1
603379,233211,5094,2023-03-24,Not as Expected,1
603380,237230,5436,2025-10-26,Damaged,1
603381,274913,5026,2023-12-12,Damaged,1
603382,267619,5362,2023-10-23,Wrong Product,1
603383,277346,5264,2024-07-09,Size/Fit Issue,1
603384,293098,5291,2025-12-12,Not as Expected,1
603385,295763,5402,2025-03-04,Size/Fit Issue,1
603386,254131,5361,2025-03-19,Damaged,1
603387,202344,5388,2024-08-17,Not as Expected,1
603388,258940,5139,2023-09-16,Not as Expected,1
603389,232676,5235,2025-12-26,Size/Fit Issue,1
603390,255759,5464,2023-07-03,Size/Fit Issue,1
603391,207805,5187,2025-09-06,Not as Expected,1
603392,240022,5191,2023-05-20,Not as Expected,1
603393,202874,5140,2025-11-28,Size/Fit Issue,2
603394,218572,5157,2026-01-07,Not as Expected,1
603395,275242,5165,2023-08-28,Damaged,1
603396,295762,5228,2024-07-14,Changed Mind,1
603397,281306,5225,2025-02-02,Size/Fit Issue,1
603398,239487,5224,2024-05-22,Not as Expected,1
603399,277935,5262,2024-03-15,Changed Mind,1
603400,289928,5431,2023-08-21,Not as Expected,1
603401,256980,5439,2024-10-17,Damaged,1
603402,209568,5403,2025-10-04,Not as Expected,1
603403,269544,5460,2024-02-09,Not as Expected,1
603404,295129,5413,2025-06-17,Size/Fit Issue,1
603405,237952,5248,2023-05-18,Size/Fit Issue,1
603406,216199,5125,2023-11-30,Size/Fit Issue,1
603407,258673,5044,2025-10-04,Size/Fit Issue,1
603408,268557,5170,2024-12-14,Wrong Product,1
603409,203609,5354,2024-02-16,Size/Fit Issue,1
603410,250387,5056,2024-02-12,Not as Expected,1
603411,249661,5294,2024-05-01,Damaged,1
603412,249431,5139,2025-10-12,Wrong Product,1
603413,246209,5195,2024-12-13,Not as Expected,1
603414,266161,5144,2025-07-15,Wrong Product,1
603415,281694,5254,2026-01-17,Damaged,1
603416,248891,5054,2025-09-06,Wrong Product,1
603417,296935,5169,2024-10-05,Size/Fit Issue,1
603418,209955,5055,2025-07-09,Wrong Product,1
603419,220543,5405,2023-09-27,Not as Expected,1
603420,200506,5429,2025-07-14,Damaged,1
603421,256507,5009,2024-01-04,Wrong Product,1
603422,298700,5020,2025-03-12,Not as Expected,1
603423,258400,5467,2023-10-21,Wrong Product,1
603424,282781,5164,2025-07-16,Not as Expected,2
603425,254541,5285,2024-07-27,Not as Expected,1
603426,283399,5216,2023-07-19,Damaged,1
603427,249289,5030,2025-06-17,Wrong Product,1
603428,237914,5181,2023-05-01,Wrong Product,1
603429,221491,5177,2024-02-18,Wrong Product,1
603430,210056,5239,2024-01-19,Changed Mind,1
603431,226011,5224,2025-11-07,Size/Fit Issue,1
603432,240754,5013,2024-12-30,Size/Fit Issue,2
603433,246970,5041,2023-10-15,Changed Mind,1
603434,259787,5306,2025-06-15,Wrong Product,1
603435,201813,5075,2024-11-05,Damaged,1
603436,250523,5028,2023-07-01,Size/Fit Issue,1
603437,253417,5145,2025-11-05,Wrong Product,1
603438,294359,5042,2025-02-12,Size/Fit Issue,1
603439,254512,5401,2023-05-03,Size/Fit Issue,1
603440,249844,5310,2024-11-18,Wrong Product,1
603441,267934,5014,2024-04-01,Changed Mind,1
603442,297476,5458,2024-12-26,Damaged,1
603443,204407,5323,2024-02-01,Size/Fit Issue,1
603444,236024,5472,2026-01-11,Changed Mind,1
603445,259990,5260,2025-02-25,Not as Expected,1
603446,252176,5319,2024-09-16,Changed Mind,1
603447,269194,5025,2024-05-28,Changed Mind,1
603448,262426,5009,2024-02-06,Damaged,1
603449,270451,5202,2023-03-12,Changed Mind,1
603450,218825,5250,2024-11-16,Not as Expected,1
603451,262060,5342,2025-06-02,Not as Expected,1
603452,255431,5011,2025-01-26,Changed Mind,1
603453,276008,5346,2024-05-02,Not as Expected,1
603454,259099,5331,2023-09-29,Changed Mind,1
603455,241182,5289,2023-12-27,Not as Expected,1
603456,214851,5253,2023-12-28,Size/Fit Issue,1
603457,282907,5360,2024-10-22,Damaged,1
603458,282623,5300,2025-10-22,Not as Expected,1
603459,285453,5373,2025-08-02,Size/Fit Issue,1
603460,226589,5168,2025-09-11,Wrong Product,1
603461,250254,5223,2023-02-09,Size/Fit Issue,1
603462,275429,5317,2024-07-17,Damaged,1
603463,257363,5050,2025-08-30,Not as Expected,1
603464,263920,5052,2024-04-28,Wrong Product,1
603465,270916,5310,2025-03-07,Not as Expected,1
603466,285650,5369,2023-05-28,Damaged,1
603467,222256,5166,2025-06-06,Changed Mind,1
603468,288157,5182,2023-08-12,Size/Fit Issue,1
603469,265058,5418,2023-10-10,Damaged,1
603470,244010,5166,2025-01-08,Changed Mind,1
603471,247625,5056,2024-03-20,Not as Expected,1
603472,265923,5415,2024-05-19,Not as Expected,1
603473,212560,5432,2025-07-31,Size/Fit Issue,1
603474,219082,5279,2024-10-19,Damaged,1
603475,204723,5200,2025-10-30,Changed Mind,1
603476,257374,5335,2026-01-12,Not as Expected,1
603477,251093,5397,2025-04-21,Wrong Product,1
603478,288960,5250,2023-01-21,Size/Fit Issue,1
603479,260440,5163,2025-10-02,Not as Expected,1
603480,209215,5328,2025-02-14,Damaged,1
603481,206777,5001,2024-05-02,Damaged,1
603482,225189,5468,2024-11-12,Changed Mind,1
603483,231460,5323,2023-05-25,Size/Fit Issue,1
603484,283874,5188,2025-12-31,Size/Fit Issue,1
603485,209136,5095,2025-12-04,Not as Expected,1
603486,266774,5356,2025-05-19,Damaged,1
603487,238742,5069,2025-01-16,Changed Mind,1
603488,201594,5199,2025-01-17,Wrong Product,1
603489,253550,5197,2025-11-16,Damaged,1
603490,229889,5030,2025-04-30,Size/Fit Issue,1
603491,217150,5332,2024-04-26,Damaged,1
603492,279928,5248,2023-04-12,Damaged,1
603493,282280,5177,2023-08-08,Changed Mind,1
603494,209621,5346,2024-12-24,Not as Expected,1
603495,288513,5166,2024-02-24,Damaged,2
603496,232147,5204,2025-05-02,Size/Fit Issue,2
603497,271002,5187,2023-11-20,Wrong Product,1
603498,201531,5359,2024-04-21,Wrong Product,1
603499,240964,5370,2024-06-03,Changed Mind,1
603500,247512,5165,2024-03-24,Size/Fit Issue,1
603501,222741,5453,2024-10-02,Size/Fit Issue,1
603502,251327,5313,2024-08-15,Changed Mind,1
603503,229969,5432,2025-12-05,Size/Fit Issue,1
603504,243597,5412,2024-01-27,Not as Expected,1
603505,268969,5419,2024-07-18,Wrong Product,1
603506,215390,5382,2025-10-04,Not as Expected,1
603507,254104,5061,2023-05-04,Size/Fit Issue,1
603508,270271,5097,2023-08-20,Size/Fit Issue,1
603509,220210,5272,2023-08-23,Size/Fit Issue,1
603510,242927,5405,2023-08-18,Wrong Product,1
603511,275510,5436,2024-06-22,Changed Mind,1
603512,227518,5390,2025-10-01,Wrong Product,1
603513,287790,5201,2023-05-08,Size/Fit Issue,1
603514,278476,5193,2025-10-04,Changed Mind,1
603515,225023,5395,2025-04-03,Size/Fit Issue,1
603516,235768,5273,2025-08-11,Size/Fit Issue,1
603517,243366,5094,2025-06-19,Size/Fit Issue,1
603518,286904,5266,2025-12-08,Wrong Product,1
603519,285066,5125,2025-12-05,Damaged,1
603520,291031,5254,2025-10-25,Damaged,1
603521,247130,5169,2024-02-07,Damaged,1
603522,281480,5378,2025-07-22,Damaged,1
603523,258658,5137,2024-01-27,Wrong Product,1
603524,269993,5236,2024-02-20,Not as Expected,1
603525,242429,5206,2024-05-07,Damaged,1
603526,299729,5401,2023-03-02,Size/Fit Issue,1
603527,257054,5154,2023-12-06,Size/Fit Issue,1
603528,272769,5065,2023-12-30,Changed Mind,1
603529,223641,5113,2024-08-22,Wrong Product,1
603530,223510,5457,2025-10-30,Wrong Product,1
603531,209496,5084,2024-02-29,Not as Expected,1
603532,295171,5339,2024-08-02,Not as Expected,1
603533,263343,5169,2025-10-31,Damaged,1
603534,234349,5384,2025-06-12,Changed Mind,1
603535,283566,5063,2023-12-26,Not as Expected,1
603536,288683,5224,2025-02-18,Not as Expected,1
603537,247593,5181,2025-12-26,Not as Expected,1
603538,234324,5350,2023-03-14,Changed Mind,1
603539,276015,5115,2023-01-27,Changed Mind,1
603540,212722,5145,2025-09-28,Damaged,1
603541,253958,5159,2024-01-26,Not as Expected,1
603542,223702,5224,2025-06-04,Changed Mind,1
603543,273562,5244,2025-11-26,Damaged,1
603544,281777,5254,2025-08-24,Changed Mind,1
603545,263952,5089,2023-07-06,Not as Expected,1
603546,269565,5012,2025-04-15,Damaged,1
603547,239197,5047,2024-02-20,Damaged,1
603548,269307,5008,2026-01-01,Not as Expected,1
603549,247638,5195,2025-10-19,Changed Mind,1
603550,269346,5077,2025-03-23,Damaged,1
603551,203244,5357,2023-03-15,Changed Mind,1
603552,239015,5039,2025-11-05,Damaged,1
603553,226836,5151,2024-03-03,Wrong Product,1
603554,225550,5359,2025-10-22,Changed Mind,1
603555,222845,5318,2024-01-29,Damaged,1
603556,290286,5251,2023-08-22,Not as Expected,1
603557,261921,5309,2023-08-07,Not as Expected,1
603558,297261,5419,2025-06-09,Not as Expected,1
603559,230599,5215,2025-03-04,Not as Expected,1
603560,258031,5358,2025-09-06,Size/Fit Issue,1
603561,273976,5111,2024-07-29,Size/Fit Issue,1
603562,245909,5198,2024-12-16,Not as Expected,1
603563,218462,5391,2025-12-16,Not as Expected,1
603564,280393,5155,2024-05-15,Wrong Product,2
603565,219167,5161,2024-05-28,Size/Fit Issue,1
603566,212660,5247,2024-02-12,Wrong Product,1
603567,289213,5423,2025-10-12,Changed Mind,1
603568,278406,5279,2025-08-07,Not as Expected,1
603569,242977,5335,2023-05-28,Not as Expected,1
603570,291065,5372,2026-01-25,Damaged,1
603571,249186,5099,2025-02-10,Size/Fit Issue,1
603572,290061,5199,2024-12-04,Not as Expected,1
603573,293331,5347,2024-01-16,Not as Expected,1
603574,227350,5212,2025-09-20,Not as Expected,1
603575,273707,5299,2023-02-05,Damaged,1
603576,243054,5413,2024-11-30,Size/Fit Issue,1
603577,257261,5286,2024-12-15,Wrong Product,1
603578,232310,5036,2025-09-15,Damaged,1
603579,240324,5465,2023-06-18,Size/Fit Issue,1
603580,292153,5058,2025-04-20,Damaged,1
603581,299477,5446,2025-02-25,Size/Fit Issue,1
603582,252175,5377,2025-01-28,Size/Fit Issue,1
603583,253130,5091,2023-08-11,Changed Mind,1
603584,203308,5249,2025-12-31,Size/Fit Issue,1
603585,204379,5344,2023-10-19,Damaged,1
603586,297169,5087,2024-08-03,Not as Expected,1
603587,218887,5291,2023-03-04,Wrong Product,1
603588,246654,5294,2024-10-23,Not as Expected,1
603589,299374,5253,2023-02-18,Damaged,1
603590,232805,5267,2026-01-04,Not as Expected,1
603591,296417,5456,2026-01-13,Damaged,1
603592,223388,5086,2023-02-24,Not as Expected,1
603593,272248,5297,2023-11-11,Changed Mind,1
603594,223697,5334,2025-03-30,Wrong Product,1
603595,270967,5106,2024-01-10,Wrong Product,1
603596,237937,5395,2024-03-15,Not as Expected,1
603597,298870,5235,2024-05-27,Damaged,1
603598,218116,5459,2023-11-19,Not as Expected,1
603599,273438,5012,2025-02-19,Not as Expected,1
603600,281905,5388,2025-04-16,Size/Fit Issue,1
603601,234740,5196,2025-04-22,Size/Fit Issue,1
603602,212142,5353,2025-02-15,Changed Mind,1
603603,286575,5227,2025-03-05,Changed Mind,1
603604,206905,5272,2023-05-15,Changed Mind,1
603605,222663,5370,2025-07-09,Damaged,1
603606,281233,5192,2023-11-24,Size/Fit Issue,1
603607,294000,5302,2025-03-21,Damaged,1
603608,215217,5267,2025-07-26,Size/Fit Issue,1
603609,280473,5375,2024-08-09,Changed Mind,1
603610,295126,5437,2025-04-17,Not as Expected,1
603611,285777,5002,2023-03-26,Wrong Product,1
603612,217327,5333,2025-04-10,Not as Expected,1
603613,218896,5097,2025-10-12,Changed Mind,1
603614,203664,5135,2024-11-07,Size/Fit Issue,1
603615,243101,5172,2023-04-04,Size/Fit Issue,1
603616,262435,5217,2026-01-06,Size/Fit Issue,1
603617,259902,5163,2024-11-17,Wrong Product,1
603618,273336,5457,2024-03-23,Size/Fit Issue,1
603619,273146,5345,2024-12-05,Changed Mind,1
603620,277050,5347,2025-03-25,Size/Fit Issue,1
603621,290419,5367,2024-09-12,Wrong Product,1
603622,255136,5201,2023-03-13,Changed Mind,1
603623,232486,5329,2023-09-10,Wrong Product,1
603624,240317,5125,2024-11-30,Wrong Product,1
603625,293556,5227,2024-12-26,Wrong Product,1
603626,271988,5130,2025-12-14,Damaged,1
603627,227066,5239,2025-07-18,Wrong Product,1
603628,296222,5152,2024-06-23,Damaged,1
603629,216502,5166,2023-10-09,Not as Expected,1
603630,200764,5432,2025-04-18,Size/Fit Issue,1
603631,223018,5239,2024-05-13,Damaged,1
603632,202811,5366,2023-01-24,Wrong Product,1
603633,233235,5382,2025-03-18,Size/Fit Issue,1
603634,247407,5065,2023-07-31,Size/Fit Issue,1
603635,258454,5093,2023-06-15,Size/Fit Issue,1
603636,291796,5004,2025-01-20,Changed Mind,1
603637,261079,5047,2025-06-23,Changed Mind,1
603638,253853,5071,2024-02-09,Not as Expected,1
603639,296379,5093,2025-09-27,Changed Mind,1
603640,232359,5405,2025-11-13,Wrong Product,1
603641,265489,5004,2024-09-18,Size/Fit Issue,1
603642,274151,5025,2023-11-16,Not as Expected,2
603643,250068,5093,2025-02-14,Damaged,1
603644,212547,5082,2024-06-22,Size/Fit Issue,1
603645,257893,5257,2025-06-20,Not as Expected,1
603646,200293,5385,2024-02-26,Size/Fit Issue,1
603647,293707,5110,2024-12-23,Wrong Product,1
603648,263716,5096,2024-12-05,Wrong Product,1
603649,218447,5383,2024-06-05,Size/Fit Issue,1
603650,221301,5459,2024-03-17,Wrong Product,1
603651,253492,5182,2024-10-03,Wrong Product,1
603652,236379,5181,2024-10-24,Not as Expected,1
603653,217749,5318,2024-11-07,Not as Expected,1
603654,251428,5303,2024-04-19,Changed Mind,1
603655,264783,5219,2024-12-12,Size/Fit Issue,1
603656,233531,5150,2023-01-21,Wrong Product,1
603657,211658,5039,2024-03-30,Not as Expected,1
603658,257482,5434,2023-10-23,Changed Mind,1
603659,251952,5371,2024-03-10,Damaged,1
603660,246366,5217,2024-04-01,Wrong Product,1
603661,296574,5038,2024-09-16,Not as Expected,1
603662,217031,5099,2025-12-07,Size/Fit Issue,1
603663,275488,5098,2023-06-09,Changed Mind,1
603664,246109,5412,2025-05-16,Changed Mind,1
603665,282052,5459,2025-10-20,Wrong Product,1
603666,249453,5440,2025-10-07,Size/Fit Issue,1
603667,244484,5251,2025-11-11,Damaged,1
603668,253297,5223,2025-12-21,Size/Fit Issue,1
603669,226465,5111,2024-10-31,Damaged,1
603670,250662,5161,2025-02-22,Not as Expected,1
603671,216989,5100,2025-04-04,Size/Fit Issue,1
603672,275992,5341,2025-06-26,Size/Fit Issue,1
603673,200269,5316,2025-10-25,Wrong Product,1
603674,225819,5103,2023-03-27,Not as Expected,1
603675,248315,5414,2025-06-04,Changed Mind,1
603676,285174,5184,2025-01-13,Not as Expected,1
603677,222972,5006,2025-08-11,Changed Mind,1
603678,276327,5286,2024-03-11,Wrong Product,1
603679,228668,5276,2023-07-04,Size/Fit Issue,1
603680,263653,5101,2026-01-01,Changed Mind,1
603681,230391,5374,2026-01-15,Not as Expected,1
603682,251039,5414,2024-12-20,Damaged,1
603683,211009,5383,2024-01-03,Size/Fit Issue,1
603684,233616,5138,2025-11-12,Changed Mind,1
603685,251411,5021,2024-11-10,Not as Expected,1
603686,221157,5023,2024-03-21,Size/Fit Issue,1
603687,224469,5232,2025-12-28,Wrong Product,1
603688,220997,5122,2025-12-29,Damaged,1
603689,221233,5164,2024-07-10,Changed Mind,1
603690,215510,5215,2024-06-22,Damaged,1
603691,201520,5003,2024-07-20,Wrong Product,1
603692,232204,5194,2023-03-18,Wrong Product,1
603693,269053,5408,2023-11-06,Not as Expected,1
603694,221609,5042,2025-08-09,Not as Expected,1
603695,255157,5426,2024-02-05,Damaged,1
603696,288583,5007,2025-10-18,Size/Fit Issue,1
603697,299275,5251,2023-12-07,Damaged,1
603698,298773,5254,2025-09-22,Not as Expected,1
603699,237984,5063,2023-03-23,Size/Fit Issue,1
603700,277941,5118,2025-05-25,Size/Fit Issue,1
603701,267420,5425,2023-09-07,Size/Fit Issue,1
603702,252561,5371,2024-04-13,Not as Expected,1
603703,293696,5252,2024-10-22,Not as Expected,1
603704,258136,5027,2023-12-12,Wrong Product,1
603705,243524,5372,2023-11-30,Not as Expected,1
603706,216521,5046,2025-10-07,Size/Fit Issue,1
603707,208098,5068,2025-10-28,Not as Expected,1
603708,240727,5446,2025-02-22,Damaged,1
603709,288572,5096,2024-12-06,Not as Expected,1
603710,280259,5078,2025-02-01,Size/Fit Issue,1
603711,254544,5007,2024-04-03,Damaged,1
603712,214163,5068,2023-07-25,Wrong Product,1
603713,299003,5017,2024-08-29,Not as Expected,1
603714,204665,5323,2026-01-06,Wrong Product,1
603715,268902,5365,2025-06-01,Wrong Product,1
603716,262077,5196,2024-06-15,Changed Mind,1
603717,234668,5025,2025-10-10,Wrong Product,1
603718,204810,5035,2025-05-27,Damaged,1
603719,267626,5112,2023-04-24,Wrong Product,1
603720,286124,5350,2023-04-19,Damaged,1
603721,271117,5023,2024-03-15,Size/Fit Issue,1
603722,240242,5480,2025-07-23,Wrong Product,1
603723,292625,5156,2025-12-02,Size/Fit Issue,1
603724,296664,5212,2024-07-21,Not as Expected,1
603725,235411,5334,2023-05-28,Damaged,1
603726,265274,5273,2023-02-05,Damaged,1
603727,254178,5357,2024-07-07,Size/Fit Issue,1
603728,253163,5016,2025-09-10,Damaged,1
603729,252741,5305,2024-02-18,Size/Fit Issue,1
603730,208255,5115,2024-09-20,Size/Fit Issue,1
603731,260799,5340,2024-05-22,Damaged,1
603732,235448,5042,2025-02-19,Wrong Product,1
603733,297235,5375,2024-10-27,Changed Mind,1
603734,213943,5100,2024-03-12,Size/Fit Issue,1
603735,202352,5414,2025-07-02,Size/Fit Issue,1
603736,295407,5123,2023-07-01,Damaged,1
603737,253277,5066,2024-02-14,Not as Expected,1
603738,274036,5125,2023-02-14,Not as Expected,1
603739,208832,5400,2025-06-26,Changed Mind,1
603740,204830,5120,2025-01-06,Not as Expected,1
603741,207662,5048,2025-11-16,Wrong Product,1
603742,297060,5058,2025-07-30,Changed Mind,1
603743,271684,5076,2023-03-24,Damaged,1
603744,215642,5243,2024-11-09,Wrong Product,1
603745,221558,5308,2023-07-12,Damaged,1
603746,230343,5083,2025-11-18,Not as Expected,1
603747,234001,5083,2023-09-02,Not as Expected,1
603748,243109,5063,2025-02-25,Size/Fit Issue,1
603749,248544,5150,2023-12-21,Changed Mind,1
603750,236500,5004,2023-07-03,Changed Mind,1
603751,229847,5397,2025-11-02,Changed Mind,1
603752,226761,5238,2024-09-02,Size/Fit Issue,1
603753,285308,5036,2024-11-24,Not as Expected,1
603754,238165,5157,2025-09-21,Damaged,1
603755,267470,5386,2025-12-20,Changed Mind,1
603756,242082,5464,2023-08-20,Damaged,1
603757,221562,5462,2024-03-13,Changed Mind,1
603758,298360,5284,2024-09-28,Wrong Product,1
603759,253801,5228,2024-09-08,Size/Fit Issue,1
603760,246443,5027,2023-12-05,Size/Fit Issue,1
603761,257638,5302,2025-02-01,Not as Expected,1
603762,295982,5275,2025-04-13,Size/Fit Issue,1
603763,254847,5307,2025-04-08,Wrong Product,1
603764,292554,5115,2026-01-03,Not as Expected,1
603765,203537,5005,2024-08-07,Size/Fit Issue,1
603766,231007,5184,2025-01-28,Damaged,1
603767,289619,5076,2023-08-28,Size/Fit Issue,1
603768,222940,5441,2025-07-29,Wrong Product,1
603769,214728,5038,2025-10-23,Size/Fit Issue,1
603770,222389,5342,2025-08-22,Wrong Product,1
603771,260089,5385,2025-08-14,Size/Fit Issue,1
603772,228385,5429,2025-08-13,Wrong Product,1
603773,266120,5329,2025-12-11,Size/Fit Issue,1
603774,234701,5379,2025-07-22,Damaged,1
603775,219714,5446,2025-11-28,Damaged,1
603776,276105,5126,2024-02-17,Size/Fit Issue,1
603777,254531,5286,2023-08-26,Size/Fit Issue,1
603778,285911,5161,2026-01-05,Damaged,1
603779,213709,5434,2023-04-16,Damaged,1
603780,212158,5154,2025-06-21,Not as Expected,1
603781,291596,5245,2024-11-26,Wrong Product,1
603782,245813,5404,2025-10-24,Not as Expected,2
603783,264048,5045,2023-11-02,Changed Mind,2
603784,209096,5172,2023-03-30,Damaged,1
603785,280982,5081,2024-05-30,Wrong Product,1
603786,282562,5361,2025-04-23,Changed Mind,1
603787,269907,5183,2023-03-04,Changed Mind,1
603788,286044,5231,2023-05-09,Size/Fit Issue,1
603789,213816,5250,2024-10-07,Changed Mind,1
603790,235389,5248,2024-06-01,Damaged,1
603791,257059,5365,2025-02-16,Changed Mind,1
603792,273906,5420,2025-10-31,Size/Fit Issue,1
603793,223625,5386,2023-12-19,Damaged,1
603794,268222,5452,2024-05-04,Size/Fit Issue,1
603795,209263,5415,2025-10-21,Damaged,1
603796,299865,5296,2024-12-13,Damaged,1
603797,240699,5177,2025-05-11,Wrong Product,1
603798,288278,5039,2024-04-09,Size/Fit Issue,1
603799,245556,5398,2024-07-22,Damaged,1
603800,217381,5304,2025-10-22,Size/Fit Issue,1
603801,280485,5468,2025-04-28,Not as Expected,1
603802,261925,5121,2024-08-21,Size/Fit Issue,1
603803,296835,5452,2024-01-30,Size/Fit Issue,1
603804,283483,5263,2023-10-26,Changed Mind,1
603805,252015,5138,2025-07-02,Damaged,1
603806,231513,5042,2024-06-15,Size/Fit Issue,1
603807,200476,5408,2025-11-22,Size/Fit Issue,1
603808,259592,5478,2023-02-22,Size/Fit Issue,1
603809,264244,5216,2025-03-02,Not as Expected,1
603810,266663,5454,2025-08-14,Damaged,1
603811,217744,5143,2025-07-08,Size/Fit Issue,1
603812,271038,5238,2024-08-14,Size/Fit Issue,1
603813,299135,5405,2025-07-22,Wrong Product,1
603814,256973,5266,2025-03-06,Not as Expected,1
603815,209194,5413,2025-06-02,Wrong Product,1
603816,260615,5290,2025-03-26,Damaged,1
603817,292568,5416,2023-12-30,Wrong Product,1
603818,280325,5286,2023-11-10,Wrong Product,1
603819,237479,5461,2024-04-16,Size/Fit Issue,1
603820,297801,5005,2024-12-19,Damaged,1
603821,274621,5154,2025-01-09,Wrong Product,1
603822,208312,5326,2024-12-11,Damaged,1
603823,293629,5290,2025-01-29,Wrong Product,1
603824,226551,5266,2025-01-09,Size/Fit Issue,1
603825,232853,5174,2024-08-22,Changed Mind,1
603826,200540,5053,2025-01-31,Changed Mind,1
603827,248968,5441,2025-12-31,Damaged,1
603828,275874,5184,2025-05-17,Not as Expected,1
603829,279574,5454,2025-11-14,Size/Fit Issue,1
603830,254638,5112,2025-12-05,Not as Expected,1
603831,293251,5396,2024-03-29,Size/Fit Issue,1
603832,227045,5165,2023-07-12,Wrong Product,1
603833,239038,5294,2025-09-24,Size/Fit Issue,1
603834,267620,5058,2025-11-18,Not as Expected,1
603835,275843,5240,2025-01-16,Changed Mind,1
603836,244504,5046,2024-09-18,Changed Mind,1
603837,237338,5378,2025-07-24,Wrong Product,1
603838,224522,5033,2023-02-22,Not as Expected,1
603839,268694,5152,2025-06-15,Size/Fit Issue,1
603840,272442,5350,2024-09-12,Wrong Product,1
603841,227163,5061,2025-05-15,Damaged,1
603842,281154,5289,2025-02-05,Changed Mind,1
603843,290150,5035,2024-09-18,Size/Fit Issue,1
603844,211444,5402,2023-09-19,Changed Mind,1
603845,219643,5321,2024-04-13,Changed Mind,1
603846,237014,5124,2023-11-20,Changed Mind,1
603847,279391,5210,2023-03-25,Damaged,1
603848,201104,5287,2023-09-25,Size/Fit Issue,1
603849,260014,5359,2023-07-15,Wrong Product,1
603850,261477,5313,2023-11-02,Not as Expected,1
603851,221677,5295,2025-12-14,Size/Fit Issue,1
603852,289778,5108,2025-04-20,Wrong Product,1
603853,255000,5367,2024-08-21,Wrong Product,1
603854,250858,5391,2024-07-10,Size/Fit Issue,1
603855,211459,5170,2023-12-03,Damaged,1
603856,259878,5304,2024-09-07,Size/Fit Issue,1
603857,225749,5207,2024-03-22,Changed Mind,1
603858,207840,5386,2025-02-14,Changed Mind,1
603859,257689,5106,2023-03-01,Not as Expected,1
603860,291199,5458,2025-08-26,Wrong Product,1
603861,257629,5358,2023-01-18,Wrong Product,2
603862,295349,5381,2025-12-22,Wrong Product,1
603863,235272,5133,2023-03-28,Not as Expected,1
603864,203832,5072,2023-08-12,Not as Expected,1
603865,234063,5096,2025-11-06,Not as Expected,1
603866,283674,5468,2023-02-02,Size/Fit Issue,1
603867,235422,5310,2025-08-15,Changed Mind,1
603868,241056,5106,2023-12-14,Size/Fit Issue,1
603869,248571,5393,2024-08-11,Changed Mind,1
603870,286290,5189,2023-06-04,Size/Fit Issue,1
603871,244614,5053,2023-12-28,Wrong Product,1
603872,289824,5049,2024-05-04,Not as Expected,1
603873,200609,5236,2025-05-08,Damaged,1
603874,228148,5429,2023-09-12,Not as Expected,1
603875,203459,5073,2025-12-29,Wrong Product,1
603876,206408,5343,2025-10-06,Size/Fit Issue,1
603877,203123,5037,2025-01-03,Not as Expected,1
603878,214063,5083,2025-11-15,Size/Fit Issue,1
603879,278296,5212,2023-10-07,Damaged,1
603880,217921,5361,2023-04-30,Changed Mind,1
603881,224467,5479,2025-05-28,Size/Fit Issue,1
603882,260560,5367,2023-05-04,Not as Expected,1
603883,268380,5390,2025-12-22,Size/Fit Issue,1
603884,282918,5396,2025-08-31,Size/Fit Issue,1
603885,280302,5476,2025-01-15,Not as Expected,1
603886,267049,5366,2025-01-13,Damaged,1
603887,228621,5094,2025-12-17,Size/Fit Issue,1
603888,247187,5043,2023-08-05,Not as Expected,1
603889,241848,5394,2024-01-09,Damaged,1
603890,298541,5401,2024-03-03,Wrong Product,1
603891,223064,5028,2026-01-03,Wrong Product,1
603892,208187,5121,2026-01-13,Wrong Product,1
603893,248340,5260,2023-02-06,Size/Fit Issue,1
603894,236293,5248,2023-08-04,Changed Mind,1
603895,208248,5345,2024-11-04,Size/Fit Issue,1
603896,225238,5179,2023-08-16,Not as Expected,1
603897,275792,5375,2023-07-09,Damaged,1
603898,211829,5359,2024-08-18,Damaged,1
603899,289960,5123,2024-05-30,Changed Mind,1
603900,299534,5422,2025-02-07,Wrong Product,1
603901,236737,5108,2025-11-03,Not as Expected,1
603902,244211,5073,2023-12-07,Damaged,1
603903,222196,5053,2023-10-19,Wrong Product,1
603904,231963,5401,2023-11-08,Not as Expected,1
603905,246628,5177,2023-06-13,Wrong Product,1
603906,238490,5465,2025-06-15,Damaged,1
603907,214289,5041,2023-10-29,Not as Expected,1
603908,272375,5261,2024-12-06,Damaged,1
603909,263610,5051,2023-08-13,Not as Expected,1
603910,267360,5233,2024-10-09,Changed Mind,1
603911,278736,5106,2023-09-13,Damaged,1
603912,294499,5065,2025-10-15,Not as Expected,1
603913,240697,5043,2023-11-09,Size/Fit Issue,1
603914,226482,5340,2023-09-07,Damaged,1
603915,230925,5294,2024-11-16,Wrong Product,1
603916,216506,5351,2025-06-21,Size/Fit Issue,1
603917,270542,5205,2025-06-15,Damaged,1
603918,211616,5101,2024-12-15,Changed Mind,1
603919,263468,5398,2023-05-16,Changed Mind,1
603920,258008,5213,2024-02-25,Not as Expected,1
603921,287940,5231,2024-07-26,Wrong Product,1
603922,292981,5306,2023-11-10,Wrong Product,1
603923,288541,5311,2023-04-06,Not as Expected,1
603924,290653,5185,2023-08-03,Size/Fit Issue,1
603925,258976,5112,2023-10-30,Changed Mind,1
603926,291418,5242,2024-11-12,Wrong Product,1
603927,241704,5346,2024-10-07,Size/Fit Issue,1
603928,232005,5339,2024-05-10,Size/Fit Issue,1
603929,235700,5478,2024-07-23,Size/Fit Issue,1
603930,211483,5168,2023-08-18,Not as Expected,1
603931,235560,5270,2024-06-01,Wrong Product,1
603932,278428,5373,2024-05-03,Changed Mind,1
603933,253423,5031,2024-11-17,Size/Fit Issue,1
603934,299681,5419,2023-10-29,Wrong Product,1
603935,203213,5098,2024-01-31,Not as Expected,1
603936,262365,5107,2025-01-08,Not as Expected,1
603937,250453,5045,2024-08-05,Not as Expected,1
603938,294776,5132,2025-10-06,Changed Mind,1
603939,246662,5295,2024-07-16,Size/Fit Issue,1
603940,204210,5009,2023-12-25,Not as Expected,1
603941,281076,5054,2023-01-22,Size/Fit Issue,1
603942,275753,5425,2025-04-24,Changed Mind,1
603943,211312,5456,2024-01-20,Damaged,1
603944,210619,5314,2025-03-27,Wrong Product,1
603945,270842,5046,2025-07-09,Not as Expected,1
603946,203270,5075,2024-08-30,Changed Mind,1
603947,240435,5347,2024-02-11,Damaged,1
603948,209382,5104,2025-01-28,Damaged,1
603949,237465,5222,2025-03-22,Damaged,1
603950,254629,5469,2025-07-09,Damaged,1
603951,237382,5147,2024-01-17,Wrong Product,1
603952,232565,5043,2024-11-19,Size/Fit Issue,1
603953,289216,5239,2023-01-18,Damaged,1
603954,206422,5406,2024-03-01,Not as Expected,1
603955,245871,5052,2023-03-19,Damaged,1
603956,251624,5407,2025-04-14,Size/Fit Issue,1
603957,202936,5095,2024-05-20,Not as Expected,1
603958,255286,5157,2023-12-19,Size/Fit Issue,1
603959,255296,5270,2024-11-10,Changed Mind,1
603960,235052,5395,2025-07-10,Not as Expected,1
603961,279687,5327,2023-12-11,Damaged,1
603962,203057,5347,2023-01-20,Not as Expected,1
603963,274793,5088,2024-01-02,Size/Fit Issue,1
603964,264773,5402,2023-05-22,Damaged,2
603965,204951,5100,2024-09-28,Size/Fit Issue,1
603966,233936,5329,2024-07-15,Wrong Product,1
603967,216797,5257,2026-01-09,Damaged,1
603968,232818,5409,2025-11-17,Changed Mind,1
603969,224507,5417,2025-10-10,Wrong Product,1
603970,243723,5236,2025-07-23,Size/Fit Issue,1
603971,227823,5033,2025-11-19,Wrong Product,1
603972,208867,5112,2023-10-17,Not as Expected,1
603973,292782,5141,2025-09-08,Size/Fit Issue,1
603974,273996,5407,2024-03-30,Wrong Product,1
603975,271716,5405,2025-01-11,Not as Expected,1
603976,296518,5424,2025-02-20,Not as Expected,1
603977,278747,5009,2025-10-17,Not as Expected,1
603978,257147,5180,2025-11-19,Size/Fit Issue,1
603979,213486,5178,2024-07-22,Size/Fit Issue,1
603980,292903,5480,2026-01-14,Not as Expected,1
603981,256315,5331,2023-04-22,Changed Mind,1
603982,272321,5264,2025-03-28,Changed Mind,1
603983,286490,5409,2025-08-22,Wrong Product,1
603984,287916,5379,2023-04-06,Changed Mind,1
603985,289805,5104,2024-07-06,Wrong Product,1
603986,213036,5401,2024-02-17,Not as Expected,1
603987,284105,5026,2023-06-01,Not as Expected,1
603988,212397,5053,2025-04-26,Damaged,1
603989,218240,5129,2023-07-26,Wrong Product,1
603990,231989,5010,2025-11-19,Wrong Product,1
603991,289755,5157,2025-06-25,Not as Expected,1
603992,255673,5324,2024-07-18,Wrong Product,2
603993,214968,5337,2024-10-14,Size/Fit Issue,1
603994,232082,5148,2025-03-03,Size/Fit Issue,1
603995,250708,5394,2023-08-17,Not as Expected,1
603996,276158,5128,2023-08-22,Wrong Product,1
603997,283503,5315,2023-10-08,Damaged,1
603998,299138,5321,2023-07-21,Not as Expected,1
603999,277248,5201,2023-02-09,Size/Fit Issue,1
604000,252303,5063,2023-08-15,Wrong Product,1
604001,235071,5213,2025-07-15,Changed Mind,1
604002,280591,5025,2023-12-03,Damaged,1
604003,281280,5035,2025-11-25,Wrong Product,1
604004,256865,5329,2024-05-08,Changed Mind,1
604005,201002,5177,2025-08-20,Damaged,1
604006,252211,5118,2025-09-06,Size/Fit Issue,1
604007,277351,5204,2023-04-13,Wrong Product,1
604008,257136,5035,2024-05-26,Not as Expected,1
604009,236034,5439,2024-09-29,Size/Fit Issue,1
604010,250644,5098,2024-12-23,Damaged,1
604011,281952,5215,2024-02-03,Not as Expected,1
604012,288839,5182,2024-07-13,Damaged,1
604013,208177,5311,2023-07-05,Changed Mind,1
604014,240005,5326,2025-09-06,Not as Expected,1
604015,219595,5108,2024-09-08,Not as Expected,1
604016,212009,5311,2024-03-16,Damaged,1
604017,218895,5264,2024-12-04,Size/Fit Issue,1
604018,247402,5259,2024-01-19,Size/Fit Issue,1
604019,259301,5308,2023-11-24,Not as Expected,1
604020,246396,5266,2024-03-08,Size/Fit Issue,1
604021,280704,5085,2025-08-26,Size/Fit Issue,1
604022,262643,5237,2024-05-20,Changed Mind,1
604023,298919,5162,2023-10-04,Damaged,1
604024,291443,5347,2025-11-24,Size/Fit Issue,1
604025,233965,5270,2023-09-03,Wrong Product,1
604026,280582,5124,2024-06-10,Damaged,1
604027,253448,5165,2023-09-30,Changed Mind,1
604028,287366,5419,2025-05-18,Not as Expected,1
604029,232767,5479,2024-01-06,Damaged,1
604030,273162,5328,2025-02-27,Not as Expected,1
604031,280360,5078,2024-09-17,Not as Expected,1
604032,261057,5152,2025-04-26,Damaged,1
604033,283397,5027,2024-12-21,Changed Mind,1
604034,214279,5428,2025-12-11,Wrong Product,1
604035,296909,5421,2025-11-08,Size/Fit Issue,1
604036,261729,5376,2023-08-27,Size/Fit Issue,1
604037,278225,5289,2024-09-11,Changed Mind,1
604038,212513,5281,2024-11-16,Size/Fit Issue,1
604039,247717,5442,2023-09-19,Changed Mind,1
604040,246496,5128,2023-09-20,Size/Fit Issue,1
604041,265648,5237,2023-06-25,Damaged,1
604042,228004,5444,2025-07-07,Changed Mind,1
604043,259737,5445,2024-02-15,Not as Expected,1
604044,297955,5181,2024-11-07,Size/Fit Issue,1
604045,287385,5056,2024-11-25,Size/Fit Issue,1
604046,222540,5369,2025-03-01,Size/Fit Issue,1
604047,257031,5171,2025-04-22,Damaged,1
604048,255841,5268,2024-02-14,Damaged,1
604049,237814,5076,2023-11-15,Size/Fit Issue,1
604050,272976,5436,2024-03-27,Size/Fit Issue,1
604051,200347,5049,2023-10-26,Damaged,1
604052,211682,5459,2025-02-11,Size/Fit Issue,1
604053,266236,5456,2025-08-13,Changed Mind,1
604054,214522,5260,2025-05-05,Damaged,1
604055,282943,5480,2024-11-01,Size/Fit Issue,1
604056,252332,5300,2024-11-18,Damaged,1
604057,225265,5197,2023-02-15,Changed Mind,1
604058,244771,5059,2023-11-05,Size/Fit Issue,1
604059,271486,5095,2024-01-28,Not as Expected,1
604060,268726,5097,2023-12-20,Damaged,1
604061,243798,5033,2024-09-03,Wrong Product,1
604062,220533,5327,2023-06-26,Not as Expected,1
604063,226844,5470,2025-10-13,Size/Fit Issue,1
604064,268641,5042,2023-03-25,Damaged,1
604065,202969,5137,2024-04-27,Wrong Product,1
604066,261219,5227,2025-12-14,Damaged,1
604067,238841,5307,2024-07-28,Wrong Product,1
604068,264433,5164,2024-09-20,Wrong Product,1
604069,284615,5444,2025-05-24,Changed Mind,1
604070,296268,5222,2025-04-22,Not as Expected,1
604071,245725,5246,2024-12-15,Not as Expected,1
604072,295555,5387,2024-03-19,Size/Fit Issue,1
604073,214357,5242,2025-05-11,Damaged,1
604074,239301,5276,2025-02-19,Changed Mind,1
604075,203626,5255,2025-11-19,Size/Fit Issue,1
604076,279857,5254,2023-08-20,Size/Fit Issue,1
604077,223434,5468,2025-01-01,Wrong Product,1
604078,285434,5264,2023-02-15,Size/Fit Issue,1
604079,222217,5187,2024-08-06,Damaged,1
604080,236163,5029,2024-02-22,Wrong Product,1
604081,205266,5191,2025-05-16,Size/Fit Issue,1
604082,299429,5376,2025-07-29,Changed Mind,1
604083,232113,5278,2025-12-31,Damaged,1
604084,249715,5271,2025-02-03,Wrong Product,1
604085,298424,5127,2024-01-15,Changed Mind,1
604086,263857,5448,2025-03-25,Not as Expected,1
604087,203447,5321,2024-02-12,Not as Expected,1
604088,217228,5326,2024-09-16,Changed Mind,1
604089,282283,5323,2024-08-14,Size/Fit Issue,1
604090,208325,5221,2025-01-25,Damaged,1
604091,231785,5442,2024-01-26,Size/Fit Issue,1
604092,275456,5090,2023-09-09,Damaged,1
604093,253686,5012,2026-01-22,Changed Mind,1
604094,214649,5351,2023-01-28,Wrong Product,1
604095,213741,5047,2023-05-31,Not as Expected,1
604096,269493,5455,2025-01-16,Size/Fit Issue,1
604097,247601,5336,2023-01-14,Damaged,1
604098,284978,5268,2025-11-23,Not as Expected,1
604099,208270,5024,2023-11-08,Wrong Product,1
604100,276649,5411,2025-09-14,Changed Mind,1
604101,278806,5122,2025-04-11,Size/Fit Issue,1
604102,280123,5140,2026-01-17,Damaged,1
604103,231471,5187,2024-12-27,Damaged,1
604104,266779,5376,2023-05-08,Damaged,1
604105,273501,5277,2024-10-01,Damaged,1
604106,251521,5129,2025-10-26,Damaged,1
604107,236185,5037,2024-07-14,Size/Fit Issue,1
604108,238436,5426,2024-01-06,Damaged,1
604109,268913,5103,2024-09-02,Damaged,1
604110,228593,5334,2024-12-24,Not as Expected,1
604111,280921,5101,2024-11-22,Not as Expected,1
604112,221923,5354,2025-11-08,Damaged,1
604113,232511,5347,2023-08-03,Size/Fit Issue,1
604114,295724,5406,2023-05-17,Wrong Product,1
604115,207522,5439,2024-09-13,Not as Expected,1
604116,282710,5279,2024-04-30,Not as Expected,1
604117,278327,5314,2023-06-21,Changed Mind,1
604118,262049,5170,2023-12-26,Size/Fit Issue,1
604119,251735,5215,2024-03-13,Changed Mind,1
604120,282524,5153,2023-09-19,Damaged,1
604121,234481,5454,2025-11-12,Size/Fit Issue,1
604122,223370,5196,2024-04-27,Not as Expected,1
604123,220836,5342,2024-02-02,Damaged,1
604124,211702,5475,2025-04-14,Damaged,1
604125,203983,5023,2023-02-27,Not as Expected,1
604126,208645,5190,2024-06-03,Wrong Product,1
604127,298905,5227,2024-02-11,Not as Expected,1
604128,229912,5302,2024-09-18,Size/Fit Issue,1
604129,219215,5149,2024-07-22,Wrong Product,1
604130,275995,5284,2025-04-28,Damaged,1
604131,209528,5249,2023-05-10,Not as Expected,1
604132,250202,5321,2025-12-14,Damaged,1
604133,250009,5083,2023-09-17,Size/Fit Issue,1
604134,280203,5005,2023-01-09,Size/Fit Issue,1
604135,262107,5020,2025-01-18,Damaged,1
604136,276959,5248,2025-02-05,Changed Mind,1
604137,203393,5426,2025-05-10,Size/Fit Issue,1
604138,256827,5091,2025-04-24,Size/Fit Issue,1
604139,281411,5315,2024-03-26,Damaged,1
604140,284771,5331,2024-03-05,Damaged,1
604141,257518,5102,2023-08-16,Changed Mind,1
604142,264774,5085,2025-11-16,Wrong Product,1
604143,247342,5359,2023-09-26,Size/Fit Issue,1
604144,265805,5079,2023-09-21,Not as Expected,1
604145,280672,5447,2023-11-02,Wrong Product,1
604146,244056,5441,2024-07-30,Wrong Product,1
604147,209424,5225,2024-06-18,Size/Fit Issue,1
604148,241768,5152,2023-12-11,Wrong Product,1
604149,242637,5055,2025-03-01,Wrong Product,1
604150,230227,5100,2024-02-15,Wrong Product,1
604151,205580,5034,2025-12-27,Size/Fit Issue,1
604152,239600,5324,2025-01-27,Damaged,1
604153,280538,5393,2024-08-08,Wrong Product,1
604154,288313,5036,2023-12-09,Wrong Product,1
604155,268429,5123,2024-11-25,Size/Fit Issue,1
604156,213643,5163,2023-10-18,Wrong Product,1
604157,297006,5227,2025-04-17,Size/Fit Issue,1
604158,221797,5169,2023-11-20,Wrong Product,1
604159,247109,5153,2023-04-16,Changed Mind,1
604160,219977,5304,2025-04-09,Damaged,1
604161,206527,5055,2025-07-18,Size/Fit Issue,1
604162,289138,5116,2024-08-05,Damaged,1
604163,253156,5022,2025-05-23,Size/Fit Issue,1
604164,258989,5439,2025-06-10,Not as Expected,1
604165,202809,5233,2025-05-03,Damaged,1
604166,241656,5470,2023-08-01,Wrong Product,1
604167,249750,5026,2025-02-17,Not as Expected,2
604168,276626,5269,2025-05-15,Wrong Product,1
604169,254810,5439,2024-08-22,Wrong Product,1
604170,279329,5204,2025-08-04,Changed Mind,1
604171,241391,5002,2024-05-07,Changed Mind,1
604172,263360,5300,2025-04-04,Changed Mind,1
604173,214376,5145,2023-10-15,Size/Fit Issue,1
604174,201949,5340,2024-06-02,Changed Mind,1
604175,249105,5289,2025-07-19,Changed Mind,1
604176,232130,5095,2025-07-05,Not as Expected,1
604177,268935,5296,2023-12-07,Not as Expected,1
604178,297952,5241,2024-05-19,Wrong Product,1
604179,245247,5026,2024-12-06,Not as Expected,1
604180,221935,5160,2024-06-17,Changed Mind,1
604181,276547,5387,2025-05-25,Damaged,1
604182,296278,5114,2025-11-28,Size/Fit Issue,1
604183,236653,5227,2026-01-20,Changed Mind,1
604184,207032,5134,2024-04-24,Damaged,1
604185,210507,5266,2025-04-22,Size/Fit Issue,1
604186,252664,5175,2025-06-07,Damaged,1
604187,283017,5020,2023-03-31,Wrong Product,1
604188,209540,5454,2023-04-24,Not as Expected,2
604189,212280,5384,2024-10-12,Size/Fit Issue,1
604190,235546,5361,2023-08-14,Size/Fit Issue,1
604191,223516,5362,2025-08-24,Damaged,1
604192,230080,5300,2025-10-04,Not as Expected,1
604193,263853,5121,2024-05-23,Changed Mind,1
604194,204521,5313,2023-03-15,Size/Fit Issue,1
604195,298518,5253,2023-12-13,Wrong Product,1
604196,223810,5053,2024-03-11,Size/Fit Issue,1
604197,238206,5467,2023-12-03,Not as Expected,1
604198,267725,5106,2024-11-25,Size/Fit Issue,1
604199,243609,5199,2025-07-09,Changed Mind,1
604200,219253,5256,2023-05-14,Changed Mind,1
604201,258348,5374,2025-09-07,Damaged,1
604202,275471,5048,2024-08-12,Size/Fit Issue,1
604203,278982,5151,2024-06-06,Size/Fit Issue,1
604204,220196,5017,2024-09-23,Not as Expected,1
604205,229848,5408,2024-12-06,Size/Fit Issue,1
604206,267859,5168,2025-01-05,Not as Expected,1
604207,237751,5298,2023-11-09,Not as Expected,1
604208,222138,5341,2025-02-23,Changed Mind,1
604209,242885,5443,2025-07-15,Damaged,1
604210,250531,5115,2024-07-13,Damaged,1
604211,284451,5197,2024-07-16,Size/Fit Issue,1
604212,291553,5323,2024-11-20,Size/Fit Issue,1
604213,290824,5106,2025-01-08,Wrong Product,1
604214,283882,5357,2025-04-26,Damaged,1
604215,234104,5297,2024-05-31,Not as Expected,1
604216,220080,5471,2025-02-01,Size/Fit Issue,1
604217,277010,5346,2025-09-16,Changed Mind,1
604218,215360,5002,2025-08-31,Size/Fit Issue,1
604219,286550,5154,2024-09-27,Damaged,1
604220,250452,5020,2025-07-31,Size/Fit Issue,1
604221,228277,5265,2025-10-27,Size/Fit Issue,1
604222,269702,5016,2024-03-05,Damaged,1
604223,206374,5263,2024-07-17,Wrong Product,1
604224,265780,5157,2024-03-12,Not as Expected,1
604225,254095,5199,2025-08-01,Damaged,1
604226,210749,5444,2025-05-12,Size/Fit Issue,1
604227,245344,5237,2023-03-01,Size/Fit Issue,1
604228,231617,5001,2023-11-09,Wrong Product,1
604229,272988,5093,2024-08-24,Changed Mind,1
604230,251739,5218,2024-09-18,Wrong Product,1
604231,271733,5088,2025-02-14,Changed Mind,1
604232,237758,5060,2024-05-22,Wrong Product,1
604233,274125,5056,2025-08-30,Changed Mind,1
604234,215882,5384,2024-08-24,Size/Fit Issue,1
604235,234907,5123,2025-02-01,Size/Fit Issue,1
604236,212077,5028,2024-01-29,Wrong Product,1
604237,261428,5011,2023-01-30,Wrong Product,1
604238,206754,5019,2024-07-11,Damaged,1
604239,224002,5108,2025-04-17,Changed Mind,1
604240,286730,5154,2024-07-25,Size/Fit Issue,1
604241,278689,5358,2024-07-17,Size/Fit Issue,1
604242,241408,5092,2025-09-12,Size/Fit Issue,1
604243,220754,5270,2024-11-08,Size/Fit Issue,1
604244,254666,5439,2023-10-01,Wrong Product,1
604245,296262,5190,2023-03-18,Changed Mind,1
604246,219583,5387,2025-05-10,Damaged,1
604247,224274,5440,2024-02-18,Size/Fit Issue,1
604248,268868,5150,2024-10-21,Not as Expected,1
604249,237395,5170,2024-10-04,Damaged,1
604250,218835,5051,2025-11-20,Wrong Product,1
604251,237547,5288,2024-12-10,Size/Fit Issue,1
604252,240930,5135,2025-12-19,Size/Fit Issue,1
604253,210051,5379,2024-11-03,Not as Expected,1
604254,219217,5180,2025-12-04,Changed Mind,1
604255,237890,5449,2025-02-16,Damaged,1
604256,232621,5126,2024-06-30,Damaged,1
604257,278085,5479,2023-01-23,Not as Expected,1
604258,271498,5279,2025-05-17,Wrong Product,1
604259,298575,5394,2025-07-06,Size/Fit Issue,1
604260,293290,5324,2024-05-05,Damaged,1
604261,215715,5113,2024-11-13,Changed Mind,1
604262,234592,5219,2026-01-08,Size/Fit Issue,1
604263,277646,5330,2024-12-28,Size/Fit Issue,1
604264,214458,5315,2026-01-09,Changed Mind,1
604265,264196,5019,2025-05-17,Damaged,1
604266,259858,5312,2025-10-01,Wrong Product,1
604267,214676,5124,2025-05-24,Wrong Product,1
604268,225810,5456,2025-03-06,Changed Mind,1
604269,292081,5459,2023-12-12,Wrong Product,1
604270,215978,5166,2023-09-09,Size/Fit Issue,1
604271,263734,5283,2024-08-08,Damaged,1
604272,266667,5248,2023-11-30,Size/Fit Issue,1
604273,238339,5208,2024-09-19,Damaged,1
604274,267830,5399,2024-02-14,Damaged,1
604275,208292,5268,2025-09-11,Wrong Product,1
604276,291106,5064,2025-01-10,Wrong Product,1
604277,269566,5402,2024-10-30,Not as Expected,1
604278,267458,5310,2026-01-06,Not as Expected,1
604279,246474,5232,2025-07-01,Changed Mind,1
604280,257968,5182,2025-06-03,Wrong Product,1
604281,233254,5331,2025-08-24,Size/Fit Issue,2
604282,262418,5433,2023-01-12,Size/Fit Issue,1
604283,288693,5454,2023-09-14,Changed Mind,1
604284,204583,5362,2025-09-10,Wrong Product,1
604285,246112,5397,2025-04-09,Size/Fit Issue,1
604286,227750,5226,2024-11-09,Wrong Product,1
604287,215685,5308,2025-07-31,Damaged,1
604288,281828,5212,2024-08-10,Changed Mind,1
604289,273357,5445,2023-08-03,Size/Fit Issue,1
604290,298384,5031,2023-06-15,Changed Mind,1
604291,234320,5187,2023-02-07,Wrong Product,1
604292,267702,5151,2025-06-19,Damaged,1
604293,241850,5156,2025-06-25,Damaged,1
604294,225261,5152,2024-03-15,Size/Fit Issue,1
604295,265185,5361,2024-06-19,Not as Expected,1
604296,217869,5305,2025-03-09,Wrong Product,1
604297,265913,5177,2023-05-25,Wrong Product,1
604298,280615,5066,2023-10-29,Wrong Product,1
604299,239516,5016,2023-03-11,Wrong Product,1
604300,209115,5168,2024-09-14,Size/Fit Issue,1
604301,251504,5389,2023-04-27,Not as Expected,1
604302,299954,5092,2024-05-05,Wrong Product,1
604303,246565,5097,2023-07-19,Wrong Product,1
604304,211380,5319,2025-12-22,Size/Fit Issue,1
604305,235290,5184,2025-07-02,Size/Fit Issue,1
604306,273308,5025,2025-12-23,Not as Expected,1
604307,291845,5008,2026-01-01,Size/Fit Issue,1
604308,267050,5120,2024-07-04,Size/Fit Issue,1
604309,272764,5103,2024-01-14,Changed Mind,1
604310,290570,5080,2023-03-16,Changed Mind,1
604311,286632,5087,2025-07-19,Size/Fit Issue,1
604312,209454,5121,2025-08-01,Wrong Product,1
604313,264669,5220,2025-08-31,Size/Fit Issue,1
604314,205001,5311,2025-06-24,Changed Mind,1
604315,294054,5476,2025-12-13,Wrong Product,1
604316,242516,5416,2025-05-12,Wrong Product,1
604317,203091,5174,2024-04-12,Size/Fit Issue,1
604318,250160,5231,2024-11-26,Damaged,1
604319,255476,5105,2023-03-29,Not as Expected,1
604320,284606,5473,2025-03-28,Changed Mind,1
604321,262983,5343,2023-10-10,Size/Fit Issue,1
604322,265665,5480,2024-12-28,Damaged,1
604323,203854,5423,2025-12-04,Not as Expected,1
604324,246409,5234,2025-11-22,Size/Fit Issue,1
604325,211896,5223,2023-10-14,Size/Fit Issue,1
604326,243225,5281,2024-05-06,Wrong Product,1
604327,269496,5134,2023-08-04,Not as Expected,1
604328,228876,5237,2023-02-23,Not as Expected,1
604329,251028,5366,2024-02-03,Not as Expected,1
604330,250946,5390,2023-04-01,Wrong Product,1
604331,266746,5236,2024-08-24,Changed Mind,1
604332,285485,5193,2023-04-24,Damaged,1
604333,259936,5236,2024-09-11,Wrong Product,1
604334,232609,5359,2024-10-11,Not as Expected,1
604335,239674,5189,2024-01-07,Wrong Product,1
604336,266912,5052,2024-03-07,Damaged,1
604337,251337,5293,2024-10-28,Not as Expected,1
604338,251929,5067,2025-02-05,Damaged,1
604339,268136,5096,2024-10-21,Size/Fit Issue,1
604340,277585,5059,2024-02-02,Changed Mind,1
604341,257053,5335,2025-12-21,Damaged,1
604342,285528,5111,2024-05-06,Wrong Product,1
604343,217626,5378,2023-01-25,Wrong Product,1
604344,245658,5132,2024-03-18,Size/Fit Issue,1
604345,220060,5175,2024-12-10,Size/Fit Issue,1
604346,222154,5351,2023-12-09,Damaged,1
604347,221779,5320,2023-07-29,Wrong Product,1
604348,228993,5356,2024-12-26,Damaged,1
604349,265674,5151,2024-09-07,Wrong Product,1
604350,226636,5129,2025-10-04,Size/Fit Issue,1
604351,211060,5013,2024-09-04,Not as Expected,1
604352,276988,5175,2023-12-27,Changed Mind,1
604353,268817,5400,2023-07-03,Not as Expected,1
604354,205642,5479,2025-11-26,Size/Fit Issue,1
604355,209467,5389,2023-09-18,Size/Fit Issue,1
604356,256560,5063,2025-04-27,Size/Fit Issue,1
604357,254811,5107,2024-07-13,Damaged,1
604358,215078,5256,2024-10-31,Changed Mind,1
604359,295635,5131,2024-03-12,Size/Fit Issue,1
604360,278755,5214,2023-02-26,Changed Mind,1
604361,247821,5248,2025-08-07,Changed Mind,1
604362,277343,5105,2023-04-10,Size/Fit Issue,1
604363,228223,5473,2024-08-12,Size/Fit Issue,1
604364,244521,5261,2025-05-02,Not as Expected,1
604365,203315,5212,2025-12-25,Not as Expected,1
604366,236370,5164,2025-08-22,Size/Fit Issue,1
604367,260833,5178,2024-10-13,Changed Mind,1
604368,206826,5175,2023-05-25,Changed Mind,1
604369,257424,5151,2024-03-19,Not as Expected,1
604370,216504,5167,2024-11-28,Changed Mind,1
604371,292953,5131,2025-09-18,Size/Fit Issue,1
604372,258071,5252,2024-04-05,Not as Expected,1
604373,251376,5268,2023-12-03,Wrong Product,1
604374,250304,5066,2024-06-21,Wrong Product,1
604375,266830,5118,2023-08-01,Wrong Product,1
604376,205015,5408,2024-01-26,Size/Fit Issue,1
604377,233462,5232,2023-08-26,Wrong Product,1
604378,290495,5443,2024-12-12,Size/Fit Issue,1
604379,224773,5343,2023-04-12,Changed Mind,1
604380,207716,5409,2023-11-16,Size/Fit Issue,1
604381,233850,5303,2024-10-06,Not as Expected,1
604382,214211,5243,2023-07-06,Not as Expected,1
604383,258192,5220,2025-06-25,Damaged,1
604384,207230,5323,2025-03-09,Changed Mind,1
604385,204302,5148,2025-02-12,Wrong Product,1
604386,220235,5014,2024-11-14,Damaged,1
604387,239029,5115,2024-02-04,Not as Expected,1
604388,207653,5396,2025-05-13,Not as Expected,1
604389,299295,5096,2024-04-26,Wrong Product,1
604390,274705,5195,2023-12-29,Not as Expected,1
604391,245903,5093,2023-09-14,Damaged,1
604392,205513,5379,2025-07-04,Not as Expected,1
604393,210342,5395,2023-06-19,Size/Fit Issue,1
604394,295799,5250,2023-09-05,Wrong Product,1
604395,256742,5021,2024-06-20,Damaged,1
604396,216651,5221,2023-04-23,Size/Fit Issue,1
604397,212282,5199,2025-04-15,Not as Expected,1
604398,292455,5371,2025-12-20,Not as Expected,1
604399,285399,5148,2023-10-19,Size/Fit Issue,1
604400,207437,5181,2024-04-16,Size/Fit Issue,2
604401,229600,5232,2024-12-06,Not as Expected,1
604402,268601,5063,2025-10-26,Damaged,1
604403,257052,5440,2024-10-21,Not as Expected,1
604404,204974,5452,2023-05-12,Not as Expected,1
604405,233522,5415,2024-02-02,Not as Expected,1
604406,263645,5007,2025-10-19,Size/Fit Issue,1
604407,223946,5036,2025-03-12,Damaged,1
604408,294444,5455,2023-12-31,Damaged,1
604409,216421,5047,2025-10-27,Damaged,1
604410,252785,5389,2025-11-12,Damaged,1
604411,271896,5261,2024-04-24,Size/Fit Issue,1
604412,279110,5163,2023-08-02,Size/Fit Issue,1
604413,258773,5237,2023-09-26,Size/Fit Issue,1
604414,294268,5479,2025-06-13,Not as Expected,1
604415,212522,5124,2025-06-11,Not as Expected,1
604416,278851,5325,2025-09-05,Size/Fit Issue,1
604417,216792,5265,2025-04-09,Damaged,1
604418,264794,5301,2025-02-03,Size/Fit Issue,1
604419,248941,5295,2025-11-03,Changed Mind,1
604420,206040,5475,2023-02-11,Changed Mind,1
604421,299246,5123,2024-09-23,Damaged,1
604422,254412,5256,2025-07-09,Wrong Product,1
604423,208677,5132,2025-10-11,Not as Expected,1
604424,209336,5298,2024-08-15,Damaged,1
604425,290696,5040,2025-03-08,Damaged,1
604426,221622,5151,2023-12-31,Damaged,1
604427,248656,5085,2025-01-26,Size/Fit Issue,1
604428,241452,5244,2026-01-05,Damaged,1
604429,214816,5352,2024-10-12,Damaged,2
604430,241689,5466,2025-05-18,Size/Fit Issue,1
604431,217041,5251,2023-10-30,Damaged,1
604432,200608,5293,2023-07-09,Size/Fit Issue,1
604433,226019,5274,2023-12-17,Not as Expected,1
604434,278986,5329,2025-07-27,Changed Mind,1
604435,238624,5148,2024-03-18,Size/Fit Issue,2
604436,280637,5206,2024-01-29,Not as Expected,1
604437,242402,5065,2026-01-09,Not as Expected,1
604438,286233,5010,2023-03-08,Changed Mind,1
604439,205825,5343,2025-08-21,Not as Expected,1
604440,211806,5439,2025-08-03,Size/Fit Issue,1
604441,257150,5429,2023-10-26,Changed Mind,1
604442,225371,5361,2023-03-01,Not as Expected,1
604443,256674,5016,2025-11-26,Not as Expected,1
604444,269867,5092,2025-01-06,Not as Expected,1
604445,240001,5287,2024-03-03,Damaged,1
604446,228172,5452,2023-12-17,Wrong Product,1
604447,229314,5443,2024-03-20,Size/Fit Issue,1
604448,241473,5376,2024-07-30,Size/Fit Issue,1
604449,298682,5350,2025-08-15,Damaged,1
604450,292287,5328,2025-02-19,Wrong Product,1
604451,287028,5315,2024-10-06,Damaged,1
604452,288487,5400,2024-08-30,Wrong Product,1
604453,248405,5192,2026-01-09,Size/Fit Issue,1
604454,293923,5134,2025-12-23,Not as Expected,1
604455,284086,5237,2025-05-24,Not as Expected,1
604456,241785,5022,2025-08-01,Size/Fit Issue,1
604457,234662,5405,2025-08-27,Size/Fit Issue,1
604458,213063,5336,2025-10-18,Damaged,1
604459,244624,5292,2025-08-06,Damaged,1
604460,234242,5227,2023-06-15,Damaged,1
604461,299600,5376,2025-06-09,Wrong Product,1
604462,255080,5268,2024-06-01,Not as Expected,1
604463,229009,5099,2024-08-22,Damaged,1
604464,233189,5305,2026-01-04,Changed Mind,1
604465,265417,5368,2023-10-13,Size/Fit Issue,1
604466,253018,5259,2023-06-12,Size/Fit Issue,1
604467,287576,5366,2023-05-02,Wrong Product,1
604468,256445,5234,2024-08-14,Changed Mind,1
604469,248978,5410,2025-04-24,Damaged,1
604470,252179,5435,2024-10-15,Damaged,1
604471,271824,5340,2026-01-09,Damaged,1
604472,235478,5165,2025-02-12,Damaged,1
604473,249464,5143,2024-06-14,Not as Expected,1
604474,207714,5139,2024-04-27,Damaged,1
604475,200372,5131,2023-03-21,Not as Expected,1
604476,237181,5312,2025-05-05,Wrong Product,1
604477,271911,5218,2025-01-15,Wrong Product,1
604478,218339,5129,2024-12-29,Wrong Product,1
604479,242819,5267,2023-04-21,Changed Mind,1
604480,210012,5123,2026-01-19,Size/Fit Issue,1
604481,242954,5472,2025-05-15,Changed Mind,1
604482,227859,5223,2023-03-29,Damaged,1
604483,212310,5315,2023-05-03,Size/Fit Issue,1
604484,224142,5202,2024-04-18,Wrong Product,1
604485,259984,5411,2025-07-20,Size/Fit Issue,1
604486,227154,5379,2025-04-21,Damaged,1
604487,273088,5005,2023-03-07,Not as Expected,1
604488,283766,5269,2023-02-21,Wrong Product,1
604489,266147,5397,2023-04-29,Changed Mind,1
604490,285940,5212,2025-07-02,Size/Fit Issue,1
604491,217628,5237,2025-12-18,Size/Fit Issue,1
604492,272189,5217,2024-01-28,Changed Mind,1
604493,235153,5401,2023-08-16,Not as Expected,1
604494,266252,5202,2024-10-16,Size/Fit Issue,1
604495,211462,5388,2025-03-30,Not as Expected,1
604496,282350,5414,2025-10-31,Size/Fit Issue,1
604497,247225,5042,2023-08-05,Size/Fit Issue,1
604498,227779,5258,2025-12-29,Damaged,1
604499,243782,5299,2025-08-12,Wrong Product,1
604500,200284,5160,2024-12-21,Not as Expected,1
604501,235278,5087,2023-12-07,Size/Fit Issue,1
604502,224644,5180,2025-06-03,Not as Expected,1
604503,287112,5346,2025-08-05,Damaged,1
604504,204623,5349,2023-01-31,Size/Fit Issue,1
604505,295778,5305,2023-06-12,Damaged,1
604506,264038,5098,2025-11-14,Not as Expected,1
604507,232343,5454,2026-01-18,Changed Mind,1
604508,230389,5077,2023-12-06,Size/Fit Issue,1
604509,291232,5108,2024-02-02,Size/Fit Issue,1
604510,227208,5129,2024-06-17,Not as Expected,1
604511,231631,5045,2023-03-04,Size/Fit Issue,1
604512,205831,5164,2024-09-11,Changed Mind,1
604513,248693,5076,2023-07-14,Not as Expected,1
604514,203550,5285,2025-02-28,Damaged,2
604515,251323,5325,2024-01-25,Damaged,1
604516,291874,5125,2023-07-26,Not as Expected,1
604517,213847,5236,2024-03-31,Damaged,1
604518,235294,5200,2024-10-03,Damaged,1
604519,271484,5355,2025-05-20,Wrong Product,1
604520,254132,5435,2023-12-22,Damaged,1
604521,266888,5392,2025-10-15,Damaged,1
604522,201767,5070,2023-03-29,Damaged,1
604523,289982,5233,2025-08-31,Wrong Product,1
604524,290549,5389,2025-09-11,Damaged,1
604525,240043,5135,2024-03-28,Damaged,1
604526,210059,5472,2024-07-19,Size/Fit Issue,1
604527,280333,5443,2023-05-01,Not as Expected,1
604528,271362,5296,2025-11-16,Size/Fit Issue,1
604529,287879,5379,2025-09-25,Damaged,1
604530,211877,5101,2025-07-22,Damaged,1
604531,207617,5404,2025-07-30,Size/Fit Issue,1
604532,218692,5203,2024-12-24,Not as Expected,1
604533,269949,5349,2024-06-14,Size/Fit Issue,1
604534,217394,5404,2024-05-24,Not as Expected,1
604535,275295,5220,2024-04-06,Wrong Product,1
604536,263603,5222,2025-02-27,Changed Mind,1
604537,252340,5131,2024-07-12,Damaged,1
604538,278125,5167,2025-10-16,Size/Fit Issue,1
604539,274103,5238,2023-07-02,Wrong Product,1
604540,231878,5348,2025-08-15,Wrong Product,1
604541,274066,5115,2024-12-13,Size/Fit Issue,1
604542,249687,5081,2025-09-24,Size/Fit Issue,1
604543,259054,5200,2023-11-02,Size/Fit Issue,1
604544,283110,5305,2023-02-26,Size/Fit Issue,1
604545,254988,5384,2025-11-26,Wrong Product,1
604546,226027,5162,2023-10-26,Not as Expected,1
604547,222770,5356,2025-08-03,Not as Expected,1
604548,285249,5133,2025-05-16,Wrong Product,1
604549,275119,5429,2024-02-05,Wrong Product,1
604550,239277,5177,2024-10-13,Not as Expected,1
604551,233267,5354,2025-08-09,Not as Expected,1
604552,221194,5480,2023-07-28,Size/Fit Issue,1
604553,281301,5162,2023-12-09,Changed Mind,1
604554,250819,5072,2025-05-31,Size/Fit Issue,1
604555,222838,5350,2024-12-07,Wrong Product,1
604556,219474,5242,2024-10-02,Wrong Product,1
604557,291811,5428,2025-01-11,Changed Mind,1
604558,270168,5265,2024-06-07,Changed Mind,1
604559,297969,5133,2023-12-09,Not as Expected,1
604560,239068,5221,2023-11-02,Damaged,1
604561,235709,5012,2025-06-08,Damaged,1
604562,236746,5325,2025-10-28,Changed Mind,1
604563,257733,5169,2023-10-29,Damaged,1
604564,202144,5110,2025-11-14,Damaged,1
604565,241256,5037,2023-07-15,Wrong Product,1
604566,269904,5453,2025-04-10,Damaged,1
604567,234916,5369,2023-12-08,Damaged,1
604568,227035,5100,2023-10-28,Not as Expected,1
604569,233087,5429,2025-09-04,Wrong Product,1
604570,247209,5051,2025-11-08,Size/Fit Issue,1
604571,208299,5199,2025-09-26,Not as Expected,1
604572,260631,5292,2023-02-23,Wrong Product,1
604573,208797,5016,2025-09-15,Wrong Product,1
604574,253746,5237,2025-07-18,Damaged,1
604575,283898,5156,2023-12-07,Damaged,2
604576,227443,5451,2023-11-04,Wrong Product,1
604577,296452,5277,2025-11-05,Wrong Product,1
604578,203500,5043,2025-07-15,Size/Fit Issue,1
604579,235892,5199,2025-04-06,Size/Fit Issue,1
604580,238703,5159,2023-07-28,Damaged,1
604581,284307,5364,2025-11-07,Size/Fit Issue,1
604582,280488,5421,2023-12-23,Wrong Product,1
604583,256869,5447,2023-10-01,Size/Fit Issue,1
604584,216556,5142,2025-07-18,Size/Fit Issue,1
604585,242167,5098,2023-08-16,Wrong Product,1
604586,230276,5281,2024-02-12,Not as Expected,1
604587,219684,5316,2025-05-23,Damaged,1
604588,270394,5185,2024-09-13,Size/Fit Issue,1
604589,219842,5354,2025-10-10,Not as Expected,1
604590,214550,5354,2024-05-15,Not as Expected,1
604591,297063,5291,2025-12-21,Size/Fit Issue,1
604592,287770,5433,2024-09-16,Not as Expected,1
604593,295941,5279,2023-11-06,Damaged,1
604594,286831,5020,2023-08-21,Changed Mind,1
604595,240945,5409,2024-05-28,Wrong Product,1
604596,241005,5086,2025-04-30,Changed Mind,1
604597,280229,5253,2024-02-13,Changed Mind,1
604598,290238,5349,2024-03-06,Damaged,1
604599,255916,5301,2023-01-30,Size/Fit Issue,1
604600,250119,5188,2024-08-04,Not as Expected,1
604601,268976,5241,2023-10-16,Damaged,1
604602,282161,5317,2025-05-27,Wrong Product,1
604603,278627,5420,2024-10-08,Wrong Product,1
604604,230824,5067,2024-02-21,Damaged,1
604605,210145,5381,2023-06-07,Damaged,1
604606,254505,5153,2023-11-04,Not as Expected,1
604607,285192,5273,2024-12-01,Wrong Product,1
604608,240586,5009,2026-01-04,Size/Fit Issue,1
604609,212482,5080,2025-02-05,Size/Fit Issue,1
604610,249208,5469,2023-04-27,Wrong Product,1
604611,271717,5191,2024-01-13,Changed Mind,1
604612,238604,5338,2025-09-19,Changed Mind,1
604613,253649,5297,2024-09-23,Damaged,1
604614,260534,5274,2025-04-18,Changed Mind,1
604615,286828,5074,2025-09-12,Changed Mind,1
604616,230210,5054,2024-05-26,Damaged,1
604617,278543,5306,2023-10-14,Size/Fit Issue,1
604618,252643,5294,2024-04-25,Not as Expected,1
604619,237908,5251,2024-09-03,Wrong Product,1
604620,298616,5390,2025-10-11,Not as Expected,1
604621,233307,5036,2024-04-14,Changed Mind,1
604622,232428,5308,2024-04-14,Wrong Product,1
604623,283993,5022,2024-07-21,Changed Mind,1
604624,270902,5287,2024-06-02,Size/Fit Issue,1
604625,228402,5357,2025-06-11,Not as Expected,1
604626,253643,5188,2025-08-28,Wrong Product,1
604627,238326,5017,2025-09-18,Size/Fit Issue,1
604628,224508,5404,2025-07-23,Not as Expected,1
604629,223961,5443,2023-03-06,Damaged,1
604630,201346,5357,2025-06-11,Not as Expected,1
604631,229627,5146,2024-10-17,Size/Fit Issue,1
604632,287861,5365,2025-03-24,Changed Mind,1
604633,275220,5437,2023-10-23,Changed Mind,1
604634,251956,5382,2025-11-01,Damaged,1
604635,218080,5283,2025-08-24,Wrong Product,1
604636,228736,5176,2025-12-16,Damaged,1
604637,291498,5411,2023-06-07,Not as Expected,1
604638,253961,5156,2023-10-29,Damaged,1
604639,246404,5256,2024-10-04,Wrong Product,1
604640,208042,5062,2023-04-13,Damaged,1
604641,224972,5120,2023-07-07,Not as Expected,1
604642,286195,5221,2024-03-12,Not as Expected,1
604643,200810,5045,2023-02-19,Not as Expected,1
604644,239541,5308,2024-10-25,Not as Expected,1
604645,292808,5443,2023-07-09,Size/Fit Issue,1
604646,254105,5360,2024-05-20,Not as Expected,1
604647,257874,5187,2025-03-28,Damaged,1
604648,284073,5258,2023-09-09,Size/Fit Issue,1
604649,285916,5208,2023-02-18,Size/Fit Issue,1
604650,254901,5039,2025-09-29,Changed Mind,1
604651,269517,5451,2023-07-12,Not as Expected,1
604652,207516,5425,2025-10-15,Damaged,1
604653,250586,5079,2023-05-12,Wrong Product,1
604654,274921,5316,2025-05-27,Size/Fit Issue,1
604655,274096,5328,2025-10-05,Size/Fit Issue,1
604656,289653,5406,2025-08-03,Changed Mind,1
604657,206491,5140,2025-11-30,Not as Expected,1
604658,279783,5359,2024-07-27,Damaged,1
604659,226523,5262,2023-06-20,Wrong Product,1
604660,222637,5052,2025-06-16,Size/Fit Issue,1
604661,280346,5349,2023-05-01,Not as Expected,1
604662,234524,5197,2024-09-27,Not as Expected,1
604663,244641,5200,2025-03-10,Not as Expected,1
604664,271060,5167,2025-04-07,Not as Expected,1
604665,265321,5298,2023-06-05,Not as Expected,1
604666,200109,5294,2023-01-13,Wrong Product,1
604667,278098,5001,2026-01-09,Damaged,1
604668,280134,5022,2024-12-09,Damaged,1
604669,220270,5260,2024-10-27,Changed Mind,1
604670,277959,5011,2025-03-22,Changed Mind,1
604671,279005,5405,2024-07-15,Damaged,1
604672,229844,5195,2024-04-01,Not as Expected,1
604673,264326,5312,2025-10-16,Changed Mind,1
604674,207828,5255,2025-11-22,Size/Fit Issue,1
604675,286086,5047,2024-04-30,Damaged,1
604676,292252,5063,2023-05-11,Damaged,1
604677,288546,5010,2025-01-22,Changed Mind,1
604678,202385,5082,2025-01-26,Changed Mind,1
604679,227487,5308,2024-08-14,Damaged,1
604680,206018,5204,2025-04-14,Changed Mind,1
604681,221124,5080,2025-09-26,Damaged,1
604682,203297,5002,2024-04-21,Changed Mind,1
604683,254813,5044,2026-01-09,Changed Mind,1
604684,268357,5361,2025-10-18,Changed Mind,1
604685,257983,5216,2024-02-17,Wrong Product,1
604686,284966,5068,2023-05-15,Changed Mind,1
604687,232965,5430,2025-09-11,Size/Fit Issue,1
604688,226945,5157,2025-11-25,Size/Fit Issue,1
604689,268773,5191,2023-10-25,Damaged,1
604690,207719,5125,2023-01-22,Wrong Product,1
604691,243990,5212,2023-05-25,Size/Fit Issue,1
604692,230817,5169,2025-01-27,Size/Fit Issue,1
604693,209195,5166,2024-04-22,Not as Expected,1
604694,239573,5413,2025-08-05,Damaged,1
604695,260427,5441,2024-12-17,Wrong Product,1
604696,245219,5393,2023-09-07,Changed Mind,1
604697,261443,5373,2025-09-03,Size/Fit Issue,1
604698,293133,5347,2023-08-20,Not as Expected,1
604699,245164,5383,2023-01-31,Not as Expected,1
604700,227615,5261,2023-10-10,Wrong Product,1
604701,260086,5167,2025-05-30,Changed Mind,1
604702,274583,5199,2025-07-28,Changed Mind,1
604703,246524,5303,2025-01-22,Changed Mind,1
604704,207899,5118,2025-01-24,Not as Expected,1
604705,249801,5062,2024-04-14,Not as Expected,1
604706,240092,5333,2024-09-26,Not as Expected,1
604707,254726,5239,2023-10-24,Size/Fit Issue,1
604708,207227,5429,2025-01-20,Damaged,1
604709,240318,5352,2024-12-21,Not as Expected,1
604710,250107,5413,2024-06-30,Size/Fit Issue,1
604711,285925,5122,2024-04-25,Not as Expected,1
604712,234417,5051,2023-05-23,Not as Expected,1
604713,201962,5043,2024-09-08,Size/Fit Issue,1
604714,261731,5376,2025-04-02,Not as Expected,1
604715,239202,5111,2025-05-15,Damaged,1
604716,219002,5209,2023-02-04,Damaged,1
604717,263150,5466,2024-11-25,Wrong Product,1
604718,208877,5059,2023-10-30,Size/Fit Issue,1
604719,243883,5283,2025-06-27,Changed Mind,1
604720,229467,5203,2025-11-09,Changed Mind,1
604721,263658,5116,2023-04-11,Wrong Product,1
604722,273388,5125,2025-09-02,Changed Mind,1
604723,296914,5065,2024-09-17,Changed Mind,1
604724,223441,5146,2023-01-26,Not as Expected,1
604725,203968,5411,2023-10-29,Damaged,1
604726,269375,5182,2025-05-24,Not as Expected,1
604727,281548,5339,2024-08-09,Size/Fit Issue,1
604728,236598,5279,2025-10-03,Damaged,1
604729,298832,5095,2025-06-28,Size/Fit Issue,1
604730,275767,5217,2025-06-02,Damaged,1
604731,277907,5152,2025-12-21,Not as Expected,1
604732,215581,5028,2024-12-04,Not as Expected,1
604733,251418,5305,2023-09-14,Changed Mind,1
604734,276274,5329,2023-10-08,Size/Fit Issue,1
604735,267604,5104,2023-05-17,Size/Fit Issue,1
604736,288176,5422,2023-08-12,Size/Fit Issue,1
604737,232868,5170,2025-01-02,Not as Expected,1
604738,289244,5054,2024-05-14,Not as Expected,1
604739,271895,5119,2025-12-04,Wrong Product,1
604740,266230,5190,2024-01-02,Changed Mind,1
604741,222343,5281,2024-09-05,Wrong Product,1
604742,245303,5338,2025-02-08,Size/Fit Issue,1
604743,294860,5277,2025-02-10,Size/Fit Issue,1
604744,239525,5071,2025-02-26,Damaged,1
604745,209556,5070,2023-08-04,Size/Fit Issue,1
604746,287253,5011,2024-05-17,Size/Fit Issue,1
604747,297684,5403,2025-11-02,Size/Fit Issue,1
604748,238124,5023,2024-05-08,Damaged,1
604749,299017,5460,2024-12-05,Not as Expected,1
604750,281811,5305,2024-10-04,Size/Fit Issue,1
604751,230286,5443,2025-12-27,Not as Expected,1
604752,204730,5383,2026-01-08,Wrong Product,1
604753,233995,5249,2024-08-27,Damaged,1
604754,281639,5019,2023-03-13,Wrong Product,1
604755,248560,5446,2024-08-17,Changed Mind,1
604756,257035,5292,2023-10-06,Damaged,1
604757,223801,5273,2025-05-24,Size/Fit Issue,1
604758,264342,5391,2024-07-23,Changed Mind,1
604759,232561,5121,2024-12-23,Wrong Product,1
604760,297528,5304,2025-06-28,Damaged,1
604761,216889,5205,2025-07-12,Size/Fit Issue,1
604762,248552,5055,2025-04-16,Wrong Product,1
604763,250705,5406,2023-03-27,Damaged,1
604764,257397,5048,2024-01-01,Size/Fit Issue,1
604765,284570,5422,2025-11-04,Changed Mind,1
604766,267459,5385,2025-06-02,Size/Fit Issue,1
604767,219572,5195,2025-01-15,Size/Fit Issue,1
604768,207470,5431,2025-12-17,Size/Fit Issue,1
604769,265373,5150,2024-03-04,Changed Mind,1
604770,200207,5128,2023-12-03,Changed Mind,1
604771,291235,5362,2023-06-28,Wrong Product,1
604772,282998,5463,2025-05-13,Not as Expected,1
604773,289791,5400,2024-01-12,Size/Fit Issue,1
604774,238810,5055,2024-03-19,Wrong Product,1
604775,285198,5120,2025-10-18,Not as Expected,1
604776,206257,5209,2025-06-17,Wrong Product,1
604777,224791,5272,2024-10-20,Changed Mind,1
604778,286516,5138,2024-01-23,Wrong Product,1
604779,273491,5428,2025-05-21,Size/Fit Issue,1
604780,225203,5450,2024-02-26,Not as Expected,2
604781,285255,5334,2023-02-17,Damaged,1
604782,249652,5218,2024-12-01,Size/Fit Issue,1
604783,234677,5127,2024-10-06,Not as Expected,1
604784,210955,5107,2024-01-19,Size/Fit Issue,1
604785,261722,5200,2024-09-20,Size/Fit Issue,1
604786,284941,5114,2025-10-28,Wrong Product,1
604787,216576,5405,2025-02-04,Wrong Product,1
604788,264122,5435,2023-02-16,Changed Mind,1
604789,235085,5398,2025-08-10,Damaged,1
604790,284892,5276,2025-12-13,Damaged,1
604791,218656,5078,2025-03-05,Changed Mind,1
604792,211433,5261,2023-10-23,Wrong Product,1
604793,262478,5208,2023-05-04,Changed Mind,1
604794,208581,5208,2025-02-28,Damaged,1
604795,280604,5371,2023-08-04,Size/Fit Issue,1
604796,206407,5447,2025-06-14,Damaged,1
604797,239106,5300,2023-06-06,Not as Expected,1
604798,228928,5206,2025-08-04,Not as Expected,1
604799,287491,5216,2024-12-11,Size/Fit Issue,1
604800,210431,5332,2025-09-21,Damaged,1
604801,291917,5249,2024-08-02,Size/Fit Issue,1
604802,249517,5405,2024-12-28,Damaged,1
604803,237107,5243,2024-08-30,Not as Expected,1
604804,288544,5268,2025-02-22,Changed Mind,1
604805,279719,5451,2025-01-04,Size/Fit Issue,1
604806,272034,5282,2025-02-17,Not as Expected,1
604807,266920,5264,2023-12-03,Wrong Product,1
604808,218306,5440,2025-06-05,Damaged,1
604809,228614,5015,2024-05-22,Wrong Product,1
604810,246885,5351,2025-07-13,Not as Expected,1
604811,234194,5120,2025-12-20,Wrong Product,1
604812,291758,5256,2023-12-19,Damaged,1
604813,209108,5478,2025-09-28,Changed Mind,1
604814,293505,5034,2025-12-28,Size/Fit Issue,1
604815,260841,5422,2024-04-23,Changed Mind,1
604816,237522,5349,2024-02-17,Damaged,1
604817,236265,5454,2023-02-23,Size/Fit Issue,1
604818,272085,5272,2023-10-27,Size/Fit Issue,1
604819,269082,5455,2025-06-27,Damaged,1
604820,224201,5351,2023-06-13,Damaged,1
604821,238163,5327,2025-09-24,Not as Expected,1
604822,246844,5283,2025-02-08,Damaged,1
604823,200563,5113,2024-08-14,Size/Fit Issue,1
604824,232415,5402,2024-10-26,Not as Expected,1
604825,259921,5198,2023-08-16,Changed Mind,1
604826,292580,5291,2023-10-02,Size/Fit Issue,1
604827,230756,5187,2024-11-25,Changed Mind,1
604828,213906,5209,2025-11-03,Changed Mind,1
604829,211146,5006,2024-09-19,Size/Fit Issue,1
604830,237215,5026,2024-05-23,Not as Expected,1
604831,274372,5012,2023-06-01,Damaged,1
604832,224728,5069,2024-05-26,Wrong Product,1
604833,298992,5161,2023-10-25,Size/Fit Issue,1
604834,246719,5423,2024-01-05,Damaged,1
604835,229761,5058,2024-11-16,Not as Expected,1
604836,299179,5111,2024-06-10,Wrong Product,1
604837,206952,5310,2025-09-22,Wrong Product,1
604838,211694,5465,2024-04-15,Not as Expected,1
604839,242487,5388,2025-05-23,Not as Expected,1
604840,265689,5314,2025-09-13,Changed Mind,1
604841,226745,5106,2023-08-13,Not as Expected,1
604842,234690,5168,2024-08-09,Changed Mind,1
604843,230766,5380,2025-03-24,Size/Fit Issue,1
604844,242097,5104,2025-05-13,Damaged,1
604845,266871,5333,2024-11-01,Damaged,1
604846,275465,5464,2023-03-26,Size/Fit Issue,1
604847,209267,5271,2023-09-10,Wrong Product,1
604848,256304,5014,2025-11-10,Damaged,1
604849,226405,5169,2023-11-28,Size/Fit Issue,1
604850,239185,5196,2023-05-15,Not as Expected,1
604851,219334,5430,2025-12-19,Changed Mind,1
604852,215098,5323,2025-06-30,Not as Expected,1
604853,299586,5059,2024-12-07,Size/Fit Issue,1
604854,233784,5152,2024-12-31,Not as Expected,1
604855,202984,5035,2025-05-07,Size/Fit Issue,1
604856,277319,5273,2023-09-22,Changed Mind,1
604857,267308,5086,2025-02-28,Not as Expected,1
604858,222444,5339,2023-03-16,Damaged,1
604859,287970,5192,2023-08-26,Damaged,1
604860,227593,5215,2025-03-29,Changed Mind,1
604861,211747,5367,2024-07-01,Changed Mind,1
604862,210870,5139,2023-02-09,Size/Fit Issue,2
604863,218624,5136,2025-06-19,Not as Expected,1
604864,279299,5081,2023-05-30,Wrong Product,1
604865,233324,5241,2023-09-12,Size/Fit Issue,1
604866,278874,5245,2023-03-15,Size/Fit Issue,1
604867,256815,5159,2023-05-15,Damaged,1
604868,215493,5385,2025-07-12,Changed Mind,1
604869,280411,5222,2024-03-09,Wrong Product,1
604870,264678,5015,2025-03-31,Not as Expected,1
604871,217658,5184,2024-12-10,Not as Expected,1
604872,261736,5480,2024-07-16,Size/Fit Issue,1
604873,265344,5202,2025-05-22,Changed Mind,1
604874,210138,5217,2023-01-31,Not as Expected,1
604875,241154,5170,2024-06-22,Not as Expected,1
604876,213517,5118,2025-06-19,Size/Fit Issue,1
604877,210879,5019,2025-07-10,Not as Expected,1
604878,229869,5259,2025-06-25,Changed Mind,1
604879,268028,5409,2025-05-10,Not as Expected,1
604880,235140,5241,2025-02-25,Not as Expected,1
604881,264079,5353,2023-10-02,Damaged,1
604882,236505,5083,2024-10-25,Damaged,1
604883,256866,5289,2025-02-22,Changed Mind,1
604884,257504,5240,2023-11-06,Wrong Product,1
604885,236757,5130,2024-07-24,Changed Mind,1
604886,232955,5102,2024-04-08,Damaged,1
604887,215822,5191,2024-06-20,Size/Fit Issue,1
604888,264591,5022,2023-05-19,Not as Expected,1
604889,226161,5036,2025-01-12,Size/Fit Issue,1
604890,244899,5378,2024-08-12,Wrong Product,1
604891,269126,5037,2024-10-04,Changed Mind,1
604892,290400,5475,2025-10-26,Wrong Product,1
604893,217200,5169,2025-11-15,Damaged,1
604894,215416,5024,2025-07-26,Damaged,1
604895,219609,5385,2024-12-31,Changed Mind,1
604896,281304,5023,2024-02-12,Damaged,1
604897,232606,5090,2023-02-03,Not as Expected,1
604898,240050,5196,2023-11-02,Damaged,1
604899,220309,5280,2023-03-27,Damaged,1
604900,284715,5370,2025-03-06,Not as Expected,1
604901,270223,5391,2024-03-21,Wrong Product,1
604902,217873,5093,2024-10-12,Not as Expected,1
604903,205226,5006,2024-02-06,Wrong Product,1
604904,266613,5435,2024-08-31,Size/Fit Issue,1
604905,243297,5323,2023-07-02,Wrong Product,1
604906,250555,5321,2023-08-06,Size/Fit Issue,1
604907,213534,5268,2025-05-13,Size/Fit Issue,1
604908,234015,5244,2023-04-13,Size/Fit Issue,1
604909,266285,5251,2025-12-19,Damaged,1
604910,221015,5235,2025-08-19,Damaged,1
604911,227974,5447,2025-11-22,Damaged,1
604912,285002,5011,2024-08-22,Size/Fit Issue,2
604913,211257,5022,2024-10-27,Size/Fit Issue,1
604914,248448,5017,2024-12-28,Size/Fit Issue,2
604915,256113,5454,2025-08-15,Damaged,1
604916,202477,5216,2023-02-15,Changed Mind,1
604917,238150,5360,2023-11-15,Wrong Product,1
604918,241903,5370,2025-08-15,Changed Mind,1
604919,220834,5252,2025-10-21,Not as Expected,1
604920,276291,5336,2023-05-19,Wrong Product,1
604921,206526,5091,2025-09-17,Not as Expected,1
604922,221380,5278,2025-07-29,Damaged,1
604923,239951,5100,2024-09-26,Damaged,1
604924,232299,5128,2025-04-12,Not as Expected,1
604925,287348,5287,2025-07-18,Wrong Product,1
604926,253833,5326,2024-07-25,Not as Expected,1
604927,273264,5397,2025-11-28,Wrong Product,1
604928,219245,5424,2024-02-12,Not as Expected,1
604929,250282,5163,2025-03-03,Damaged,1
604930,279177,5064,2025-02-20,Damaged,1
604931,217225,5245,2024-10-31,Damaged,1
604932,229809,5200,2026-01-10,Damaged,1
604933,206110,5178,2025-04-02,Size/Fit Issue,1
604934,273517,5166,2023-07-23,Size/Fit Issue,1
604935,213328,5186,2023-06-10,Changed Mind,1
604936,231735,5399,2026-01-20,Wrong Product,1
604937,283496,5419,2024-06-07,Not as Expected,1
604938,246777,5086,2025-10-04,Size/Fit Issue,1
604939,273692,5300,2023-10-10,Damaged,1
604940,224356,5448,2023-04-17,Size/Fit Issue,1
604941,276712,5201,2025-03-08,Wrong Product,1
604942,259300,5428,2023-06-25,Wrong Product,1
604943,235137,5065,2024-10-09,Not as Expected,1
604944,293392,5249,2024-03-05,Not as Expected,1
604945,205083,5084,2025-11-07,Not as Expected,1
604946,244309,5139,2025-01-11,Wrong Product,1
604947,282268,5287,2025-09-13,Damaged,1
604948,234992,5161,2025-08-01,Damaged,1
604949,276570,5449,2023-05-21,Damaged,1
604950,239082,5175,2023-09-19,Size/Fit Issue,1
604951,264593,5274,2023-04-19,Size/Fit Issue,1
604952,271028,5316,2025-11-20,Wrong Product,1
604953,229907,5161,2025-04-17,Changed Mind,1
604954,214711,5266,2025-04-08,Size/Fit Issue,1
604955,289628,5266,2025-01-24,Size/Fit Issue,1
604956,225925,5140,2024-11-12,Size/Fit Issue,1
604957,213364,5240,2025-07-12,Size/Fit Issue,1
604958,253583,5159,2023-03-31,Size/Fit Issue,1
604959,218222,5174,2025-12-06,Wrong Product,1
604960,263615,5118,2025-10-09,Damaged,1
604961,251557,5312,2024-06-12,Size/Fit Issue,1
604962,252751,5051,2023-01-23,Wrong Product,1
604963,241055,5148,2023-10-05,Size/Fit Issue,1
604964,244539,5099,2024-02-21,Not as Expected,1
604965,283045,5060,2024-12-03,Changed Mind,1
604966,218819,5148,2023-10-05,Changed Mind,1
604967,238202,5122,2025-12-28,Changed Mind,1
604968,221928,5136,2023-08-29,Wrong Product,1
604969,220321,5041,2025-12-03,Damaged,1
604970,276328,5368,2025-08-08,Damaged,1
604971,248307,5246,2025-06-17,Not as Expected,1
604972,295119,5313,2024-10-22,Damaged,1
604973,258383,5197,2025-04-16,Damaged,1
604974,271711,5407,2024-05-23,Not as Expected,1
604975,255439,5326,2025-06-19,Damaged,1
604976,217481,5335,2026-01-09,Changed Mind,1
604977,299964,5090,2024-05-07,Changed Mind,1
604978,287001,5419,2025-01-26,Wrong Product,1
604979,273160,5450,2025-11-30,Changed Mind,1
604980,219596,5274,2024-03-19,Size/Fit Issue,1
604981,259028,5367,2024-07-29,Not as Expected,1
604982,236721,5247,2023-07-03,Damaged,1
604983,226737,5388,2025-11-22,Damaged,1
604984,231962,5303,2025-11-01,Size/Fit Issue,1
604985,238525,5223,2024-03-28,Wrong Product,1
604986,264765,5034,2024-06-02,Size/Fit Issue,1
604987,275865,5439,2023-10-11,Not as Expected,1
604988,220361,5367,2023-11-07,Not as Expected,1
604989,214502,5219,2024-02-10,Changed Mind,1
604990,261170,5353,2025-06-16,Damaged,1
604991,276525,5238,2023-08-16,Wrong Product,1
604992,235565,5105,2024-01-10,Damaged,1
604993,248535,5366,2023-12-31,Damaged,1
604994,202938,5348,2024-10-02,Size/Fit Issue,1
604995,237644,5219,2025-02-17,Damaged,1
604996,288772,5315,2023-10-19,Changed Mind,1
604997,288963,5262,2023-06-04,Changed Mind,1
604998,265567,5427,2024-10-25,Changed Mind,1
604999,207848,5251,2024-09-11,Size/Fit Issue,1
605000,216142,5231,2025-10-28,Not as Expected,1
605001,217508,5125,2025-03-03,Changed Mind,1
605002,249236,5307,2023-12-24,Not as Expected,1
605003,263578,5302,2025-05-25,Damaged,1
605004,295721,5321,2025-06-03,Not as Expected,1
605005,213864,5114,2024-12-01,Not as Expected,1
605006,215794,5167,2024-04-26,Damaged,1
605007,242816,5169,2023-07-21,Wrong Product,1
605008,285321,5222,2024-06-24,Size/Fit Issue,1
605009,252698,5449,2025-11-03,Wrong Product,1
605010,222598,5034,2023-11-06,Not as Expected,1
605011,254022,5459,2023-08-27,Damaged,1
605012,276332,5145,2023-08-31,Damaged,1
605013,256700,5276,2025-10-17,Size/Fit Issue,1
605014,219951,5250,2025-02-20,Not as Expected,1
605015,212592,5269,2023-09-30,Wrong Product,1
605016,267636,5134,2025-10-17,Damaged,1
605017,205118,5064,2024-04-19,Not as Expected,1
605018,279061,5454,2025-08-18,Size/Fit Issue,1
605019,242663,5228,2024-10-16,Size/Fit Issue,1
605020,267054,5471,2023-12-19,Size/Fit Issue,1
605021,276440,5139,2025-11-25,Wrong Product,1
605022,272111,5173,2024-03-09,Size/Fit Issue,1
605023,220183,5373,2024-07-01,Changed Mind,1
605024,247124,5435,2025-01-17,Changed Mind,1
605025,241423,5110,2025-05-31,Wrong Product,1
605026,299687,5302,2025-07-14,Damaged,1
605027,242267,5064,2024-09-19,Damaged,1
605028,247042,5432,2025-08-07,Size/Fit Issue,1
605029,254623,5102,2025-11-26,Not as Expected,1
605030,288248,5458,2023-06-03,Size/Fit Issue,1
605031,211949,5105,2023-02-11,Size/Fit Issue,1
605032,257079,5111,2024-04-30,Damaged,1
605033,278864,5115,2025-08-27,Size/Fit Issue,1
605034,290244,5070,2023-09-14,Size/Fit Issue,1
605035,222505,5290,2024-12-19,Size/Fit Issue,1
605036,200813,5054,2025-01-11,Not as Expected,1
605037,256065,5395,2025-08-07,Changed Mind,1
605038,213310,5217,2023-12-26,Size/Fit Issue,1
605039,263397,5033,2024-03-02,Not as Expected,1
605040,259650,5249,2023-04-03,Size/Fit Issue,1
605041,204872,5394,2024-12-06,Not as Expected,1
605042,257253,5444,2026-01-08,Changed Mind,1
605043,278920,5367,2023-08-02,Changed Mind,1
605044,227606,5093,2023-08-08,Wrong Product,1
605045,221310,5263,2023-11-21,Not as Expected,1
605046,279202,5047,2025-07-30,Wrong Product,1
605047,294616,5329,2025-10-18,Not as Expected,1
605048,227880,5151,2024-09-07,Changed Mind,1
605049,250507,5475,2024-03-26,Size/Fit Issue,1
605050,285628,5195,2025-06-26,Size/Fit Issue,1
605051,280296,5264,2023-08-06,Not as Expected,1
605052,250492,5244,2025-02-02,Damaged,1
605053,237772,5161,2025-07-12,Size/Fit Issue,1
605054,212133,5095,2025-04-04,Size/Fit Issue,1
605055,233855,5474,2023-09-20,Wrong Product,1
605056,278892,5339,2024-03-11,Not as Expected,1
605057,289403,5415,2023-03-28,Wrong Product,1
605058,245530,5323,2025-11-22,Damaged,1
605059,211482,5411,2023-02-27,Size/Fit Issue,1
605060,241100,5252,2025-11-30,Wrong Product,1
605061,266004,5113,2023-11-24,Size/Fit Issue,1
605062,229680,5374,2025-07-23,Changed Mind,1
605063,291526,5435,2025-03-21,Size/Fit Issue,2
605064,272513,5115,2025-04-26,Size/Fit Issue,1
605065,298774,5401,2024-03-19,Size/Fit Issue,1
605066,252147,5033,2023-07-12,Changed Mind,1
605067,258819,5464,2023-05-22,Not as Expected,1
605068,218657,5357,2023-06-06,Not as Expected,1
605069,200159,5112,2025-06-01,Wrong Product,1
605070,285899,5440,2024-07-23,Damaged,1
605071,221791,5358,2025-11-30,Wrong Product,1
605072,273035,5004,2023-11-21,Size/Fit Issue,1
605073,233657,5249,2024-08-22,Not as Expected,1
605074,246930,5153,2024-11-30,Not as Expected,1
605075,260181,5205,2024-12-13,Size/Fit Issue,1
605076,260782,5344,2025-11-27,Damaged,1
605077,221482,5379,2023-07-06,Changed Mind,1
605078,205229,5266,2024-02-26,Not as Expected,1
605079,278647,5232,2024-10-20,Size/Fit Issue,1
605080,292309,5226,2025-08-06,Changed Mind,1
605081,250491,5476,2025-12-30,Changed Mind,1
605082,215574,5345,2024-06-14,Damaged,1
605083,227039,5402,2025-08-25,Wrong Product,1
605084,282583,5127,2023-09-14,Wrong Product,1
605085,230450,5300,2025-05-12,Damaged,1
605086,258230,5238,2025-01-15,Damaged,1
605087,237361,5262,2024-07-02,Damaged,1
605088,281171,5005,2023-05-23,Not as Expected,1
605089,295351,5116,2023-09-25,Wrong Product,1
605090,238397,5121,2025-06-29,Size/Fit Issue,1
605091,266557,5057,2023-10-01,Not as Expected,1
605092,209082,5191,2025-10-11,Size/Fit Issue,1
605093,231219,5473,2024-09-05,Wrong Product,1
605094,238259,5061,2025-08-27,Not as Expected,1
605095,238814,5322,2023-02-14,Size/Fit Issue,1
605096,299344,5008,2025-04-09,Size/Fit Issue,1
605097,251372,5109,2024-01-20,Size/Fit Issue,1
605098,294449,5123,2025-10-31,Changed Mind,1
605099,232699,5348,2025-10-25,Size/Fit Issue,1
605100,251965,5123,2024-12-27,Changed Mind,1
605101,235584,5362,2025-12-26,Damaged,1
605102,292110,5439,2025-07-10,Changed Mind,1
605103,239359,5033,2025-08-18,Wrong Product,1
605104,296699,5094,2024-02-21,Size/Fit Issue,1
605105,261862,5176,2025-07-22,Changed Mind,1
605106,270180,5324,2024-09-17,Wrong Product,1
605107,288438,5189,2025-06-26,Size/Fit Issue,1
605108,220522,5436,2024-02-28,Changed Mind,1
605109,285029,5315,2025-01-03,Size/Fit Issue,1
605110,268353,5121,2025-05-03,Not as Expected,1
605111,271922,5101,2024-06-23,Damaged,1
605112,233796,5077,2024-02-22,Not as Expected,1
605113,204592,5425,2025-12-10,Changed Mind,1
605114,292557,5005,2023-12-04,Wrong Product,1
605115,258439,5178,2024-10-24,Size/Fit Issue,1
605116,271965,5148,2023-06-21,Size/Fit Issue,1
605117,252026,5033,2024-11-03,Wrong Product,1
605118,287096,5367,2023-05-21,Damaged,1
605119,263194,5442,2023-02-04,Damaged,1
605120,246766,5253,2025-12-17,Changed Mind,1
605121,212314,5269,2023-07-18,Wrong Product,1
605122,280639,5147,2024-01-18,Wrong Product,1
605123,259262,5343,2023-04-17,Size/Fit Issue,1
605124,229895,5441,2024-04-22,Wrong Product,1
605125,231585,5016,2025-11-06,Size/Fit Issue,1
605126,272567,5251,2024-02-11,Not as Expected,1
605127,238912,5099,2024-04-19,Not as Expected,1
605128,283054,5384,2025-11-16,Size/Fit Issue,1
605129,286733,5060,2023-04-07,Not as Expected,1
605130,222711,5230,2025-11-08,Not as Expected,1
605131,293981,5279,2023-12-15,Not as Expected,1
605132,227178,5088,2023-06-07,Size/Fit Issue,1
605133,294065,5011,2024-09-10,Damaged,1
605134,248907,5330,2024-07-19,Changed Mind,1
605135,257742,5263,2025-10-05,Wrong Product,1
605136,286770,5051,2023-10-13,Changed Mind,1
605137,278567,5404,2024-03-26,Size/Fit Issue,1
605138,297814,5270,2023-07-10,Changed Mind,1
605139,288316,5003,2025-05-10,Wrong Product,1
605140,299306,5358,2025-12-29,Damaged,1
605141,242671,5120,2025-06-11,Wrong Product,1
605142,284980,5321,2025-10-11,Not as Expected,1
605143,276101,5448,2023-07-10,Changed Mind,1
605144,262708,5025,2025-08-30,Size/Fit Issue,1
605145,285934,5158,2024-03-20,Damaged,1
605146,250592,5424,2025-07-26,Damaged,1
605147,200412,5269,2025-08-15,Not as Expected,1
605148,240348,5308,2025-12-01,Damaged,1
605149,217685,5340,2023-09-23,Wrong Product,1
605150,218490,5248,2025-11-01,Size/Fit Issue,1
605151,228219,5337,2024-11-09,Wrong Product,1
605152,261367,5056,2024-09-30,Damaged,1
605153,292763,5435,2023-10-29,Size/Fit Issue,1
605154,269449,5294,2025-02-24,Wrong Product,1
605155,244408,5133,2023-11-10,Wrong Product,1
605156,255821,5075,2025-12-20,Damaged,1
605157,287007,5326,2023-09-21,Not as Expected,1
605158,229221,5146,2025-12-25,Not as Expected,1
605159,259448,5287,2025-09-11,Changed Mind,1
605160,236880,5169,2025-01-23,Not as Expected,1
605161,283872,5244,2024-10-30,Wrong Product,1
605162,227571,5180,2024-08-03,Not as Expected,1
605163,283183,5318,2024-05-27,Size/Fit Issue,1
605164,254118,5065,2025-01-16,Size/Fit Issue,1
605165,237147,5355,2025-08-13,Not as Expected,1
605166,298441,5063,2023-09-14,Changed Mind,1
605167,235929,5195,2023-02-25,Wrong Product,1
605168,224922,5015,2023-12-28,Size/Fit Issue,1
605169,269500,5025,2025-08-18,Not as Expected,1
605170,266254,5413,2024-01-03,Wrong Product,1
605171,266124,5297,2025-11-11,Size/Fit Issue,1
605172,271323,5007,2023-12-19,Size/Fit Issue,1
605173,287753,5230,2024-11-16,Size/Fit Issue,1
605174,221964,5456,2025-10-03,Not as Expected,1
605175,203406,5321,2024-07-23,Not as Expected,1
605176,211049,5467,2025-07-12,Damaged,1
605177,227812,5369,2025-09-05,Wrong Product,1
605178,247454,5434,2025-01-25,Wrong Product,1
605179,232729,5101,2025-05-16,Wrong Product,1
605180,276756,5120,2023-08-06,Size/Fit Issue,1
605181,201588,5462,2025-10-08,Changed Mind,1
605182,292269,5067,2024-09-01,Wrong Product,1
605183,248441,5152,2024-04-25,Not as Expected,1
605184,204362,5290,2024-02-13,Size/Fit Issue,1
605185,294225,5420,2024-03-10,Damaged,1
605186,293043,5304,2024-05-04,Not as Expected,1
605187,274940,5370,2024-02-16,Not as Expected,1
605188,268777,5020,2024-03-09,Size/Fit Issue,1
605189,292042,5154,2023-04-07,Changed Mind,1
605190,210682,5413,2025-11-06,Wrong Product,1
605191,299318,5087,2024-11-15,Size/Fit Issue,1
605192,211653,5349,2024-12-30,Size/Fit Issue,1
605193,257709,5479,2023-03-02,Damaged,1
605194,203390,5412,2023-11-13,Size/Fit Issue,1
605195,296839,5339,2024-03-15,Size/Fit Issue,1
605196,287600,5012,2023-02-24,Wrong Product,1
605197,273921,5227,2024-05-31,Size/Fit Issue,1
605198,263977,5091,2026-01-04,Size/Fit Issue,1
605199,243775,5071,2023-02-03,Wrong Product,1
605200,262511,5324,2025-06-02,Size/Fit Issue,1
605201,269851,5181,2023-07-13,Not as Expected,1
605202,257159,5471,2024-09-09,Wrong Product,1
605203,287629,5423,2025-01-27,Damaged,1
605204,241027,5031,2023-10-31,Not as Expected,1
605205,218061,5067,2024-12-22,Not as Expected,1
605206,203235,5384,2024-04-24,Not as Expected,1
605207,260845,5054,2023-10-01,Wrong Product,1
605208,200679,5053,2025-03-07,Not as Expected,1
605209,216002,5019,2024-12-06,Not as Expected,1
605210,255901,5206,2025-04-05,Damaged,1
605211,299310,5339,2023-11-12,Size/Fit Issue,1
605212,274924,5193,2025-10-21,Size/Fit Issue,2
605213,232792,5362,2025-06-14,Size/Fit Issue,1
605214,251780,5137,2025-05-26,Changed Mind,1
605215,257760,5357,2023-06-12,Wrong Product,1
605216,224066,5129,2025-12-17,Size/Fit Issue,1
605217,262812,5294,2025-12-12,Size/Fit Issue,1
605218,261855,5463,2023-11-03,Damaged,1
605219,273791,5368,2023-06-06,Changed Mind,1
605220,224934,5318,2025-02-01,Changed Mind,1
605221,269879,5360,2023-09-03,Not as Expected,1
605222,280874,5462,2023-08-08,Size/Fit Issue,1
605223,217307,5308,2024-08-02,Not as Expected,1
605224,222752,5433,2023-11-03,Changed Mind,1
605225,222317,5478,2024-03-05,Damaged,1
605226,257843,5329,2025-10-22,Size/Fit Issue,1
605227,269230,5143,2023-02-22,Not as Expected,1
605228,209350,5009,2024-03-10,Damaged,1
605229,281529,5480,2024-04-17,Size/Fit Issue,1
605230,206712,5151,2024-07-14,Wrong Product,1
605231,211623,5435,2025-08-10,Not as Expected,1
605232,251384,5134,2025-10-07,Wrong Product,1
605233,265912,5042,2023-10-07,Wrong Product,1
605234,241764,5049,2025-07-26,Wrong Product,1
605235,274113,5111,2024-02-11,Changed Mind,1
605236,215964,5379,2023-10-31,Size/Fit Issue,1
605237,223200,5055,2024-03-13,Size/Fit Issue,1
605238,224171,5061,2025-11-11,Size/Fit Issue,1
605239,259072,5026,2023-10-24,Wrong Product,1
605240,272663,5337,2024-07-21,Wrong Product,1
605241,209181,5448,2024-07-03,Changed Mind,1
605242,207184,5075,2024-05-02,Damaged,1
605243,266726,5031,2025-10-04,Not as Expected,1
605244,269456,5136,2023-04-24,Damaged,1
605245,209833,5029,2024-10-09,Damaged,1
605246,298503,5373,2025-09-24,Damaged,1
605247,215394,5012,2025-09-09,Changed Mind,1
605248,249200,5377,2025-12-03,Size/Fit Issue,1
605249,285092,5311,2025-05-03,Not as Expected,1
605250,228018,5382,2024-11-07,Size/Fit Issue,1
605251,221128,5173,2023-09-13,Wrong Product,1
605252,296647,5082,2025-04-19,Wrong Product,1
605253,240535,5118,2024-12-31,Damaged,1
605254,242166,5413,2023-03-18,Not as Expected,1
605255,249264,5112,2023-06-05,Damaged,1
605256,214535,5321,2025-07-21,Wrong Product,1
605257,238445,5475,2025-03-30,Wrong Product,1
605258,216579,5126,2023-12-19,Changed Mind,1
605259,250816,5183,2025-01-29,Size/Fit Issue,1
605260,280673,5098,2025-07-19,Damaged,1
605261,248890,5393,2023-12-18,Size/Fit Issue,1
605262,278009,5454,2025-07-10,Changed Mind,1
605263,202127,5444,2024-02-08,Not as Expected,1
605264,217619,5152,2025-09-24,Damaged,1
605265,272934,5372,2025-05-03,Wrong Product,1
605266,276607,5006,2025-06-15,Wrong Product,1
605267,217765,5437,2024-08-26,Size/Fit Issue,1
605268,284986,5096,2023-07-28,Damaged,1
605269,250827,5144,2024-08-11,Size/Fit Issue,1
605270,255418,5189,2024-01-06,Changed Mind,1
605271,208521,5282,2025-02-22,Not as Expected,1
605272,217032,5440,2024-06-28,Size/Fit Issue,1
605273,267931,5467,2025-06-30,Not as Expected,1
605274,287537,5099,2024-08-02,Not as Expected,1
605275,230222,5330,2023-12-09,Size/Fit Issue,1
605276,269181,5296,2023-08-07,Size/Fit Issue,1
605277,260554,5426,2025-05-22,Size/Fit Issue,1
605278,216545,5317,2025-03-22,Not as Expected,1
605279,274265,5244,2024-03-02,Size/Fit Issue,1
605280,239072,5425,2024-12-04,Size/Fit Issue,1
605281,244430,5152,2023-07-05,Changed Mind,1
605282,249342,5182,2024-09-03,Wrong Product,1
605283,202491,5004,2025-09-17,Changed Mind,1
605284,274394,5451,2025-03-01,Wrong Product,1
605285,285640,5309,2025-02-03,Not as Expected,1
605286,228259,5209,2023-09-16,Not as Expected,1
605287,205475,5306,2024-08-18,Changed Mind,1
605288,201953,5095,2024-10-14,Size/Fit Issue,1
605289,279494,5266,2025-11-06,Damaged,1
605290,212448,5476,2024-03-06,Not as Expected,1
605291,297860,5166,2024-06-04,Size/Fit Issue,1
605292,290437,5263,2025-03-20,Wrong Product,1
605293,285534,5026,2025-12-19,Size/Fit Issue,1
605294,214478,5276,2023-12-24,Not as Expected,1
605295,262665,5073,2023-10-09,Size/Fit Issue,1
605296,255592,5175,2023-09-08,Size/Fit Issue,1
605297,281481,5118,2023-02-01,Damaged,1
605298,272810,5187,2023-02-10,Not as Expected,1
605299,270198,5412,2025-11-09,Not as Expected,1
605300,205431,5120,2024-12-12,Wrong Product,1
605301,226228,5247,2023-03-21,Damaged,1
605302,291999,5424,2025-12-16,Not as Expected,1
605303,209293,5336,2024-07-04,Not as Expected,1
605304,217184,5207,2025-12-06,Not as Expected,1
605305,219874,5193,2025-05-30,Size/Fit Issue,1
605306,263529,5274,2024-04-12,Not as Expected,1
605307,239656,5472,2024-02-11,Changed Mind,1
605308,256006,5138,2025-03-10,Not as Expected,1
605309,205874,5071,2024-10-29,Size/Fit Issue,1
605310,289410,5109,2025-09-07,Size/Fit Issue,1
605311,246062,5440,2025-07-14,Size/Fit Issue,1
605312,277252,5056,2023-07-30,Changed Mind,1
605313,207296,5460,2024-11-29,Size/Fit Issue,1
605314,298628,5435,2025-12-21,Wrong Product,1
605315,278144,5288,2024-11-21,Wrong Product,1
605316,245824,5362,2024-01-06,Wrong Product,1
605317,273876,5332,2024-12-28,Damaged,1
605318,209758,5371,2025-04-30,Size/Fit Issue,1
605319,220267,5036,2025-10-07,Damaged,1
605320,258414,5214,2023-12-10,Wrong Product,1
605321,273901,5039,2025-06-24,Changed Mind,1
605322,223348,5020,2024-05-11,Size/Fit Issue,1
605323,296883,5140,2023-09-17,Not as Expected,1
605324,277844,5348,2023-11-03,Not as Expected,1
605325,237815,5271,2024-09-12,Damaged,1
605326,293446,5216,2025-01-18,Changed Mind,1
605327,203861,5229,2025-09-27,Size/Fit Issue,1
605328,205525,5051,2025-04-24,Damaged,1
605329,202624,5289,2024-11-27,Not as Expected,1
605330,291089,5223,2023-06-06,Size/Fit Issue,1
605331,240328,5041,2023-06-29,Not as Expected,1
605332,279352,5144,2023-10-08,Size/Fit Issue,1
605333,294324,5090,2024-06-04,Not as Expected,1
605334,266369,5261,2024-10-25,Not as Expected,1
605335,224266,5122,2024-05-06,Size/Fit Issue,1
605336,277080,5036,2023-08-11,Size/Fit Issue,1
605337,286251,5287,2024-02-08,Size/Fit Issue,1
605338,286912,5082,2025-05-15,Damaged,1
605339,213963,5438,2025-09-10,Damaged,1
605340,299492,5103,2025-06-22,Not as Expected,1
605341,220115,5412,2025-06-21,Size/Fit Issue,1
605342,281612,5264,2025-10-27,Not as Expected,1
605343,250462,5040,2025-10-14,Changed Mind,1
605344,228483,5133,2024-01-30,Not as Expected,1
605345,202684,5385,2023-09-01,Size/Fit Issue,1
605346,242692,5201,2026-01-18,Not as Expected,1
605347,241150,5119,2025-12-28,Not as Expected,1
605348,235539,5310,2025-09-22,Damaged,1
605349,288537,5421,2025-11-20,Size/Fit Issue,1
605350,276138,5331,2024-10-12,Size/Fit Issue,1
605351,257377,5368,2025-09-19,Not as Expected,1
605352,231238,5133,2025-02-04,Size/Fit Issue,1
605353,255320,5050,2023-11-27,Damaged,1
605354,221702,5474,2025-04-14,Changed Mind,1
605355,223979,5267,2025-01-22,Damaged,1
605356,295529,5029,2024-01-01,Damaged,1
605357,262587,5028,2024-07-05,Wrong Product,1
605358,209914,5397,2024-06-07,Size/Fit Issue,1
605359,289039,5171,2025-05-02,Not as Expected,1
605360,214848,5098,2023-01-31,Wrong Product,1
605361,259581,5342,2025-02-04,Size/Fit Issue,1
605362,232754,5227,2024-11-26,Damaged,1
605363,268397,5258,2024-11-18,Size/Fit Issue,1
605364,222025,5471,2025-02-05,Size/Fit Issue,1
605365,252844,5090,2024-08-12,Not as Expected,1
605366,290902,5226,2024-12-29,Changed Mind,1
605367,295744,5370,2025-11-27,Size/Fit Issue,1
605368,252970,5401,2024-06-20,Wrong Product,1
605369,241810,5312,2025-08-14,Size/Fit Issue,1
605370,255219,5041,2025-11-25,Damaged,1
605371,205391,5475,2025-04-26,Not as Expected,1
605372,297615,5377,2024-07-06,Not as Expected,1
605373,237745,5269,2025-07-15,Damaged,1
605374,277220,5346,2023-05-01,Size/Fit Issue,1
605375,219879,5186,2026-01-16,Wrong Product,1
605376,222439,5208,2024-08-02,Damaged,1
605377,248051,5382,2025-08-11,Damaged,1
605378,222601,5467,2025-11-26,Not as Expected,1
605379,243013,5143,2025-03-31,Damaged,1
605380,286408,5007,2024-06-16,Changed Mind,1
605381,295766,5475,2023-10-31,Wrong Product,1
605382,279242,5091,2024-10-12,Size/Fit Issue,1
605383,283794,5332,2024-03-04,Size/Fit Issue,1
605384,277289,5394,2025-12-23,Size/Fit Issue,1
605385,293836,5379,2025-03-01,Not as Expected,1
605386,245125,5478,2025-10-25,Wrong Product,1
605387,241806,5360,2025-06-11,Size/Fit Issue,1
605388,267552,5131,2024-01-08,Size/Fit Issue,1
605389,261922,5402,2025-12-20,Wrong Product,1
605390,239239,5240,2025-01-10,Damaged,1
605391,281018,5457,2024-11-15,Wrong Product,1
605392,274154,5438,2026-01-10,Size/Fit Issue,1
605393,267429,5354,2025-10-06,Damaged,1
605394,250032,5464,2024-05-27,Wrong Product,1
605395,284722,5331,2024-03-05,Size/Fit Issue,1
605396,248306,5425,2025-12-17,Size/Fit Issue,1
605397,204360,5264,2025-05-22,Changed Mind,1
605398,298250,5185,2023-12-14,Not as Expected,1
605399,295540,5211,2025-09-29,Not as Expected,1
605400,290501,5037,2023-07-14,Changed Mind,1
605401,294660,5196,2025-12-24,Not as Expected,1
605402,232706,5055,2025-04-09,Wrong Product,1
605403,254932,5072,2024-05-14,Damaged,1
605404,220816,5438,2025-12-14,Wrong Product,1
605405,204882,5181,2023-11-10,Changed Mind,1
605406,201567,5216,2025-04-28,Not as Expected,1
605407,268787,5353,2024-12-14,Wrong Product,1
605408,224662,5087,2025-06-19,Size/Fit Issue,1
605409,212320,5142,2025-05-26,Not as Expected,1
605410,252700,5465,2024-04-29,Wrong Product,1
605411,203993,5294,2023-02-04,Size/Fit Issue,1
605412,275094,5097,2025-07-01,Not as Expected,1
605413,260982,5430,2024-04-13,Size/Fit Issue,1
605414,250905,5137,2025-09-12,Not as Expected,1
605415,279233,5072,2024-10-31,Not as Expected,1
605416,202467,5217,2023-09-16,Not as Expected,1
605417,258495,5223,2024-10-31,Size/Fit Issue,1
605418,206631,5390,2026-01-26,Changed Mind,1
605419,213969,5318,2023-11-24,Size/Fit Issue,1
605420,287327,5373,2025-03-11,Size/Fit Issue,1
605421,261334,5012,2023-08-12,Damaged,1
605422,298794,5344,2025-06-14,Damaged,1
605423,289779,5088,2025-09-28,Damaged,1
605424,246816,5323,2024-12-29,Changed Mind,1
605425,296148,5123,2025-04-26,Wrong Product,1
605426,231844,5260,2023-06-09,Wrong Product,1
605427,263505,5446,2024-04-07,Damaged,1
605428,232461,5185,2023-05-27,Damaged,1
605429,267571,5352,2025-04-16,Not as Expected,1
605430,211095,5460,2025-08-29,Not as Expected,1
605431,287322,5430,2023-10-10,Not as Expected,1
605432,284325,5401,2023-11-03,Size/Fit Issue,1
605433,246463,5001,2024-03-06,Damaged,1
605434,232422,5438,2023-04-09,Changed Mind,1
605435,293578,5005,2025-11-26,Wrong Product,1
605436,297700,5109,2025-11-03,Not as Expected,1
605437,248659,5186,2024-05-06,Damaged,1
605438,205063,5113,2023-09-03,Size/Fit Issue,1
605439,251817,5289,2023-08-02,Not as Expected,1
605440,221267,5086,2025-09-09,Not as Expected,1
605441,265615,5286,2025-05-11,Size/Fit Issue,1
605442,286620,5216,2025-05-06,Wrong Product,1
605443,280469,5429,2024-01-07,Damaged,1
605444,229240,5246,2023-02-20,Wrong Product,1
605445,284486,5378,2023-01-27,Size/Fit Issue,1
605446,254973,5392,2025-08-03,Not as Expected,1
605447,244953,5243,2023-10-23,Damaged,1
605448,266915,5049,2023-11-11,Wrong Product,1
605449,271204,5272,2024-04-12,Damaged,1
605450,222258,5206,2024-06-15,Wrong Product,1
605451,209154,5241,2023-12-07,Not as Expected,1
605452,278435,5345,2025-06-26,Size/Fit Issue,1
605453,259254,5015,2025-05-20,Not as Expected,1
605454,299156,5431,2023-05-23,Changed Mind,1
605455,280415,5395,2024-06-09,Wrong Product,1
605456,260033,5012,2023-05-06,Changed Mind,1
605457,283721,5078,2024-12-29,Changed Mind,1
605458,278706,5162,2024-11-01,Wrong Product,1
605459,225076,5124,2024-12-12,Size/Fit Issue,1
605460,296190,5429,2024-12-08,Size/Fit Issue,1
605461,211437,5330,2024-06-17,Damaged,1
605462,274271,5393,2023-03-19,Wrong Product,1
605463,279790,5392,2025-12-31,Not as Expected,1
605464,293201,5095,2025-02-02,Not as Expected,1
605465,291592,5158,2024-11-20,Wrong Product,1
605466,220097,5238,2025-02-28,Size/Fit Issue,1
605467,243914,5358,2025-10-05,Wrong Product,1
605468,270872,5196,2025-09-05,Damaged,1
605469,208011,5048,2025-10-13,Size/Fit Issue,1
605470,252897,5226,2024-12-16,Damaged,1
605471,297303,5273,2024-10-13,Size/Fit Issue,1
605472,275265,5143,2023-10-25,Not as Expected,1
605473,245098,5355,2023-06-23,Wrong Product,1
605474,228707,5393,2024-06-28,Changed Mind,1
605475,260326,5112,2025-07-12,Wrong Product,1
605476,278725,5071,2025-06-01,Changed Mind,1
605477,286715,5057,2024-07-01,Size/Fit Issue,1
605478,262274,5128,2023-12-09,Wrong Product,1
605479,261871,5137,2024-12-30,Size/Fit Issue,1
605480,246203,5465,2024-12-11,Damaged,1
605481,275279,5389,2024-02-25,Wrong Product,1
605482,282314,5458,2025-07-16,Size/Fit Issue,1
605483,246483,5401,2024-07-27,Size/Fit Issue,1
605484,299190,5360,2023-03-16,Size/Fit Issue,1
605485,288486,5159,2023-04-12,Size/Fit Issue,1
605486,270466,5252,2025-04-24,Changed Mind,1
605487,240458,5366,2024-04-19,Wrong Product,1
605488,207843,5280,2025-01-24,Not as Expected,1
605489,280676,5067,2025-06-19,Damaged,1
605490,282850,5289,2025-05-14,Size/Fit Issue,1
605491,284844,5004,2025-10-28,Changed Mind,1
605492,256254,5163,2023-09-22,Not as Expected,1
605493,248311,5268,2025-09-19,Size/Fit Issue,1
605494,293028,5146,2024-02-02,Damaged,1
605495,251149,5128,2023-03-27,Changed Mind,1
605496,239399,5117,2026-01-23,Not as Expected,1
605497,238780,5308,2025-11-18,Damaged,1
605498,224630,5038,2024-07-13,Not as Expected,1
605499,229178,5443,2024-11-14,Wrong Product,1
605500,211709,5431,2023-09-29,Changed Mind,1
605501,254836,5373,2023-07-18,Wrong Product,1
605502,242272,5033,2025-12-18,Changed Mind,1
605503,204585,5235,2025-05-12,Size/Fit Issue,1
605504,287269,5080,2024-11-21,Changed Mind,1
605505,290893,5092,2024-08-23,Changed Mind,1
605506,275329,5257,2023-09-03,Size/Fit Issue,1
605507,282031,5455,2024-10-09,Damaged,1
605508,297838,5460,2025-07-23,Damaged,1
605509,220707,5411,2024-04-17,Not as Expected,1
605510,220439,5249,2023-06-13,Not as Expected,1
605511,256760,5466,2023-05-28,Damaged,1
605512,296075,5369,2023-11-01,Wrong Product,1
605513,294700,5336,2025-07-14,Size/Fit Issue,1
605514,281226,5007,2024-10-26,Wrong Product,1
605515,294835,5297,2023-04-14,Wrong Product,1
605516,251426,5104,2025-07-24,Size/Fit Issue,1
605517,200753,5090,2025-04-19,Not as Expected,1
605518,275496,5010,2023-12-16,Wrong Product,1
605519,295031,5326,2024-09-05,Wrong Product,1
605520,214597,5335,2024-01-28,Damaged,1
605521,246139,5332,2025-05-16,Not as Expected,1
605522,229931,5452,2025-04-16,Size/Fit Issue,2
605523,254944,5437,2024-07-03,Damaged,1
605524,210424,5155,2025-10-05,Damaged,1
605525,201526,5020,2024-02-25,Size/Fit Issue,1
605526,281192,5066,2025-11-19,Damaged,1
605527,294079,5046,2025-02-12,Not as Expected,1
605528,235561,5427,2025-11-10,Wrong Product,1
605529,219416,5323,2026-01-07,Changed Mind,1
605530,235425,5374,2024-07-22,Damaged,1
605531,205256,5170,2025-04-13,Wrong Product,1
605532,201661,5011,2024-12-09,Changed Mind,1
605533,268044,5281,2024-09-02,Size/Fit Issue,1
605534,206881,5266,2025-06-08,Changed Mind,1
605535,272048,5253,2025-08-15,Damaged,1
605536,227714,5204,2025-05-26,Size/Fit Issue,1
605537,243713,5353,2023-12-20,Size/Fit Issue,1
605538,242899,5150,2025-05-19,Changed Mind,1
605539,273473,5281,2024-02-07,Damaged,1
605540,270692,5315,2023-04-17,Changed Mind,1
605541,276676,5119,2024-10-10,Wrong Product,1
605542,288674,5411,2024-12-18,Not as Expected,1
605543,296990,5060,2025-11-14,Not as Expected,1
605544,245968,5213,2025-12-31,Damaged,1
605545,242808,5091,2024-03-01,Size/Fit Issue,1
605546,211124,5114,2023-12-25,Wrong Product,1
605547,275777,5075,2025-08-27,Damaged,1
605548,240296,5138,2024-09-12,Damaged,1
605549,295477,5161,2024-11-27,Wrong Product,2
605550,288578,5382,2023-11-24,Changed Mind,1
605551,212433,5087,2025-08-11,Damaged,1
605552,234827,5283,2025-05-09,Changed Mind,1
605553,259121,5188,2024-03-17,Size/Fit Issue,1
605554,260509,5315,2025-10-06,Changed Mind,1
605555,243694,5153,2024-03-19,Size/Fit Issue,1
605556,222176,5334,2024-04-30,Not as Expected,1
605557,215636,5415,2025-03-19,Not as Expected,1
605558,227019,5243,2025-01-06,Not as Expected,1
605559,275914,5422,2024-06-05,Size/Fit Issue,1
605560,277386,5017,2024-12-17,Wrong Product,1
605561,290071,5116,2024-03-07,Not as Expected,1
605562,238465,5156,2023-06-20,Size/Fit Issue,1
605563,289080,5231,2025-08-14,Not as Expected,1
605564,213421,5134,2025-01-21,Not as Expected,1
605565,203953,5285,2025-12-14,Damaged,1
605566,296788,5122,2024-12-21,Changed Mind,1
605567,223550,5447,2025-07-20,Size/Fit Issue,1
605568,295220,5167,2025-06-17,Changed Mind,1
605569,294658,5211,2025-11-11,Wrong Product,1
605570,258901,5405,2024-10-29,Size/Fit Issue,1
605571,213399,5194,2025-04-07,Changed Mind,1
605572,229523,5409,2024-12-27,Damaged,1
605573,293893,5259,2024-04-21,Not as Expected,1
605574,212441,5264,2025-07-14,Not as Expected,1
605575,267121,5401,2025-07-17,Size/Fit Issue,1
605576,218990,5146,2025-08-03,Size/Fit Issue,1
605577,253064,5302,2024-06-08,Changed Mind,1
605578,288144,5246,2024-06-23,Not as Expected,1
605579,277333,5235,2024-02-10,Wrong Product,1
605580,262601,5347,2025-07-22,Size/Fit Issue,1
605581,245378,5450,2024-07-04,Damaged,1
605582,219256,5295,2025-05-19,Wrong Product,1
605583,220327,5236,2023-03-27,Not as Expected,1
605584,254674,5433,2025-11-12,Not as Expected,1
605585,262904,5461,2024-02-11,Size/Fit Issue,1
605586,251277,5029,2025-08-18,Not as Expected,1
605587,208475,5227,2024-10-31,Changed Mind,1
605588,250346,5123,2025-12-11,Wrong Product,1
605589,286349,5011,2025-07-19,Wrong Product,1
605590,217943,5233,2024-03-20,Size/Fit Issue,1
605591,219014,5065,2025-08-02,Size/Fit Issue,1
605592,231643,5236,2024-11-23,Size/Fit Issue,1
605593,257923,5370,2024-08-18,Not as Expected,1
605594,251950,5277,2024-09-12,Not as Expected,1
605595,275636,5348,2023-02-18,Not as Expected,1
605596,216815,5240,2023-12-28,Size/Fit Issue,1
605597,250841,5130,2025-12-13,Changed Mind,1
605598,271154,5126,2024-06-26,Wrong Product,1
605599,252878,5122,2023-09-26,Wrong Product,1
605600,288645,5078,2023-08-05,Wrong Product,1
605601,213125,5268,2025-05-07,Wrong Product,1
605602,239154,5263,2025-10-09,Size/Fit Issue,1
605603,209748,5254,2024-05-17,Changed Mind,1
605604,283867,5036,2024-07-20,Wrong Product,1
605605,216280,5078,2024-08-27,Damaged,1
605606,285420,5335,2024-12-25,Not as Expected,1
605607,228425,5014,2024-01-11,Size/Fit Issue,1
605608,298573,5094,2024-03-30,Damaged,1
605609,229445,5321,2024-02-09,Wrong Product,1
605610,245139,5098,2023-07-21,Damaged,1
605611,234493,5152,2025-09-25,Damaged,1
605612,203413,5194,2025-12-05,Damaged,1
605613,269518,5113,2024-03-03,Not as Expected,1
605614,250855,5367,2024-12-26,Changed Mind,1
605615,207123,5140,2025-06-21,Damaged,1
605616,246990,5035,2025-08-01,Changed Mind,1
605617,257186,5267,2024-05-20,Size/Fit Issue,1
605618,230523,5407,2025-08-21,Size/Fit Issue,1
605619,237713,5361,2024-03-13,Not as Expected,1
605620,256667,5050,2026-01-12,Damaged,1
605621,223361,5076,2025-12-18,Changed Mind,1
605622,275414,5175,2025-09-25,Changed Mind,1
605623,207206,5051,2023-05-14,Size/Fit Issue,1
605624,228706,5277,2024-05-07,Not as Expected,1
605625,266225,5185,2025-03-31,Changed Mind,1
605626,200154,5409,2025-03-01,Size/Fit Issue,1
605627,258711,5359,2025-09-29,Not as Expected,1
605628,234443,5167,2025-03-26,Wrong Product,1
605629,206208,5262,2025-02-08,Damaged,1
605630,286304,5375,2025-06-08,Damaged,1
605631,246806,5374,2025-11-17,Changed Mind,1
605632,289965,5264,2025-10-29,Damaged,1
605633,296168,5281,2025-10-09,Damaged,1
605634,210805,5006,2024-01-27,Wrong Product,1
605635,227652,5171,2025-07-04,Not as Expected,1
605636,278158,5055,2025-02-14,Damaged,1
605637,268645,5232,2025-10-13,Not as Expected,1
605638,246205,5037,2025-12-31,Not as Expected,1
605639,250834,5130,2023-06-07,Damaged,1
605640,278541,5351,2024-09-08,Wrong Product,1
605641,207542,5134,2024-03-03,Not as Expected,1
605642,259171,5292,2024-11-23,Wrong Product,1
605643,266584,5158,2025-05-13,Damaged,1
605644,249804,5419,2024-03-21,Size/Fit Issue,1
605645,236141,5385,2024-08-03,Size/Fit Issue,1
605646,209676,5218,2024-06-14,Changed Mind,1
605647,253407,5314,2024-10-09,Wrong Product,1
605648,218137,5295,2023-10-23,Size/Fit Issue,1
605649,235501,5023,2023-01-19,Damaged,1
605650,258352,5130,2025-05-16,Size/Fit Issue,1
605651,276197,5269,2024-08-09,Damaged,1
605652,254685,5257,2024-11-05,Damaged,1
605653,214077,5086,2023-04-15,Changed Mind,1
605654,277088,5023,2025-07-25,Damaged,1
605655,285369,5262,2026-01-11,Damaged,1
605656,254741,5009,2023-08-16,Size/Fit Issue,1
605657,263669,5325,2024-03-29,Wrong Product,1
605658,247033,5323,2024-12-16,Size/Fit Issue,1
605659,276583,5456,2023-10-19,Damaged,1
605660,210398,5350,2025-07-19,Size/Fit Issue,1
605661,298660,5244,2024-09-16,Not as Expected,1
605662,276202,5329,2024-05-07,Not as Expected,1
605663,216952,5360,2025-03-07,Damaged,1
605664,291773,5422,2025-08-29,Size/Fit Issue,1
605665,206241,5394,2024-03-09,Wrong Product,1
605666,227819,5473,2023-07-24,Wrong Product,1
605667,297836,5236,2025-08-09,Damaged,1
605668,228970,5375,2023-07-07,Wrong Product,1
605669,270870,5150,2025-12-16,Wrong Product,1
605670,246720,5455,2025-05-14,Damaged,1
605671,206623,5176,2025-04-25,Size/Fit Issue,1
605672,285849,5470,2024-07-20,Not as Expected,1
605673,227980,5330,2025-08-08,Not as Expected,1
605674,223944,5325,2023-03-11,Damaged,1
605675,249557,5274,2023-04-09,Wrong Product,1
605676,233419,5171,2025-11-06,Damaged,1
605677,295061,5167,2024-04-06,Wrong Product,1
605678,217965,5356,2024-06-10,Not as Expected,1
605679,277509,5377,2024-04-29,Changed Mind,1
605680,221894,5308,2024-06-10,Wrong Product,1
605681,206071,5402,2025-11-17,Wrong Product,1
605682,289952,5242,2024-10-13,Size/Fit Issue,1
605683,227170,5476,2023-03-23,Damaged,1
605684,281743,5281,2024-09-17,Damaged,1
605685,211406,5337,2023-03-27,Damaged,1
605686,297612,5331,2024-11-11,Not as Expected,1
605687,267222,5295,2023-04-03,Damaged,1
605688,224442,5302,2025-02-18,Damaged,1
605689,202444,5100,2025-10-12,Not as Expected,1
605690,239550,5111,2024-01-29,Damaged,1
605691,212870,5224,2025-03-06,Changed Mind,1
605692,286200,5128,2023-07-31,Wrong Product,1
605693,289103,5371,2024-02-21,Wrong Product,1
605694,236139,5296,2023-09-16,Not as Expected,1
605695,272960,5028,2025-11-07,Not as Expected,1
605696,232063,5464,2025-06-20,Damaged,1
605697,258069,5228,2025-08-25,Not as Expected,1
605698,252127,5409,2024-06-02,Wrong Product,1
605699,239220,5042,2023-12-24,Not as Expected,1
605700,299918,5245,2024-01-26,Size/Fit Issue,1
605701,289311,5085,2025-12-08,Size/Fit Issue,1
605702,272376,5405,2025-08-08,Not as Expected,1
605703,256351,5055,2024-11-28,Wrong Product,1
605704,204983,5412,2025-11-22,Not as Expected,1
605705,255434,5325,2024-11-12,Changed Mind,1
605706,280935,5367,2023-06-16,Wrong Product,1
605707,215558,5295,2024-01-19,Changed Mind,1
605708,275772,5028,2023-08-21,Wrong Product,1
605709,262083,5397,2024-07-04,Not as Expected,1
605710,280464,5442,2025-12-03,Wrong Product,1
605711,298531,5358,2023-03-31,Size/Fit Issue,1
605712,227989,5064,2025-09-02,Damaged,1
605713,245887,5017,2024-03-15,Not as Expected,1
605714,210511,5403,2025-11-11,Size/Fit Issue,1
605715,276172,5176,2025-02-03,Size/Fit Issue,1
605716,255622,5173,2024-11-14,Not as Expected,1
605717,225003,5229,2023-09-19,Not as Expected,1
605718,261100,5393,2025-04-09,Not as Expected,1
605719,211374,5292,2024-09-13,Size/Fit Issue,1
605720,273969,5477,2025-08-16,Damaged,1
605721,223316,5404,2025-04-09,Changed Mind,1
605722,250317,5116,2024-05-26,Changed Mind,1
605723,265673,5428,2025-10-17,Damaged,1
605724,246461,5071,2024-05-20,Not as Expected,1
605725,231837,5045,2025-07-30,Damaged,1
605726,208401,5477,2024-09-10,Size/Fit Issue,1
605727,256968,5094,2024-12-24,Not as Expected,1
605728,228897,5204,2023-03-23,Damaged,1
605729,224462,5226,2023-06-05,Not as Expected,1
605730,226728,5214,2025-04-08,Wrong Product,1
605731,286451,5471,2023-04-16,Not as Expected,1
605732,234398,5171,2023-09-23,Not as Expected,1
605733,205684,5180,2025-04-14,Changed Mind,1
605734,252891,5135,2023-05-04,Not as Expected,1
605735,227309,5349,2023-06-02,Changed Mind,1
605736,233172,5269,2023-12-13,Size/Fit Issue,1
605737,205521,5130,2023-03-04,Size/Fit Issue,1
605738,247476,5174,2024-03-18,Wrong Product,1
605739,270295,5114,2025-11-08,Size/Fit Issue,1
605740,292225,5348,2025-05-29,Not as Expected,1
605741,276590,5061,2025-05-01,Damaged,1
605742,206600,5173,2025-06-19,Damaged,1
605743,286610,5141,2023-09-22,Wrong Product,1
605744,260054,5060,2023-11-21,Changed Mind,1
605745,209824,5376,2024-10-24,Damaged,1
605746,212287,5008,2024-08-22,Wrong Product,1
605747,283434,5445,2025-11-01,Changed Mind,1
605748,297245,5329,2025-06-15,Wrong Product,1
605749,262963,5236,2024-01-22,Damaged,1
605750,238805,5148,2024-02-21,Wrong Product,1
605751,217616,5422,2023-07-26,Size/Fit Issue,1
605752,229058,5103,2025-11-01,Size/Fit Issue,1
605753,214943,5401,2025-06-22,Not as Expected,1
605754,219003,5152,2025-08-21,Damaged,1
605755,266631,5037,2023-07-09,Size/Fit Issue,1
605756,207600,5002,2024-01-27,Wrong Product,1
605757,242415,5229,2024-09-01,Changed Mind,1
605758,277724,5222,2023-06-11,Wrong Product,1
605759,252157,5445,2023-05-14,Damaged,1
605760,270130,5133,2023-04-04,Size/Fit Issue,1
605761,255634,5086,2024-12-23,Changed Mind,1
605762,281753,5280,2024-08-08,Size/Fit Issue,1
605763,236412,5469,2023-04-19,Damaged,1
605764,226162,5271,2025-01-14,Size/Fit Issue,1
605765,233907,5396,2024-12-07,Changed Mind,1
605766,273509,5106,2025-09-27,Size/Fit Issue,1
605767,221129,5047,2023-10-09,Not as Expected,1
605768,255854,5470,2024-01-11,Size/Fit Issue,1
605769,205292,5012,2023-01-17,Not as Expected,1
605770,209791,5333,2023-02-23,Changed Mind,1
605771,240864,5295,2023-06-07,Damaged,1
605772,299685,5041,2025-07-27,Size/Fit Issue,1
605773,217089,5343,2025-08-18,Size/Fit Issue,1
605774,269806,5298,2024-04-28,Wrong Product,1
605775,282599,5414,2023-11-18,Damaged,1
605776,230929,5169,2025-01-14,Not as Expected,1
605777,275505,5022,2024-01-28,Size/Fit Issue,1
605778,239397,5316,2024-01-28,Not as Expected,1
605779,281057,5256,2025-01-29,Wrong Product,1
605780,291357,5246,2023-07-29,Not as Expected,1
605781,203529,5262,2025-11-16,Size/Fit Issue,1
605782,241989,5301,2025-06-28,Not as Expected,1
605783,285483,5057,2023-10-21,Size/Fit Issue,1
605784,234872,5439,2025-12-11,Size/Fit Issue,1
605785,259223,5172,2024-07-28,Not as Expected,1
605786,290125,5453,2025-12-20,Wrong Product,1
605787,209277,5162,2024-09-02,Damaged,1
605788,215580,5359,2024-07-08,Not as Expected,1
605789,217755,5280,2023-06-22,Size/Fit Issue,1
605790,214872,5227,2025-03-08,Not as Expected,1
605791,231470,5478,2024-11-08,Changed Mind,1
605792,261655,5040,2025-12-29,Size/Fit Issue,1
605793,277655,5353,2023-04-27,Size/Fit Issue,1
605794,239805,5190,2026-01-11,Changed Mind,1
605795,208477,5261,2025-12-27,Wrong Product,1
605796,276395,5090,2023-12-26,Not as Expected,1
605797,246606,5315,2023-09-03,Changed Mind,1
605798,259456,5122,2024-04-11,Wrong Product,1
605799,243097,5210,2024-07-24,Not as Expected,1
605800,200112,5138,2024-06-01,Size/Fit Issue,1
605801,291025,5246,2024-11-06,Size/Fit Issue,1
605802,217407,5025,2024-02-07,Damaged,1
605803,273213,5003,2025-03-05,Size/Fit Issue,1
605804,286155,5073,2025-11-02,Size/Fit Issue,1
605805,202998,5105,2024-11-19,Damaged,1
605806,206845,5349,2025-08-24,Damaged,1
605807,296704,5186,2024-06-22,Changed Mind,1
605808,286322,5206,2024-04-12,Damaged,1
605809,217985,5462,2023-07-23,Wrong Product,1
605810,273849,5263,2024-08-08,Changed Mind,1
605811,206264,5373,2026-01-03,Not as Expected,1
605812,294510,5355,2025-10-11,Not as Expected,1
605813,273925,5307,2025-03-21,Changed Mind,1
605814,263763,5284,2024-09-06,Size/Fit Issue,1
605815,263635,5233,2025-07-24,Damaged,1
605816,228544,5121,2024-12-23,Changed Mind,1
605817,264781,5443,2025-06-29,Size/Fit Issue,1
605818,248588,5013,2024-12-22,Wrong Product,1
605819,248241,5421,2025-06-14,Size/Fit Issue,2
605820,273076,5413,2024-09-20,Size/Fit Issue,1
605821,239169,5221,2025-06-01,Damaged,1
605822,238503,5068,2025-07-01,Wrong Product,1
605823,288293,5138,2025-12-16,Damaged,1
605824,244885,5230,2023-05-30,Not as Expected,1
605825,277172,5378,2023-12-16,Size/Fit Issue,1
605826,204400,5003,2024-06-27,Wrong Product,1
605827,256486,5063,2025-10-01,Not as Expected,1
605828,295112,5084,2025-06-17,Changed Mind,1
605829,234111,5264,2024-02-13,Size/Fit Issue,1
605830,277063,5255,2025-07-23,Size/Fit Issue,1
605831,289992,5443,2023-08-01,Wrong Product,1
605832,207196,5194,2024-11-22,Wrong Product,1
605833,290144,5271,2025-04-21,Damaged,1
605834,220079,5267,2025-04-28,Damaged,1
605835,290385,5358,2025-04-16,Wrong Product,1
605836,220630,5244,2023-04-25,Wrong Product,1
605837,270252,5105,2024-09-20,Not as Expected,1
605838,297894,5171,2025-08-28,Damaged,1
605839,275441,5410,2025-12-31,Not as Expected,1
605840,229564,5183,2023-04-12,Size/Fit Issue,1
605841,216793,5375,2023-04-07,Damaged,1
605842,285764,5140,2024-03-12,Wrong Product,1
605843,209866,5192,2023-08-12,Size/Fit Issue,1
605844,269954,5255,2023-05-21,Size/Fit Issue,1
605845,219099,5063,2024-03-15,Not as Expected,1
605846,277219,5444,2023-11-26,Wrong Product,1
605847,283153,5233,2025-08-03,Wrong Product,1
605848,251444,5463,2023-06-11,Not as Expected,1
605849,278458,5245,2024-06-28,Not as Expected,1
605850,274301,5011,2024-08-31,Damaged,1
605851,230016,5186,2024-09-04,Damaged,1
605852,287194,5194,2024-11-26,Damaged,1
605853,284935,5339,2024-03-03,Size/Fit Issue,1
605854,242757,5110,2023-03-08,Wrong Product,1
605855,275762,5042,2023-05-12,Wrong Product,1
605856,265652,5114,2025-07-25,Size/Fit Issue,1
605857,295128,5440,2024-10-13,Not as Expected,1
605858,245288,5026,2024-11-27,Changed Mind,1
605859,213653,5327,2024-09-16,Size/Fit Issue,1
605860,230617,5278,2023-02-11,Changed Mind,1
605861,277795,5123,2024-01-01,Not as Expected,1
605862,279023,5472,2024-11-06,Changed Mind,1
605863,247699,5030,2024-09-13,Size/Fit Issue,1
605864,284788,5025,2024-09-01,Size/Fit Issue,1
605865,289935,5221,2023-07-31,Size/Fit Issue,1
605866,270968,5394,2023-12-19,Not as Expected,1
605867,290303,5410,2024-12-28,Not as Expected,1
605868,259777,5431,2026-01-18,Size/Fit Issue,1
605869,299155,5249,2023-12-13,Not as Expected,1
605870,289971,5142,2025-09-20,Wrong Product,1
605871,279968,5431,2024-01-10,Wrong Product,1
605872,270673,5287,2024-04-03,Not as Expected,1
605873,279558,5390,2025-06-17,Not as Expected,1
605874,202490,5239,2025-10-14,Damaged,1
605875,209231,5084,2023-04-19,Changed Mind,1
605876,273636,5225,2025-06-05,Wrong Product,1
605877,243975,5389,2024-04-21,Wrong Product,1
605878,243222,5382,2025-12-02,Damaged,1
605879,272081,5384,2025-05-08,Not as Expected,1
605880,247679,5380,2023-10-25,Changed Mind,1
605881,242053,5116,2026-01-07,Not as Expected,1
605882,259967,5380,2024-08-11,Changed Mind,1
605883,254169,5109,2025-09-13,Size/Fit Issue,1
605884,226073,5126,2025-01-16,Wrong Product,1
605885,296751,5281,2025-05-04,Wrong Product,2
605886,200882,5392,2023-10-06,Not as Expected,1
605887,241621,5151,2025-02-23,Not as Expected,1
605888,234674,5060,2025-01-30,Wrong Product,1
605889,248049,5144,2023-06-04,Not as Expected,1
605890,229093,5479,2025-06-26,Changed Mind,1
605891,214517,5051,2024-03-14,Size/Fit Issue,1
605892,234410,5073,2024-10-14,Damaged,1
605893,273434,5099,2024-06-02,Changed Mind,1
605894,213455,5255,2025-05-14,Wrong Product,1
605895,259693,5434,2026-01-05,Size/Fit Issue,1
605896,230387,5328,2025-10-26,Size/Fit Issue,1
605897,207821,5080,2025-01-21,Changed Mind,1
605898,232286,5002,2025-04-11,Wrong Product,1
605899,268714,5016,2023-09-14,Changed Mind,1
605900,219550,5317,2025-06-21,Size/Fit Issue,1
605901,279441,5118,2025-12-20,Size/Fit Issue,1
605902,209767,5168,2025-01-13,Not as Expected,1
605903,295086,5327,2023-12-26,Size/Fit Issue,1
605904,297016,5243,2025-05-27,Not as Expected,1
605905,249452,5254,2025-07-19,Not as Expected,1
605906,267148,5183,2025-09-09,Size/Fit Issue,1
605907,290556,5465,2024-11-08,Wrong Product,1
605908,206294,5464,2025-04-16,Not as Expected,1
605909,286637,5474,2023-04-16,Damaged,1
605910,288607,5447,2025-12-26,Wrong Product,1
605911,262388,5199,2025-07-09,Damaged,1
605912,255646,5398,2024-07-29,Size/Fit Issue,1
605913,295120,5108,2025-12-31,Damaged,1
605914,210523,5089,2024-06-03,Not as Expected,1
605915,276830,5014,2024-09-01,Size/Fit Issue,1
605916,245347,5161,2025-07-19,Damaged,1
605917,238228,5221,2023-04-07,Size/Fit Issue,1
605918,253211,5326,2024-12-28,Changed Mind,1
605919,228008,5422,2025-08-11,Wrong Product,1
605920,249023,5002,2025-01-15,Damaged,1
605921,289082,5110,2023-02-16,Size/Fit Issue,1
605922,207128,5133,2025-04-19,Damaged,1
605923,274030,5298,2024-11-07,Size/Fit Issue,1
605924,270919,5094,2025-05-14,Not as Expected,1
605925,290049,5278,2025-02-04,Not as Expected,1
605926,220405,5029,2024-10-29,Size/Fit Issue,1
605927,238147,5307,2025-01-11,Not as Expected,1
605928,216301,5252,2024-07-03,Damaged,1
605929,286122,5096,2025-09-14,Damaged,1
605930,223149,5188,2026-01-07,Not as Expected,1
605931,297767,5024,2024-06-09,Wrong Product,1
605932,297761,5334,2023-12-08,Damaged,1
605933,205281,5052,2024-02-18,Changed Mind,1
605934,211210,5177,2025-04-26,Damaged,1
605935,267533,5412,2024-09-23,Not as Expected,1
605936,239476,5312,2024-04-16,Size/Fit Issue,1
605937,290866,5185,2024-03-26,Size/Fit Issue,1
605938,242140,5363,2025-12-29,Size/Fit Issue,1
605939,264516,5175,2025-12-05,Not as Expected,2
605940,228490,5377,2024-09-13,Wrong Product,1
605941,273229,5145,2023-11-20,Size/Fit Issue,1
605942,248447,5472,2024-07-29,Size/Fit Issue,1
605943,249142,5004,2025-09-24,Damaged,1
605944,265992,5401,2025-12-11,Size/Fit Issue,1
605945,203443,5336,2024-07-23,Wrong Product,1
605946,237544,5140,2024-04-27,Size/Fit Issue,1
605947,226328,5119,2024-04-11,Size/Fit Issue,1
605948,226323,5310,2025-08-29,Size/Fit Issue,1
605949,255152,5456,2024-02-22,Not as Expected,1
605950,241740,5080,2025-03-27,Damaged,1
605951,211956,5127,2024-02-22,Size/Fit Issue,1
605952,237953,5362,2025-01-17,Damaged,1
605953,231314,5315,2025-11-14,Damaged,1
605954,242088,5039,2024-09-14,Size/Fit Issue,1
605955,247651,5293,2024-05-01,Size/Fit Issue,1
605956,227213,5257,2025-07-16,Damaged,1
605957,242014,5181,2025-05-12,Size/Fit Issue,1
605958,230104,5398,2024-12-12,Size/Fit Issue,1
605959,260874,5174,2023-08-03,Damaged,1
605960,245578,5025,2023-08-25,Not as Expected,1
605961,263470,5455,2024-12-28,Not as Expected,1
605962,208726,5275,2024-10-22,Damaged,1
605963,293246,5111,2025-03-17,Damaged,1
605964,277141,5167,2025-06-18,Size/Fit Issue,1
605965,208319,5171,2025-01-06,Size/Fit Issue,1
605966,275263,5172,2025-05-14,Damaged,1
605967,266632,5209,2024-12-13,Damaged,1
605968,226978,5368,2023-12-13,Not as Expected,1
605969,260193,5287,2025-07-22,Damaged,1
605970,235277,5173,2025-09-01,Not as Expected,1
605971,282150,5003,2025-03-13,Wrong Product,1
605972,216865,5208,2024-02-01,Damaged,1
605973,265068,5225,2025-05-03,Size/Fit Issue,1
605974,257992,5145,2025-12-15,Not as Expected,1
605975,215918,5170,2025-07-06,Wrong Product,1
605976,290047,5239,2025-12-10,Damaged,1
605977,278174,5397,2023-09-29,Size/Fit Issue,1
605978,272981,5061,2023-03-27,Size/Fit Issue,1
605979,233083,5048,2024-03-08,Damaged,1
605980,235301,5368,2024-11-08,Size/Fit Issue,1
605981,293880,5420,2025-10-16,Size/Fit Issue,1
605982,254954,5295,2024-01-16,Size/Fit Issue,1
605983,202264,5221,2023-02-03,Changed Mind,1
605984,295454,5434,2025-01-06,Changed Mind,1
605985,275146,5199,2025-10-22,Wrong Product,1
605986,274558,5174,2024-10-22,Wrong Product,1
605987,293165,5125,2025-09-14,Not as Expected,1
605988,212457,5012,2024-07-10,Size/Fit Issue,1
605989,204449,5260,2023-07-23,Not as Expected,1
605990,292757,5113,2024-07-24,Changed Mind,1
605991,247138,5404,2023-08-31,Changed Mind,1
605992,248514,5260,2025-09-30,Size/Fit Issue,1
605993,256313,5210,2023-11-29,Size/Fit Issue,1
605994,296083,5136,2025-08-01,Not as Expected,1
605995,225505,5436,2025-08-06,Size/Fit Issue,1
605996,258936,5200,2024-07-25,Damaged,1
605997,278470,5461,2025-10-31,Wrong Product,1
605998,209404,5466,2025-06-09,Size/Fit Issue,1
605999,209160,5145,2023-11-19,Not as Expected,1
606000,214465,5174,2024-11-05,Damaged,1
606001,216944,5471,2025-10-15,Changed Mind,1
606002,233884,5405,2023-10-13,Not as Expected,1
606003,251628,5404,2024-04-04,Damaged,1
606004,284289,5006,2025-02-05,Size/Fit Issue,1
606005,258913,5243,2024-09-17,Not as Expected,1
606006,227936,5199,2025-06-11,Damaged,1
606007,228458,5082,2023-06-06,Damaged,1
606008,263180,5447,2024-12-25,Changed Mind,1
606009,237281,5179,2024-03-01,Changed Mind,1
606010,223942,5377,2025-02-07,Wrong Product,1
606011,285674,5176,2024-06-12,Wrong Product,1
606012,241584,5214,2023-10-14,Not as Expected,1
606013,270063,5410,2023-10-18,Wrong Product,1
606014,278087,5445,2025-04-27,Not as Expected,1
606015,228836,5337,2025-01-24,Not as Expected,1
606016,245681,5197,2024-08-23,Wrong Product,1
606017,246221,5187,2023-04-28,Not as Expected,1
606018,211967,5231,2025-11-27,Changed Mind,1
606019,230469,5367,2024-12-08,Size/Fit Issue,1
606020,289959,5123,2025-08-10,Size/Fit Issue,1
606021,221877,5218,2024-11-01,Size/Fit Issue,1
606022,260807,5197,2024-05-08,Size/Fit Issue,1
606023,269523,5008,2024-02-21,Wrong Product,1
606024,203021,5164,2024-07-03,Damaged,1
606025,299933,5338,2023-10-21,Size/Fit Issue,1
606026,218866,5179,2023-01-26,Size/Fit Issue,1
606027,225928,5097,2025-03-31,Damaged,1
606028,288639,5111,2024-07-14,Wrong Product,1
606029,239373,5123,2024-03-16,Size/Fit Issue,1
606030,277183,5146,2025-04-20,Damaged,1
606031,236193,5197,2023-03-02,Size/Fit Issue,1
606032,267899,5385,2023-12-28,Damaged,1
606033,213344,5055,2024-12-11,Damaged,1
606034,230905,5201,2025-01-19,Not as Expected,1
606035,251975,5074,2024-04-21,Not as Expected,1
606036,241486,5396,2026-01-05,Damaged,1
606037,288392,5376,2025-03-20,Wrong Product,1
606038,264237,5294,2023-12-28,Damaged,1
606039,280098,5216,2024-06-23,Size/Fit Issue,1
606040,294264,5268,2025-02-12,Size/Fit Issue,1
606041,213203,5257,2023-04-03,Size/Fit Issue,1
606042,239408,5417,2025-05-29,Size/Fit Issue,1
606043,238797,5359,2023-08-12,Damaged,1
606044,257794,5104,2023-11-19,Not as Expected,1
606045,244684,5324,2023-10-15,Wrong Product,1
606046,215525,5247,2025-09-03,Damaged,1
606047,244574,5217,2025-11-12,Not as Expected,1
606048,206846,5363,2023-08-09,Changed Mind,1
606049,237891,5443,2023-05-31,Not as Expected,1
606050,210590,5330,2025-09-23,Size/Fit Issue,1
606051,284607,5273,2024-12-04,Size/Fit Issue,1
606052,209373,5090,2023-10-13,Size/Fit Issue,1
606053,284760,5254,2024-03-09,Size/Fit Issue,1
606054,202527,5385,2023-10-25,Size/Fit Issue,1
606055,259978,5407,2024-02-10,Damaged,1
606056,298671,5460,2023-10-14,Not as Expected,1
606057,276151,5270,2023-06-02,Wrong Product,1
606058,203348,5344,2024-04-30,Size/Fit Issue,1
606059,274232,5352,2025-06-17,Size/Fit Issue,1
606060,268771,5047,2024-03-06,Changed Mind,1
606061,226126,5366,2024-04-18,Not as Expected,1
606062,234334,5455,2024-05-11,Size/Fit Issue,1
606063,272804,5094,2023-05-09,Not as Expected,1
606064,289865,5120,2025-09-05,Changed Mind,1
606065,204939,5206,2025-07-31,Size/Fit Issue,1
606066,294299,5149,2025-08-11,Damaged,1
606067,253858,5359,2023-10-04,Wrong Product,1
606068,297316,5359,2025-03-08,Not as Expected,1
606069,201727,5364,2025-01-27,Wrong Product,1
606070,226357,5372,2024-03-09,Damaged,1
606071,236331,5339,2024-04-03,Not as Expected,1
606072,240895,5265,2023-05-20,Changed Mind,1
606073,254406,5467,2025-09-18,Damaged,1
606074,271991,5275,2025-09-05,Changed Mind,1
606075,288373,5402,2025-04-07,Damaged,1
606076,249255,5031,2024-08-30,Changed Mind,1
606077,229484,5270,2023-02-24,Changed Mind,1
606078,256322,5162,2024-06-10,Size/Fit Issue,1
606079,246026,5320,2025-09-24,Size/Fit Issue,1
606080,261582,5160,2025-12-14,Size/Fit Issue,1
606081,280037,5047,2025-03-26,Not as Expected,1
606082,238008,5410,2025-11-22,Size/Fit Issue,1
606083,209939,5395,2024-04-03,Not as Expected,1
606084,214861,5111,2025-04-21,Size/Fit Issue,1
606085,206805,5423,2023-05-11,Not as Expected,1
606086,276894,5339,2024-03-31,Not as Expected,1
606087,231240,5279,2023-06-03,Wrong Product,1
606088,282693,5109,2024-11-20,Damaged,1
606089,240451,5419,2025-08-03,Wrong Product,1
606090,271034,5192,2023-01-15,Size/Fit Issue,1
606091,259241,5071,2023-09-08,Damaged,1
606092,213136,5232,2023-04-02,Not as Expected,1
606093,236025,5145,2025-01-17,Not as Expected,1
606094,264521,5264,2025-12-29,Changed Mind,1
606095,253866,5393,2024-07-19,Wrong Product,1
606096,269974,5459,2025-04-09,Damaged,1
606097,252523,5070,2024-04-10,Damaged,1
606098,221106,5242,2025-12-30,Damaged,1
606099,210073,5408,2024-01-06,Changed Mind,1
606100,268296,5384,2023-06-16,Changed Mind,1
606101,269573,5266,2024-06-22,Size/Fit Issue,1
606102,211019,5323,2025-07-22,Damaged,1
606103,212626,5075,2024-10-02,Size/Fit Issue,1
606104,212887,5310,2023-03-02,Damaged,1
606105,292613,5316,2023-04-27,Not as Expected,1
606106,203481,5179,2025-01-17,Size/Fit Issue,1
606107,238177,5362,2025-03-14,Not as Expected,1
606108,275122,5105,2025-09-27,Not as Expected,1
606109,232093,5132,2023-01-27,Size/Fit Issue,1
606110,274501,5214,2023-11-29,Damaged,1
606111,204431,5087,2025-09-27,Size/Fit Issue,1
606112,247598,5239,2025-02-21,Damaged,1
606113,226974,5175,2024-04-30,Size/Fit Issue,1
606114,224679,5322,2023-09-17,Damaged,1
606115,237108,5078,2025-03-20,Damaged,1
606116,231769,5138,2024-09-30,Wrong Product,1
606117,243779,5303,2024-10-16,Changed Mind,1
606118,213624,5227,2025-12-21,Changed Mind,1
606119,277666,5031,2025-10-09,Wrong Product,1
606120,286114,5200,2023-11-12,Size/Fit Issue,1
606121,223435,5010,2024-01-02,Not as Expected,1
606122,250772,5382,2024-07-27,Not as Expected,1
606123,243360,5005,2024-03-14,Size/Fit Issue,1
606124,213786,5189,2023-08-02,Size/Fit Issue,1
606125,202160,5448,2025-03-26,Damaged,1
606126,207287,5059,2025-06-16,Not as Expected,1
606127,295116,5444,2024-03-21,Wrong Product,1
606128,272840,5274,2023-02-07,Not as Expected,1
606129,214929,5307,2024-12-10,Wrong Product,1
606130,279234,5260,2023-09-27,Not as Expected,1
606131,250522,5242,2024-08-01,Not as Expected,1
606132,210084,5346,2025-01-21,Size/Fit Issue,1
606133,225972,5046,2023-12-31,Wrong Product,1
606134,277298,5182,2025-12-05,Changed Mind,1
606135,293994,5093,2023-07-06,Changed Mind,1
606136,225116,5147,2025-06-12,Size/Fit Issue,1
606137,242283,5158,2023-03-14,Changed Mind,1
606138,208384,5248,2024-10-17,Size/Fit Issue,1
606139,293191,5011,2023-02-09,Wrong Product,1
606140,270636,5333,2024-09-08,Damaged,1
606141,212759,5064,2025-04-26,Size/Fit Issue,1
606142,225134,5209,2023-09-28,Changed Mind,2
606143,294480,5471,2024-10-19,Damaged,1
606144,209838,5034,2025-10-13,Wrong Product,1
606145,294104,5095,2024-04-13,Size/Fit Issue,1
606146,280726,5103,2023-12-29,Not as Expected,1
606147,279380,5074,2025-01-21,Not as Expected,1
606148,233219,5334,2023-05-05,Not as Expected,1
606149,208757,5241,2025-09-08,Wrong Product,1
606150,296080,5477,2025-08-17,Not as Expected,1
606151,225561,5167,2024-12-13,Wrong Product,1
606152,277311,5176,2024-07-22,Wrong Product,1
606153,287761,5325,2025-10-06,Size/Fit Issue,1
606154,242291,5001,2024-09-04,Changed Mind,1
606155,241283,5132,2025-01-21,Wrong Product,1
606156,291197,5167,2025-12-02,Wrong Product,1
606157,255809,5300,2024-06-19,Wrong Product,1
606158,300000,5223,2024-09-24,Changed Mind,1
606159,276272,5015,2024-08-17,Damaged,1
606160,288613,5002,2024-08-26,Size/Fit Issue,1
606161,202272,5410,2025-04-29,Not as Expected,1
606162,204099,5022,2025-11-15,Not as Expected,1
606163,257723,5372,2023-11-06,Size/Fit Issue,1
606164,277104,5055,2024-06-15,Damaged,1
606165,260217,5421,2025-08-01,Size/Fit Issue,1
606166,207455,5056,2024-10-02,Size/Fit Issue,1
606167,218393,5048,2025-12-01,Not as Expected,1
606168,282537,5454,2025-09-03,Not as Expected,1
606169,224003,5104,2023-11-30,Wrong Product,1
606170,295859,5007,2023-06-15,Size/Fit Issue,1
606171,276639,5422,2025-07-09,Wrong Product,1
606172,229541,5416,2024-02-02,Not as Expected,1
606173,279161,5003,2025-04-04,Size/Fit Issue,1
606174,249951,5259,2024-01-16,Changed Mind,1
606175,208037,5068,2024-08-27,Changed Mind,1
606176,299194,5191,2024-12-07,Size/Fit Issue,1
606177,257978,5132,2023-09-29,Wrong Product,1
606178,243523,5325,2023-03-19,Not as Expected,1
606179,290461,5480,2023-03-10,Changed Mind,1
606180,222728,5390,2025-12-07,Wrong Product,1
606181,286164,5294,2025-07-03,Size/Fit Issue,1
606182,229015,5229,2025-10-03,Damaged,1
606183,299691,5408,2025-03-12,Damaged,1
606184,220637,5477,2023-03-29,Damaged,1
606185,232390,5230,2025-06-27,Damaged,1
606186,293803,5121,2025-07-01,Damaged,1
606187,237911,5301,2025-08-07,Not as Expected,1
606188,229559,5263,2024-04-21,Damaged,1
606189,205542,5210,2024-08-31,Wrong Product,1
606190,252186,5073,2025-01-21,Size/Fit Issue,1
606191,234504,5043,2024-05-14,Size/Fit Issue,1
606192,234082,5328,2024-08-11,Not as Expected,1
606193,257218,5276,2023-05-13,Size/Fit Issue,1
606194,244416,5282,2024-01-17,Wrong Product,1
606195,236549,5178,2024-03-17,Size/Fit Issue,1
606196,209170,5173,2023-09-25,Size/Fit Issue,1
606197,235955,5470,2024-09-28,Size/Fit Issue,1
606198,247474,5331,2025-11-12,Not as Expected,1
606199,223793,5036,2025-02-08,Damaged,1
606200,203862,5118,2025-09-23,Not as Expected,1
606201,212879,5381,2025-09-25,Not as Expected,1
606202,264612,5368,2024-07-21,Size/Fit Issue,1
606203,244213,5083,2023-02-09,Changed Mind,1
606204,209422,5297,2023-12-31,Not as Expected,1
606205,212335,5046,2023-01-29,Wrong Product,1
606206,227509,5162,2025-05-30,Size/Fit Issue,1
606207,201469,5375,2024-08-14,Size/Fit Issue,1
606208,240991,5009,2024-04-14,Damaged,1
606209,242640,5321,2023-12-12,Not as Expected,1
606210,220307,5214,2024-05-22,Damaged,1
606211,217525,5289,2025-07-25,Size/Fit Issue,1
606212,228033,5067,2023-02-17,Damaged,1
606213,272650,5351,2023-07-12,Damaged,1
606214,220202,5016,2023-04-07,Damaged,1
606215,227397,5285,2024-01-03,Changed Mind,1
606216,236134,5348,2025-04-08,Damaged,1
606217,213585,5217,2025-06-09,Size/Fit Issue,1
606218,255316,5363,2025-01-15,Damaged,1
606219,280872,5027,2023-06-02,Size/Fit Issue,1
606220,217455,5451,2023-07-06,Damaged,1
606221,288056,5123,2025-02-12,Size/Fit Issue,1
606222,203433,5185,2024-04-24,Size/Fit Issue,1
606223,292149,5124,2023-10-24,Wrong Product,1
606224,206319,5343,2023-06-01,Changed Mind,1
606225,276647,5096,2023-09-16,Size/Fit Issue,1
606226,258916,5396,2024-12-26,Damaged,1
606227,208288,5071,2024-08-23,Size/Fit Issue,1
606228,261481,5143,2023-08-26,Not as Expected,1
606229,236369,5326,2024-10-30,Wrong Product,1
606230,245397,5024,2025-11-15,Size/Fit Issue,1
606231,285223,5468,2023-12-14,Damaged,1
606232,276906,5202,2024-06-26,Wrong Product,1
606233,289438,5469,2024-07-29,Wrong Product,1
606234,262559,5354,2024-03-21,Not as Expected,1
606235,236136,5052,2023-04-02,Damaged,1
606236,250102,5378,2024-10-17,Size/Fit Issue,1
606237,288543,5097,2025-04-05,Changed Mind,1
606238,291074,5215,2025-02-26,Wrong Product,1
606239,219034,5047,2025-03-01,Not as Expected,1
606240,288387,5154,2023-08-11,Size/Fit Issue,1
606241,222144,5346,2025-09-11,Changed Mind,1
606242,213260,5280,2024-01-31,Size/Fit Issue,1
606243,203316,5150,2026-01-15,Not as Expected,1
606244,288011,5384,2024-11-27,Size/Fit Issue,1
606245,264130,5461,2024-04-13,Wrong Product,1
606246,219850,5246,2023-07-05,Damaged,1
606247,237892,5228,2024-01-12,Size/Fit Issue,1
606248,256503,5091,2025-12-07,Changed Mind,1
606249,224707,5230,2023-09-10,Size/Fit Issue,1
606250,260989,5335,2025-02-18,Not as Expected,1
606251,290974,5401,2023-04-20,Damaged,1
606252,269757,5282,2025-08-05,Not as Expected,1
606253,282761,5024,2025-07-09,Damaged,1
606254,218707,5044,2025-09-18,Size/Fit Issue,1
606255,228267,5269,2025-08-10,Wrong Product,1
606256,261183,5067,2024-09-26,Damaged,2
606257,206929,5426,2025-05-19,Not as Expected,1
606258,217192,5395,2025-03-10,Changed Mind,1
606259,286033,5217,2025-06-12,Wrong Product,1
606260,244123,5423,2025-05-13,Not as Expected,1
606261,276519,5171,2025-11-10,Changed Mind,1
606262,216921,5446,2024-06-16,Changed Mind,1
606263,220886,5249,2025-08-02,Size/Fit Issue,1
606264,283584,5155,2023-09-14,Changed Mind,1
606265,261828,5467,2024-04-08,Not as Expected,1
606266,236140,5099,2025-08-05,Not as Expected,1
606267,286246,5112,2023-03-14,Size/Fit Issue,1
606268,297312,5341,2023-03-15,Wrong Product,1
606269,232589,5061,2024-07-14,Changed Mind,1
606270,260024,5053,2023-12-15,Changed Mind,1
606271,262169,5324,2023-12-04,Damaged,1
606272,284800,5203,2024-12-03,Damaged,1
606273,276531,5469,2025-08-07,Changed Mind,1
606274,291640,5162,2024-06-12,Not as Expected,1
606275,246399,5081,2025-03-26,Changed Mind,1
606276,233179,5328,2026-01-01,Not as Expected,1
606277,260227,5258,2023-02-07,Not as Expected,1
606278,297309,5238,2025-06-30,Damaged,1
606279,289076,5031,2024-06-27,Not as Expected,1
606280,271811,5021,2024-03-28,Changed Mind,1
606281,256918,5400,2025-04-19,Wrong Product,1
606282,258314,5389,2023-02-28,Not as Expected,1
606283,253795,5053,2025-02-14,Wrong Product,1
606284,247226,5108,2025-02-09,Not as Expected,1
606285,212018,5424,2025-10-24,Not as Expected,1
606286,286162,5001,2025-06-10,Size/Fit Issue,1
606287,202484,5282,2025-09-22,Size/Fit Issue,1
606288,201572,5312,2024-01-26,Damaged,1
606289,293164,5136,2024-05-06,Wrong Product,1
606290,286422,5017,2024-12-18,Not as Expected,1
606291,264316,5269,2025-08-31,Size/Fit Issue,1
606292,268107,5355,2023-03-30,Not as Expected,1
606293,224286,5220,2023-04-15,Damaged,1
606294,248802,5164,2026-01-07,Changed Mind,1
606295,297081,5223,2023-05-28,Size/Fit Issue,1
606296,221891,5412,2023-07-21,Size/Fit Issue,1
606297,276625,5259,2025-02-01,Not as Expected,1
606298,297993,5417,2023-04-25,Damaged,1
606299,246157,5283,2024-06-22,Wrong Product,1
606300,291618,5401,2025-06-12,Changed Mind,1
606301,280832,5155,2025-05-01,Size/Fit Issue,1
606302,246730,5433,2024-02-18,Damaged,1
606303,268195,5417,2024-11-05,Damaged,1
606304,217596,5259,2023-12-11,Wrong Product,1
606305,245309,5431,2023-10-02,Not as Expected,1
606306,262652,5037,2025-04-22,Size/Fit Issue,1
606307,288752,5334,2025-04-15,Damaged,1
606308,225282,5051,2025-02-22,Wrong Product,1
606309,207676,5364,2023-05-09,Not as Expected,1
606310,229916,5314,2024-11-23,Not as Expected,1
606311,235274,5252,2025-07-05,Size/Fit Issue,1
606312,278366,5057,2023-05-04,Size/Fit Issue,1
606313,265820,5114,2024-09-20,Size/Fit Issue,1
606314,291439,5208,2024-04-25,Size/Fit Issue,1
606315,277341,5078,2024-08-17,Damaged,1
606316,204114,5307,2024-07-08,Size/Fit Issue,1
606317,231622,5178,2025-05-24,Changed Mind,1
606318,245475,5303,2023-11-02,Changed Mind,1
606319,215372,5159,2025-06-30,Size/Fit Issue,1
606320,261137,5125,2024-02-02,Size/Fit Issue,1
606321,250747,5435,2024-11-16,Changed Mind,1
606322,269722,5433,2023-04-13,Size/Fit Issue,1
606323,212526,5313,2024-11-07,Size/Fit Issue,1
606324,211646,5480,2025-01-17,Changed Mind,1
606325,262443,5019,2023-05-17,Size/Fit Issue,1
606326,221100,5257,2024-02-05,Changed Mind,1
606327,219575,5221,2024-06-04,Changed Mind,1
606328,222216,5452,2023-12-29,Wrong Product,1
606329,250988,5147,2026-01-11,Size/Fit Issue,1
606330,202390,5329,2024-02-27,Damaged,1
606331,248343,5105,2025-01-20,Damaged,1
606332,232288,5359,2025-02-03,Not as Expected,1
606333,235120,5435,2025-09-16,Wrong Product,1
606334,241402,5093,2024-02-26,Wrong Product,1
606335,281021,5342,2025-03-15,Not as Expected,1
606336,220039,5309,2023-02-01,Size/Fit Issue,1
606337,296000,5154,2024-09-02,Size/Fit Issue,1
606338,249246,5251,2024-05-24,Changed Mind,1
606339,240909,5396,2025-11-30,Size/Fit Issue,1
606340,250355,5031,2024-01-07,Not as Expected,1
606341,280094,5108,2024-03-14,Damaged,1
606342,207161,5344,2025-04-04,Size/Fit Issue,1
606343,291990,5250,2024-07-03,Not as Expected,1
606344,222063,5365,2025-12-13,Damaged,1
606345,200850,5412,2025-01-24,Damaged,1
606346,212642,5344,2025-12-18,Size/Fit Issue,1
606347,294374,5200,2023-02-23,Size/Fit Issue,1
606348,286242,5209,2024-11-25,Changed Mind,1
606349,296128,5431,2025-12-17,Wrong Product,1
606350,299707,5409,2024-11-10,Wrong Product,1
606351,240657,5083,2025-06-12,Changed Mind,1
606352,231201,5370,2025-10-17,Size/Fit Issue,1
606353,240056,5138,2024-07-03,Size/Fit Issue,1
606354,226364,5031,2025-07-29,Not as Expected,1
606355,235576,5066,2025-11-08,Damaged,1
606356,283413,5352,2025-09-18,Changed Mind,1
606357,234117,5246,2023-10-19,Damaged,1
606358,200667,5341,2025-02-01,Not as Expected,1
606359,246645,5390,2025-01-10,Size/Fit Issue,1
606360,225673,5094,2024-08-21,Not as Expected,1
606361,221031,5154,2023-08-16,Size/Fit Issue,1
606362,202693,5163,2025-03-14,Damaged,1
606363,299799,5455,2023-05-27,Damaged,1
606364,270107,5207,2023-02-08,Size/Fit Issue,1
606365,213838,5165,2023-06-10,Damaged,1
606366,214876,5454,2025-06-09,Wrong Product,1
606367,267287,5355,2025-03-23,Damaged,1
606368,291519,5238,2025-10-15,Changed Mind,1
606369,241966,5095,2024-01-03,Changed Mind,1
606370,264466,5231,2024-03-30,Damaged,2
606371,209213,5313,2024-01-03,Size/Fit Issue,1
606372,232828,5019,2023-03-03,Wrong Product,1
606373,209531,5480,2025-03-30,Wrong Product,1
606374,236245,5094,2023-03-05,Changed Mind,1
606375,231531,5199,2025-02-09,Changed Mind,1
606376,211553,5049,2024-07-12,Not as Expected,1
606377,240055,5317,2024-11-18,Size/Fit Issue,1
606378,253608,5260,2023-09-26,Damaged,1
606379,241569,5129,2025-10-29,Size/Fit Issue,1
606380,282395,5064,2025-11-11,Changed Mind,1
606381,207142,5244,2024-05-18,Size/Fit Issue,1
606382,293219,5174,2026-01-03,Wrong Product,1
606383,276962,5236,2024-05-24,Size/Fit Issue,1
606384,202820,5283,2023-07-27,Wrong Product,1
606385,259244,5455,2025-05-04,Damaged,1
606386,261126,5140,2025-11-29,Size/Fit Issue,1
606387,297739,5409,2025-08-16,Changed Mind,1
606388,254797,5081,2025-11-23,Not as Expected,1
606389,297004,5134,2024-08-24,Wrong Product,1
606390,204687,5361,2024-02-21,Size/Fit Issue,1
606391,232316,5106,2024-05-26,Damaged,1
606392,298948,5460,2025-08-30,Damaged,1
606393,295430,5261,2023-11-10,Size/Fit Issue,1
606394,212394,5239,2023-11-05,Size/Fit Issue,1
606395,283116,5239,2025-03-21,Changed Mind,1
606396,256952,5274,2025-06-05,Changed Mind,1
606397,237682,5216,2025-02-13,Changed Mind,1
606398,240392,5440,2024-02-13,Changed Mind,1
606399,275163,5055,2025-05-24,Size/Fit Issue,1
606400,274437,5338,2025-05-06,Wrong Product,1
606401,277975,5407,2025-03-26,Changed Mind,1
606402,257833,5253,2023-12-30,Size/Fit Issue,1
606403,279133,5394,2025-01-17,Not as Expected,1
606404,263906,5275,2023-12-24,Wrong Product,1
606405,222478,5056,2025-11-17,Damaged,1
606406,278110,5321,2025-10-31,Wrong Product,1
606407,250007,5403,2023-11-15,Size/Fit Issue,1
606408,232969,5421,2023-12-19,Not as Expected,1
606409,224938,5052,2026-01-15,Damaged,1
606410,280896,5060,2025-02-02,Not as Expected,1
606411,225174,5324,2024-08-27,Changed Mind,1
606412,206620,5108,2025-06-04,Damaged,1
606413,279695,5229,2026-01-10,Size/Fit Issue,1
606414,253838,5302,2025-01-02,Damaged,1
606415,284741,5328,2023-08-13,Size/Fit Issue,1
606416,231256,5374,2024-06-23,Not as Expected,1
606417,294742,5340,2025-12-28,Size/Fit Issue,1
606418,201896,5276,2025-10-27,Not as Expected,1
606419,292516,5406,2023-12-01,Not as Expected,1
606420,234279,5307,2024-06-06,Wrong Product,1
606421,265121,5150,2024-01-28,Changed Mind,1
606422,224762,5076,2023-04-22,Size/Fit Issue,1
606423,231819,5264,2024-11-01,Wrong Product,1
606424,222041,5029,2025-12-27,Size/Fit Issue,1
606425,244857,5286,2023-02-02,Wrong Product,1
606426,220942,5249,2023-07-15,Size/Fit Issue,1
606427,266127,5242,2026-01-04,Size/Fit Issue,1
606428,207554,5003,2024-08-11,Wrong Product,1
606429,225572,5047,2024-12-21,Damaged,1
606430,250835,5463,2025-01-29,Changed Mind,1
606431,219649,5421,2025-03-02,Changed Mind,1
606432,241420,5049,2024-06-27,Damaged,1
606433,295396,5311,2025-04-21,Changed Mind,1
606434,209393,5114,2025-10-07,Wrong Product,1
606435,272854,5257,2024-11-15,Not as Expected,1
606436,240198,5129,2023-09-12,Not as Expected,1
606437,202991,5062,2025-09-08,Size/Fit Issue,1
606438,225548,5252,2025-07-04,Size/Fit Issue,1
606439,287963,5285,2024-01-06,Not as Expected,1
606440,256296,5375,2025-12-02,Changed Mind,1
606441,268143,5376,2024-06-12,Not as Expected,1
606442,240407,5139,2023-05-31,Size/Fit Issue,1
606443,245779,5432,2025-02-07,Size/Fit Issue,1
606444,273292,5172,2025-01-04,Size/Fit Issue,1
606445,225626,5476,2024-02-23,Not as Expected,1
606446,288436,5025,2023-02-27,Wrong Product,1
606447,227220,5036,2025-12-16,Not as Expected,1
606448,219038,5387,2024-02-26,Damaged,1
606449,201248,5286,2025-01-13,Changed Mind,1
606450,248078,5315,2024-05-18,Not as Expected,1
606451,294125,5250,2025-10-11,Damaged,1
606452,211515,5169,2025-10-04,Damaged,1
606453,278251,5007,2024-09-22,Damaged,1
606454,208635,5047,2024-06-10,Wrong Product,1
606455,287733,5064,2024-07-05,Not as Expected,1
606456,242748,5265,2025-03-21,Changed Mind,1
606457,204578,5168,2023-10-07,Changed Mind,1
606458,247023,5029,2025-06-08,Not as Expected,1
606459,243056,5152,2023-11-23,Not as Expected,1
606460,234676,5244,2025-08-16,Wrong Product,1
606461,295693,5450,2023-05-19,Changed Mind,1
606462,224787,5184,2025-02-22,Changed Mind,1
606463,268914,5226,2024-10-29,Not as Expected,1
606464,214856,5072,2023-12-07,Changed Mind,1
606465,201821,5309,2025-07-02,Damaged,1
606466,213916,5106,2025-09-01,Damaged,1
606467,207592,5111,2025-06-29,Size/Fit Issue,1
606468,256657,5278,2024-08-07,Damaged,1
606469,257783,5275,2025-11-09,Wrong Product,1
606470,232875,5375,2023-12-09,Not as Expected,1
606471,249789,5404,2023-12-30,Size/Fit Issue,1
606472,201854,5478,2024-08-10,Changed Mind,1
606473,248706,5225,2024-08-21,Size/Fit Issue,1
606474,244843,5364,2025-10-24,Size/Fit Issue,1
606475,217454,5085,2025-07-08,Wrong Product,1
606476,247596,5427,2024-09-28,Damaged,1
606477,293990,5323,2025-12-01,Damaged,1
606478,276021,5155,2024-11-13,Size/Fit Issue,1
606479,290478,5025,2024-06-22,Wrong Product,1
606480,270046,5321,2025-02-14,Size/Fit Issue,1
606481,298566,5189,2023-07-17,Not as Expected,1
606482,234955,5280,2025-05-30,Not as Expected,1
606483,265602,5327,2025-03-29,Not as Expected,1
606484,225882,5447,2025-07-25,Size/Fit Issue,1
606485,218784,5428,2023-10-09,Not as Expected,1
606486,226675,5356,2025-07-04,Damaged,1
606487,245643,5055,2024-03-18,Changed Mind,1
606488,253918,5099,2025-10-21,Size/Fit Issue,1
606489,258635,5207,2025-09-16,Changed Mind,1
606490,215907,5052,2024-05-29,Size/Fit Issue,1
606491,274746,5370,2023-01-27,Not as Expected,1
606492,226388,5028,2023-09-13,Wrong Product,1
606493,222677,5002,2024-09-26,Size/Fit Issue,1
606494,251453,5366,2024-11-17,Size/Fit Issue,1
606495,299085,5173,2024-01-03,Damaged,1
606496,252977,5139,2023-07-07,Damaged,1
606497,219791,5332,2025-09-28,Damaged,1
606498,207794,5003,2025-05-07,Changed Mind,1
606499,254708,5156,2025-11-21,Changed Mind,1
606500,244352,5227,2025-06-29,Size/Fit Issue,1
606501,262318,5300,2024-12-20,Damaged,1
606502,285468,5270,2023-02-04,Damaged,1
606503,205821,5104,2025-02-17,Size/Fit Issue,1
606504,227016,5209,2025-06-07,Wrong Product,1
606505,288483,5201,2023-11-16,Not as Expected,1
606506,224096,5110,2024-09-16,Damaged,1
606507,246925,5049,2025-10-14,Not as Expected,1
606508,239920,5044,2025-03-14,Not as Expected,1
606509,285921,5452,2025-01-20,Damaged,2
606510,242609,5376,2025-08-27,Changed Mind,1
606511,229107,5065,2025-05-20,Size/Fit Issue,1
606512,252949,5297,2025-01-11,Not as Expected,1
606513,277717,5303,2024-11-24,Changed Mind,1
606514,216755,5185,2023-03-23,Not as Expected,1
606515,257947,5018,2024-10-19,Damaged,1
606516,226681,5343,2025-12-12,Changed Mind,1
606517,262719,5066,2025-05-08,Size/Fit Issue,1
606518,256752,5447,2024-01-16,Size/Fit Issue,1
606519,233425,5210,2023-08-18,Size/Fit Issue,1
606520,240804,5405,2025-01-02,Not as Expected,1
606521,236907,5186,2024-02-16,Size/Fit Issue,1
606522,247531,5128,2026-01-06,Wrong Product,1
606523,232151,5015,2024-12-24,Size/Fit Issue,1
606524,281758,5307,2025-07-10,Size/Fit Issue,1
606525,261620,5118,2025-09-03,Size/Fit Issue,1
606526,234163,5444,2023-07-17,Wrong Product,1
606527,236100,5177,2025-02-17,Wrong Product,1
606528,235039,5132,2023-04-26,Not as Expected,1
606529,218910,5383,2023-08-18,Damaged,1
606530,252166,5451,2023-05-22,Damaged,1
606531,299496,5310,2025-03-23,Not as Expected,1
606532,269748,5204,2023-07-21,Size/Fit Issue,1
606533,237936,5264,2024-04-26,Damaged,1
606534,281292,5283,2025-04-06,Not as Expected,1
606535,231754,5378,2024-07-27,Size/Fit Issue,1
606536,263413,5172,2023-05-30,Size/Fit Issue,1
606537,207348,5174,2023-10-30,Not as Expected,1
606538,270321,5061,2024-10-01,Not as Expected,1
606539,291155,5164,2025-08-13,Wrong Product,1
606540,234447,5351,2023-02-06,Not as Expected,1
606541,284155,5036,2023-06-03,Size/Fit Issue,1
606542,217790,5303,2024-09-11,Wrong Product,1
606543,275778,5320,2024-10-14,Damaged,1
606544,206270,5408,2024-11-28,Size/Fit Issue,1
606545,220121,5217,2023-10-23,Size/Fit Issue,1
606546,273821,5062,2025-03-01,Size/Fit Issue,1
606547,252979,5339,2023-09-22,Size/Fit Issue,1
606548,283163,5185,2024-09-04,Not as Expected,1
606549,202252,5251,2025-03-13,Damaged,1
606550,213272,5384,2024-05-10,Damaged,1
606551,287314,5116,2025-09-18,Damaged,1
606552,291748,5345,2024-09-01,Changed Mind,1
606553,257815,5261,2024-01-26,Wrong Product,1
606554,281067,5022,2024-07-28,Not as Expected,1
606555,245263,5417,2024-10-26,Not as Expected,1
606556,261537,5359,2024-12-05,Damaged,1
606557,288210,5358,2023-03-16,Damaged,1
606558,278967,5422,2025-10-27,Size/Fit Issue,1
606559,252264,5127,2025-09-24,Wrong Product,1
606560,291116,5445,2025-01-03,Damaged,1
606561,201637,5409,2025-04-08,Not as Expected,1
606562,251267,5229,2023-05-16,Not as Expected,1
606563,265627,5384,2023-09-16,Size/Fit Issue,1
606564,204790,5232,2024-05-08,Not as Expected,1
606565,297404,5306,2024-07-07,Damaged,2
606566,298590,5206,2025-01-17,Size/Fit Issue,1
606567,272306,5130,2023-07-22,Wrong Product,1
606568,256751,5220,2025-02-09,Wrong Product,1
606569,236684,5040,2025-01-26,Not as Expected,1
606570,239900,5442,2024-09-17,Size/Fit Issue,1
606571,254786,5387,2025-09-11,Wrong Product,1
606572,293612,5061,2025-07-06,Wrong Product,1
606573,238180,5439,2023-12-22,Wrong Product,1
606574,200525,5115,2025-11-23,Damaged,1
606575,233470,5423,2024-06-15,Damaged,1
606576,210572,5278,2025-07-23,Not as Expected,1
606577,270896,5177,2024-04-05,Size/Fit Issue,1
606578,236855,5134,2023-02-01,Wrong Product,1
606579,216282,5250,2025-06-23,Not as Expected,1
606580,248129,5274,2024-06-04,Not as Expected,1
606581,213979,5329,2023-03-21,Wrong Product,1
606582,256567,5325,2024-04-22,Damaged,1
606583,231958,5220,2023-02-17,Changed Mind,1
606584,209775,5143,2024-11-05,Wrong Product,1
606585,204818,5262,2024-01-24,Size/Fit Issue,1
606586,276216,5415,2026-01-02,Damaged,1
606587,273595,5351,2023-02-28,Size/Fit Issue,1
606588,221757,5194,2025-08-24,Not as Expected,1
606589,283776,5345,2025-09-09,Damaged,1
606590,205000,5071,2023-06-15,Not as Expected,1
606591,205721,5344,2024-07-24,Damaged,1
606592,278372,5359,2025-07-14,Damaged,1
606593,204203,5005,2024-10-12,Damaged,1
606594,266918,5344,2025-11-07,Damaged,1
606595,284053,5049,2023-11-02,Damaged,1
606596,244618,5470,2025-02-11,Not as Expected,1
606597,295465,5307,2025-09-10,Changed Mind,1
606598,280012,5420,2024-08-23,Not as Expected,1
606599,290948,5386,2023-03-16,Size/Fit Issue,1
606600,220553,5264,2024-07-06,Not as Expected,1
606601,202530,5195,2025-02-21,Damaged,1
606602,246814,5285,2025-09-06,Not as Expected,1
606603,299104,5241,2025-04-07,Damaged,1
606604,218168,5189,2023-08-29,Not as Expected,1
606605,210336,5171,2024-03-17,Wrong Product,1
606606,291554,5441,2025-12-30,Damaged,1
606607,207584,5045,2023-02-14,Not as Expected,1
606608,296322,5426,2025-09-01,Wrong Product,1
606609,285486,5400,2024-04-20,Not as Expected,1
606610,261122,5136,2025-07-23,Not as Expected,1
606611,220910,5455,2025-02-09,Damaged,1
606612,260693,5212,2023-12-14,Not as Expected,1
606613,263682,5081,2025-05-10,Not as Expected,1
606614,240948,5039,2025-05-12,Damaged,1
606615,253004,5003,2023-09-03,Changed Mind,1
606616,205406,5209,2025-11-25,Not as Expected,1
606617,244788,5334,2024-07-11,Wrong Product,1
606618,213232,5300,2023-10-28,Not as Expected,1
606619,247154,5467,2023-04-13,Size/Fit Issue,1
606620,228224,5242,2024-03-24,Damaged,1
606621,232374,5218,2025-11-19,Size/Fit Issue,1
606622,219540,5352,2025-09-12,Size/Fit Issue,1
606623,233464,5437,2023-06-14,Size/Fit Issue,1
606624,292259,5397,2023-10-13,Wrong Product,1
606625,277449,5430,2023-12-22,Wrong Product,1
606626,299782,5022,2025-11-04,Damaged,1
606627,263972,5223,2026-01-07,Changed Mind,1
606628,232695,5281,2024-08-04,Size/Fit Issue,1
606629,293483,5130,2025-07-11,Damaged,1
606630,217567,5126,2025-07-19,Changed Mind,1
606631,291359,5264,2024-06-14,Changed Mind,1
606632,275879,5373,2024-04-12,Not as Expected,1
606633,298088,5129,2025-02-19,Not as Expected,1
606634,208406,5270,2025-07-24,Size/Fit Issue,1
606635,238593,5040,2026-01-13,Damaged,1
606636,234310,5104,2023-03-19,Size/Fit Issue,1
606637,261467,5372,2025-10-02,Wrong Product,1
606638,289485,5389,2025-08-12,Changed Mind,1
606639,209441,5337,2024-03-01,Size/Fit Issue,1
606640,261544,5107,2025-02-15,Not as Expected,1
606641,275084,5004,2024-04-09,Wrong Product,1
606642,235284,5192,2025-10-31,Wrong Product,1
606643,202673,5352,2023-05-06,Size/Fit Issue,1
606644,277114,5025,2024-10-26,Changed Mind,1
606645,215503,5214,2025-12-08,Damaged,1
606646,265620,5147,2024-11-01,Damaged,1
606647,261205,5294,2024-05-31,Damaged,1
606648,218742,5376,2025-01-05,Not as Expected,2
606649,268001,5073,2023-04-06,Size/Fit Issue,1
606650,283352,5373,2023-02-20,Changed Mind,1
606651,244822,5057,2023-03-06,Not as Expected,1
606652,225815,5348,2024-09-05,Size/Fit Issue,1
606653,289425,5390,2025-11-09,Size/Fit Issue,1
606654,285965,5282,2025-09-09,Not as Expected,1
606655,245117,5298,2023-12-26,Damaged,1
606656,297921,5009,2023-09-16,Wrong Product,1
606657,245457,5055,2024-01-31,Wrong Product,1
606658,286247,5251,2023-02-21,Size/Fit Issue,1
606659,272566,5218,2023-02-07,Wrong Product,1
606660,271671,5140,2024-10-24,Wrong Product,1
606661,233916,5388,2024-11-26,Size/Fit Issue,1
606662,272834,5444,2025-10-03,Not as Expected,1
606663,237031,5206,2024-11-17,Not as Expected,1
606664,254203,5270,2024-01-29,Wrong Product,1
606665,223332,5467,2025-09-09,Not as Expected,1
606666,205204,5402,2024-12-05,Not as Expected,1
606667,262671,5474,2025-03-04,Size/Fit Issue,1
606668,298746,5316,2025-11-16,Not as Expected,1
606669,268521,5020,2024-09-29,Not as Expected,1
606670,228527,5358,2023-12-06,Damaged,1
606671,238485,5401,2024-08-10,Not as Expected,1
606672,260731,5461,2023-05-01,Size/Fit Issue,1
606673,268472,5124,2025-07-01,Damaged,1
606674,246031,5270,2025-10-01,Damaged,1
606675,201210,5467,2023-12-09,Size/Fit Issue,1
606676,219218,5333,2024-11-30,Changed Mind,1
606677,269187,5261,2025-10-11,Size/Fit Issue,1
606678,209816,5294,2025-02-07,Size/Fit Issue,1
606679,258532,5455,2024-06-06,Damaged,1
606680,269988,5266,2023-12-21,Damaged,1
606681,214315,5123,2025-12-13,Size/Fit Issue,1
606682,206059,5424,2023-09-01,Changed Mind,1
606683,253847,5315,2024-07-13,Not as Expected,1
606684,201155,5204,2024-12-07,Size/Fit Issue,1
606685,262894,5030,2024-12-22,Wrong Product,1
606686,289700,5097,2025-06-06,Damaged,1
606687,217849,5267,2025-07-26,Size/Fit Issue,1
606688,223062,5279,2025-10-08,Size/Fit Issue,1
606689,243500,5345,2024-11-15,Wrong Product,1
606690,205858,5250,2025-06-21,Damaged,1
606691,219964,5157,2023-08-06,Changed Mind,1
606692,202466,5227,2025-01-03,Size/Fit Issue,1
606693,225547,5010,2025-01-30,Wrong Product,1
606694,281466,5296,2024-09-12,Damaged,1
606695,219866,5371,2024-01-14,Damaged,1
606696,227920,5190,2025-10-25,Size/Fit Issue,1
606697,213755,5389,2023-04-20,Not as Expected,1
606698,241981,5016,2025-03-30,Not as Expected,1
606699,283677,5110,2024-02-27,Wrong Product,1
606700,245110,5131,2025-06-13,Not as Expected,1
606701,280783,5093,2025-07-16,Damaged,1
606702,229300,5328,2024-01-08,Not as Expected,1
606703,289338,5479,2024-07-29,Damaged,1
606704,209387,5223,2025-03-11,Size/Fit Issue,1
606705,228290,5344,2025-12-01,Not as Expected,1
606706,222139,5174,2023-09-08,Wrong Product,1
606707,268386,5436,2025-04-03,Not as Expected,2
606708,254789,5071,2023-02-19,Not as Expected,1
606709,225599,5250,2024-06-02,Damaged,1
606710,296519,5355,2025-09-08,Not as Expected,1
606711,245160,5069,2025-07-14,Size/Fit Issue,1
606712,257077,5265,2025-05-28,Size/Fit Issue,1
606713,292576,5118,2024-12-08,Damaged,1
606714,258452,5030,2025-04-12,Not as Expected,1
606715,219695,5217,2025-03-19,Not as Expected,1
606716,297815,5320,2025-12-03,Size/Fit Issue,1
606717,283727,5239,2025-10-13,Not as Expected,1
606718,290678,5293,2023-06-29,Changed Mind,1
606719,245864,5387,2024-10-15,Changed Mind,1
606720,217025,5424,2023-01-16,Changed Mind,1
606721,281563,5417,2023-05-12,Size/Fit Issue,1
606722,263623,5229,2024-02-24,Wrong Product,1
606723,276666,5220,2024-01-29,Size/Fit Issue,1
606724,210038,5410,2024-01-29,Changed Mind,1
606725,219622,5262,2025-02-05,Not as Expected,1
606726,233236,5411,2024-03-05,Damaged,1
606727,277658,5329,2024-12-30,Size/Fit Issue,1
606728,203498,5136,2023-04-18,Wrong Product,1
606729,243452,5340,2025-05-21,Size/Fit Issue,1
606730,296034,5087,2024-11-30,Damaged,1
606731,200167,5233,2023-07-04,Wrong Product,1
606732,224213,5093,2025-07-15,Size/Fit Issue,1
606733,240631,5302,2023-12-14,Damaged,1
606734,241003,5283,2025-01-14,Not as Expected,1
606735,233756,5061,2023-05-17,Size/Fit Issue,1
606736,249706,5028,2024-06-13,Damaged,1
606737,263970,5368,2025-05-01,Not as Expected,1
606738,294525,5325,2023-02-06,Wrong Product,1
606739,286202,5312,2025-07-24,Not as Expected,1
606740,283686,5139,2023-12-10,Size/Fit Issue,1
606741,289850,5474,2023-05-06,Damaged,1
606742,291319,5432,2025-05-12,Damaged,1
606743,288964,5369,2025-02-15,Wrong Product,1
606744,203683,5019,2023-01-15,Size/Fit Issue,1
606745,272917,5174,2023-12-29,Size/Fit Issue,1
606746,277554,5011,2026-01-02,Changed Mind,1
606747,253338,5090,2024-08-31,Damaged,1
606748,287968,5430,2023-03-13,Size/Fit Issue,1
606749,277000,5130,2025-04-22,Damaged,1
606750,239700,5028,2025-11-24,Size/Fit Issue,1
606751,211913,5373,2024-09-19,Damaged,1
606752,282856,5173,2026-01-09,Changed Mind,1
606753,258095,5378,2026-01-05,Size/Fit Issue,1
606754,207353,5335,2025-07-28,Wrong Product,1
606755,208505,5241,2025-07-06,Wrong Product,1
606756,226967,5456,2024-03-23,Not as Expected,1
606757,250979,5247,2023-08-31,Damaged,1
606758,283453,5288,2025-12-15,Changed Mind,1
606759,237475,5323,2023-11-01,Changed Mind,1
606760,259713,5341,2024-01-01,Size/Fit Issue,1
606761,222351,5208,2024-07-15,Changed Mind,1
606762,249090,5427,2023-12-28,Changed Mind,1
606763,223333,5308,2025-09-22,Not as Expected,1
606764,231671,5049,2024-12-04,Changed Mind,1
606765,258385,5463,2024-12-30,Changed Mind,1
606766,246472,5373,2023-08-24,Size/Fit Issue,1
606767,211625,5025,2025-10-04,Damaged,1
606768,258830,5373,2023-02-22,Size/Fit Issue,1
606769,299142,5014,2024-01-18,Size/Fit Issue,1
606770,265692,5250,2023-09-01,Size/Fit Issue,1
606771,214736,5303,2024-07-02,Wrong Product,1
606772,240776,5403,2025-12-26,Not as Expected,1
606773,232372,5078,2025-03-11,Not as Expected,1
606774,266764,5423,2023-02-01,Wrong Product,1
606775,228156,5279,2025-11-15,Size/Fit Issue,1
606776,248617,5082,2023-05-29,Wrong Product,1
606777,223397,5241,2025-05-27,Damaged,1
606778,217501,5088,2025-07-06,Changed Mind,1
606779,203306,5434,2025-03-06,Wrong Product,1
606780,295531,5270,2024-09-27,Size/Fit Issue,1
606781,252919,5376,2024-04-13,Changed Mind,1
606782,226432,5433,2025-11-22,Size/Fit Issue,1
606783,270268,5441,2024-07-15,Size/Fit Issue,1
606784,289562,5023,2024-03-01,Changed Mind,1
606785,201591,5097,2025-07-31,Wrong Product,1
606786,217113,5438,2024-05-30,Not as Expected,1
606787,263221,5353,2023-12-15,Not as Expected,1
606788,284303,5453,2023-11-20,Damaged,1
606789,269057,5400,2023-02-17,Damaged,1
606790,245644,5069,2025-03-27,Not as Expected,1
606791,219659,5465,2025-06-07,Wrong Product,1
606792,295855,5137,2023-09-18,Damaged,1
606793,238453,5248,2024-03-12,Size/Fit Issue,1
606794,262948,5208,2024-03-20,Not as Expected,1
606795,248380,5059,2025-12-16,Changed Mind,1
606796,293754,5110,2025-01-03,Not as Expected,1
606797,249415,5222,2023-01-19,Size/Fit Issue,1
606798,260952,5375,2025-09-15,Size/Fit Issue,1
606799,276815,5187,2025-08-10,Wrong Product,1
606800,267876,5355,2025-09-19,Size/Fit Issue,1
606801,283824,5196,2026-01-14,Size/Fit Issue,1
606802,290635,5347,2025-08-18,Not as Expected,1
606803,237374,5216,2023-08-30,Damaged,1
606804,278610,5209,2024-09-20,Not as Expected,1
606805,215787,5260,2024-08-30,Size/Fit Issue,1
606806,288159,5091,2023-04-15,Damaged,1
606807,239624,5381,2025-10-11,Size/Fit Issue,1
606808,216551,5065,2025-04-16,Size/Fit Issue,1
606809,227630,5037,2025-10-17,Changed Mind,1
606810,212758,5163,2024-12-21,Not as Expected,1
606811,228654,5111,2024-04-17,Size/Fit Issue,1
606812,296533,5185,2023-11-03,Size/Fit Issue,1
606813,289490,5001,2024-10-06,Size/Fit Issue,1
606814,244511,5377,2023-11-14,Damaged,1
606815,262873,5441,2023-11-11,Not as Expected,1
606816,225733,5381,2025-01-14,Not as Expected,1
606817,283802,5315,2024-12-09,Changed Mind,1
606818,282632,5324,2025-09-03,Changed Mind,1
606819,206536,5296,2025-07-26,Size/Fit Issue,1
606820,267520,5278,2025-06-27,Size/Fit Issue,1
606821,234151,5165,2024-12-29,Changed Mind,1
606822,277818,5162,2023-01-20,Wrong Product,1
606823,229651,5380,2023-11-10,Wrong Product,1
606824,286755,5106,2024-12-24,Size/Fit Issue,1
606825,222671,5334,2025-10-07,Size/Fit Issue,1
606826,291652,5291,2025-09-14,Changed Mind,1
606827,239486,5034,2025-11-17,Damaged,1
606828,298578,5284,2023-08-01,Changed Mind,1
606829,229811,5324,2024-10-21,Wrong Product,1
606830,236902,5299,2023-08-18,Wrong Product,1
606831,208654,5166,2024-08-25,Changed Mind,1
606832,209038,5189,2025-09-23,Size/Fit Issue,1
606833,269512,5412,2023-09-27,Wrong Product,1
606834,254021,5064,2023-02-19,Wrong Product,2
606835,237872,5327,2025-11-11,Size/Fit Issue,1
606836,213890,5404,2025-01-01,Size/Fit Issue,1
606837,294070,5317,2024-04-25,Wrong Product,1
606838,213648,5023,2023-11-08,Size/Fit Issue,1
606839,254565,5368,2023-04-16,Changed Mind,1
606840,233882,5377,2023-07-28,Size/Fit Issue,1
606841,230704,5330,2023-07-18,Size/Fit Issue,2
606842,219668,5230,2023-12-12,Size/Fit Issue,1
606843,226352,5357,2024-05-19,Wrong Product,1
606844,203033,5032,2023-03-28,Changed Mind,1
606845,211028,5106,2023-07-15,Damaged,1
606846,261414,5327,2025-06-08,Size/Fit Issue,1
606847,262097,5242,2023-02-02,Size/Fit Issue,1
606848,239228,5049,2024-12-11,Changed Mind,1
606849,223667,5018,2024-03-25,Changed Mind,1
606850,202571,5411,2024-07-30,Wrong Product,1
606851,266472,5444,2023-08-28,Size/Fit Issue,1
606852,297897,5082,2023-12-31,Size/Fit Issue,1
606853,283295,5113,2025-08-13,Size/Fit Issue,1
606854,268329,5290,2025-10-01,Wrong Product,1
606855,289863,5167,2024-11-25,Changed Mind,1
606856,264564,5472,2025-01-27,Not as Expected,1
606857,238931,5061,2025-01-30,Wrong Product,1
606858,261442,5473,2025-08-20,Damaged,1
606859,211796,5008,2025-11-03,Changed Mind,1
606860,228729,5089,2024-01-12,Not as Expected,1
606861,242932,5241,2026-01-01,Wrong Product,1
606862,258915,5197,2025-10-17,Size/Fit Issue,1
606863,256585,5285,2024-05-16,Size/Fit Issue,1
606864,276851,5018,2026-01-01,Damaged,1
606865,223507,5022,2025-09-03,Damaged,1
606866,274028,5354,2025-03-17,Not as Expected,1
606867,298182,5092,2025-10-12,Changed Mind,1
606868,294685,5370,2024-09-22,Not as Expected,1
606869,287346,5070,2025-05-06,Damaged,1
606870,235556,5457,2025-08-30,Damaged,1
606871,279442,5251,2025-09-03,Not as Expected,1
606872,209575,5155,2024-01-19,Wrong Product,1
606873,294409,5436,2024-07-16,Not as Expected,1
606874,283445,5282,2024-06-30,Wrong Product,1
606875,226159,5112,2024-05-23,Damaged,1
606876,283253,5053,2024-05-24,Damaged,1
606877,205898,5359,2023-04-12,Changed Mind,1
606878,279400,5143,2024-04-10,Not as Expected,1
606879,207323,5028,2025-02-06,Damaged,1
606880,204734,5333,2024-10-05,Size/Fit Issue,1
606881,217457,5384,2025-05-20,Not as Expected,1
606882,255265,5004,2025-11-23,Wrong Product,1
606883,246471,5146,2023-05-30,Size/Fit Issue,1
606884,238423,5172,2025-11-19,Damaged,1
606885,284720,5333,2023-04-07,Changed Mind,1
606886,205241,5096,2024-11-05,Changed Mind,1
606887,279592,5170,2024-08-23,Size/Fit Issue,1
606888,268109,5326,2024-07-31,Size/Fit Issue,1
606889,220791,5249,2023-11-05,Damaged,1
606890,245767,5340,2023-11-17,Damaged,1
606891,258029,5053,2024-11-19,Size/Fit Issue,1
606892,273566,5037,2023-07-10,Size/Fit Issue,1
606893,281665,5315,2024-01-12,Not as Expected,1
606894,200486,5441,2025-01-07,Changed Mind,1
606895,229125,5321,2024-05-03,Changed Mind,1
606896,215947,5008,2023-02-08,Size/Fit Issue,1
606897,268124,5108,2024-06-26,Wrong Product,1
606898,205208,5463,2023-03-21,Not as Expected,1
606899,220717,5321,2024-12-29,Not as Expected,1
606900,296065,5234,2026-01-02,Not as Expected,1
606901,237085,5237,2023-06-19,Not as Expected,1
606902,251070,5106,2024-11-14,Changed Mind,1
606903,269948,5091,2023-05-24,Size/Fit Issue,1
606904,203214,5405,2025-01-21,Size/Fit Issue,1
606905,242254,5062,2024-10-20,Size/Fit Issue,1
606906,206757,5430,2025-10-18,Damaged,1
606907,216213,5315,2024-03-19,Size/Fit Issue,1
606908,238076,5208,2024-12-24,Not as Expected,1
606909,272392,5143,2025-06-20,Not as Expected,1
606910,235675,5201,2023-08-19,Damaged,1
606911,267431,5144,2025-05-26,Changed Mind,1
606912,285578,5241,2024-09-09,Wrong Product,1
606913,252285,5135,2024-02-29,Damaged,1
606914,248525,5434,2026-01-10,Changed Mind,1
606915,280816,5057,2024-03-31,Changed Mind,1
606916,244114,5250,2025-06-02,Size/Fit Issue,1
606917,266891,5277,2025-08-03,Damaged,1
606918,228495,5337,2024-06-11,Not as Expected,1
606919,262886,5296,2025-10-26,Size/Fit Issue,1
606920,285833,5016,2024-09-26,Size/Fit Issue,1
606921,260082,5061,2025-11-26,Size/Fit Issue,1
606922,226216,5234,2025-05-19,Wrong Product,1
606923,284413,5194,2024-11-10,Damaged,1
606924,294457,5182,2023-06-10,Damaged,1
606925,264635,5387,2025-06-03,Damaged,1
606926,217808,5165,2024-08-28,Not as Expected,1
606927,210526,5270,2026-01-04,Damaged,1
606928,259568,5404,2023-04-02,Changed Mind,1
606929,205946,5079,2023-02-13,Size/Fit Issue,1
606930,295130,5270,2023-09-11,Size/Fit Issue,1
606931,214122,5366,2024-10-24,Changed Mind,1
606932,258847,5440,2024-12-03,Wrong Product,1
606933,289114,5048,2024-02-25,Changed Mind,1
606934,278485,5072,2023-07-30,Not as Expected,1
606935,241490,5082,2023-02-25,Not as Expected,1
606936,244473,5334,2025-02-08,Wrong Product,1
606937,216053,5221,2025-01-12,Not as Expected,1
606938,248872,5326,2024-04-30,Changed Mind,1
606939,294673,5321,2025-05-21,Damaged,1
606940,290711,5301,2023-07-30,Damaged,1
606941,278915,5021,2024-08-22,Wrong Product,1
606942,204442,5433,2025-04-13,Changed Mind,1
606943,292787,5027,2024-07-13,Not as Expected,1
606944,219676,5290,2024-09-25,Damaged,1
606945,277116,5304,2025-11-13,Size/Fit Issue,1
606946,230504,5018,2024-07-21,Not as Expected,1
606947,212084,5017,2023-12-14,Wrong Product,1
606948,236910,5077,2025-08-10,Damaged,1
606949,223090,5164,2024-01-27,Not as Expected,1
606950,203251,5451,2024-06-19,Damaged,1
606951,207620,5297,2025-02-28,Size/Fit Issue,1
606952,204040,5111,2025-01-20,Damaged,1
606953,229452,5061,2024-12-31,Changed Mind,2
606954,275422,5008,2025-03-07,Size/Fit Issue,1
606955,276037,5312,2025-12-28,Damaged,1
606956,291531,5352,2023-06-16,Changed Mind,1
606957,240974,5334,2025-12-07,Size/Fit Issue,1
606958,256850,5375,2024-10-26,Size/Fit Issue,1
606959,208813,5025,2025-04-27,Changed Mind,1
606960,294509,5003,2025-12-12,Size/Fit Issue,1
606961,289951,5337,2025-05-17,Changed Mind,1
606962,232939,5352,2025-03-14,Wrong Product,1
606963,282334,5317,2024-07-17,Not as Expected,1
606964,268095,5194,2023-12-29,Wrong Product,1
606965,286173,5205,2023-10-31,Wrong Product,1
606966,254626,5093,2023-01-30,Not as Expected,1
606967,236948,5366,2023-10-20,Wrong Product,1
606968,246812,5016,2023-11-28,Wrong Product,1
606969,295388,5312,2025-01-27,Wrong Product,1
606970,290995,5462,2025-06-23,Wrong Product,1
606971,232778,5038,2026-01-16,Size/Fit Issue,1
606972,298070,5317,2025-11-01,Not as Expected,1
606973,243424,5448,2023-03-26,Not as Expected,1
606974,203292,5479,2024-09-24,Not as Expected,1
606975,269592,5042,2025-09-22,Size/Fit Issue,1
606976,258538,5029,2023-10-20,Not as Expected,1
606977,212608,5263,2025-05-12,Size/Fit Issue,1
606978,224872,5347,2025-10-27,Not as Expected,1
606979,257212,5268,2025-02-03,Size/Fit Issue,1
606980,217918,5219,2023-07-06,Wrong Product,1
606981,252491,5268,2024-12-25,Changed Mind,1
606982,265198,5445,2024-05-26,Damaged,1
606983,266125,5307,2025-08-10,Not as Expected,1
606984,216586,5463,2025-06-18,Size/Fit Issue,1
606985,244340,5345,2024-06-24,Not as Expected,1
606986,238654,5123,2024-03-23,Not as Expected,1
606987,291692,5385,2024-01-21,Size/Fit Issue,1
606988,213790,5073,2023-08-17,Size/Fit Issue,1
606989,290999,5241,2025-02-28,Size/Fit Issue,2
606990,257712,5010,2024-02-16,Size/Fit Issue,1
606991,223828,5025,2023-04-16,Not as Expected,1
606992,288807,5114,2025-04-24,Not as Expected,1
606993,243188,5208,2025-07-11,Wrong Product,1
606994,224212,5222,2024-07-28,Wrong Product,1
606995,202238,5476,2024-08-13,Not as Expected,1
606996,214268,5204,2025-10-25,Changed Mind,1
606997,268287,5154,2025-02-13,Not as Expected,1
606998,226739,5084,2024-10-14,Not as Expected,1
606999,299176,5095,2023-05-24,Size/Fit Issue,1
607000,239775,5046,2023-10-09,Damaged,1
607001,299262,5195,2025-12-19,Damaged,1
607002,222147,5212,2025-10-19,Size/Fit Issue,1
607003,234054,5088,2025-11-08,Changed Mind,1
607004,286106,5316,2024-04-12,Not as Expected,1
607005,295641,5217,2024-09-01,Changed Mind,1
607006,266531,5198,2024-05-28,Damaged,1
607007,216698,5120,2023-09-19,Changed Mind,1
607008,234380,5245,2025-07-09,Size/Fit Issue,1
607009,299353,5102,2025-06-22,Size/Fit Issue,1
607010,285592,5017,2024-11-23,Not as Expected,1
607011,214667,5007,2023-06-01,Not as Expected,1
607012,213428,5406,2025-01-23,Not as Expected,1
607013,255992,5145,2025-10-01,Changed Mind,1
607014,293894,5464,2025-06-05,Damaged,1
607015,260293,5294,2025-10-03,Size/Fit Issue,1
607016,282778,5472,2023-01-28,Changed Mind,1
607017,235271,5036,2024-04-04,Not as Expected,1
607018,283932,5266,2025-11-17,Size/Fit Issue,1
607019,251706,5093,2026-01-05,Changed Mind,1
607020,291476,5194,2023-10-05,Size/Fit Issue,1
607021,293400,5381,2024-11-23,Damaged,1
607022,236027,5142,2025-12-18,Wrong Product,1
607023,236342,5466,2025-03-25,Not as Expected,1
607024,262712,5361,2024-01-16,Wrong Product,1
607025,213466,5040,2025-10-02,Changed Mind,1
607026,274494,5472,2025-08-19,Damaged,1
607027,237549,5391,2023-08-05,Not as Expected,1
607028,261001,5145,2025-01-07,Size/Fit Issue,1
607029,202849,5018,2025-07-10,Changed Mind,1
607030,257702,5165,2024-10-06,Size/Fit Issue,1
607031,214221,5088,2023-01-30,Changed Mind,1
607032,284956,5163,2023-07-16,Size/Fit Issue,1
607033,201267,5367,2023-08-19,Size/Fit Issue,1
607034,251766,5421,2025-05-01,Wrong Product,1
607035,210798,5027,2025-06-22,Size/Fit Issue,1
607036,254925,5426,2024-01-26,Size/Fit Issue,1
607037,255707,5296,2024-09-02,Wrong Product,1
607038,260541,5130,2025-05-05,Size/Fit Issue,1
607039,205998,5427,2023-04-29,Not as Expected,1
607040,221598,5336,2025-07-19,Damaged,1
607041,251157,5224,2025-05-10,Not as Expected,1
607042,245284,5116,2023-10-20,Wrong Product,1
607043,295136,5233,2024-10-08,Size/Fit Issue,1
607044,228845,5111,2023-11-05,Changed Mind,1
607045,240140,5194,2025-12-29,Not as Expected,1
607046,232441,5267,2025-10-08,Size/Fit Issue,1
607047,216554,5027,2023-02-27,Size/Fit Issue,1
607048,276062,5263,2023-06-29,Wrong Product,1
607049,272943,5061,2023-11-18,Wrong Product,1
607050,275448,5058,2024-07-10,Not as Expected,1
607051,270070,5170,2023-07-13,Size/Fit Issue,1
607052,239177,5360,2025-05-01,Wrong Product,1
607053,276802,5133,2024-03-24,Not as Expected,1
607054,288475,5129,2023-09-07,Size/Fit Issue,1
607055,247878,5026,2025-05-04,Size/Fit Issue,1
607056,223009,5302,2025-06-16,Wrong Product,1
607057,249931,5438,2024-01-24,Size/Fit Issue,1
607058,272883,5113,2024-11-08,Not as Expected,1
607059,245026,5460,2023-10-03,Not as Expected,1
607060,253739,5013,2024-11-13,Not as Expected,1
607061,209265,5393,2025-04-03,Wrong Product,1
607062,203359,5464,2025-08-09,Changed Mind,1
607063,233772,5137,2024-08-14,Size/Fit Issue,1
607064,236639,5326,2025-04-20,Not as Expected,1
607065,254981,5052,2024-03-26,Wrong Product,1
607066,214374,5004,2023-08-21,Damaged,1
607067,275372,5143,2023-11-22,Size/Fit Issue,1
607068,263783,5296,2025-04-20,Not as Expected,1
607069,209744,5382,2025-01-10,Changed Mind,1
607070,256306,5044,2023-03-09,Size/Fit Issue,1
607071,290777,5348,2024-04-22,Damaged,2
607072,254517,5034,2024-04-21,Wrong Product,1
607073,287359,5469,2024-09-02,Not as Expected,1
607074,264540,5249,2023-08-14,Not as Expected,1
607075,239161,5129,2025-04-19,Size/Fit Issue,1
607076,280638,5456,2024-08-19,Not as Expected,1
607077,241258,5134,2023-12-02,Not as Expected,1
607078,261548,5124,2023-06-05,Size/Fit Issue,1
607079,261932,5006,2024-12-28,Damaged,1
607080,279106,5412,2024-04-11,Size/Fit Issue,1
607081,211129,5440,2024-10-13,Changed Mind,1
607082,201983,5151,2024-02-12,Not as Expected,1
607083,280924,5298,2023-11-17,Damaged,1
607084,293493,5242,2024-05-12,Wrong Product,1
607085,222431,5047,2023-12-16,Damaged,2
607086,242781,5162,2023-02-02,Not as Expected,1
607087,257155,5330,2024-07-16,Changed Mind,1
607088,286913,5306,2025-01-21,Not as Expected,1
607089,252101,5051,2023-06-07,Damaged,1
607090,265006,5331,2024-12-31,Size/Fit Issue,1
607091,252476,5073,2024-12-30,Damaged,1
607092,239623,5147,2025-04-01,Damaged,1
607093,265420,5042,2024-11-13,Size/Fit Issue,1
607094,273132,5271,2023-02-03,Not as Expected,1
607095,211939,5290,2024-11-21,Damaged,1
607096,261317,5043,2023-12-18,Damaged,1
607097,224038,5398,2025-06-28,Wrong Product,1
607098,234496,5204,2025-09-06,Changed Mind,1
607099,249857,5105,2023-08-03,Not as Expected,1
607100,274101,5088,2025-04-07,Damaged,1
607101,226871,5130,2025-08-15,Damaged,1
607102,202559,5199,2023-06-20,Damaged,1
607103,287312,5236,2025-12-17,Wrong Product,1
607104,235345,5352,2023-06-20,Not as Expected,1
607105,281795,5104,2025-12-31,Not as Expected,1
607106,279939,5316,2023-09-05,Size/Fit Issue,1
607107,260950,5318,2025-04-26,Damaged,1
607108,220807,5317,2024-03-07,Wrong Product,1
607109,216607,5284,2025-06-12,Wrong Product,1
607110,297728,5131,2024-07-31,Damaged,1
607111,279013,5384,2024-04-07,Wrong Product,1
607112,226619,5217,2024-07-23,Size/Fit Issue,1
607113,272251,5369,2024-12-07,Not as Expected,1
607114,244382,5103,2023-12-30,Wrong Product,1
607115,202193,5304,2025-10-13,Changed Mind,1
607116,287008,5415,2024-11-02,Size/Fit Issue,1
607117,212559,5413,2025-04-17,Changed Mind,1
607118,265271,5008,2024-07-03,Wrong Product,1
607119,209500,5383,2024-02-23,Changed Mind,1
607120,221663,5282,2025-04-29,Size/Fit Issue,1
607121,254405,5202,2025-04-02,Size/Fit Issue,1
607122,251228,5172,2025-10-13,Size/Fit Issue,1
607123,273409,5260,2025-06-07,Damaged,1
607124,225219,5049,2023-06-14,Not as Expected,1
607125,201798,5387,2024-02-20,Changed Mind,1
607126,284494,5342,2024-10-28,Size/Fit Issue,1
607127,245130,5456,2025-01-19,Wrong Product,1
607128,274972,5159,2025-02-01,Size/Fit Issue,1
607129,287329,5353,2024-10-12,Damaged,2
607130,232604,5349,2025-06-21,Damaged,1
607131,245971,5220,2025-12-13,Not as Expected,1
607132,255764,5046,2023-07-24,Changed Mind,1
607133,282961,5358,2025-05-30,Wrong Product,1
607134,278332,5241,2023-04-03,Not as Expected,1
607135,224561,5402,2026-01-26,Not as Expected,1
607136,293591,5160,2024-01-16,Not as Expected,1
607137,241438,5119,2025-05-04,Damaged,1
607138,266115,5122,2025-08-11,Not as Expected,1
607139,260709,5351,2024-04-15,Damaged,1
607140,295770,5032,2025-01-09,Wrong Product,1
607141,247302,5465,2024-06-10,Changed Mind,1
607142,254179,5421,2024-06-29,Size/Fit Issue,1
607143,258276,5098,2025-10-18,Damaged,1
607144,217382,5043,2024-03-18,Wrong Product,1
607145,230630,5395,2023-02-04,Damaged,1
607146,212370,5215,2023-09-17,Not as Expected,1
607147,293646,5435,2023-07-01,Damaged,1
607148,228204,5335,2024-10-25,Damaged,1
607149,208206,5001,2025-09-30,Damaged,1
607150,230723,5476,2023-06-10,Damaged,1
607151,242331,5224,2023-11-14,Damaged,1
607152,202542,5007,2025-09-13,Damaged,1
607153,271542,5130,2023-09-13,Damaged,1
607154,248607,5143,2023-11-23,Size/Fit Issue,1
607155,228673,5118,2025-02-10,Wrong Product,1
607156,283044,5457,2025-04-15,Wrong Product,1
607157,254538,5294,2024-08-07,Damaged,1
607158,277452,5217,2025-03-22,Damaged,1
607159,296348,5172,2025-08-11,Wrong Product,1
607160,247396,5086,2025-05-31,Not as Expected,1
607161,243621,5390,2023-12-12,Wrong Product,1
607162,256189,5328,2023-05-03,Not as Expected,1
607163,276766,5139,2026-01-06,Size/Fit Issue,1
607164,231569,5147,2025-09-23,Wrong Product,1
607165,259285,5073,2023-03-28,Wrong Product,1
607166,287450,5013,2024-06-10,Size/Fit Issue,1
607167,257407,5319,2025-01-22,Size/Fit Issue,1
607168,264668,5018,2023-02-23,Wrong Product,1
607169,234666,5113,2024-10-01,Size/Fit Issue,1
607170,232663,5428,2023-07-17,Changed Mind,1
607171,224610,5355,2023-02-04,Damaged,1
607172,247791,5299,2023-05-09,Wrong Product,1
607173,216697,5403,2023-11-25,Wrong Product,1
607174,202007,5093,2025-05-25,Damaged,1
607175,274045,5405,2023-03-31,Changed Mind,1
607176,245654,5437,2025-01-31,Wrong Product,1
607177,288664,5461,2024-03-08,Damaged,1
607178,292801,5227,2025-08-19,Size/Fit Issue,1
607179,225613,5399,2025-07-25,Not as Expected,1
607180,267270,5106,2025-06-04,Not as Expected,1
607181,236085,5467,2024-10-07,Not as Expected,1
607182,223577,5005,2023-12-13,Wrong Product,1
607183,253478,5388,2024-12-31,Damaged,1
607184,270986,5180,2025-03-23,Damaged,1
607185,293795,5144,2024-05-02,Wrong Product,1
607186,271461,5175,2023-09-16,Damaged,1
607187,234727,5452,2024-02-03,Size/Fit Issue,1
607188,228131,5309,2024-11-28,Damaged,1
607189,251315,5128,2024-09-29,Changed Mind,1
607190,261801,5280,2025-11-01,Changed Mind,1
607191,292731,5007,2024-09-29,Wrong Product,1
607192,208210,5074,2023-03-07,Not as Expected,1
607193,214428,5318,2024-04-19,Not as Expected,1
607194,259105,5019,2023-11-28,Size/Fit Issue,1
607195,236263,5466,2023-10-09,Changed Mind,1
607196,287404,5316,2023-01-25,Damaged,1
607197,265477,5076,2025-06-15,Size/Fit Issue,1
607198,262374,5270,2023-10-02,Wrong Product,1
607199,289506,5457,2023-04-15,Size/Fit Issue,1
607200,217635,5034,2025-07-23,Size/Fit Issue,1
607201,201452,5226,2023-01-24,Size/Fit Issue,1
607202,282274,5115,2024-01-26,Size/Fit Issue,1
607203,272289,5429,2025-04-28,Wrong Product,1
607204,287133,5184,2024-08-24,Damaged,1
607205,232959,5173,2024-09-30,Damaged,2
607206,208838,5236,2025-03-24,Size/Fit Issue,1
607207,252249,5376,2025-04-21,Damaged,1
607208,263832,5017,2023-04-28,Not as Expected,1
607209,275137,5446,2023-09-02,Not as Expected,1
607210,270172,5461,2025-06-09,Changed Mind,1
607211,250495,5048,2023-06-08,Not as Expected,1
607212,201080,5374,2025-04-18,Not as Expected,1
607213,237011,5142,2025-04-16,Size/Fit Issue,1
607214,291665,5061,2025-05-13,Not as Expected,1
607215,200975,5434,2023-11-09,Damaged,1
607216,269033,5438,2025-03-15,Size/Fit Issue,1
607217,236782,5451,2025-08-08,Not as Expected,1
607218,260447,5094,2023-04-30,Size/Fit Issue,1
607219,287304,5216,2024-09-20,Wrong Product,1
607220,253324,5004,2024-04-08,Changed Mind,1
607221,207565,5022,2025-02-07,Not as Expected,1
607222,286479,5256,2024-11-05,Not as Expected,1
607223,284129,5164,2025-04-28,Wrong Product,1
607224,241507,5069,2023-05-11,Not as Expected,1
607225,263091,5112,2025-10-10,Damaged,1
607226,219532,5154,2024-10-15,Not as Expected,1
607227,252630,5390,2025-01-25,Not as Expected,1
607228,208439,5269,2025-10-01,Size/Fit Issue,1
607229,248489,5149,2025-05-12,Damaged,1
607230,204496,5097,2024-04-05,Damaged,1
607231,211897,5366,2024-08-31,Wrong Product,1
607232,255606,5476,2023-10-31,Not as Expected,1
607233,294372,5440,2024-12-21,Changed Mind,1
607234,200366,5405,2025-11-01,Size/Fit Issue,1
607235,224373,5435,2023-07-22,Size/Fit Issue,1
607236,218345,5069,2024-08-19,Size/Fit Issue,1
607237,224572,5025,2024-10-16,Damaged,1
607238,289072,5332,2024-08-16,Wrong Product,1
607239,290451,5297,2025-01-27,Size/Fit Issue,1
607240,245843,5466,2023-05-21,Wrong Product,1
607241,238822,5445,2023-05-10,Changed Mind,1
607242,225639,5231,2023-12-19,Size/Fit Issue,1
607243,219246,5305,2025-08-08,Wrong Product,1
607244,277559,5157,2025-04-09,Changed Mind,1
607245,234588,5294,2023-07-22,Wrong Product,1
607246,224616,5351,2025-07-01,Size/Fit Issue,1
607247,209107,5073,2024-12-22,Size/Fit Issue,1
607248,262731,5069,2024-03-30,Not as Expected,1
607249,267981,5093,2024-05-01,Not as Expected,1
607250,206427,5247,2025-05-15,Size/Fit Issue,1
607251,240214,5313,2025-12-10,Size/Fit Issue,1
607252,256280,5416,2024-07-20,Damaged,1
607253,217656,5125,2023-03-03,Changed Mind,1
607254,217684,5249,2024-10-25,Changed Mind,1
607255,281582,5083,2025-06-03,Wrong Product,1
607256,236799,5294,2024-04-09,Wrong Product,1
607257,298555,5441,2025-12-23,Changed Mind,1
607258,227554,5297,2024-12-21,Size/Fit Issue,1
607259,279629,5107,2024-09-02,Damaged,1
607260,282020,5321,2023-08-24,Damaged,1
607261,262257,5015,2024-12-29,Not as Expected,1
607262,211881,5362,2025-12-12,Size/Fit Issue,1
607263,267382,5233,2024-05-09,Size/Fit Issue,1
607264,230578,5272,2025-04-02,Wrong Product,1
607265,258929,5023,2025-01-30,Damaged,1
607266,200558,5188,2025-01-24,Damaged,1
607267,239622,5045,2023-06-07,Changed Mind,1
607268,251540,5003,2024-10-19,Size/Fit Issue,1
607269,228263,5153,2025-05-25,Damaged,1
607270,262153,5242,2023-07-09,Damaged,1
607271,280840,5207,2025-01-29,Changed Mind,1
607272,256654,5269,2024-04-24,Size/Fit Issue,1
607273,218201,5477,2024-05-02,Damaged,1
607274,266524,5399,2024-05-02,Not as Expected,1
607275,245200,5427,2025-09-06,Changed Mind,1
607276,282023,5349,2024-09-15,Not as Expected,1
607277,210167,5292,2025-09-02,Wrong Product,1
607278,248481,5018,2024-08-17,Changed Mind,2
607279,280416,5052,2025-07-01,Wrong Product,1
607280,241532,5429,2023-04-08,Size/Fit Issue,2
607281,280995,5129,2024-06-06,Size/Fit Issue,1
607282,219260,5104,2025-01-20,Damaged,1
607283,273880,5126,2024-05-05,Size/Fit Issue,1
607284,212507,5111,2023-11-18,Size/Fit Issue,1
607285,218396,5457,2024-09-20,Changed Mind,1
607286,298012,5271,2025-12-18,Size/Fit Issue,1
607287,220205,5337,2024-07-17,Changed Mind,1
607288,200917,5293,2025-10-31,Size/Fit Issue,1
607289,207191,5028,2024-03-01,Size/Fit Issue,1
607290,211403,5223,2024-12-25,Changed Mind,1
607291,291191,5418,2025-04-26,Wrong Product,1
607292,253947,5290,2023-03-27,Not as Expected,1
607293,213173,5376,2023-05-23,Damaged,1
607294,293722,5218,2024-11-20,Size/Fit Issue,1
607295,271388,5245,2024-01-29,Size/Fit Issue,1
607296,213562,5322,2024-08-19,Size/Fit Issue,1
607297,224936,5386,2025-06-11,Not as Expected,1
607298,207833,5048,2024-08-28,Size/Fit Issue,1
607299,256656,5278,2024-04-15,Wrong Product,1
607300,205382,5403,2023-04-02,Not as Expected,1
607301,284382,5467,2023-05-25,Size/Fit Issue,1
607302,269312,5081,2025-05-08,Wrong Product,1
607303,230468,5227,2024-01-10,Wrong Product,1
607304,269472,5194,2024-12-15,Damaged,1
607305,258092,5045,2024-03-15,Damaged,1
607306,203874,5226,2023-10-21,Changed Mind,1
607307,288466,5296,2025-11-27,Size/Fit Issue,1
607308,253069,5300,2025-03-05,Damaged,1
607309,216890,5095,2024-05-10,Size/Fit Issue,1
607310,246240,5068,2025-12-02,Size/Fit Issue,1
607311,233076,5112,2025-10-22,Not as Expected,1
607312,254421,5296,2023-05-03,Damaged,1
607313,287553,5364,2023-09-11,Size/Fit Issue,1
607314,232645,5011,2025-05-14,Size/Fit Issue,1
607315,225893,5332,2023-06-22,Not as Expected,1
607316,214784,5436,2025-06-08,Changed Mind,1
607317,277571,5122,2025-07-14,Changed Mind,1
607318,269327,5225,2023-08-23,Not as Expected,1
607319,299196,5071,2025-05-29,Changed Mind,1
607320,233028,5444,2025-09-30,Wrong Product,1
607321,213992,5130,2025-12-17,Size/Fit Issue,1
607322,263492,5408,2023-12-26,Wrong Product,1
607323,257683,5305,2023-07-27,Damaged,1
607324,286674,5049,2023-07-18,Damaged,1
607325,280846,5209,2023-11-21,Not as Expected,1
607326,271726,5226,2025-10-02,Size/Fit Issue,1
607327,206928,5009,2024-11-30,Not as Expected,1
607328,276330,5422,2024-04-12,Wrong Product,1
607329,274399,5444,2024-09-17,Damaged,1
607330,274733,5385,2024-05-28,Not as Expected,1
607331,290498,5368,2023-10-14,Wrong Product,1
607332,259655,5005,2024-10-16,Damaged,1
607333,299286,5267,2024-09-04,Damaged,1
607334,259234,5243,2025-01-05,Changed Mind,1
607335,266215,5132,2025-09-29,Changed Mind,1
607336,287549,5369,2025-05-26,Size/Fit Issue,1
607337,206548,5330,2025-08-04,Size/Fit Issue,1
607338,288182,5339,2023-02-14,Not as Expected,1
607339,276193,5122,2024-11-17,Size/Fit Issue,1
607340,245210,5043,2025-04-23,Changed Mind,1
607341,258264,5013,2025-04-09,Not as Expected,1
607342,200539,5407,2024-10-07,Size/Fit Issue,1
607343,295775,5332,2024-07-21,Wrong Product,1
607344,279104,5179,2025-09-06,Wrong Product,1
607345,277390,5237,2025-05-25,Not as Expected,1
607346,288926,5122,2025-02-23,Wrong Product,1
607347,273591,5341,2024-10-29,Damaged,1
607348,277143,5088,2025-02-12,Not as Expected,1
607349,223272,5051,2024-05-17,Changed Mind,1
607350,241874,5468,2023-08-24,Size/Fit Issue,1
607351,212541,5086,2023-08-03,Size/Fit Issue,1
607352,288198,5101,2024-08-17,Damaged,1
607353,281068,5368,2023-10-26,Changed Mind,1
607354,270485,5374,2025-01-18,Damaged,1
607355,266717,5085,2024-08-19,Size/Fit Issue,1
607356,287746,5045,2025-10-04,Not as Expected,1
607357,228663,5146,2024-02-11,Damaged,1
607358,251800,5469,2024-03-20,Not as Expected,1
607359,264414,5339,2023-01-12,Not as Expected,1
607360,260340,5343,2025-10-27,Changed Mind,1
607361,281522,5091,2025-02-21,Changed Mind,1
607362,210021,5041,2023-06-08,Wrong Product,1
607363,223553,5032,2024-03-05,Changed Mind,1
607364,254059,5033,2023-08-01,Size/Fit Issue,1
607365,224519,5257,2024-06-27,Damaged,1
607366,284030,5365,2024-11-08,Size/Fit Issue,1
607367,205883,5050,2024-07-14,Size/Fit Issue,1
607368,289660,5300,2025-09-18,Not as Expected,1
607369,275336,5024,2024-10-19,Wrong Product,1
607370,224275,5419,2023-09-07,Not as Expected,1
607371,210740,5198,2023-02-02,Size/Fit Issue,1
607372,237086,5167,2025-09-09,Size/Fit Issue,1
607373,212698,5115,2024-08-17,Changed Mind,1
607374,269089,5110,2023-11-23,Size/Fit Issue,1
607375,228806,5419,2024-01-13,Not as Expected,1
607376,226518,5288,2024-07-18,Changed Mind,1
607377,240830,5001,2025-05-31,Not as Expected,1
607378,223418,5435,2024-01-12,Wrong Product,1
607379,206680,5099,2025-01-22,Changed Mind,1
607380,282837,5410,2024-02-29,Changed Mind,2
607381,293492,5448,2025-10-19,Damaged,1
607382,275546,5298,2024-05-23,Changed Mind,1
607383,260793,5158,2023-02-06,Wrong Product,1
607384,225036,5198,2023-04-03,Not as Expected,1
607385,200677,5275,2023-07-02,Damaged,1
607386,276465,5099,2025-10-03,Changed Mind,1
607387,279195,5102,2024-10-02,Not as Expected,1
607388,244548,5094,2024-11-10,Changed Mind,1
607389,279640,5048,2025-11-04,Size/Fit Issue,1
607390,294761,5133,2025-03-19,Size/Fit Issue,1
607391,258704,5365,2023-12-23,Not as Expected,1
607392,286323,5476,2023-07-18,Not as Expected,1
607393,266246,5023,2025-05-21,Size/Fit Issue,1
607394,204046,5206,2023-02-08,Size/Fit Issue,1
607395,266831,5226,2025-11-13,Damaged,1
607396,246229,5478,2025-07-19,Not as Expected,1
607397,280762,5356,2023-08-15,Damaged,1
607398,200957,5162,2023-12-15,Wrong Product,1
607399,286266,5347,2024-08-10,Size/Fit Issue,1
607400,225759,5046,2025-04-16,Damaged,1
607401,244639,5117,2025-01-23,Damaged,1
607402,289015,5016,2023-11-12,Damaged,1
607403,207633,5327,2023-08-11,Damaged,1
607404,297019,5297,2023-04-11,Changed Mind,1
607405,256221,5399,2023-02-26,Size/Fit Issue,1
607406,258483,5406,2024-12-03,Damaged,1
607407,240882,5338,2023-05-10,Wrong Product,1
607408,280660,5125,2025-08-27,Damaged,1
607409,241653,5004,2024-11-08,Size/Fit Issue,1
607410,259114,5152,2024-08-19,Changed Mind,1
607411,240704,5246,2024-09-13,Wrong Product,1
607412,220869,5226,2025-08-22,Size/Fit Issue,1
607413,201354,5206,2025-12-22,Damaged,1
607414,240015,5103,2025-02-20,Wrong Product,1
607415,228163,5346,2024-01-28,Size/Fit Issue,1
607416,230303,5320,2025-02-07,Damaged,1
607417,249358,5355,2025-05-08,Changed Mind,1
607418,236314,5114,2026-01-14,Changed Mind,1
607419,275144,5171,2024-12-08,Damaged,1
607420,208108,5218,2023-08-14,Not as Expected,1
607421,219811,5303,2024-01-05,Size/Fit Issue,1
607422,264081,5147,2024-03-17,Changed Mind,1
607423,245336,5379,2025-06-08,Size/Fit Issue,1
607424,246212,5421,2025-03-17,Size/Fit Issue,1
607425,272074,5340,2023-09-30,Wrong Product,2
607426,256935,5206,2025-10-17,Size/Fit Issue,1
607427,262858,5354,2024-01-19,Changed Mind,1
607428,229476,5134,2023-08-17,Damaged,1
607429,298888,5029,2023-12-20,Wrong Product,1
607430,211652,5040,2024-02-28,Not as Expected,1
607431,244575,5116,2025-05-25,Not as Expected,1
607432,255481,5290,2024-10-29,Damaged,1
607433,292219,5434,2023-08-18,Damaged,1
607434,258186,5416,2023-02-13,Changed Mind,1
607435,236172,5182,2024-08-15,Size/Fit Issue,1
607436,280460,5454,2024-08-02,Not as Expected,1
607437,279211,5380,2025-01-30,Size/Fit Issue,1
607438,224229,5290,2025-10-05,Not as Expected,1
607439,247974,5033,2025-01-15,Size/Fit Issue,1
607440,219448,5295,2023-08-07,Damaged,1
607441,258836,5443,2024-05-14,Size/Fit Issue,1
607442,231502,5228,2023-11-19,Size/Fit Issue,1
607443,209553,5399,2025-12-24,Size/Fit Issue,1
607444,223945,5302,2024-11-21,Size/Fit Issue,1
607445,266193,5165,2024-09-12,Not as Expected,1
607446,223458,5026,2025-12-05,Wrong Product,1
607447,276885,5372,2025-11-18,Changed Mind,1
607448,269292,5121,2024-07-21,Size/Fit Issue,1
607449,210744,5069,2023-05-06,Size/Fit Issue,1
607450,211526,5477,2024-07-26,Damaged,2
607451,274149,5144,2023-09-21,Size/Fit Issue,1
607452,221282,5156,2023-02-05,Size/Fit Issue,1
607453,282991,5097,2024-09-30,Size/Fit Issue,1
607454,201063,5107,2023-08-31,Changed Mind,1
607455,295827,5086,2025-11-28,Wrong Product,1
607456,207251,5098,2024-01-23,Damaged,1
607457,205774,5070,2023-10-09,Size/Fit Issue,1
607458,220857,5262,2023-09-16,Not as Expected,1
607459,256197,5442,2023-06-01,Wrong Product,1
607460,273199,5449,2024-06-18,Not as Expected,1
607461,282363,5292,2024-09-30,Size/Fit Issue,1
607462,259893,5268,2023-11-19,Wrong Product,1
607463,249816,5126,2024-10-19,Size/Fit Issue,1
607464,292193,5191,2024-02-14,Damaged,1
607465,268029,5421,2025-01-25,Wrong Product,1
607466,282949,5191,2025-12-25,Size/Fit Issue,1
607467,225905,5440,2025-12-06,Damaged,1
607468,236227,5289,2025-05-20,Damaged,1
607469,234052,5145,2025-09-05,Damaged,1
607470,219581,5257,2023-08-08,Size/Fit Issue,1
607471,278407,5431,2024-12-22,Not as Expected,1
607472,262437,5398,2025-02-05,Wrong Product,1
607473,278422,5346,2024-03-23,Damaged,2
607474,283083,5034,2024-01-28,Damaged,1
607475,218487,5012,2025-01-11,Changed Mind,1
607476,240131,5185,2023-10-12,Changed Mind,1
607477,222077,5321,2025-11-03,Size/Fit Issue,1
607478,290642,5429,2025-03-22,Wrong Product,1
607479,221203,5327,2025-08-18,Changed Mind,1
607480,236566,5098,2023-07-28,Not as Expected,1
607481,244364,5355,2024-02-10,Damaged,1
607482,294931,5044,2024-01-07,Size/Fit Issue,1
607483,278858,5367,2024-11-05,Not as Expected,1
607484,258057,5429,2024-06-04,Changed Mind,1
607485,262957,5466,2023-10-14,Damaged,1
607486,267015,5085,2024-04-23,Size/Fit Issue,1
607487,241950,5150,2025-02-25,Size/Fit Issue,1
607488,280669,5188,2023-07-15,Size/Fit Issue,1
607489,271406,5272,2025-02-22,Not as Expected,1
607490,268187,5304,2023-06-22,Size/Fit Issue,1
607491,234658,5330,2024-11-14,Size/Fit Issue,1
607492,295614,5144,2024-08-16,Wrong Product,1
607493,200406,5325,2025-04-05,Size/Fit Issue,1
607494,266182,5198,2024-11-19,Not as Expected,1
607495,238515,5184,2023-08-16,Wrong Product,1
607496,209348,5128,2025-02-15,Wrong Product,1
607497,227138,5032,2025-04-21,Damaged,1
607498,210264,5443,2024-10-26,Damaged,1
607499,283500,5234,2023-06-26,Size/Fit Issue,1
607500,231648,5142,2023-08-03,Not as Expected,1
607501,267432,5206,2023-09-15,Changed Mind,1
607502,255763,5210,2025-07-11,Size/Fit Issue,1
607503,285106,5408,2025-09-09,Size/Fit Issue,1
607504,201388,5276,2023-06-03,Size/Fit Issue,1
607505,243931,5380,2026-01-15,Damaged,1
607506,292096,5275,2024-07-30,Size/Fit Issue,1
607507,276476,5289,2025-03-15,Size/Fit Issue,1
607508,240545,5229,2024-08-22,Not as Expected,1
607509,207905,5430,2025-07-11,Size/Fit Issue,1
607510,269590,5274,2024-09-23,Damaged,1
607511,205537,5336,2025-02-03,Size/Fit Issue,1
607512,276627,5017,2024-11-25,Size/Fit Issue,1
607513,246951,5414,2024-03-09,Not as Expected,1
607514,213367,5329,2024-05-03,Size/Fit Issue,1
607515,279429,5392,2023-06-28,Damaged,1
607516,205004,5418,2025-06-16,Wrong Product,1
607517,251492,5049,2024-11-05,Size/Fit Issue,1
607518,238960,5117,2024-10-23,Damaged,1
607519,263580,5168,2026-01-01,Damaged,1
607520,286534,5185,2023-12-22,Not as Expected,1
607521,256690,5315,2025-02-04,Wrong Product,1
607522,294818,5016,2024-04-09,Not as Expected,1
607523,219600,5027,2025-01-17,Not as Expected,1
607524,283592,5469,2023-04-01,Wrong Product,1
607525,282343,5250,2024-04-14,Changed Mind,1
607526,274398,5367,2025-01-03,Damaged,1
607527,283720,5073,2025-01-12,Size/Fit Issue,1
607528,234064,5125,2025-04-23,Size/Fit Issue,1
607529,213330,5148,2025-01-19,Not as Expected,1
607530,206762,5366,2024-11-17,Size/Fit Issue,1
607531,254154,5306,2025-09-08,Not as Expected,2
607532,295149,5075,2024-03-05,Damaged,1
607533,225545,5237,2024-01-05,Wrong Product,1
607534,241218,5275,2024-06-13,Size/Fit Issue,1
607535,201426,5353,2025-12-08,Wrong Product,1
607536,237216,5397,2025-03-09,Changed Mind,1
607537,226776,5278,2025-02-04,Size/Fit Issue,1
607538,248909,5371,2024-06-26,Damaged,1
607539,276558,5306,2024-12-24,Size/Fit Issue,1
607540,225575,5189,2023-07-26,Changed Mind,1
607541,264631,5387,2024-08-11,Damaged,1
607542,214740,5263,2025-11-10,Size/Fit Issue,1
607543,207126,5153,2024-04-26,Damaged,1
607544,237424,5093,2024-10-25,Wrong Product,1
607545,209778,5295,2024-12-22,Damaged,1
607546,237248,5322,2023-09-27,Wrong Product,1
607547,267445,5282,2023-05-24,Not as Expected,1
607548,291844,5368,2024-07-15,Wrong Product,1
607549,245449,5362,2025-08-09,Size/Fit Issue,1
607550,241492,5312,2024-06-15,Damaged,1
607551,261639,5297,2025-07-23,Changed Mind,1
607552,213902,5464,2025-10-28,Not as Expected,1
607553,234966,5049,2023-10-09,Damaged,1
607554,281792,5363,2023-07-14,Size/Fit Issue,1
607555,271483,5216,2024-04-26,Not as Expected,1
607556,256388,5322,2025-02-06,Size/Fit Issue,1
607557,240461,5281,2024-07-23,Size/Fit Issue,1
607558,214603,5303,2025-05-02,Size/Fit Issue,1
607559,297143,5473,2023-05-09,Size/Fit Issue,1
607560,231320,5164,2025-11-04,Damaged,1
607561,243514,5337,2024-05-30,Damaged,1
607562,273392,5202,2024-05-03,Wrong Product,1
607563,223966,5478,2025-10-22,Damaged,1
607564,217437,5074,2024-09-17,Not as Expected,1
607565,256437,5158,2024-02-06,Changed Mind,1
607566,296805,5252,2024-05-28,Wrong Product,1
607567,211581,5297,2025-03-03,Size/Fit Issue,1
607568,225345,5326,2023-09-17,Changed Mind,1
607569,245240,5158,2024-10-30,Size/Fit Issue,1
607570,274411,5400,2025-01-25,Not as Expected,1
607571,298859,5195,2025-09-09,Not as Expected,1
607572,232188,5375,2024-03-13,Wrong Product,1
607573,207365,5110,2025-08-11,Size/Fit Issue,1
607574,221659,5392,2025-10-09,Damaged,1
607575,229417,5353,2025-12-07,Not as Expected,1
607576,261186,5070,2025-05-27,Size/Fit Issue,1
607577,266109,5437,2024-07-24,Wrong Product,1
607578,279554,5224,2024-12-22,Size/Fit Issue,1
607579,242688,5288,2025-05-25,Size/Fit Issue,1
607580,284666,5186,2024-07-30,Changed Mind,1
607581,217944,5158,2025-11-01,Not as Expected,1
607582,203573,5246,2024-11-30,Not as Expected,1
607583,279969,5093,2025-06-04,Not as Expected,1
607584,271777,5197,2024-02-27,Size/Fit Issue,1
607585,278878,5117,2023-09-24,Size/Fit Issue,1
607586,220075,5344,2025-07-20,Wrong Product,1
607587,297338,5374,2023-05-13,Size/Fit Issue,1
607588,247920,5245,2024-09-13,Damaged,1
607589,221912,5462,2025-08-11,Changed Mind,1
607590,270275,5321,2024-03-04,Damaged,1
607591,217549,5282,2025-12-24,Size/Fit Issue,1
607592,235897,5154,2024-09-05,Not as Expected,1
607593,248232,5298,2025-02-08,Not as Expected,1
607594,272142,5175,2025-09-18,Damaged,1
607595,235597,5051,2023-05-20,Size/Fit Issue,1
607596,204287,5461,2024-08-14,Changed Mind,1
607597,213896,5003,2024-10-22,Damaged,1
607598,243196,5321,2024-02-21,Wrong Product,1
607599,282025,5292,2025-09-18,Changed Mind,1
607600,221782,5063,2025-08-29,Size/Fit Issue,1
607601,235154,5396,2024-10-11,Damaged,1
607602,200498,5250,2023-06-02,Not as Expected,1
607603,293542,5466,2023-02-06,Damaged,1
607604,278593,5437,2026-01-09,Not as Expected,1
607605,284749,5424,2025-05-06,Wrong Product,1
607606,221634,5218,2025-12-15,Damaged,1
607607,206114,5028,2024-07-30,Wrong Product,1
607608,256488,5094,2023-11-21,Wrong Product,1
607609,228302,5323,2025-01-31,Damaged,1
607610,285377,5048,2024-03-25,Not as Expected,1
607611,299732,5346,2025-01-10,Wrong Product,1
607612,283246,5457,2023-04-01,Changed Mind,1
607613,251988,5279,2025-08-04,Not as Expected,1
607614,217068,5376,2025-04-14,Wrong Product,1
607615,235232,5076,2024-12-04,Changed Mind,1
607616,231056,5257,2025-01-25,Size/Fit Issue,1
607617,269042,5135,2023-08-30,Size/Fit Issue,1
607618,225731,5364,2024-11-01,Changed Mind,1
607619,287214,5285,2024-07-31,Wrong Product,1
607620,211500,5214,2025-04-17,Size/Fit Issue,1
607621,279620,5036,2024-03-22,Wrong Product,1
607622,280918,5318,2025-01-23,Damaged,1
607623,266574,5099,2024-05-14,Not as Expected,1
607624,201238,5461,2023-12-31,Size/Fit Issue,1
607625,201475,5416,2023-04-06,Wrong Product,1
607626,239844,5229,2024-12-29,Not as Expected,1
607627,224391,5404,2025-12-28,Size/Fit Issue,1
607628,298579,5218,2024-06-04,Not as Expected,1
607629,230633,5096,2023-09-19,Size/Fit Issue,1
607630,246736,5371,2024-07-13,Not as Expected,1
607631,299575,5265,2025-12-04,Wrong Product,1
607632,207891,5086,2025-02-28,Changed Mind,1
607633,218970,5461,2025-10-17,Size/Fit Issue,1
607634,248763,5423,2025-05-25,Not as Expected,1
607635,218012,5404,2025-07-15,Not as Expected,1
607636,290376,5038,2025-10-29,Not as Expected,1
607637,237631,5457,2024-08-19,Not as Expected,1
607638,238186,5212,2023-03-18,Size/Fit Issue,1
607639,245896,5423,2023-09-22,Damaged,1
607640,230245,5412,2025-02-13,Not as Expected,1
607641,240208,5185,2026-01-04,Not as Expected,1
607642,215868,5402,2025-09-03,Wrong Product,1
607643,223548,5447,2024-12-25,Not as Expected,1
607644,298588,5362,2024-10-14,Damaged,1
607645,295963,5100,2023-11-02,Changed Mind,1
607646,236739,5424,2024-09-08,Size/Fit Issue,1
607647,284328,5009,2025-10-24,Damaged,1
607648,275526,5254,2023-09-02,Damaged,1
607649,297112,5121,2025-03-19,Damaged,1
607650,291690,5479,2025-06-04,Damaged,2
607651,267696,5004,2023-03-11,Changed Mind,1
607652,255377,5066,2024-04-10,Wrong Product,1
607653,211389,5313,2025-08-15,Damaged,1
607654,251451,5200,2025-09-26,Size/Fit Issue,1
607655,228846,5002,2025-08-26,Not as Expected,1
607656,216411,5245,2025-08-31,Damaged,1
607657,222400,5193,2023-08-11,Damaged,1
607658,279193,5145,2023-06-16,Damaged,1
607659,223467,5297,2023-03-07,Not as Expected,1
607660,267346,5048,2024-08-26,Not as Expected,1
607661,261807,5442,2025-03-15,Size/Fit Issue,1
607662,211788,5462,2023-12-14,Changed Mind,1
607663,292955,5026,2024-04-15,Size/Fit Issue,1
607664,290172,5387,2024-12-20,Size/Fit Issue,1
607665,232258,5319,2024-01-12,Not as Expected,1
607666,204398,5203,2024-01-28,Size/Fit Issue,1
607667,258350,5165,2025-10-25,Wrong Product,1
607668,205937,5103,2023-12-12,Not as Expected,1
607669,220536,5404,2024-11-12,Size/Fit Issue,1
607670,247214,5149,2025-07-11,Changed Mind,1
607671,272283,5167,2023-02-24,Changed Mind,1
607672,264924,5348,2023-04-30,Damaged,1
607673,284555,5091,2025-12-03,Size/Fit Issue,1
607674,237473,5272,2024-11-29,Damaged,1
607675,250364,5072,2024-04-22,Changed Mind,1
607676,286131,5398,2025-08-20,Wrong Product,1
607677,239806,5109,2024-05-23,Not as Expected,1
607678,292967,5131,2024-08-05,Not as Expected,1
607679,264730,5301,2025-11-22,Size/Fit Issue,1
607680,238987,5007,2023-09-08,Damaged,1
607681,215889,5067,2025-02-22,Not as Expected,1
607682,251351,5467,2025-11-24,Changed Mind,1
607683,216304,5443,2023-12-28,Changed Mind,1
607684,269670,5313,2025-04-10,Damaged,1
607685,292741,5358,2025-01-07,Not as Expected,1
607686,294536,5042,2024-12-10,Not as Expected,1
607687,213047,5237,2024-03-11,Changed Mind,1
607688,231120,5090,2023-09-23,Not as Expected,1
607689,274739,5200,2023-04-19,Size/Fit Issue,1
607690,231554,5109,2025-07-20,Not as Expected,1
607691,227275,5076,2025-05-21,Not as Expected,1
607692,294824,5309,2024-10-06,Size/Fit Issue,1
607693,283928,5244,2025-07-12,Wrong Product,1
607694,298415,5308,2024-01-12,Size/Fit Issue,1
607695,260408,5463,2023-09-12,Size/Fit Issue,1
607696,294091,5047,2024-08-24,Damaged,1
607697,273055,5104,2025-09-13,Not as Expected,1
607698,288574,5437,2024-04-05,Not as Expected,1
607699,241703,5193,2024-07-30,Changed Mind,1
607700,289754,5195,2025-06-18,Not as Expected,1
607701,222893,5276,2023-11-14,Size/Fit Issue,1
607702,211280,5433,2024-11-11,Wrong Product,1
607703,222564,5160,2023-06-24,Wrong Product,1
607704,211187,5229,2025-02-11,Changed Mind,1
607705,201429,5332,2025-10-28,Not as Expected,1
607706,255526,5114,2023-09-18,Damaged,1
607707,293992,5225,2025-11-13,Damaged,1
607708,233650,5355,2025-08-24,Wrong Product,1
607709,230616,5207,2025-07-01,Wrong Product,1
607710,201765,5073,2023-12-09,Damaged,1
607711,292373,5334,2024-06-15,Not as Expected,1
607712,242258,5326,2024-09-06,Changed Mind,1
607713,273007,5260,2025-03-22,Changed Mind,1
607714,253054,5374,2024-03-20,Size/Fit Issue,1
607715,274499,5119,2025-03-07,Changed Mind,1
607716,268623,5085,2023-10-07,Size/Fit Issue,1
607717,299678,5209,2026-01-04,Wrong Product,1
607718,251038,5044,2024-06-05,Size/Fit Issue,1
607719,234950,5314,2023-10-19,Wrong Product,1
607720,265154,5323,2025-05-04,Size/Fit Issue,1
607721,235937,5408,2024-06-08,Size/Fit Issue,1
607722,227800,5226,2025-09-03,Damaged,1
607723,201111,5301,2025-11-20,Changed Mind,1
607724,273521,5242,2024-10-18,Damaged,1
607725,214080,5384,2025-02-18,Not as Expected,1
607726,295185,5273,2024-11-04,Size/Fit Issue,1
607727,294621,5368,2025-12-06,Wrong Product,1
607728,282333,5098,2024-07-17,Not as Expected,1
607729,253386,5047,2025-03-27,Damaged,1
607730,243194,5376,2023-05-05,Not as Expected,1
607731,229299,5052,2024-04-29,Size/Fit Issue,1
607732,228020,5098,2024-04-29,Size/Fit Issue,1
607733,203833,5243,2025-11-16,Damaged,1
607734,290462,5133,2025-01-11,Size/Fit Issue,1
607735,232206,5391,2024-03-31,Not as Expected,1
607736,291045,5164,2025-06-06,Changed Mind,1
607737,210381,5432,2024-05-22,Changed Mind,1
607738,241706,5377,2024-08-20,Not as Expected,1
607739,265720,5422,2025-11-03,Damaged,1
607740,217366,5402,2024-09-08,Size/Fit Issue,1
607741,292481,5327,2024-02-14,Wrong Product,1
607742,200631,5134,2025-11-26,Damaged,1
607743,266742,5423,2024-06-27,Not as Expected,1
607744,281239,5349,2024-09-27,Size/Fit Issue,1
607745,281037,5267,2023-09-25,Wrong Product,1
607746,287020,5172,2025-12-18,Damaged,1
607747,216180,5014,2025-10-24,Not as Expected,1
607748,269102,5458,2023-08-15,Damaged,1
607749,274667,5269,2025-01-13,Wrong Product,1
607750,260154,5083,2024-05-05,Size/Fit Issue,1
607751,253752,5084,2023-12-11,Not as Expected,1
607752,276560,5033,2024-10-04,Wrong Product,1
607753,238773,5210,2025-12-28,Not as Expected,1
607754,224237,5359,2025-11-12,Size/Fit Issue,1
607755,262151,5071,2025-01-23,Damaged,1
607756,251785,5349,2023-10-31,Damaged,1
607757,264811,5113,2024-09-14,Changed Mind,1
607758,216689,5368,2024-03-20,Wrong Product,1
607759,201782,5215,2025-05-23,Wrong Product,1
607760,212824,5206,2023-09-19,Changed Mind,1
607761,204219,5268,2025-01-06,Wrong Product,1
607762,231797,5317,2024-02-03,Size/Fit Issue,1
607763,210330,5129,2023-08-25,Wrong Product,1
607764,246267,5082,2023-06-16,Not as Expected,1
607765,250957,5462,2024-05-01,Damaged,1
607766,219156,5069,2024-03-05,Size/Fit Issue,1
607767,255528,5308,2023-10-12,Not as Expected,1
607768,244629,5230,2025-12-23,Damaged,1
607769,230920,5316,2025-10-08,Wrong Product,1
607770,242341,5428,2025-03-11,Size/Fit Issue,1
607771,265999,5179,2023-07-02,Wrong Product,1
607772,247815,5462,2025-12-06,Wrong Product,1
607773,292690,5011,2025-08-15,Damaged,1
607774,295952,5232,2023-10-26,Wrong Product,1
607775,265594,5461,2025-12-20,Not as Expected,1
607776,204441,5163,2023-06-09,Wrong Product,1
607777,212638,5425,2024-12-18,Not as Expected,1
607778,287514,5386,2025-01-12,Not as Expected,1
607779,266223,5385,2024-05-25,Size/Fit Issue,1
607780,217990,5239,2024-08-05,Size/Fit Issue,1
607781,224822,5402,2025-09-01,Size/Fit Issue,1
607782,286031,5192,2025-12-15,Not as Expected,1
607783,249259,5136,2025-02-18,Size/Fit Issue,1
607784,247520,5013,2023-12-13,Size/Fit Issue,1
607785,289668,5090,2024-10-01,Size/Fit Issue,1
607786,292156,5086,2025-01-14,Changed Mind,1
607787,242051,5095,2025-07-27,Damaged,1
607788,204489,5332,2025-12-29,Not as Expected,1
607789,262134,5367,2023-08-01,Damaged,1
607790,206703,5465,2023-07-25,Changed Mind,1
607791,268448,5080,2025-04-14,Size/Fit Issue,1
607792,264881,5087,2023-04-10,Damaged,1
607793,232843,5271,2024-06-10,Wrong Product,1
607794,274956,5423,2024-12-31,Wrong Product,1
607795,209658,5087,2024-02-27,Size/Fit Issue,1
607796,210262,5374,2024-11-10,Size/Fit Issue,1
607797,209792,5204,2025-12-01,Damaged,1
607798,271369,5236,2024-11-08,Not as Expected,1
607799,264276,5204,2025-01-21,Not as Expected,1
607800,272885,5109,2026-01-13,Size/Fit Issue,1
607801,292589,5415,2023-02-11,Damaged,1
607802,232251,5354,2024-09-16,Not as Expected,1
607803,207357,5331,2025-11-05,Size/Fit Issue,1
607804,251144,5466,2025-10-20,Size/Fit Issue,1
607805,276477,5155,2025-07-20,Changed Mind,1
607806,264012,5076,2024-08-04,Not as Expected,1
607807,270050,5418,2023-11-03,Size/Fit Issue,1
607808,218334,5243,2025-03-27,Size/Fit Issue,1
607809,249749,5214,2024-08-15,Damaged,1
607810,280531,5270,2023-12-07,Size/Fit Issue,1
607811,285197,5029,2025-07-29,Size/Fit Issue,1
607812,208809,5202,2024-08-30,Wrong Product,1
607813,269031,5146,2024-11-03,Size/Fit Issue,1
607814,213003,5421,2025-01-07,Wrong Product,1
607815,211408,5233,2023-11-23,Size/Fit Issue,1
607816,230673,5024,2023-09-14,Size/Fit Issue,1
607817,266887,5308,2024-10-11,Not as Expected,1
607818,232865,5411,2025-10-17,Wrong Product,1
607819,251255,5213,2025-04-09,Size/Fit Issue,1
607820,280389,5437,2025-01-21,Not as Expected,1
607821,243148,5475,2024-12-06,Size/Fit Issue,1
607822,247730,5363,2023-12-29,Damaged,1
607823,244829,5420,2024-06-20,Size/Fit Issue,1
607824,276980,5443,2025-12-23,Wrong Product,1
607825,251861,5148,2025-01-04,Damaged,1
607826,237744,5128,2025-02-27,Wrong Product,1
607827,225422,5096,2025-10-07,Changed Mind,1
607828,268211,5136,2024-03-05,Not as Expected,1
607829,211391,5455,2023-11-30,Damaged,1
607830,257209,5284,2025-01-14,Not as Expected,1
607831,223795,5173,2023-09-19,Changed Mind,1
607832,298529,5172,2025-04-01,Wrong Product,1
607833,222039,5130,2023-06-26,Size/Fit Issue,1
607834,213550,5320,2025-12-29,Damaged,1
607835,266452,5079,2023-06-15,Size/Fit Issue,1
607836,235685,5231,2023-08-04,Wrong Product,1
607837,234993,5344,2024-03-29,Size/Fit Issue,1
607838,265336,5024,2024-10-06,Damaged,1
607839,247206,5229,2023-10-05,Not as Expected,1
607840,295302,5068,2024-07-08,Not as Expected,1
607841,290394,5074,2024-08-20,Not as Expected,1
607842,299163,5009,2024-06-13,Size/Fit Issue,1
607843,227476,5349,2025-02-13,Size/Fit Issue,1
607844,217275,5322,2024-12-22,Size/Fit Issue,1
607845,239829,5344,2023-01-27,Damaged,1
607846,289924,5025,2025-02-25,Damaged,1
607847,240244,5009,2023-03-31,Size/Fit Issue,1
607848,239157,5265,2024-05-07,Wrong Product,1
607849,214903,5153,2023-11-30,Not as Expected,1
607850,223320,5335,2024-05-06,Damaged,1
607851,247944,5409,2023-02-02,Size/Fit Issue,1
607852,259591,5394,2025-10-18,Not as Expected,1
607853,289666,5473,2024-05-25,Not as Expected,1
607854,229853,5331,2023-09-16,Size/Fit Issue,1
607855,222107,5472,2025-09-14,Size/Fit Issue,1
607856,200397,5304,2024-12-19,Not as Expected,1
607857,219721,5044,2025-02-19,Damaged,1
607858,218236,5240,2024-12-09,Not as Expected,1
607859,209209,5442,2025-02-14,Size/Fit Issue,1
607860,201039,5414,2025-08-31,Not as Expected,1
607861,262176,5478,2024-03-29,Damaged,1
607862,264962,5104,2023-11-21,Damaged,1
607863,231972,5406,2024-11-15,Size/Fit Issue,1
607864,200843,5223,2025-06-03,Changed Mind,1
607865,228091,5290,2023-03-13,Changed Mind,1
607866,228914,5329,2025-10-05,Wrong Product,1
607867,248698,5079,2024-12-23,Wrong Product,1
607868,274566,5398,2025-04-29,Damaged,1
607869,266077,5141,2023-05-29,Wrong Product,1
607870,285466,5007,2024-03-08,Size/Fit Issue,1
607871,259953,5098,2025-02-23,Not as Expected,1
607872,223132,5038,2025-04-30,Wrong Product,1
607873,289043,5011,2025-06-03,Size/Fit Issue,1
607874,254428,5380,2025-11-30,Not as Expected,1
607875,211561,5163,2025-03-16,Not as Expected,1
607876,202612,5104,2025-04-21,Size/Fit Issue,1
607877,213833,5350,2025-11-05,Changed Mind,1
607878,294445,5233,2023-06-01,Wrong Product,1
607879,249936,5293,2024-05-14,Damaged,1
607880,231131,5068,2025-12-22,Changed Mind,1
607881,224224,5144,2024-11-24,Size/Fit Issue,1
607882,218426,5180,2025-03-07,Size/Fit Issue,1
607883,282885,5346,2026-01-12,Damaged,1
607884,229498,5114,2025-02-23,Not as Expected,1
607885,208338,5193,2024-07-12,Not as Expected,1
607886,267932,5009,2025-02-22,Changed Mind,1
607887,282240,5104,2025-09-21,Size/Fit Issue,1
607888,294800,5142,2024-06-10,Changed Mind,1
607889,252508,5048,2025-05-04,Wrong Product,1
607890,237239,5250,2026-01-10,Not as Expected,1
607891,246517,5290,2024-04-24,Not as Expected,1
607892,207450,5015,2023-08-26,Damaged,1
607893,219787,5087,2023-05-18,Wrong Product,1
607894,243269,5073,2025-01-29,Damaged,1
607895,225653,5029,2023-02-04,Size/Fit Issue,1
607896,273225,5366,2024-01-23,Not as Expected,1
607897,209727,5164,2024-02-27,Not as Expected,1
607898,258736,5275,2025-09-18,Changed Mind,1
607899,226857,5117,2025-01-29,Changed Mind,1
607900,275663,5128,2025-10-30,Size/Fit Issue,1
607901,278335,5278,2024-04-24,Wrong Product,1
607902,282139,5154,2025-10-13,Size/Fit Issue,1
607903,256754,5101,2024-08-19,Size/Fit Issue,1
607904,211943,5326,2025-09-08,Changed Mind,1
607905,297411,5164,2025-01-12,Damaged,1
607906,245094,5446,2024-12-03,Wrong Product,1
607907,277732,5167,2025-06-02,Wrong Product,1
607908,261188,5323,2023-05-10,Size/Fit Issue,1
607909,233022,5035,2025-06-26,Changed Mind,1
607910,201163,5396,2024-04-22,Wrong Product,1
607911,290987,5138,2024-12-02,Changed Mind,1
607912,265989,5344,2024-08-29,Not as Expected,1
607913,299880,5018,2023-03-19,Size/Fit Issue,1
607914,261603,5473,2025-02-12,Size/Fit Issue,1
607915,212385,5413,2024-03-21,Changed Mind,1
607916,232038,5005,2025-06-13,Changed Mind,1
607917,265983,5055,2024-11-14,Not as Expected,1
607918,223602,5188,2023-01-04,Wrong Product,1
607919,286584,5298,2025-07-31,Size/Fit Issue,1
607920,245014,5059,2025-07-05,Size/Fit Issue,1
607921,201485,5419,2024-04-23,Damaged,1
607922,257495,5254,2024-04-13,Size/Fit Issue,1
607923,252038,5345,2025-02-04,Size/Fit Issue,2
607924,211527,5178,2024-08-02,Wrong Product,1
607925,262508,5234,2025-04-14,Size/Fit Issue,1
607926,219375,5385,2025-01-12,Size/Fit Issue,1
607927,262500,5238,2025-11-24,Damaged,1
607928,236681,5072,2024-09-04,Not as Expected,1
607929,285890,5391,2023-11-23,Wrong Product,1
607930,235016,5218,2025-11-02,Damaged,1
607931,219666,5448,2023-05-27,Changed Mind,1
607932,240145,5033,2025-06-27,Wrong Product,1
607933,267029,5403,2025-07-07,Wrong Product,1
607934,282179,5250,2024-10-21,Size/Fit Issue,1
607935,229580,5160,2024-07-19,Size/Fit Issue,1
607936,249092,5088,2025-03-29,Size/Fit Issue,1
607937,297408,5044,2025-08-17,Wrong Product,1
607938,286058,5079,2025-01-31,Not as Expected,1
607939,295761,5376,2023-06-21,Wrong Product,1
607940,271308,5436,2024-05-24,Damaged,1
607941,265622,5329,2025-04-06,Damaged,1
607942,285806,5314,2024-12-12,Wrong Product,1
607943,270357,5179,2024-12-12,Changed Mind,1
607944,201982,5129,2023-12-02,Damaged,1
607945,228180,5341,2024-12-20,Size/Fit Issue,1
607946,259071,5090,2025-10-11,Size/Fit Issue,1
607947,241116,5161,2023-04-28,Not as Expected,1
607948,219840,5320,2025-06-09,Size/Fit Issue,1
607949,267629,5007,2023-09-04,Size/Fit Issue,1
607950,278281,5392,2025-08-28,Wrong Product,1
607951,228079,5365,2023-03-11,Damaged,1
607952,265461,5304,2025-05-02,Not as Expected,1
607953,264662,5255,2024-05-20,Damaged,1
607954,238457,5082,2025-07-21,Wrong Product,1
607955,275589,5219,2025-03-21,Wrong Product,1
607956,272552,5192,2025-10-27,Not as Expected,1
607957,289175,5279,2025-07-21,Wrong Product,1
607958,257069,5052,2024-10-20,Not as Expected,1
607959,274184,5142,2025-08-19,Not as Expected,1
607960,213388,5207,2025-12-28,Damaged,1
607961,218720,5137,2025-07-07,Not as Expected,1
607962,288123,5200,2023-04-22,Changed Mind,1
607963,204498,5287,2024-03-02,Not as Expected,2
607964,230827,5254,2024-11-21,Size/Fit Issue,1
607965,250932,5114,2023-08-23,Wrong Product,1
607966,275941,5445,2023-08-11,Not as Expected,1
607967,272113,5277,2025-12-11,Not as Expected,1
607968,204049,5037,2025-10-21,Not as Expected,1
607969,271206,5164,2023-12-27,Damaged,1
607970,289330,5375,2024-05-31,Damaged,1
607971,299553,5027,2025-09-16,Not as Expected,1
607972,220628,5029,2025-10-15,Not as Expected,1
607973,259507,5163,2023-11-03,Changed Mind,1
607974,224439,5329,2026-01-13,Not as Expected,1
607975,227332,5187,2025-02-04,Changed Mind,1
607976,284805,5038,2025-08-24,Not as Expected,1
607977,284251,5376,2023-08-27,Damaged,2
607978,214512,5037,2024-09-13,Size/Fit Issue,1
607979,264017,5383,2026-01-06,Damaged,1
607980,220670,5263,2025-02-01,Size/Fit Issue,1
607981,274054,5045,2024-03-17,Changed Mind,1
607982,297706,5450,2023-02-14,Wrong Product,1
607983,298259,5462,2023-02-04,Damaged,1
607984,222432,5091,2023-10-09,Wrong Product,1
607985,238293,5198,2023-06-07,Wrong Product,1
607986,215179,5089,2023-04-21,Changed Mind,1
607987,284034,5016,2023-07-27,Size/Fit Issue,1
607988,265816,5061,2024-02-25,Wrong Product,1
607989,233465,5475,2025-12-11,Not as Expected,1
607990,274195,5149,2024-03-28,Wrong Product,1
607991,240587,5112,2025-01-04,Not as Expected,1
607992,217907,5303,2025-06-13,Not as Expected,1
607993,286998,5170,2025-08-16,Not as Expected,1
607994,274194,5040,2025-05-08,Not as Expected,1
607995,284572,5010,2023-02-26,Changed Mind,1
607996,258362,5277,2024-03-29,Size/Fit Issue,1
607997,262577,5174,2023-12-09,Wrong Product,1
607998,285709,5327,2023-09-23,Not as Expected,1
607999,252377,5032,2024-04-06,Damaged,1
608000,248086,5370,2025-02-24,Size/Fit Issue,1
608001,262055,5139,2024-02-03,Size/Fit Issue,1
608002,260295,5207,2024-12-10,Size/Fit Issue,1
608003,281452,5417,2024-07-19,Wrong Product,1
608004,264983,5152,2024-09-08,Changed Mind,1
608005,248320,5331,2023-04-05,Size/Fit Issue,1
608006,254097,5387,2025-03-23,Size/Fit Issue,1
608007,207250,5379,2025-10-06,Changed Mind,1
608008,298735,5380,2025-07-25,Not as Expected,1
608009,290051,5432,2025-02-04,Damaged,1
608010,240574,5116,2025-04-22,Changed Mind,1
608011,299316,5054,2024-10-25,Not as Expected,1
608012,265709,5160,2025-03-29,Wrong Product,1
608013,232632,5092,2024-08-10,Wrong Product,1
608014,273378,5227,2024-10-24,Wrong Product,1
608015,279130,5306,2024-02-27,Damaged,1
608016,210669,5263,2024-05-29,Not as Expected,1
608017,235325,5021,2025-04-05,Not as Expected,1
608018,236724,5187,2023-05-19,Size/Fit Issue,1
608019,247360,5036,2025-07-25,Damaged,1
608020,261087,5192,2025-11-29,Size/Fit Issue,1
608021,246477,5320,2025-08-11,Changed Mind,1
608022,201538,5035,2025-09-27,Damaged,1
608023,269742,5195,2024-08-21,Damaged,1
608024,241198,5440,2025-08-25,Changed Mind,1
608025,281565,5382,2025-02-13,Size/Fit Issue,1
608026,253335,5153,2025-11-02,Changed Mind,1
608027,297625,5298,2023-01-13,Not as Expected,1
608028,239455,5037,2024-08-31,Wrong Product,1
608029,275495,5178,2023-07-20,Size/Fit Issue,1
608030,286646,5117,2025-04-15,Size/Fit Issue,1
608031,291755,5210,2023-09-03,Size/Fit Issue,1
608032,285837,5321,2023-10-29,Changed Mind,1
608033,241011,5398,2023-04-28,Size/Fit Issue,1
608034,261738,5116,2025-05-17,Changed Mind,1
608035,281473,5041,2023-08-28,Size/Fit Issue,1
608036,252647,5143,2025-07-16,Not as Expected,1
608037,291222,5067,2025-02-01,Not as Expected,1
608038,296366,5430,2025-04-11,Damaged,1
608039,277125,5295,2023-09-27,Changed Mind,1
608040,290364,5060,2025-12-18,Damaged,1
608041,287458,5410,2024-03-02,Not as Expected,1
608042,251354,5177,2025-06-07,Size/Fit Issue,1
608043,254209,5171,2025-02-11,Changed Mind,1
608044,270342,5431,2025-06-28,Changed Mind,1
608045,269379,5458,2025-05-05,Changed Mind,1
608046,223026,5458,2023-05-17,Damaged,1
608047,206443,5320,2025-08-01,Changed Mind,1
608048,204667,5283,2025-05-22,Wrong Product,1
608049,237905,5283,2025-11-18,Not as Expected,1
608050,294254,5140,2024-01-13,Changed Mind,1
608051,215891,5298,2023-04-25,Damaged,1
608052,238170,5413,2023-01-30,Wrong Product,1
608053,287827,5146,2024-08-07,Not as Expected,1
608054,225111,5348,2023-03-23,Size/Fit Issue,1
608055,213752,5112,2024-12-30,Size/Fit Issue,1
608056,272191,5313,2024-08-07,Changed Mind,1
608057,286222,5359,2024-01-15,Size/Fit Issue,1
608058,275751,5315,2023-01-21,Size/Fit Issue,1
608059,226004,5417,2024-05-22,Changed Mind,1
608060,274541,5053,2025-03-31,Damaged,1
608061,246997,5010,2025-10-19,Not as Expected,1
608062,230990,5055,2023-04-17,Changed Mind,1
608063,216631,5059,2024-03-24,Changed Mind,1
608064,249735,5165,2025-08-26,Wrong Product,1
608065,242800,5306,2024-10-23,Not as Expected,1
608066,262581,5020,2024-09-15,Wrong Product,1
608067,282577,5218,2025-07-16,Not as Expected,1
608068,298450,5366,2024-08-04,Damaged,1
608069,212997,5092,2025-05-02,Wrong Product,1
608070,287615,5372,2024-12-14,Not as Expected,1
608071,241200,5398,2023-02-08,Damaged,1
608072,210517,5056,2024-09-02,Changed Mind,1
608073,263246,5340,2024-05-28,Changed Mind,1
608074,225989,5216,2025-04-21,Not as Expected,1
608075,270778,5015,2023-04-08,Changed Mind,1
608076,232354,5451,2025-03-26,Not as Expected,1
608077,245444,5073,2025-04-30,Wrong Product,1
608078,295199,5104,2023-01-23,Size/Fit Issue,1
608079,224590,5290,2024-03-17,Size/Fit Issue,1
608080,251161,5451,2023-09-11,Damaged,1
608081,211128,5371,2025-05-04,Size/Fit Issue,1
608082,261975,5443,2023-06-19,Size/Fit Issue,1
608083,266683,5096,2025-02-11,Size/Fit Issue,1
608084,212506,5187,2023-11-09,Wrong Product,1
608085,212443,5044,2024-04-18,Damaged,2
608086,227215,5279,2024-12-01,Size/Fit Issue,1
608087,263051,5162,2023-11-23,Damaged,1
608088,267398,5078,2023-04-26,Size/Fit Issue,1
608089,225148,5458,2023-02-04,Damaged,1
608090,295048,5462,2024-11-17,Size/Fit Issue,1
608091,233423,5455,2023-02-01,Size/Fit Issue,1
608092,251496,5330,2024-01-18,Not as Expected,1
608093,235269,5454,2025-12-23,Not as Expected,1
608094,216059,5385,2023-09-22,Size/Fit Issue,1
608095,267854,5076,2025-05-01,Changed Mind,1
608096,292123,5287,2024-06-02,Not as Expected,1
608097,243480,5457,2023-10-06,Size/Fit Issue,1
608098,236180,5419,2024-03-25,Size/Fit Issue,1
608099,260446,5425,2025-12-22,Damaged,1
608100,230267,5290,2026-01-11,Damaged,1
608101,203424,5480,2025-10-05,Damaged,1
608102,249424,5436,2025-05-22,Changed Mind,1
608103,222364,5416,2023-04-05,Size/Fit Issue,1
608104,201693,5329,2025-10-28,Changed Mind,1
608105,243229,5224,2025-10-20,Changed Mind,1
608106,262620,5146,2025-09-20,Changed Mind,1
608107,237510,5222,2023-09-08,Damaged,1
608108,266706,5308,2025-02-26,Damaged,1
608109,290449,5276,2023-05-10,Damaged,1
608110,290024,5011,2024-09-07,Size/Fit Issue,1
608111,255483,5083,2024-09-14,Size/Fit Issue,1
608112,227921,5043,2025-02-21,Not as Expected,1
608113,236011,5203,2025-12-23,Size/Fit Issue,1
608114,229268,5052,2023-06-09,Size/Fit Issue,1
608115,254501,5422,2025-02-27,Not as Expected,1
608116,290757,5387,2025-09-30,Damaged,1
608117,255988,5179,2023-10-01,Damaged,1
608118,214892,5310,2025-06-17,Damaged,1
608119,271353,5357,2024-05-23,Size/Fit Issue,1
608120,239145,5024,2024-02-16,Damaged,1
608121,264736,5012,2025-11-13,Damaged,1
608122,211376,5047,2025-08-01,Not as Expected,1
608123,243724,5115,2025-06-14,Not as Expected,1
608124,258232,5066,2025-09-27,Damaged,1
608125,231714,5155,2023-08-24,Changed Mind,1
608126,242850,5478,2025-12-12,Changed Mind,1
608127,230726,5448,2024-09-08,Not as Expected,1
608128,237335,5229,2024-09-03,Damaged,1
608129,283091,5143,2023-06-06,Wrong Product,1
608130,234712,5176,2025-07-14,Not as Expected,1
608131,276580,5467,2023-04-18,Not as Expected,1
608132,276849,5044,2024-08-09,Changed Mind,1
608133,201231,5207,2024-02-09,Size/Fit Issue,1
608134,254435,5105,2024-12-09,Size/Fit Issue,1
608135,298485,5472,2023-07-24,Changed Mind,1
608136,294740,5386,2023-04-02,Wrong Product,1
608137,294518,5006,2025-03-21,Size/Fit Issue,1
608138,293034,5364,2023-05-31,Damaged,1
608139,299631,5293,2025-10-17,Damaged,1
608140,265009,5357,2025-08-09,Not as Expected,1
608141,245854,5326,2023-09-21,Size/Fit Issue,1
608142,235968,5286,2023-06-08,Not as Expected,1
608143,289372,5016,2023-06-03,Wrong Product,1
608144,235333,5453,2025-01-18,Damaged,1
608145,224558,5230,2025-01-08,Wrong Product,1
608146,229258,5119,2023-12-17,Wrong Product,1
608147,207944,5150,2025-12-06,Size/Fit Issue,1
608148,264742,5259,2025-08-02,Not as Expected,1
608149,239710,5338,2023-09-18,Size/Fit Issue,1
608150,245041,5016,2023-02-06,Not as Expected,1
608151,246234,5361,2025-02-07,Changed Mind,1
608152,265253,5296,2025-11-22,Not as Expected,1
608153,235096,5291,2024-02-19,Damaged,1
608154,293889,5003,2024-07-03,Not as Expected,1
608155,213221,5449,2024-11-02,Size/Fit Issue,1
608156,272788,5107,2025-05-23,Not as Expected,1
608157,212931,5209,2023-02-15,Size/Fit Issue,1
608158,233823,5161,2023-01-16,Size/Fit Issue,1
608159,262650,5367,2025-11-16,Changed Mind,1
608160,201394,5096,2025-06-20,Changed Mind,1
608161,274899,5285,2024-02-19,Damaged,1
608162,248605,5221,2024-11-19,Damaged,1
608163,222641,5315,2025-12-04,Changed Mind,1
608164,221221,5020,2025-04-03,Changed Mind,1
608165,276309,5145,2023-08-14,Changed Mind,1
608166,208892,5398,2025-02-02,Not as Expected,1
608167,277485,5202,2025-09-01,Size/Fit Issue,1
608168,252866,5138,2023-06-21,Size/Fit Issue,1
608169,245395,5440,2025-11-29,Wrong Product,1
608170,231413,5399,2023-09-26,Changed Mind,1
608171,230376,5428,2024-07-30,Damaged,1
608172,284628,5370,2023-08-23,Changed Mind,1
608173,279072,5064,2025-01-22,Wrong Product,1
608174,251644,5075,2024-11-29,Wrong Product,1
608175,213819,5336,2024-11-30,Damaged,1
608176,290953,5390,2024-01-26,Changed Mind,1
608177,276109,5208,2025-04-21,Damaged,1
608178,260172,5057,2025-05-20,Wrong Product,1
608179,220891,5205,2023-09-27,Damaged,1
608180,253614,5025,2026-01-05,Size/Fit Issue,1
608181,271231,5477,2023-02-27,Changed Mind,1
608182,264559,5152,2024-11-07,Wrong Product,1
608183,297295,5113,2025-06-24,Not as Expected,1
608184,212414,5431,2025-05-03,Not as Expected,1
608185,201999,5385,2025-09-27,Size/Fit Issue,1
608186,275728,5130,2025-02-22,Size/Fit Issue,1
608187,218256,5064,2025-04-30,Damaged,1
608188,222528,5210,2024-10-05,Size/Fit Issue,1
608189,229583,5324,2023-05-28,Not as Expected,1
608190,296756,5410,2023-04-01,Size/Fit Issue,1
608191,225409,5161,2024-09-18,Wrong Product,1
608192,275497,5032,2025-04-08,Not as Expected,1
608193,207384,5118,2023-08-24,Size/Fit Issue,1
608194,250384,5407,2025-07-29,Size/Fit Issue,1
608195,256403,5424,2023-07-06,Damaged,1
608196,214585,5336,2023-09-26,Changed Mind,1
608197,226306,5172,2025-02-21,Damaged,1
608198,291943,5269,2025-11-03,Damaged,1
608199,283989,5185,2025-12-27,Size/Fit Issue,1
608200,275869,5436,2023-12-16,Damaged,1
608201,297500,5018,2024-01-11,Wrong Product,1
608202,290450,5005,2023-11-12,Wrong Product,1
608203,212108,5094,2023-01-23,Size/Fit Issue,1
608204,286825,5011,2025-01-28,Damaged,1
608205,275956,5359,2025-05-08,Not as Expected,1
608206,282757,5292,2024-12-29,Wrong Product,1
608207,248558,5155,2024-11-06,Damaged,1
608208,243746,5274,2024-02-10,Changed Mind,1
608209,242601,5354,2025-10-09,Size/Fit Issue,1
608210,266682,5083,2025-08-13,Damaged,1
608211,263842,5345,2024-01-25,Not as Expected,1
608212,207802,5173,2023-06-19,Damaged,1
608213,275520,5292,2025-01-06,Size/Fit Issue,1
608214,259778,5211,2023-07-18,Size/Fit Issue,1
608215,240206,5370,2024-10-09,Size/Fit Issue,1
608216,264517,5415,2024-02-20,Not as Expected,1
608217,210705,5057,2024-01-17,Not as Expected,1
608218,238203,5058,2023-11-22,Not as Expected,1
608219,223109,5300,2024-09-13,Size/Fit Issue,1
608220,262132,5252,2024-11-30,Size/Fit Issue,1
608221,276733,5058,2023-05-28,Not as Expected,1
608222,208428,5462,2025-08-20,Wrong Product,1
608223,217611,5286,2025-01-10,Size/Fit Issue,1
608224,277421,5264,2025-05-10,Damaged,1
608225,231208,5162,2023-05-01,Not as Expected,1
608226,259901,5039,2024-09-01,Changed Mind,1
608227,202518,5123,2025-07-05,Not as Expected,1
608228,201033,5171,2024-07-27,Damaged,1
608229,260040,5340,2025-10-24,Wrong Product,1
608230,230027,5284,2025-01-12,Changed Mind,1
608231,292675,5366,2024-01-16,Changed Mind,1
608232,282190,5279,2024-12-20,Not as Expected,1
608233,234292,5400,2023-11-22,Damaged,1
608234,252466,5219,2024-12-16,Size/Fit Issue,1
608235,214449,5259,2024-12-14,Wrong Product,1
608236,220140,5145,2025-08-13,Not as Expected,1
608237,294774,5357,2024-05-21,Not as Expected,1
608238,282003,5041,2024-09-08,Size/Fit Issue,1
608239,212063,5373,2024-08-15,Wrong Product,1
608240,255312,5164,2023-10-18,Damaged,1
608241,205154,5227,2025-06-11,Size/Fit Issue,1
608242,241597,5101,2024-01-24,Damaged,1
608243,269665,5288,2025-07-01,Changed Mind,1
608244,213426,5476,2024-04-20,Changed Mind,1
608245,206037,5070,2025-03-12,Damaged,1
608246,238557,5013,2023-05-21,Damaged,1
608247,261724,5182,2023-06-27,Wrong Product,1
608248,240583,5118,2026-01-15,Not as Expected,1
608249,257777,5151,2024-10-19,Not as Expected,1
608250,238312,5010,2024-01-03,Damaged,1
608251,202949,5270,2025-07-23,Size/Fit Issue,1
608252,221200,5255,2023-07-27,Size/Fit Issue,1
608253,276259,5280,2025-03-31,Changed Mind,1
608254,259472,5169,2025-09-17,Not as Expected,1
608255,277737,5400,2025-06-11,Not as Expected,1
608256,235613,5065,2024-11-18,Wrong Product,1
608257,297357,5287,2025-05-03,Damaged,1
608258,222890,5211,2025-03-27,Wrong Product,1
608259,239733,5358,2024-09-29,Changed Mind,1
608260,291318,5364,2023-07-24,Changed Mind,1
608261,276817,5162,2023-02-02,Size/Fit Issue,1
608262,280670,5322,2025-01-24,Damaged,1
608263,246485,5471,2023-05-12,Size/Fit Issue,1
608264,297808,5023,2025-07-17,Size/Fit Issue,1
608265,240387,5005,2023-02-18,Damaged,1
608266,268532,5437,2023-03-02,Damaged,1
608267,247873,5448,2023-08-19,Not as Expected,1
608268,240476,5443,2023-12-02,Size/Fit Issue,1
608269,286750,5269,2023-05-10,Wrong Product,1
608270,212859,5060,2024-03-17,Damaged,1
608271,232163,5214,2025-05-14,Wrong Product,1
608272,220249,5021,2024-09-10,Wrong Product,1
608273,262694,5363,2025-03-11,Size/Fit Issue,1
608274,224784,5207,2024-02-04,Changed Mind,1
608275,221625,5316,2023-12-25,Size/Fit Issue,1
608276,283889,5051,2023-06-24,Size/Fit Issue,1
608277,207326,5242,2025-07-15,Wrong Product,1
608278,211413,5401,2025-02-28,Not as Expected,1
608279,245736,5303,2024-03-29,Wrong Product,1
608280,277578,5333,2024-11-10,Wrong Product,1
608281,234135,5282,2025-07-16,Not as Expected,1
608282,298407,5059,2025-05-18,Size/Fit Issue,1
608283,211574,5376,2025-01-05,Damaged,1
608284,239403,5416,2025-04-30,Not as Expected,2
608285,299248,5065,2023-10-26,Not as Expected,1
608286,292463,5152,2023-05-18,Not as Expected,1
608287,272400,5009,2023-08-30,Wrong Product,1
608288,276137,5231,2024-03-04,Size/Fit Issue,1
608289,283609,5349,2025-06-27,Wrong Product,1
608290,247107,5292,2023-07-02,Wrong Product,1
608291,276420,5332,2024-07-13,Size/Fit Issue,1
608292,269846,5377,2024-06-15,Changed Mind,2
608293,299671,5082,2024-02-13,Damaged,1
608294,215440,5031,2025-01-26,Damaged,1
608295,231533,5416,2023-05-21,Damaged,1
608296,236373,5274,2025-07-07,Changed Mind,1
608297,216854,5148,2024-06-08,Size/Fit Issue,1
608298,289930,5321,2024-07-16,Damaged,1
608299,278128,5461,2025-06-04,Not as Expected,1
608300,206576,5455,2025-03-28,Damaged,1
608301,282715,5444,2025-01-31,Not as Expected,1
608302,242745,5412,2025-02-25,Not as Expected,1
608303,285098,5164,2024-09-24,Size/Fit Issue,1
608304,240442,5122,2023-08-20,Damaged,1
608305,286078,5130,2024-01-22,Damaged,1
608306,251244,5377,2025-11-03,Changed Mind,1
608307,294315,5250,2025-08-02,Damaged,1
608308,271030,5076,2025-09-25,Wrong Product,1
608309,220563,5279,2025-02-04,Changed Mind,1
608310,277253,5094,2024-07-20,Damaged,1
608311,278090,5464,2023-12-19,Changed Mind,1
608312,293655,5217,2023-07-30,Damaged,1
608313,271305,5342,2023-03-28,Size/Fit Issue,1
608314,222501,5279,2025-10-25,Changed Mind,1
608315,263665,5348,2023-07-30,Not as Expected,1
608316,231151,5434,2024-10-18,Size/Fit Issue,1
608317,277138,5084,2023-12-23,Size/Fit Issue,1
608318,294964,5450,2025-09-14,Damaged,1
608319,235262,5060,2023-04-13,Not as Expected,1
608320,219444,5410,2025-04-30,Not as Expected,1
608321,287487,5341,2023-04-01,Not as Expected,1
608322,288099,5146,2024-11-28,Size/Fit Issue,1
608323,205658,5144,2025-02-05,Wrong Product,1
608324,230512,5059,2025-07-22,Wrong Product,1
608325,212263,5171,2024-11-07,Damaged,1
608326,229012,5101,2025-06-19,Wrong Product,1
608327,257971,5125,2024-12-02,Not as Expected,1
608328,276902,5421,2025-06-06,Not as Expected,1
608329,208572,5223,2025-08-29,Wrong Product,1
608330,241651,5246,2023-04-09,Not as Expected,1
608331,233840,5233,2023-04-28,Size/Fit Issue,1
608332,251045,5157,2025-08-13,Changed Mind,1
608333,217479,5122,2025-02-04,Changed Mind,1
608334,246503,5221,2024-09-11,Damaged,1
608335,247715,5060,2024-03-01,Size/Fit Issue,1
608336,278834,5292,2023-08-11,Wrong Product,1
608337,241238,5023,2025-01-06,Damaged,1
608338,273631,5478,2024-09-13,Not as Expected,2
608339,223144,5466,2024-01-04,Damaged,1
608340,245405,5023,2023-12-04,Damaged,1
608341,257390,5294,2025-03-20,Damaged,1
608342,201447,5318,2023-05-02,Damaged,1
608343,253814,5095,2024-09-17,Wrong Product,1
608344,234419,5431,2024-11-29,Wrong Product,1
608345,204988,5200,2024-07-31,Damaged,1
608346,209431,5236,2025-03-06,Damaged,1
608347,279159,5465,2023-10-18,Size/Fit Issue,1
608348,295198,5049,2023-02-23,Size/Fit Issue,1
608349,262081,5335,2025-03-06,Not as Expected,1
608350,238904,5147,2024-07-12,Damaged,1
608351,272882,5072,2023-06-26,Not as Expected,1
608352,264981,5067,2024-01-08,Size/Fit Issue,1
608353,265821,5018,2025-04-04,Wrong Product,1
608354,204711,5313,2025-06-28,Size/Fit Issue,1
608355,256634,5344,2024-05-28,Not as Expected,1
608356,221740,5437,2024-08-19,Damaged,1
608357,243709,5009,2024-06-28,Size/Fit Issue,1
608358,258464,5269,2023-11-04,Not as Expected,1
608359,204352,5206,2025-12-27,Not as Expected,1
608360,287441,5362,2023-04-12,Not as Expected,1
608361,233509,5143,2024-02-14,Damaged,1
608362,219959,5449,2025-12-25,Changed Mind,1
608363,281347,5132,2024-07-01,Wrong Product,1
608364,290502,5432,2024-03-06,Not as Expected,1
608365,250758,5053,2025-11-15,Not as Expected,1
608366,200298,5230,2025-01-20,Wrong Product,1
608367,283211,5009,2025-03-31,Damaged,1
608368,276956,5296,2025-06-19,Wrong Product,1
608369,287866,5343,2025-09-17,Not as Expected,1
608370,294923,5294,2025-05-20,Damaged,1
608371,297240,5371,2025-04-07,Wrong Product,1
608372,243699,5247,2024-09-10,Size/Fit Issue,1
608373,277147,5266,2024-12-06,Size/Fit Issue,1
608374,292263,5391,2026-01-02,Size/Fit Issue,1
608375,244295,5057,2025-10-29,Size/Fit Issue,1
608376,264040,5092,2025-09-29,Size/Fit Issue,1
608377,231660,5079,2025-06-22,Size/Fit Issue,1
608378,233706,5221,2023-04-15,Size/Fit Issue,1
608379,285124,5244,2025-01-14,Not as Expected,1
608380,247556,5359,2023-07-22,Size/Fit Issue,1
608381,293100,5425,2024-03-05,Size/Fit Issue,1
608382,225247,5204,2023-07-04,Damaged,1
608383,212240,5418,2025-02-09,Damaged,1
608384,289430,5405,2023-06-13,Size/Fit Issue,1
608385,242749,5251,2024-07-21,Damaged,1
608386,202872,5048,2023-06-26,Size/Fit Issue,1
608387,295001,5219,2023-12-01,Not as Expected,1
608388,274500,5115,2025-02-20,Damaged,1
608389,237830,5360,2024-03-11,Size/Fit Issue,1
608390,201056,5308,2025-07-15,Size/Fit Issue,1
608391,241151,5301,2025-07-28,Wrong Product,1
608392,208870,5128,2024-04-22,Not as Expected,1
608393,259548,5272,2024-01-30,Not as Expected,1
608394,239163,5265,2025-10-10,Size/Fit Issue,1
608395,207401,5302,2025-01-03,Wrong Product,1
608396,264335,5319,2025-01-13,Size/Fit Issue,1
608397,279606,5244,2024-10-17,Not as Expected,1
608398,237647,5158,2025-01-19,Changed Mind,1
608399,271031,5253,2024-07-22,Damaged,1
608400,228540,5413,2024-08-24,Size/Fit Issue,1
608401,236626,5140,2023-07-18,Changed Mind,1
608402,237273,5114,2024-04-12,Wrong Product,1
608403,202940,5272,2023-11-08,Wrong Product,1
608404,260287,5222,2025-06-16,Size/Fit Issue,1
608405,293890,5113,2025-10-04,Wrong Product,1
608406,237845,5333,2024-05-18,Wrong Product,1
608407,280105,5051,2023-06-07,Not as Expected,1
608408,212179,5455,2023-08-19,Size/Fit Issue,1
608409,257117,5038,2023-03-14,Size/Fit Issue,1
608410,201187,5079,2024-06-03,Not as Expected,1
608411,268341,5142,2025-03-07,Damaged,1
608412,268200,5270,2024-08-31,Changed Mind,1
608413,241457,5071,2024-11-21,Damaged,1
608414,239500,5364,2023-09-27,Size/Fit Issue,1
608415,295450,5420,2025-11-14,Size/Fit Issue,1
608416,214334,5375,2024-12-10,Damaged,1
608417,239627,5050,2025-01-06,Not as Expected,1
608418,260873,5135,2025-11-23,Not as Expected,1
608419,251332,5315,2024-09-21,Changed Mind,1
608420,223681,5250,2025-01-22,Changed Mind,1
608421,220829,5457,2025-02-08,Not as Expected,1
608422,261589,5462,2025-06-03,Not as Expected,1
608423,218564,5102,2023-09-26,Not as Expected,1
608424,278331,5042,2023-03-23,Changed Mind,1
608425,288251,5337,2023-10-10,Wrong Product,1
608426,201944,5328,2025-11-30,Wrong Product,1
608427,278264,5319,2023-11-29,Not as Expected,1
608428,241586,5153,2025-01-29,Changed Mind,1
608429,284685,5146,2024-07-18,Size/Fit Issue,1
608430,298018,5456,2024-11-16,Damaged,1
608431,209710,5460,2024-05-18,Changed Mind,1
608432,226941,5170,2023-07-09,Size/Fit Issue,1
608433,204385,5036,2025-07-14,Size/Fit Issue,1
608434,231815,5149,2025-10-02,Wrong Product,1
608435,232671,5083,2025-10-09,Not as Expected,1
608436,243918,5438,2024-07-14,Damaged,1
608437,274851,5145,2026-01-09,Damaged,1
608438,266825,5037,2025-05-02,Not as Expected,1
608439,216140,5248,2023-03-31,Size/Fit Issue,1
608440,236494,5476,2023-12-06,Size/Fit Issue,1
608441,243551,5229,2025-07-06,Damaged,1
608442,214229,5308,2023-10-25,Size/Fit Issue,1
608443,254023,5052,2025-10-23,Damaged,1
608444,222806,5190,2024-07-17,Size/Fit Issue,2
608445,204483,5473,2023-06-07,Not as Expected,1
608446,203906,5249,2025-03-01,Size/Fit Issue,1
608447,243765,5295,2023-09-25,Size/Fit Issue,1
608448,211857,5266,2024-08-09,Not as Expected,1
608449,202028,5316,2023-02-12,Damaged,1
608450,268244,5267,2024-08-31,Size/Fit Issue,1
608451,296449,5268,2024-01-05,Size/Fit Issue,1
608452,214004,5325,2024-12-01,Not as Expected,1
608453,249694,5012,2025-11-16,Changed Mind,1
608454,263976,5291,2023-03-26,Changed Mind,1
608455,233874,5452,2025-04-12,Not as Expected,1
608456,203169,5281,2025-09-16,Damaged,1
608457,215814,5461,2023-12-10,Not as Expected,1
608458,297701,5410,2025-06-04,Not as Expected,1
608459,256788,5059,2024-04-02,Damaged,1
608460,257102,5032,2025-02-12,Damaged,1
608461,236337,5454,2026-01-14,Changed Mind,1
608462,243988,5337,2025-11-01,Size/Fit Issue,1
608463,205071,5182,2025-06-18,Size/Fit Issue,1
608464,235856,5105,2025-07-10,Wrong Product,1
608465,257240,5336,2023-11-23,Wrong Product,1
608466,231548,5145,2025-05-05,Changed Mind,1
608467,289802,5462,2024-08-12,Changed Mind,1
608468,264490,5409,2023-10-07,Changed Mind,1
608469,250342,5384,2025-06-12,Size/Fit Issue,2
608470,252265,5476,2025-06-28,Size/Fit Issue,1
608471,269647,5321,2025-06-05,Size/Fit Issue,1
608472,270014,5313,2024-12-31,Wrong Product,1
608473,200705,5301,2023-02-07,Damaged,1
608474,242694,5475,2025-12-14,Not as Expected,1
608475,288437,5336,2024-06-22,Wrong Product,1
608476,277937,5400,2025-11-23,Changed Mind,1
608477,293270,5163,2025-04-01,Size/Fit Issue,1
608478,276400,5134,2023-07-12,Wrong Product,1
608479,212911,5221,2024-04-09,Size/Fit Issue,1
608480,243238,5237,2025-02-11,Damaged,1
608481,203594,5139,2025-08-03,Changed Mind,1
608482,295096,5206,2025-04-15,Damaged,1
608483,290332,5135,2024-07-22,Size/Fit Issue,1
608484,203840,5470,2025-10-27,Size/Fit Issue,1
608485,248201,5134,2024-08-09,Damaged,1
608486,244949,5186,2024-09-10,Wrong Product,1
608487,236918,5095,2024-06-22,Damaged,1
608488,211023,5132,2025-02-28,Damaged,1
608489,279649,5323,2023-04-19,Damaged,1
608490,214473,5036,2023-10-27,Not as Expected,1
608491,238690,5341,2025-01-12,Changed Mind,1
608492,278154,5110,2025-08-20,Not as Expected,1
608493,277715,5294,2023-09-15,Damaged,1
608494,293942,5313,2024-03-23,Size/Fit Issue,1
608495,234720,5094,2025-03-05,Damaged,1
608496,207583,5091,2025-05-01,Changed Mind,1
608497,259269,5421,2024-04-23,Size/Fit Issue,1
608498,293274,5235,2024-06-15,Wrong Product,1
608499,205786,5460,2023-11-04,Damaged,1
608500,292750,5067,2025-07-09,Not as Expected,1
608501,201477,5366,2025-12-31,Size/Fit Issue,1
608502,271704,5230,2024-01-04,Wrong Product,1
608503,251751,5019,2023-02-06,Damaged,1
608504,212303,5189,2023-05-17,Size/Fit Issue,1
608505,201245,5248,2025-04-24,Size/Fit Issue,1
608506,258954,5403,2023-09-07,Not as Expected,1
608507,287078,5124,2025-08-10,Not as Expected,1
608508,229133,5269,2023-02-24,Size/Fit Issue,1
608509,242085,5463,2023-08-08,Size/Fit Issue,1
608510,291026,5165,2023-08-17,Not as Expected,1
608511,226421,5314,2026-01-05,Not as Expected,1
608512,246190,5225,2025-09-07,Not as Expected,1
608513,278883,5076,2024-12-08,Changed Mind,1
608514,266642,5452,2025-12-25,Not as Expected,1
608515,221051,5291,2023-03-15,Not as Expected,1
608516,245756,5432,2024-10-14,Size/Fit Issue,1
608517,239421,5027,2023-01-30,Changed Mind,1
608518,212985,5152,2025-07-22,Size/Fit Issue,1
608519,283349,5082,2024-09-04,Size/Fit Issue,1
608520,282368,5241,2024-09-15,Size/Fit Issue,1
608521,211859,5184,2025-06-05,Damaged,1
608522,262033,5417,2024-11-22,Not as Expected,1
608523,273119,5056,2024-12-26,Size/Fit Issue,1
608524,250801,5426,2023-10-18,Changed Mind,1
608525,291957,5063,2025-08-10,Size/Fit Issue,1
608526,291525,5234,2025-02-28,Wrong Product,1
608527,252732,5425,2025-10-11,Size/Fit Issue,1
608528,212473,5348,2025-08-03,Wrong Product,1
608529,276523,5082,2024-09-26,Size/Fit Issue,1
608530,284840,5333,2023-09-21,Changed Mind,1
608531,261681,5027,2023-06-02,Not as Expected,1
608532,285968,5285,2024-08-13,Not as Expected,1
608533,295977,5475,2024-06-22,Size/Fit Issue,1
608534,207555,5340,2024-02-07,Not as Expected,1
608535,265829,5038,2025-07-06,Damaged,1
608536,279766,5169,2023-10-04,Damaged,1
608537,290278,5378,2025-08-14,Changed Mind,1
608538,205731,5064,2025-07-09,Size/Fit Issue,1
608539,268512,5180,2025-01-04,Not as Expected,1
608540,257487,5122,2024-11-15,Not as Expected,1
608541,298414,5137,2024-03-16,Not as Expected,1
608542,293239,5072,2025-07-02,Wrong Product,1
608543,292413,5187,2025-11-09,Changed Mind,1
608544,240827,5204,2023-09-10,Size/Fit Issue,1
608545,282111,5424,2024-06-29,Damaged,1
608546,222199,5255,2025-09-27,Damaged,1
608547,215880,5177,2025-05-13,Size/Fit Issue,1
608548,266439,5188,2024-12-17,Size/Fit Issue,1
608549,288654,5247,2025-03-23,Damaged,1
608550,295856,5368,2024-11-21,Not as Expected,1
608551,207014,5427,2025-06-26,Changed Mind,1
608552,263101,5314,2023-09-17,Damaged,1
608553,230897,5214,2024-07-20,Size/Fit Issue,1
608554,292075,5190,2023-09-19,Not as Expected,1
608555,244778,5300,2025-11-06,Damaged,1
608556,212035,5256,2023-05-25,Not as Expected,1
608557,283182,5388,2025-07-31,Changed Mind,1
608558,213464,5075,2024-04-10,Not as Expected,1
608559,204539,5382,2023-07-28,Damaged,1
608560,207277,5377,2025-06-26,Size/Fit Issue,1
608561,274275,5370,2025-01-21,Size/Fit Issue,1
608562,211233,5336,2024-07-31,Size/Fit Issue,1
608563,278995,5134,2024-01-23,Size/Fit Issue,1
608564,246225,5013,2023-12-28,Damaged,1
608565,221578,5178,2024-02-24,Wrong Product,1
608566,206763,5319,2025-09-15,Wrong Product,1
608567,299322,5064,2024-11-09,Damaged,1
608568,252112,5415,2023-07-04,Damaged,1
608569,218445,5371,2025-04-29,Size/Fit Issue,1
608570,231980,5365,2024-07-02,Size/Fit Issue,1
608571,213380,5135,2024-01-06,Size/Fit Issue,1
608572,269526,5148,2023-09-23,Damaged,1
608573,249322,5048,2025-08-21,Wrong Product,1
608574,287031,5097,2025-10-08,Damaged,1
608575,285995,5208,2024-10-06,Size/Fit Issue,1
608576,202982,5076,2024-11-04,Damaged,1
608577,284309,5472,2024-11-19,Wrong Product,1
608578,237035,5078,2024-10-02,Not as Expected,1
608579,252440,5044,2024-07-26,Changed Mind,1
608580,238647,5478,2025-05-21,Size/Fit Issue,1
608581,288897,5398,2024-12-08,Size/Fit Issue,1
608582,215075,5082,2025-11-15,Size/Fit Issue,1
608583,212777,5131,2025-01-08,Wrong Product,1
608584,210407,5113,2024-08-20,Size/Fit Issue,1
608585,254660,5476,2024-01-08,Wrong Product,1
608586,210797,5384,2024-12-17,Size/Fit Issue,1
608587,223254,5278,2025-06-25,Damaged,1
608588,264634,5401,2023-10-29,Wrong Product,1
608589,225760,5287,2025-01-26,Changed Mind,1
608590,251848,5156,2023-08-18,Changed Mind,1
608591,240456,5445,2023-09-19,Damaged,1
608592,295024,5378,2024-07-22,Damaged,1
608593,242768,5108,2023-05-13,Changed Mind,1
608594,253934,5090,2024-04-22,Damaged,1
608595,276760,5438,2024-12-02,Size/Fit Issue,1
608596,204227,5220,2025-01-03,Changed Mind,1
608597,239238,5262,2025-04-08,Not as Expected,1
608598,271686,5473,2025-07-13,Changed Mind,1
608599,293980,5326,2025-12-03,Damaged,1
608600,265946,5175,2025-08-10,Not as Expected,1
608601,285487,5213,2025-05-27,Size/Fit Issue,2
608602,275385,5479,2025-06-29,Size/Fit Issue,1
608603,238556,5091,2023-10-10,Wrong Product,1
608604,230720,5098,2026-01-07,Changed Mind,1
608605,275254,5290,2024-06-11,Changed Mind,1
608606,253481,5054,2026-01-23,Wrong Product,1
608607,288942,5228,2025-04-24,Not as Expected,1
608608,288840,5391,2025-11-03,Size/Fit Issue,1
608609,295449,5391,2025-06-20,Size/Fit Issue,1
608610,205067,5234,2024-03-30,Damaged,1
608611,290671,5391,2024-06-17,Size/Fit Issue,1
608612,236932,5309,2024-10-15,Wrong Product,1
608613,254396,5222,2025-03-06,Changed Mind,1
608614,226448,5413,2025-09-05,Size/Fit Issue,1
608615,264011,5247,2024-07-09,Size/Fit Issue,1
608616,242680,5105,2024-03-23,Wrong Product,1
608617,211451,5186,2023-11-15,Damaged,1
608618,256551,5218,2024-12-26,Damaged,1
608619,294492,5113,2026-01-06,Not as Expected,1
608620,214549,5304,2024-06-30,Wrong Product,1
608621,252421,5413,2023-06-29,Not as Expected,1
608622,208043,5011,2025-12-06,Not as Expected,1
608623,270462,5106,2025-03-29,Changed Mind,1
608624,291119,5360,2025-10-04,Damaged,1
608625,271376,5158,2023-02-09,Changed Mind,1
608626,262837,5091,2023-09-07,Wrong Product,1
608627,265669,5121,2025-10-31,Changed Mind,1
608628,272255,5225,2025-05-02,Size/Fit Issue,1
608629,297055,5116,2025-01-01,Size/Fit Issue,1
608630,295288,5049,2025-09-11,Not as Expected,1
608631,280527,5343,2025-03-03,Damaged,1
608632,260717,5112,2023-12-27,Changed Mind,1
608633,202532,5358,2023-07-29,Size/Fit Issue,1
608634,296355,5007,2024-08-13,Size/Fit Issue,1
608635,299753,5101,2024-09-26,Changed Mind,1
608636,210497,5267,2023-04-16,Changed Mind,1
608637,269139,5192,2024-05-20,Size/Fit Issue,1
608638,246751,5064,2024-05-13,Changed Mind,1
608639,247538,5189,2024-05-10,Not as Expected,1
608640,275871,5477,2024-09-20,Size/Fit Issue,1
608641,272311,5452,2024-08-17,Wrong Product,1
608642,230719,5223,2025-03-03,Wrong Product,1
608643,238417,5130,2023-12-12,Changed Mind,1
608644,255780,5072,2024-12-10,Not as Expected,1
608645,213857,5041,2024-01-08,Damaged,1
608646,299388,5287,2025-04-10,Size/Fit Issue,1
608647,295840,5468,2024-04-11,Damaged,1
608648,213968,5012,2025-06-02,Damaged,1
608649,250028,5217,2025-06-07,Damaged,1
608650,279852,5374,2025-11-21,Size/Fit Issue,1
608651,238574,5123,2024-12-07,Damaged,1
608652,202617,5153,2025-08-23,Wrong Product,1
608653,219886,5134,2023-06-25,Wrong Product,1
608654,295346,5267,2024-10-12,Size/Fit Issue,1
608655,259477,5054,2024-03-30,Damaged,1
608656,203827,5343,2023-04-11,Not as Expected,1
608657,253635,5162,2025-11-27,Size/Fit Issue,1
608658,278932,5387,2024-05-29,Damaged,1
608659,214462,5269,2024-12-29,Wrong Product,1
608660,237251,5309,2024-10-08,Wrong Product,1
608661,229660,5347,2023-10-20,Changed Mind,1
608662,265369,5062,2025-12-25,Not as Expected,1
608663,228287,5100,2023-08-27,Damaged,1
608664,201247,5399,2025-03-25,Size/Fit Issue,1
608665,297740,5164,2025-05-15,Not as Expected,1
608666,299528,5140,2025-12-25,Not as Expected,1
608667,262604,5087,2025-09-12,Changed Mind,1
608668,256076,5066,2025-07-25,Damaged,1
608669,237072,5233,2025-05-04,Changed Mind,1
608670,249030,5183,2023-08-05,Size/Fit Issue,1
608671,229903,5083,2024-04-01,Changed Mind,1
608672,214079,5269,2024-01-01,Changed Mind,1
608673,240280,5131,2024-08-21,Damaged,1
608674,248439,5194,2024-07-14,Damaged,1
608675,223013,5008,2023-07-04,Changed Mind,1
608676,266568,5297,2024-03-04,Not as Expected,1
608677,263501,5344,2024-06-30,Damaged,1
608678,212650,5413,2025-04-18,Changed Mind,1
608679,248156,5198,2023-07-30,Not as Expected,1
608680,248012,5477,2025-04-09,Damaged,1
608681,276083,5436,2024-05-01,Damaged,1
608682,280129,5047,2024-11-27,Not as Expected,1
608683,220437,5020,2025-12-08,Damaged,1
608684,255485,5164,2025-09-17,Size/Fit Issue,1
608685,297960,5418,2023-03-25,Size/Fit Issue,1
608686,242296,5393,2025-11-29,Damaged,1
608687,239434,5242,2025-07-12,Damaged,1
608688,255942,5316,2025-06-24,Not as Expected,1
608689,272276,5306,2023-07-22,Wrong Product,1
608690,207616,5470,2023-08-14,Size/Fit Issue,1
608691,276245,5345,2026-01-15,Damaged,1
608692,263439,5382,2025-08-02,Wrong Product,2
608693,231675,5202,2025-07-22,Wrong Product,1
608694,253085,5328,2023-08-07,Not as Expected,1
608695,262340,5143,2025-10-24,Size/Fit Issue,1
608696,204485,5215,2025-09-04,Not as Expected,1
608697,288044,5230,2025-10-09,Wrong Product,1
608698,240062,5468,2024-09-05,Damaged,1
608699,298198,5147,2025-03-27,Size/Fit Issue,1
608700,283510,5420,2023-07-12,Size/Fit Issue,1
608701,285472,5477,2025-12-23,Not as Expected,1
608702,235888,5070,2023-06-15,Damaged,1
608703,272497,5477,2023-04-04,Size/Fit Issue,1
608704,284291,5289,2023-01-10,Size/Fit Issue,1
608705,243582,5319,2024-09-08,Size/Fit Issue,1
608706,215686,5040,2024-10-26,Not as Expected,1
608707,251537,5042,2025-10-11,Not as Expected,1
608708,257489,5047,2026-01-03,Not as Expected,1
608709,250871,5397,2024-08-27,Wrong Product,1
608710,226308,5004,2024-03-11,Size/Fit Issue,1
608711,291305,5423,2025-08-14,Size/Fit Issue,1
608712,285996,5402,2023-09-09,Damaged,1
608713,245142,5087,2024-07-02,Wrong Product,1
608714,241317,5106,2023-09-14,Not as Expected,1
608715,247900,5006,2024-04-11,Not as Expected,1
608716,274512,5241,2026-01-15,Not as Expected,1
608717,299273,5014,2024-03-18,Damaged,1
608718,291944,5227,2024-07-15,Size/Fit Issue,1
608719,234541,5402,2023-12-04,Not as Expected,1
608720,267000,5100,2024-11-25,Size/Fit Issue,1
608721,275686,5202,2025-11-12,Size/Fit Issue,1
608722,251577,5116,2025-04-22,Not as Expected,1
608723,233967,5325,2023-09-02,Damaged,1
608724,227302,5370,2025-07-20,Size/Fit Issue,1
608725,263794,5110,2023-04-25,Wrong Product,1
608726,227141,5181,2023-12-31,Wrong Product,1
608727,295174,5339,2024-07-12,Wrong Product,1
608728,298688,5197,2025-07-19,Wrong Product,1
608729,261094,5258,2023-03-31,Changed Mind,1
608730,289489,5135,2024-08-31,Changed Mind,1
608731,281091,5469,2024-09-04,Damaged,1
608732,214735,5315,2025-06-29,Not as Expected,1
608733,282888,5398,2024-02-01,Changed Mind,1
608734,228239,5361,2024-09-07,Size/Fit Issue,1
608735,223078,5074,2025-12-14,Damaged,1
608736,217409,5447,2025-12-13,Damaged,1
608737,293892,5288,2026-01-03,Not as Expected,1
608738,261260,5064,2025-12-31,Size/Fit Issue,1
608739,243459,5447,2023-04-04,Not as Expected,1
608740,202056,5131,2026-01-17,Wrong Product,1
608741,296415,5319,2024-06-22,Damaged,1
608742,278941,5474,2024-11-28,Not as Expected,1
608743,227331,5277,2024-11-22,Wrong Product,1
608744,282872,5153,2025-12-09,Damaged,1
608745,295712,5454,2025-06-22,Size/Fit Issue,1
608746,263275,5041,2025-01-24,Size/Fit Issue,1
608747,216641,5283,2025-01-16,Not as Expected,1
608748,261918,5324,2024-09-01,Damaged,1
608749,259702,5092,2025-10-08,Size/Fit Issue,1
608750,258067,5212,2025-07-27,Not as Expected,1
608751,266660,5276,2025-09-12,Damaged,1
608752,281744,5246,2024-12-26,Not as Expected,1
608753,295221,5426,2024-09-15,Not as Expected,1
608754,245392,5427,2024-10-11,Not as Expected,1
608755,285615,5140,2023-10-25,Wrong Product,1
608756,210934,5269,2023-09-10,Size/Fit Issue,1
608757,281983,5054,2025-09-04,Damaged,1
608758,215259,5018,2025-12-07,Damaged,1
608759,266024,5093,2024-04-27,Wrong Product,1
608760,299778,5425,2023-06-07,Damaged,1
608761,223008,5465,2025-06-19,Size/Fit Issue,1
608762,291630,5189,2024-09-01,Changed Mind,1
608763,247901,5265,2025-01-22,Damaged,1
608764,241459,5170,2025-12-11,Not as Expected,1
608765,207280,5413,2025-05-20,Changed Mind,1
608766,207994,5188,2024-03-11,Not as Expected,1
608767,281554,5293,2024-10-07,Wrong Product,1
608768,281155,5112,2024-07-30,Wrong Product,1
608769,275095,5393,2025-11-05,Size/Fit Issue,1
608770,273287,5343,2024-10-26,Size/Fit Issue,1
608771,208676,5035,2024-03-20,Not as Expected,1
608772,299857,5460,2023-08-09,Wrong Product,1
608773,286444,5438,2024-05-16,Size/Fit Issue,1
608774,295631,5068,2025-08-16,Changed Mind,1
608775,207158,5331,2025-02-27,Wrong Product,1
608776,266518,5008,2023-07-14,Not as Expected,2
608777,254356,5363,2025-09-20,Size/Fit Issue,1
608778,259998,5097,2023-01-27,Wrong Product,1
608779,246548,5351,2023-10-20,Damaged,1
608780,206570,5157,2025-11-17,Wrong Product,1
608781,254451,5006,2025-02-14,Size/Fit Issue,1
608782,279152,5447,2023-05-17,Changed Mind,1
608783,208070,5266,2023-08-03,Changed Mind,1
608784,219819,5365,2023-03-09,Size/Fit Issue,1
608785,203241,5436,2025-05-02,Changed Mind,1
608786,278650,5442,2024-12-11,Damaged,1
608787,294998,5409,2025-09-11,Damaged,1
608788,242753,5016,2024-12-30,Changed Mind,1
608789,220313,5317,2024-11-06,Wrong Product,1
608790,244230,5404,2024-12-09,Wrong Product,1
608791,206918,5228,2023-11-23,Wrong Product,1
608792,283900,5160,2024-08-28,Damaged,1
608793,260629,5266,2025-02-11,Not as Expected,1
608794,281054,5122,2024-09-30,Damaged,1
608795,242087,5004,2025-05-22,Not as Expected,1
608796,238681,5255,2023-05-29,Not as Expected,1
608797,232902,5452,2026-01-07,Size/Fit Issue,1
608798,211325,5265,2023-08-13,Size/Fit Issue,1
608799,259602,5071,2025-12-30,Not as Expected,1
608800,250565,5065,2025-01-13,Not as Expected,1
608801,231487,5263,2025-08-10,Size/Fit Issue,1
608802,293684,5344,2026-01-11,Wrong Product,1
608803,222640,5334,2025-09-22,Wrong Product,1
608804,269781,5283,2023-10-21,Size/Fit Issue,1
608805,266484,5319,2024-03-19,Size/Fit Issue,1
608806,260759,5394,2025-05-19,Not as Expected,1
608807,297463,5065,2025-03-20,Damaged,1
608808,242242,5310,2024-12-27,Size/Fit Issue,1
608809,285228,5049,2025-10-07,Damaged,1
608810,272684,5466,2023-08-19,Size/Fit Issue,1
608811,237096,5109,2024-11-03,Wrong Product,1
608812,297088,5397,2025-10-14,Size/Fit Issue,1
608813,201055,5092,2024-03-30,Changed Mind,1
608814,277211,5126,2025-09-30,Not as Expected,1
608815,274087,5354,2023-12-08,Damaged,1
608816,254723,5366,2024-03-04,Size/Fit Issue,1
608817,242496,5402,2024-02-28,Size/Fit Issue,1
608818,240211,5419,2025-10-10,Size/Fit Issue,1
608819,232640,5060,2024-08-20,Size/Fit Issue,1
608820,269831,5149,2025-12-28,Wrong Product,1
608821,227249,5048,2025-01-14,Not as Expected,1
608822,282955,5109,2025-02-03,Damaged,1
608823,283768,5437,2025-01-28,Wrong Product,1
608824,280498,5238,2024-02-12,Not as Expected,1
608825,265160,5175,2024-07-20,Damaged,1
608826,267575,5045,2025-08-05,Size/Fit Issue,1
608827,270973,5131,2024-05-02,Wrong Product,1
608828,207605,5358,2025-10-01,Damaged,1
608829,274114,5019,2023-01-18,Not as Expected,1
608830,256545,5454,2024-09-21,Damaged,1
608831,243449,5120,2025-09-15,Size/Fit Issue,1
608832,242793,5195,2023-11-26,Wrong Product,1
608833,297374,5449,2024-11-17,Not as Expected,1
608834,217782,5075,2023-08-21,Damaged,1
608835,274977,5386,2025-03-04,Not as Expected,1
608836,256232,5226,2023-09-29,Size/Fit Issue,1
608837,244316,5401,2025-08-04,Wrong Product,1
608838,223079,5445,2024-11-24,Changed Mind,1
608839,217359,5030,2024-03-30,Damaged,1
608840,209028,5379,2025-09-18,Size/Fit Issue,1
608841,206624,5349,2025-10-09,Changed Mind,1
608842,225386,5479,2024-12-03,Damaged,1
608843,219793,5071,2024-09-18,Changed Mind,1
608844,258870,5038,2024-02-24,Changed Mind,1
608845,203249,5139,2024-02-24,Wrong Product,1
608846,223658,5028,2025-10-30,Damaged,1
608847,266440,5270,2024-07-20,Size/Fit Issue,1
608848,247965,5294,2025-11-23,Damaged,1
608849,296308,5149,2024-07-15,Not as Expected,1
608850,250076,5240,2025-06-21,Damaged,1
608851,204553,5325,2024-11-26,Wrong Product,1
608852,250051,5084,2024-01-10,Changed Mind,1
608853,273005,5427,2025-12-19,Wrong Product,1
608854,281666,5300,2024-05-22,Damaged,1
608855,230511,5294,2025-08-22,Damaged,1
608856,206568,5157,2024-11-13,Wrong Product,1
608857,288283,5344,2025-08-30,Size/Fit Issue,1
608858,295022,5297,2023-02-03,Size/Fit Issue,1
608859,247013,5366,2023-04-27,Not as Expected,1
608860,275305,5294,2023-05-10,Not as Expected,1
608861,271738,5004,2025-01-25,Damaged,1
608862,237503,5390,2025-02-12,Not as Expected,1
608863,265605,5007,2024-11-09,Size/Fit Issue,1
608864,232619,5045,2025-09-25,Wrong Product,1
608865,259869,5215,2025-01-06,Size/Fit Issue,1
608866,290313,5434,2025-11-21,Changed Mind,1
608867,251007,5231,2024-09-17,Wrong Product,1
608868,258944,5318,2023-06-10,Damaged,1
608869,243816,5209,2025-09-11,Size/Fit Issue,1
608870,212273,5367,2023-07-01,Wrong Product,1
608871,235701,5199,2025-08-28,Size/Fit Issue,1
608872,238757,5223,2024-05-28,Wrong Product,1
608873,256235,5386,2026-01-01,Wrong Product,1
608874,220225,5232,2023-07-13,Not as Expected,1
608875,240803,5206,2024-02-29,Changed Mind,1
608876,291382,5181,2025-06-18,Changed Mind,1
608877,286321,5170,2024-03-10,Damaged,1
608878,207946,5038,2023-01-30,Damaged,1
608879,214052,5357,2025-01-23,Size/Fit Issue,1
608880,217112,5290,2024-04-12,Damaged,1
608881,289468,5200,2024-02-29,Not as Expected,1
608882,232330,5107,2024-10-24,Size/Fit Issue,1
608883,226486,5415,2023-08-31,Size/Fit Issue,1
608884,202021,5169,2024-06-10,Damaged,1
608885,256975,5426,2023-10-15,Not as Expected,1
608886,264993,5021,2024-02-12,Size/Fit Issue,1
608887,283943,5113,2024-01-14,Not as Expected,1
608888,208253,5018,2025-03-23,Not as Expected,1
608889,203965,5434,2024-11-14,Changed Mind,1
608890,210970,5138,2025-07-26,Damaged,1
608891,260600,5259,2024-11-06,Size/Fit Issue,1
608892,237668,5280,2025-07-23,Damaged,1
608893,219812,5464,2025-11-28,Size/Fit Issue,1
608894,258517,5358,2024-08-25,Wrong Product,1
608895,264820,5304,2024-03-05,Size/Fit Issue,1
608896,243393,5234,2024-03-16,Size/Fit Issue,1
608897,238605,5167,2024-03-14,Damaged,1
608898,289377,5155,2024-10-05,Size/Fit Issue,1
608899,280386,5039,2023-01-27,Damaged,1
608900,268084,5328,2025-12-16,Size/Fit Issue,1
608901,266527,5156,2023-07-31,Wrong Product,2
608902,201969,5262,2023-09-05,Wrong Product,1
608903,273573,5478,2023-05-23,Damaged,1
608904,219216,5197,2024-09-17,Not as Expected,1
608905,239549,5170,2024-05-11,Not as Expected,2
608906,243107,5172,2023-09-17,Size/Fit Issue,1
608907,234500,5370,2023-07-02,Damaged,1
608908,226848,5232,2024-08-27,Damaged,1
608909,290686,5382,2023-05-30,Damaged,1
608910,213120,5310,2024-11-22,Damaged,1
608911,262843,5360,2024-05-29,Not as Expected,1
608912,296242,5388,2024-01-02,Damaged,1
608913,223624,5254,2025-10-03,Wrong Product,1
608914,213964,5226,2025-11-08,Wrong Product,1
608915,284740,5020,2023-03-02,Damaged,1
608916,239820,5186,2025-05-17,Damaged,1
608917,256371,5247,2023-03-29,Size/Fit Issue,1
608918,278116,5330,2024-04-20,Wrong Product,1
608919,242245,5035,2023-07-26,Wrong Product,1
608920,292587,5042,2024-04-04,Size/Fit Issue,1
608921,248474,5026,2025-07-31,Changed Mind,1
608922,209063,5134,2023-01-23,Not as Expected,1
608923,279721,5253,2025-04-07,Wrong Product,1
608924,275098,5417,2025-03-23,Damaged,1
608925,268528,5479,2025-09-08,Size/Fit Issue,1
608926,259369,5344,2024-10-14,Damaged,1
608927,265000,5337,2025-06-27,Changed Mind,1
608928,258304,5050,2025-08-08,Wrong Product,1
608929,240380,5198,2025-04-08,Wrong Product,1
608930,229074,5361,2025-02-02,Damaged,1
608931,210726,5323,2024-09-05,Damaged,1
608932,206378,5327,2025-01-23,Not as Expected,1
608933,221359,5059,2025-10-06,Damaged,1
608934,259033,5100,2024-03-26,Damaged,1
608935,293717,5445,2024-03-08,Damaged,1
608936,212862,5195,2025-04-12,Wrong Product,1
608937,242774,5379,2023-12-25,Damaged,1
608938,283459,5145,2025-02-07,Not as Expected,1
608939,256103,5077,2025-11-14,Wrong Product,1
608940,275678,5120,2023-06-24,Changed Mind,1
608941,268503,5302,2024-12-12,Size/Fit Issue,1
608942,252095,5333,2025-10-27,Damaged,1
608943,243094,5311,2025-05-15,Size/Fit Issue,1
608944,248946,5320,2023-04-07,Size/Fit Issue,1
608945,202241,5403,2024-10-01,Wrong Product,1
608946,273719,5106,2025-11-14,Not as Expected,1
608947,212016,5313,2024-08-07,Size/Fit Issue,1
608948,221228,5335,2024-04-10,Changed Mind,1
608949,254947,5169,2025-04-10,Wrong Product,1
608950,222530,5322,2025-11-23,Wrong Product,1
608951,208194,5063,2025-02-28,Wrong Product,1
608952,272457,5466,2024-12-12,Size/Fit Issue,1
608953,225356,5207,2025-09-22,Size/Fit Issue,1
608954,248104,5251,2023-06-21,Size/Fit Issue,1
608955,230440,5178,2024-01-07,Changed Mind,1
608956,205915,5221,2025-06-02,Damaged,1
608957,200157,5370,2025-04-08,Not as Expected,1
608958,201495,5324,2025-04-28,Wrong Product,1
608959,289378,5151,2024-08-24,Wrong Product,1
608960,251621,5409,2023-10-22,Size/Fit Issue,1
608961,276004,5152,2025-05-14,Damaged,1
608962,221092,5123,2024-04-15,Not as Expected,1
608963,224128,5276,2023-08-02,Wrong Product,1
608964,203530,5233,2025-08-26,Not as Expected,1
608965,264408,5361,2023-06-29,Damaged,1
608966,219635,5317,2024-04-14,Not as Expected,1
608967,212705,5415,2023-06-01,Size/Fit Issue,1
608968,204084,5019,2025-04-26,Changed Mind,1
608969,296654,5423,2024-08-23,Size/Fit Issue,1
608970,200760,5122,2023-06-10,Damaged,1
608971,210714,5269,2025-12-14,Wrong Product,1
608972,264219,5232,2023-10-23,Wrong Product,1
608973,275269,5325,2023-10-23,Changed Mind,1
608974,200092,5313,2024-06-25,Size/Fit Issue,1
608975,249317,5295,2026-01-03,Not as Expected,1
608976,256349,5306,2025-09-25,Not as Expected,1
608977,216931,5161,2023-04-10,Damaged,1
608978,283273,5109,2023-02-19,Changed Mind,1
608979,253871,5470,2023-08-10,Not as Expected,1
608980,268323,5427,2025-05-24,Size/Fit Issue,1
608981,265438,5185,2024-05-08,Changed Mind,1
608982,291233,5089,2025-08-23,Changed Mind,1
608983,221621,5477,2025-02-19,Wrong Product,1
608984,278824,5019,2025-12-27,Not as Expected,1
608985,225689,5320,2025-06-14,Damaged,1
608986,281605,5144,2026-01-15,Size/Fit Issue,1
608987,252681,5253,2025-09-12,Damaged,1
608988,203667,5340,2025-07-23,Size/Fit Issue,1
608989,240828,5114,2024-03-10,Changed Mind,1
608990,299458,5321,2025-07-15,Size/Fit Issue,1
608991,253461,5350,2024-10-18,Size/Fit Issue,1
608992,227582,5439,2025-07-22,Size/Fit Issue,1
608993,254576,5232,2024-02-17,Changed Mind,1
608994,277334,5062,2024-07-25,Changed Mind,1
608995,222520,5096,2025-10-29,Size/Fit Issue,1
608996,222731,5471,2024-08-12,Not as Expected,1
608997,297546,5341,2025-10-19,Changed Mind,1
608998,299971,5067,2024-01-04,Size/Fit Issue,1
608999,261523,5107,2023-03-02,Wrong Product,1
609000,205250,5266,2025-04-01,Damaged,1
609001,255291,5202,2025-07-06,Damaged,1
609002,270067,5156,2024-11-05,Damaged,1
609003,206192,5354,2024-07-16,Size/Fit Issue,1
609004,234932,5395,2025-05-04,Not as Expected,1
609005,210594,5273,2023-07-16,Size/Fit Issue,1
609006,275187,5190,2024-05-08,Changed Mind,1
609007,280409,5301,2025-07-31,Damaged,1
609008,225394,5027,2024-03-31,Size/Fit Issue,1
609009,235146,5005,2025-11-28,Size/Fit Issue,1
609010,272102,5404,2023-04-02,Not as Expected,1
609011,269887,5404,2024-01-30,Wrong Product,1
609012,296085,5427,2023-10-16,Size/Fit Issue,1
609013,220800,5239,2025-08-25,Not as Expected,1
609014,200286,5040,2025-04-14,Size/Fit Issue,1
609015,240210,5044,2023-08-09,Damaged,1
609016,253447,5355,2025-08-02,Not as Expected,1
609017,272207,5113,2025-04-02,Damaged,1
609018,268609,5254,2023-12-19,Not as Expected,1
609019,297133,5132,2023-03-24,Damaged,1
609020,256147,5038,2025-03-25,Damaged,2
609021,250528,5288,2024-07-28,Not as Expected,1
609022,214854,5041,2025-11-23,Damaged,1
609023,255103,5413,2024-12-30,Changed Mind,1
609024,229808,5332,2024-12-19,Damaged,1
609025,229664,5449,2023-05-13,Not as Expected,1
609026,228173,5136,2023-10-18,Damaged,1
609027,217198,5446,2024-11-03,Size/Fit Issue,1
609028,249683,5271,2024-11-09,Size/Fit Issue,1
609029,245944,5198,2023-08-23,Changed Mind,1
609030,292385,5259,2023-12-14,Size/Fit Issue,1
609031,231698,5409,2023-02-09,Changed Mind,1
609032,263093,5370,2024-11-11,Damaged,1
609033,258133,5279,2023-02-01,Not as Expected,1
609034,214583,5406,2025-04-21,Not as Expected,1
609035,274371,5339,2023-03-27,Size/Fit Issue,1
609036,281124,5288,2025-09-26,Damaged,1
609037,233340,5420,2025-10-14,Changed Mind,1
609038,234019,5192,2025-04-09,Damaged,1
609039,206673,5026,2025-07-27,Changed Mind,1
609040,279237,5420,2024-09-29,Size/Fit Issue,1
609041,292426,5292,2025-11-08,Wrong Product,1
609042,282870,5403,2025-05-01,Size/Fit Issue,1
609043,233304,5151,2025-05-27,Damaged,1
609044,262493,5140,2025-01-24,Wrong Product,1
609045,263436,5174,2025-09-22,Wrong Product,1
609046,292975,5290,2023-06-04,Wrong Product,1
609047,223195,5302,2023-11-19,Size/Fit Issue,1
609048,291756,5110,2025-04-14,Size/Fit Issue,1
609049,217497,5102,2025-03-31,Wrong Product,1
609050,288738,5313,2023-02-07,Changed Mind,1
609051,215189,5194,2026-01-07,Damaged,1
609052,226450,5219,2024-04-30,Changed Mind,1
609053,261017,5131,2025-04-04,Size/Fit Issue,1
609054,216296,5074,2023-08-18,Size/Fit Issue,1
609055,208460,5196,2024-01-28,Size/Fit Issue,1
609056,238013,5127,2024-03-27,Size/Fit Issue,1
609057,283386,5071,2024-10-21,Size/Fit Issue,1
609058,293729,5173,2024-07-10,Not as Expected,1
609059,213389,5278,2025-03-31,Not as Expected,1
609060,202348,5401,2023-07-30,Wrong Product,1
609061,258676,5033,2024-01-24,Not as Expected,1
609062,232605,5468,2025-07-29,Not as Expected,1
609063,231629,5152,2025-05-10,Size/Fit Issue,1
609064,224864,5439,2025-09-04,Damaged,1
609065,218791,5353,2025-06-15,Changed Mind,1
609066,271151,5325,2025-07-09,Damaged,1
609067,250581,5438,2025-12-07,Wrong Product,1
609068,256215,5133,2023-10-05,Size/Fit Issue,1
609069,232935,5131,2024-06-10,Not as Expected,1
609070,233481,5039,2025-02-13,Damaged,1
609071,225542,5221,2023-11-20,Size/Fit Issue,1
609072,206501,5467,2023-04-26,Damaged,1
609073,284295,5377,2025-10-23,Changed Mind,1
609074,288521,5055,2024-06-04,Not as Expected,1
609075,297154,5388,2023-03-28,Not as Expected,1
609076,245940,5317,2024-06-15,Size/Fit Issue,2
609077,208890,5400,2025-02-27,Not as Expected,1
609078,228837,5146,2025-01-19,Damaged,1
609079,230186,5079,2023-05-06,Size/Fit Issue,1
609080,250441,5463,2025-07-07,Damaged,1
609081,293671,5028,2025-08-07,Size/Fit Issue,1
609082,263312,5267,2025-11-21,Damaged,1
609083,267064,5117,2023-11-08,Size/Fit Issue,1
609084,215101,5319,2023-03-24,Size/Fit Issue,1
609085,260229,5346,2024-02-05,Size/Fit Issue,1
609086,286167,5002,2024-07-18,Size/Fit Issue,1
609087,281405,5365,2025-11-28,Not as Expected,1
609088,269728,5133,2025-05-23,Size/Fit Issue,1
609089,244153,5230,2024-07-10,Size/Fit Issue,2
609090,250636,5425,2023-04-12,Size/Fit Issue,1
609091,265991,5400,2025-10-29,Damaged,1
609092,205427,5123,2024-12-28,Changed Mind,1
609093,271238,5450,2025-12-20,Damaged,1
609094,209031,5122,2023-07-13,Wrong Product,1
609095,233920,5158,2026-01-03,Wrong Product,1
609096,259510,5326,2025-01-12,Damaged,1
609097,229703,5331,2026-01-05,Wrong Product,1
609098,275410,5159,2024-10-07,Wrong Product,2
609099,263309,5192,2025-12-23,Size/Fit Issue,1
609100,299508,5033,2025-09-19,Not as Expected,1
609101,227685,5339,2025-01-16,Not as Expected,1
609102,247837,5157,2024-09-21,Damaged,1
609103,290825,5423,2025-03-29,Not as Expected,1
609104,212695,5105,2024-05-17,Not as Expected,1
609105,223306,5285,2025-05-26,Size/Fit Issue,1
609106,266393,5303,2024-09-15,Size/Fit Issue,1
609107,227294,5211,2023-10-29,Not as Expected,1
609108,221246,5012,2024-04-28,Not as Expected,1
609109,250414,5182,2024-01-14,Size/Fit Issue,1
609110,243140,5435,2024-10-24,Damaged,1
609111,258213,5135,2023-04-03,Wrong Product,1
609112,279229,5416,2025-05-29,Size/Fit Issue,1
609113,251588,5143,2024-07-17,Not as Expected,1
609114,278115,5325,2025-09-07,Changed Mind,1
609115,212549,5206,2023-09-20,Size/Fit Issue,1
609116,295722,5463,2024-01-12,Size/Fit Issue,1
609117,275642,5276,2025-01-16,Wrong Product,1
609118,255466,5020,2025-05-03,Not as Expected,1
609119,296538,5116,2024-07-15,Changed Mind,1
609120,283053,5384,2023-08-25,Size/Fit Issue,1
609121,289298,5335,2023-08-21,Not as Expected,1
609122,261513,5365,2023-12-02,Wrong Product,1
609123,291460,5110,2024-10-29,Wrong Product,1
609124,220184,5150,2025-04-22,Size/Fit Issue,1
609125,254862,5055,2024-01-30,Size/Fit Issue,1
609126,272042,5447,2023-10-23,Damaged,1
609127,284013,5384,2024-11-26,Size/Fit Issue,1
609128,272417,5323,2023-10-02,Size/Fit Issue,1
609129,277406,5227,2023-06-18,Not as Expected,1
609130,243486,5346,2023-07-08,Damaged,1
609131,218457,5005,2024-03-07,Damaged,1
609132,200993,5316,2023-12-19,Not as Expected,1
609133,216660,5436,2024-09-29,Size/Fit Issue,1
609134,233704,5205,2025-10-17,Changed Mind,1
609135,299082,5079,2024-02-05,Not as Expected,1
609136,209390,5439,2025-07-24,Damaged,1
609137,227690,5343,2025-08-07,Not as Expected,1
609138,231712,5354,2025-03-04,Wrong Product,1
609139,241367,5417,2023-08-08,Changed Mind,1
609140,209527,5198,2024-09-01,Damaged,1
609141,279524,5373,2023-12-21,Not as Expected,1
609142,290756,5423,2024-03-20,Damaged,1
609143,268291,5235,2025-09-25,Damaged,1
609144,246889,5301,2023-06-15,Wrong Product,1
609145,254114,5335,2025-04-01,Damaged,1
609146,274071,5407,2025-01-24,Damaged,1
609147,202616,5055,2024-09-24,Wrong Product,1
609148,298638,5103,2026-01-02,Damaged,1
609149,275056,5220,2024-11-06,Wrong Product,1
609150,281396,5123,2023-03-26,Changed Mind,1
609151,270955,5289,2025-02-15,Damaged,1
609152,250614,5332,2024-05-07,Damaged,1
609153,249427,5180,2025-04-25,Changed Mind,1
609154,297785,5399,2024-06-24,Wrong Product,1
609155,295369,5339,2025-10-31,Wrong Product,1
609156,233131,5442,2025-12-25,Changed Mind,1
609157,234781,5263,2025-10-24,Changed Mind,1
609158,211011,5367,2023-02-25,Size/Fit Issue,1
609159,298223,5211,2025-03-13,Wrong Product,1
609160,202445,5297,2025-11-17,Damaged,1
609161,251420,5077,2026-01-12,Changed Mind,1
609162,208655,5232,2024-06-02,Changed Mind,1
609163,295344,5187,2025-05-10,Wrong Product,1
609164,274274,5188,2024-06-15,Wrong Product,1
609165,287813,5245,2023-08-02,Damaged,1
609166,225256,5051,2025-04-11,Wrong Product,1
609167,242790,5445,2023-05-31,Not as Expected,1
609168,222032,5021,2025-09-10,Size/Fit Issue,1
609169,259475,5391,2023-10-08,Wrong Product,1
609170,251230,5212,2025-10-18,Damaged,1
609171,292828,5138,2023-05-07,Wrong Product,1
609172,288848,5308,2024-03-03,Wrong Product,1
609173,256359,5197,2025-04-15,Changed Mind,1
609174,213157,5099,2024-05-22,Size/Fit Issue,1
609175,209651,5106,2024-09-03,Damaged,1
609176,246512,5233,2023-05-25,Changed Mind,1
609177,277412,5013,2023-01-25,Size/Fit Issue,1
609178,246826,5321,2023-07-20,Not as Expected,1
609179,274533,5208,2024-11-08,Damaged,1
609180,254950,5329,2023-03-05,Wrong Product,1
609181,245851,5304,2023-05-28,Not as Expected,1
609182,277637,5392,2023-07-19,Not as Expected,1
609183,230004,5460,2023-01-21,Size/Fit Issue,1
609184,241477,5178,2024-12-14,Size/Fit Issue,1
609185,275957,5380,2025-01-13,Size/Fit Issue,1
609186,293775,5459,2023-08-09,Size/Fit Issue,1
609187,279993,5477,2024-11-22,Size/Fit Issue,2
609188,270971,5053,2025-01-23,Damaged,1
609189,229619,5099,2023-12-03,Damaged,1
609190,208926,5438,2024-07-01,Size/Fit Issue,1
609191,290202,5090,2024-02-15,Size/Fit Issue,1
609192,279247,5378,2024-04-22,Size/Fit Issue,1
609193,218385,5289,2025-09-21,Size/Fit Issue,1
609194,254008,5240,2025-12-15,Size/Fit Issue,1
609195,204221,5213,2025-01-15,Not as Expected,1
609196,296429,5076,2023-10-26,Size/Fit Issue,1
609197,210215,5340,2025-06-16,Not as Expected,1
609198,283714,5235,2023-03-30,Not as Expected,1
609199,236026,5175,2023-07-09,Wrong Product,1
609200,243927,5232,2025-03-03,Damaged,1
609201,293013,5209,2023-11-04,Changed Mind,1
609202,250590,5167,2025-10-25,Damaged,1
609203,298997,5204,2025-08-02,Not as Expected,1
609204,269790,5320,2025-04-24,Changed Mind,1
609205,263039,5277,2023-04-17,Size/Fit Issue,1
609206,291930,5230,2023-05-15,Damaged,1
609207,212696,5328,2024-09-15,Size/Fit Issue,1
609208,215738,5125,2023-06-12,Size/Fit Issue,1
609209,208422,5446,2024-07-20,Damaged,1
609210,271477,5424,2024-01-04,Size/Fit Issue,1
609211,251536,5450,2023-07-08,Not as Expected,1
609212,216252,5118,2023-04-01,Size/Fit Issue,1
609213,219851,5223,2023-03-31,Damaged,1
609214,274770,5416,2025-01-13,Not as Expected,1
609215,217331,5224,2024-05-06,Damaged,1
609216,226061,5426,2024-07-05,Not as Expected,1
609217,213054,5331,2023-08-23,Wrong Product,1
609218,267262,5473,2023-11-13,Damaged,1
609219,209027,5089,2024-07-11,Not as Expected,1
609220,294793,5401,2024-12-04,Damaged,1
609221,286092,5078,2024-06-21,Not as Expected,1
609222,280788,5019,2025-04-11,Damaged,1
609223,205293,5280,2024-02-19,Wrong Product,1
609224,296543,5453,2025-05-11,Size/Fit Issue,1
609225,229910,5050,2025-05-08,Size/Fit Issue,1
609226,262165,5384,2025-03-01,Damaged,1
609227,284897,5442,2025-05-31,Size/Fit Issue,1
609228,221350,5157,2025-12-15,Wrong Product,1
609229,222861,5011,2023-10-27,Changed Mind,1
609230,226168,5472,2024-10-25,Size/Fit Issue,1
609231,269644,5276,2024-12-19,Not as Expected,1
609232,255192,5304,2024-09-29,Not as Expected,1
609233,227217,5331,2024-09-18,Not as Expected,1
609234,237883,5092,2024-07-11,Wrong Product,1
609235,234898,5029,2025-04-11,Not as Expected,1
609236,228025,5363,2025-12-03,Wrong Product,1
609237,215712,5007,2023-03-12,Damaged,1
609238,258581,5338,2025-11-14,Size/Fit Issue,1
609239,219033,5407,2024-11-17,Size/Fit Issue,1
609240,220505,5055,2025-04-08,Not as Expected,1
609241,287405,5058,2025-08-04,Damaged,1
609242,287425,5358,2025-11-19,Not as Expected,1
609243,277130,5398,2025-04-06,Size/Fit Issue,1
609244,205453,5439,2024-03-30,Size/Fit Issue,1
609245,269097,5183,2023-05-11,Not as Expected,1
609246,221394,5241,2024-10-20,Damaged,1
609247,282374,5361,2024-03-24,Not as Expected,1
609248,246722,5033,2025-03-01,Size/Fit Issue,1
609249,275378,5270,2023-07-17,Not as Expected,1
609250,221327,5209,2023-01-31,Damaged,1
609251,230125,5473,2024-11-10,Size/Fit Issue,1
609252,280039,5197,2024-02-17,Size/Fit Issue,1
609253,220738,5384,2023-09-13,Not as Expected,1
609254,298378,5095,2023-02-04,Wrong Product,1
609255,276505,5386,2025-03-29,Wrong Product,1
609256,268959,5317,2024-09-27,Wrong Product,1
609257,204984,5096,2023-06-01,Damaged,1
609258,294926,5342,2025-10-02,Changed Mind,1
609259,244707,5059,2023-07-12,Damaged,1
609260,299317,5056,2024-02-08,Not as Expected,1
609261,227929,5367,2024-03-14,Size/Fit Issue,1
609262,271172,5469,2024-08-17,Wrong Product,1
609263,206349,5422,2025-10-22,Changed Mind,1
609264,215342,5231,2025-05-22,Damaged,1
609265,256679,5277,2025-08-22,Changed Mind,1
609266,269979,5019,2024-05-17,Damaged,1
609267,211082,5420,2024-04-27,Damaged,1
609268,261453,5036,2025-10-27,Changed Mind,1
609269,241164,5440,2023-05-06,Size/Fit Issue,1
609270,222928,5206,2024-01-30,Size/Fit Issue,1
609271,226185,5144,2025-03-07,Size/Fit Issue,1
609272,281770,5082,2023-08-28,Wrong Product,1
609273,296885,5385,2023-04-24,Changed Mind,1
609274,229451,5294,2023-02-23,Damaged,1
609275,281184,5147,2023-07-14,Wrong Product,1
609276,295347,5380,2023-08-01,Damaged,1
609277,238926,5022,2025-10-30,Damaged,1
609278,282313,5233,2024-07-28,Wrong Product,1
609279,236917,5129,2023-05-07,Not as Expected,1
609280,275615,5159,2024-11-05,Not as Expected,1
609281,282386,5402,2025-10-08,Damaged,1
609282,297107,5429,2025-08-09,Changed Mind,1
609283,241549,5337,2025-11-25,Size/Fit Issue,1
609284,222299,5006,2024-09-17,Wrong Product,1
609285,299706,5131,2024-10-16,Size/Fit Issue,1
609286,290000,5063,2025-08-21,Size/Fit Issue,1
609287,252629,5443,2025-04-14,Size/Fit Issue,1
609288,248925,5473,2024-08-30,Wrong Product,1
609289,289260,5159,2025-03-24,Size/Fit Issue,1
609290,280823,5127,2024-06-12,Not as Expected,1
609291,243372,5236,2026-01-03,Damaged,1
609292,271879,5062,2024-06-27,Size/Fit Issue,1
609293,216885,5309,2025-10-19,Size/Fit Issue,1
609294,240021,5458,2023-10-30,Damaged,1
609295,211559,5101,2024-05-29,Not as Expected,1
609296,294121,5019,2025-05-02,Size/Fit Issue,1
609297,210360,5279,2024-05-18,Size/Fit Issue,1
609298,295383,5247,2024-04-22,Not as Expected,1
609299,211297,5023,2023-09-06,Size/Fit Issue,1
609300,220956,5016,2024-05-14,Wrong Product,1
609301,272121,5221,2023-06-23,Changed Mind,1
609302,244002,5299,2023-04-13,Damaged,1
609303,271596,5167,2023-12-13,Wrong Product,1
609304,268954,5457,2023-03-13,Wrong Product,1
609305,200930,5228,2025-02-22,Not as Expected,1
609306,227385,5195,2024-01-24,Changed Mind,1
609307,221829,5341,2024-08-21,Wrong Product,1
609308,247588,5087,2024-04-27,Wrong Product,1
609309,206539,5272,2025-12-30,Damaged,1
609310,263772,5341,2023-08-15,Not as Expected,1
609311,252454,5205,2025-06-11,Not as Expected,1
609312,205404,5437,2023-01-19,Changed Mind,1
609313,279360,5259,2025-05-07,Damaged,1
609314,269908,5251,2023-07-09,Size/Fit Issue,1
609315,270787,5368,2025-08-07,Not as Expected,1
609316,213141,5306,2024-12-24,Size/Fit Issue,1
609317,299347,5179,2025-09-04,Damaged,1
609318,217881,5340,2026-01-19,Size/Fit Issue,1
609319,270055,5425,2025-11-30,Damaged,1
609320,293732,5021,2024-01-19,Wrong Product,1
609321,291698,5385,2024-07-07,Changed Mind,1
609322,228481,5079,2025-12-06,Not as Expected,1
609323,261849,5473,2025-12-02,Wrong Product,1
609324,213839,5336,2025-10-21,Size/Fit Issue,1
609325,233497,5423,2024-11-02,Not as Expected,1
609326,269034,5451,2024-03-04,Not as Expected,1
609327,213602,5044,2025-05-12,Damaged,1
609328,258183,5379,2025-09-09,Changed Mind,1
609329,253271,5125,2024-09-18,Size/Fit Issue,1
609330,262825,5137,2023-06-15,Not as Expected,1
609331,233820,5030,2023-11-17,Size/Fit Issue,1
609332,246810,5410,2023-10-24,Wrong Product,1
609333,234648,5090,2024-10-04,Not as Expected,1
609334,207784,5147,2025-07-14,Size/Fit Issue,1
609335,266394,5382,2023-11-02,Size/Fit Issue,1
609336,251369,5008,2023-02-16,Changed Mind,1
609337,222780,5155,2024-01-17,Wrong Product,1
609338,280205,5157,2025-01-07,Damaged,1
609339,212408,5250,2025-08-03,Size/Fit Issue,1
609340,299019,5405,2024-10-26,Wrong Product,1
609341,213525,5393,2023-06-21,Damaged,1
609342,256691,5037,2024-01-11,Size/Fit Issue,1
609343,232043,5370,2025-04-25,Not as Expected,1
609344,273507,5471,2024-01-28,Wrong Product,1
609345,242535,5314,2024-07-25,Wrong Product,1
609346,258627,5044,2024-11-12,Size/Fit Issue,1
609347,261903,5268,2024-01-23,Wrong Product,1
609348,213288,5355,2025-06-09,Changed Mind,1
609349,206888,5372,2023-07-29,Changed Mind,1
609350,286157,5453,2024-10-26,Damaged,1
609351,203858,5166,2023-10-04,Not as Expected,1
609352,226102,5461,2024-01-28,Changed Mind,1
609353,200564,5310,2025-05-07,Damaged,1
609354,246231,5159,2023-08-08,Damaged,1
609355,217919,5356,2024-07-12,Not as Expected,1
609356,258594,5455,2024-07-20,Size/Fit Issue,1
609357,255889,5327,2024-10-14,Size/Fit Issue,1
609358,274058,5043,2025-09-28,Not as Expected,1
609359,249153,5213,2025-08-11,Damaged,1
609360,297666,5182,2023-09-23,Not as Expected,1
609361,268486,5249,2025-09-27,Wrong Product,1
609362,233860,5118,2025-06-01,Wrong Product,1
609363,250268,5256,2025-04-19,Size/Fit Issue,1
609364,201704,5277,2025-08-06,Not as Expected,1
609365,210102,5128,2023-05-24,Damaged,1
609366,248979,5442,2023-02-11,Not as Expected,1
609367,257404,5423,2024-08-25,Damaged,1
609368,221585,5372,2023-09-03,Size/Fit Issue,1
609369,287085,5398,2025-06-06,Size/Fit Issue,1
609370,268431,5146,2023-02-23,Wrong Product,1
609371,285345,5051,2024-08-29,Not as Expected,1
609372,208674,5341,2023-05-19,Changed Mind,1
609373,299471,5429,2024-09-21,Size/Fit Issue,1
609374,213734,5221,2024-04-18,Not as Expected,1
609375,201885,5200,2025-05-04,Not as Expected,2
609376,262842,5439,2023-06-06,Damaged,1
609377,279201,5320,2025-01-29,Size/Fit Issue,1
609378,289375,5060,2025-04-12,Damaged,1
609379,212539,5050,2023-03-27,Size/Fit Issue,1
609380,293084,5024,2025-08-15,Wrong Product,1
609381,278527,5231,2023-07-17,Changed Mind,1
609382,238664,5281,2025-12-25,Wrong Product,1
609383,225942,5220,2024-11-12,Changed Mind,1
609384,278384,5188,2025-11-09,Size/Fit Issue,1
609385,254803,5327,2023-07-25,Size/Fit Issue,1
609386,257544,5282,2024-03-02,Changed Mind,1
609387,239772,5432,2023-12-12,Size/Fit Issue,1
609388,226474,5209,2025-04-12,Size/Fit Issue,1
609389,285303,5039,2023-11-12,Size/Fit Issue,1
609390,254237,5262,2025-10-03,Damaged,1
609391,236882,5262,2025-10-19,Size/Fit Issue,1
609392,275827,5402,2025-07-06,Damaged,1
609393,253192,5137,2024-05-17,Not as Expected,1
609394,245921,5208,2023-05-20,Changed Mind,1
609395,200103,5071,2024-12-17,Damaged,1
609396,233282,5456,2023-07-27,Not as Expected,1
609397,266220,5204,2024-05-03,Damaged,1
609398,216133,5147,2023-03-10,Size/Fit Issue,1
609399,279765,5198,2025-01-16,Damaged,1
609400,267920,5321,2024-02-05,Wrong Product,1
609401,285306,5283,2024-12-09,Changed Mind,1
609402,242695,5204,2023-09-15,Damaged,1
609403,241482,5367,2023-06-03,Not as Expected,1
609404,210106,5465,2025-02-27,Changed Mind,1
609405,210927,5422,2024-07-16,Not as Expected,1
609406,293169,5421,2024-05-12,Damaged,1
609407,271592,5281,2024-07-30,Not as Expected,1
609408,223617,5428,2023-11-16,Size/Fit Issue,1
609409,296114,5256,2024-02-08,Changed Mind,1
609410,264856,5361,2024-08-26,Damaged,1
609411,211120,5433,2023-08-04,Size/Fit Issue,1
609412,296178,5410,2025-09-04,Wrong Product,1
609413,215228,5363,2024-04-29,Wrong Product,2
609414,241368,5417,2024-11-04,Wrong Product,1
609415,248647,5131,2025-05-29,Size/Fit Issue,1
609416,287936,5155,2024-07-12,Damaged,1
609417,263598,5342,2024-10-01,Changed Mind,1
609418,246328,5028,2023-10-29,Wrong Product,1
609419,238405,5020,2023-10-07,Not as Expected,1
609420,282855,5105,2025-10-23,Changed Mind,1
609421,208403,5040,2024-07-12,Not as Expected,1
609422,263019,5332,2025-10-19,Wrong Product,1
609423,235663,5103,2023-11-06,Not as Expected,1
609424,250177,5105,2024-12-27,Size/Fit Issue,1
609425,246825,5343,2025-05-08,Wrong Product,1
609426,294071,5298,2025-12-29,Not as Expected,1
609427,231885,5362,2024-04-05,Not as Expected,1
609428,253510,5388,2023-01-29,Size/Fit Issue,1
609429,200407,5390,2023-11-14,Wrong Product,1
609430,202215,5070,2025-10-25,Damaged,1
609431,236098,5044,2026-01-04,Size/Fit Issue,1
609432,208263,5170,2023-11-11,Size/Fit Issue,1
609433,286744,5205,2026-01-06,Wrong Product,1
609434,278924,5438,2023-07-30,Size/Fit Issue,1
609435,232627,5119,2025-02-02,Damaged,1
609436,242504,5110,2025-03-13,Size/Fit Issue,1
609437,244345,5449,2023-08-06,Not as Expected,1
609438,261189,5147,2023-10-14,Damaged,1
609439,216155,5282,2023-04-04,Wrong Product,1
609440,269408,5207,2026-01-12,Size/Fit Issue,1
609441,214663,5341,2024-07-14,Wrong Product,1
609442,241002,5133,2024-06-02,Damaged,1
609443,296256,5427,2025-03-15,Size/Fit Issue,1
609444,234691,5330,2025-02-10,Size/Fit Issue,1
609445,293482,5190,2024-07-22,Wrong Product,1
609446,246379,5446,2023-09-05,Damaged,1
609447,262424,5232,2025-09-07,Damaged,1
609448,204368,5430,2025-11-02,Damaged,1
609449,270250,5240,2024-09-27,Wrong Product,1
609450,251830,5075,2023-03-03,Not as Expected,1
609451,256070,5067,2024-02-08,Wrong Product,1
609452,237232,5174,2025-04-10,Size/Fit Issue,1
609453,298399,5445,2023-11-11,Damaged,1
609454,247820,5339,2025-10-27,Size/Fit Issue,1
609455,275264,5369,2025-07-09,Damaged,1
609456,275711,5358,2024-04-23,Not as Expected,1
609457,223626,5301,2025-10-18,Not as Expected,1
609458,226533,5051,2024-11-05,Damaged,1
609459,288058,5163,2024-08-04,Not as Expected,1
609460,268793,5269,2024-10-31,Changed Mind,1
609461,222173,5070,2025-11-08,Not as Expected,1
609462,238978,5420,2023-12-13,Damaged,1
609463,201031,5089,2024-12-03,Not as Expected,1
609464,242999,5052,2024-05-16,Changed Mind,1
609465,247170,5240,2024-08-26,Wrong Product,1
609466,246738,5140,2024-07-28,Size/Fit Issue,1
609467,262663,5302,2024-07-19,Wrong Product,1
609468,242759,5175,2024-10-18,Damaged,1
609469,249218,5001,2024-02-01,Damaged,1
609470,238456,5002,2025-07-30,Changed Mind,1
609471,258717,5034,2025-08-04,Wrong Product,1
609472,299797,5466,2025-08-28,Damaged,1
609473,242171,5099,2023-11-08,Damaged,1
609474,279811,5218,2025-07-19,Damaged,1
609475,208116,5004,2025-12-12,Not as Expected,1
609476,217512,5449,2023-03-06,Size/Fit Issue,1
609477,229189,5458,2023-02-08,Size/Fit Issue,1
609478,240223,5211,2023-11-19,Wrong Product,1
609479,261754,5370,2024-06-17,Not as Expected,1
609480,230029,5093,2025-06-25,Not as Expected,1
609481,206981,5452,2025-12-20,Not as Expected,1
609482,262480,5165,2025-04-28,Changed Mind,1
609483,226916,5174,2025-03-26,Not as Expected,1
609484,274891,5163,2025-08-02,Size/Fit Issue,1
609485,204987,5244,2024-09-29,Changed Mind,1
609486,254520,5277,2024-05-16,Size/Fit Issue,1
609487,288367,5478,2023-06-20,Wrong Product,1
609488,263068,5159,2024-09-15,Damaged,1
609489,261612,5309,2025-05-20,Not as Expected,1
609490,204647,5391,2024-04-30,Wrong Product,1
609491,275748,5224,2025-08-03,Damaged,1
609492,212670,5413,2025-05-03,Size/Fit Issue,1
609493,244393,5413,2023-05-04,Not as Expected,1
609494,282245,5063,2025-08-13,Changed Mind,1
609495,225744,5432,2025-02-13,Size/Fit Issue,1
609496,266985,5330,2025-08-10,Changed Mind,1
609497,294735,5315,2025-04-26,Damaged,1
609498,243970,5453,2025-04-30,Wrong Product,1
609499,237015,5232,2025-01-30,Not as Expected,1
609500,260681,5005,2024-08-27,Not as Expected,1
609501,267219,5223,2023-06-20,Wrong Product,1
609502,202711,5364,2024-09-09,Size/Fit Issue,1
609503,294417,5076,2023-11-26,Not as Expected,1
609504,229605,5075,2025-06-15,Wrong Product,1
609505,294484,5056,2024-10-02,Wrong Product,1
609506,282712,5159,2024-05-17,Not as Expected,1
609507,261618,5355,2023-06-03,Changed Mind,1
609508,206705,5223,2025-06-02,Not as Expected,1
609509,231948,5299,2025-12-18,Damaged,1
609510,290536,5346,2025-11-24,Changed Mind,1
609511,262292,5128,2025-07-17,Size/Fit Issue,1
609512,211502,5207,2024-03-23,Size/Fit Issue,1
609513,242905,5472,2023-08-15,Changed Mind,1
609514,209937,5059,2023-03-10,Size/Fit Issue,1
609515,268418,5115,2023-12-30,Damaged,1
609516,206121,5178,2024-05-02,Changed Mind,1
609517,297961,5423,2024-10-26,Damaged,1
609518,217385,5177,2025-10-30,Not as Expected,1
609519,265743,5318,2025-08-25,Changed Mind,1
609520,248357,5040,2024-07-12,Damaged,1
609521,237800,5152,2023-12-24,Damaged,1
609522,233145,5150,2024-12-01,Wrong Product,1
609523,244729,5252,2025-05-24,Damaged,1
609524,237283,5079,2024-11-13,Size/Fit Issue,1
609525,245882,5255,2024-11-07,Wrong Product,1
609526,217133,5068,2025-12-20,Size/Fit Issue,1
609527,223049,5254,2023-08-05,Wrong Product,1
609528,295205,5135,2024-01-21,Damaged,1
609529,241718,5429,2023-04-15,Size/Fit Issue,1
609530,283515,5294,2024-03-05,Not as Expected,1
609531,227541,5325,2025-12-14,Changed Mind,1
609532,204369,5012,2024-12-15,Wrong Product,1
609533,231611,5311,2024-04-11,Not as Expected,1
609534,267602,5419,2024-09-12,Not as Expected,1
609535,208748,5256,2024-07-02,Damaged,1
609536,281341,5094,2023-07-04,Changed Mind,1
609537,249471,5008,2023-10-21,Changed Mind,1
609538,259104,5346,2025-03-03,Size/Fit Issue,1
609539,282223,5187,2024-12-12,Wrong Product,1
609540,235076,5271,2025-04-30,Damaged,1
609541,258172,5401,2025-01-06,Size/Fit Issue,1
609542,233311,5457,2024-12-31,Not as Expected,1
609543,238891,5198,2025-12-10,Size/Fit Issue,1
609544,292077,5088,2023-10-07,Wrong Product,1
609545,298586,5176,2024-05-03,Changed Mind,1
609546,231398,5356,2025-06-14,Size/Fit Issue,1
609547,206152,5355,2023-10-25,Damaged,1
609548,205423,5474,2025-07-29,Size/Fit Issue,1
609549,271535,5296,2025-12-18,Not as Expected,1
609550,203340,5029,2023-11-16,Damaged,1
609551,219142,5228,2023-07-05,Not as Expected,1
609552,256040,5370,2025-07-21,Size/Fit Issue,1
609553,257173,5351,2025-03-27,Not as Expected,1
609554,295743,5132,2024-01-02,Damaged,1
609555,272045,5301,2025-03-06,Not as Expected,1
609556,254712,5432,2024-05-10,Size/Fit Issue,1
609557,232963,5375,2025-09-26,Changed Mind,1
609558,240573,5430,2024-05-25,Size/Fit Issue,1
609559,245354,5179,2023-03-22,Not as Expected,1
609560,257692,5266,2025-08-27,Damaged,1
609561,208558,5385,2025-12-26,Not as Expected,1
609562,253430,5241,2025-01-05,Wrong Product,1
609563,260758,5223,2024-07-30,Wrong Product,2
609564,261831,5372,2024-07-30,Not as Expected,1
609565,284556,5151,2025-03-04,Not as Expected,1
609566,216752,5464,2024-11-29,Damaged,2
609567,298885,5285,2025-09-06,Wrong Product,1
609568,238859,5240,2025-04-10,Changed Mind,1
609569,207706,5431,2025-09-21,Changed Mind,1
609570,285575,5291,2025-02-22,Damaged,1
609571,243083,5202,2025-06-08,Size/Fit Issue,1
609572,241350,5139,2025-04-13,Wrong Product,1
609573,226774,5145,2025-05-10,Not as Expected,1
609574,254841,5133,2024-11-06,Changed Mind,1
609575,248030,5287,2025-11-20,Size/Fit Issue,2
609576,213373,5122,2025-09-24,Size/Fit Issue,1
609577,206875,5055,2025-08-13,Changed Mind,1
609578,266348,5049,2023-08-04,Not as Expected,1
609579,246763,5445,2025-05-19,Size/Fit Issue,1
609580,234702,5399,2023-02-18,Not as Expected,1
609581,243979,5083,2025-08-20,Size/Fit Issue,1
609582,227666,5245,2023-09-30,Wrong Product,1
609583,269555,5070,2024-02-20,Not as Expected,1
609584,230997,5101,2024-09-09,Changed Mind,1
609585,251076,5148,2025-10-18,Size/Fit Issue,1
609586,230732,5379,2025-01-08,Changed Mind,1
609587,217403,5029,2023-12-18,Changed Mind,1
609588,204658,5236,2023-06-29,Wrong Product,1
609589,215489,5075,2023-09-04,Not as Expected,1
609590,297605,5275,2025-10-25,Size/Fit Issue,1
609591,202627,5261,2025-08-25,Wrong Product,1
609592,285338,5025,2023-06-10,Wrong Product,1
609593,243952,5388,2024-12-03,Damaged,1
609594,227667,5265,2025-01-13,Size/Fit Issue,1
609595,295144,5170,2025-11-06,Wrong Product,1
609596,253901,5434,2024-09-02,Wrong Product,1
609597,274768,5461,2023-07-08,Not as Expected,1
609598,236557,5424,2025-10-23,Size/Fit Issue,1
609599,223323,5178,2024-07-02,Not as Expected,1
609600,275682,5280,2024-02-14,Damaged,1
609601,245055,5101,2023-07-02,Not as Expected,1
609602,231802,5149,2025-04-29,Not as Expected,1
609603,225191,5096,2025-10-28,Size/Fit Issue,1
609604,215494,5081,2023-05-28,Not as Expected,1
609605,271682,5012,2025-04-01,Not as Expected,1
609606,243742,5381,2023-02-08,Wrong Product,1
609607,270894,5260,2023-03-14,Damaged,1
609608,246439,5204,2025-07-31,Wrong Product,1
609609,202791,5425,2025-07-13,Changed Mind,1
609610,259854,5426,2024-11-09,Changed Mind,1
609611,246811,5451,2025-04-15,Changed Mind,1
609612,220271,5035,2023-11-14,Not as Expected,1
609613,202816,5264,2025-07-20,Changed Mind,1
609614,269040,5051,2025-08-30,Size/Fit Issue,1
609615,294111,5063,2023-10-12,Not as Expected,1
609616,268122,5059,2023-02-17,Damaged,1
609617,296327,5317,2024-01-31,Changed Mind,1
609618,212886,5250,2024-12-16,Size/Fit Issue,1
609619,265401,5058,2024-04-24,Not as Expected,1
609620,247133,5367,2024-03-17,Wrong Product,1
609621,282341,5261,2023-05-20,Damaged,1
609622,234471,5417,2024-11-25,Wrong Product,1
609623,233632,5381,2023-04-20,Wrong Product,1
609624,217107,5003,2024-08-21,Size/Fit Issue,2
609625,224695,5025,2024-04-07,Damaged,1
609626,262223,5225,2025-09-25,Size/Fit Issue,1
609627,210610,5470,2025-07-12,Not as Expected,1
609628,205593,5053,2023-10-03,Damaged,1
609629,256043,5420,2024-10-14,Wrong Product,1
609630,228479,5045,2023-09-17,Wrong Product,1
609631,258894,5355,2025-03-01,Size/Fit Issue,1
609632,260461,5090,2025-07-13,Wrong Product,1
609633,215395,5457,2023-06-19,Damaged,1
609634,245383,5017,2023-12-05,Not as Expected,1
609635,239851,5217,2025-06-29,Damaged,1
609636,240714,5342,2024-02-25,Size/Fit Issue,1
609637,264365,5283,2024-02-29,Wrong Product,1
609638,282611,5413,2025-07-25,Changed Mind,1
609639,286160,5128,2023-06-07,Not as Expected,1
609640,213319,5468,2024-11-18,Not as Expected,1
609641,269415,5206,2026-01-11,Size/Fit Issue,1
609642,296869,5075,2025-02-10,Not as Expected,1
609643,270951,5082,2023-07-14,Size/Fit Issue,1
609644,210551,5337,2026-01-10,Size/Fit Issue,1
609645,242769,5068,2024-11-14,Size/Fit Issue,1
609646,279285,5047,2025-03-10,Size/Fit Issue,1
609647,225118,5168,2024-07-18,Changed Mind,1
609648,282469,5053,2023-02-23,Size/Fit Issue,1
609649,278172,5383,2025-06-06,Changed Mind,1
609650,222714,5351,2024-11-21,Damaged,1
609651,267765,5099,2023-04-02,Wrong Product,1
609652,207023,5111,2024-06-04,Size/Fit Issue,1
609653,210482,5306,2024-02-27,Size/Fit Issue,1
609654,256805,5283,2024-05-15,Changed Mind,1
609655,250934,5215,2023-03-18,Wrong Product,1
609656,287311,5260,2025-12-17,Size/Fit Issue,1
609657,297594,5056,2024-12-12,Not as Expected,1
609658,276862,5230,2025-12-24,Damaged,1
609659,242610,5127,2025-01-15,Not as Expected,1
609660,242925,5107,2024-06-28,Damaged,1
609661,230106,5228,2023-06-18,Size/Fit Issue,1
609662,219565,5207,2025-06-27,Changed Mind,1
609663,266648,5434,2024-09-29,Damaged,1
609664,223809,5053,2023-04-05,Changed Mind,1
609665,280293,5479,2025-06-19,Not as Expected,1
609666,238753,5385,2024-11-17,Changed Mind,1
609667,207429,5170,2025-08-05,Size/Fit Issue,1
609668,205644,5303,2025-11-02,Damaged,1
609669,281809,5048,2025-08-31,Not as Expected,1
609670,229599,5293,2024-08-26,Wrong Product,2
609671,280675,5475,2024-06-06,Size/Fit Issue,1
609672,236044,5173,2025-03-13,Wrong Product,1
609673,234750,5091,2025-03-29,Damaged,1
609674,244925,5151,2024-10-05,Changed Mind,1
609675,246321,5353,2024-01-13,Not as Expected,1
609676,249785,5347,2023-09-12,Wrong Product,1
609677,265892,5107,2024-09-14,Damaged,1
609678,201165,5330,2024-05-04,Not as Expected,1
609679,218726,5069,2024-04-20,Size/Fit Issue,1
609680,268146,5115,2024-12-22,Not as Expected,1
609681,245667,5352,2024-06-20,Wrong Product,1
609682,217060,5079,2025-04-14,Changed Mind,1
609683,211801,5364,2024-11-15,Not as Expected,1
609684,234010,5289,2024-01-05,Size/Fit Issue,2
609685,241205,5185,2024-05-30,Size/Fit Issue,1
609686,250999,5133,2025-11-06,Not as Expected,1
609687,221096,5112,2025-08-31,Size/Fit Issue,1
609688,220671,5407,2025-01-04,Wrong Product,1
609689,299752,5378,2025-10-13,Not as Expected,1
609690,206522,5248,2025-02-10,Changed Mind,1
609691,257513,5307,2024-04-26,Size/Fit Issue,1
609692,231744,5198,2025-07-14,Damaged,1
609693,202214,5319,2025-11-01,Changed Mind,1
609694,221206,5350,2023-03-03,Damaged,1
609695,266032,5474,2023-08-20,Damaged,1
609696,213609,5455,2024-05-11,Damaged,1
609697,244860,5347,2023-07-23,Wrong Product,1
609698,269432,5027,2023-07-23,Wrong Product,1
609699,277972,5181,2024-04-14,Wrong Product,1
609700,242896,5209,2024-12-28,Size/Fit Issue,1
609701,289557,5300,2025-07-13,Size/Fit Issue,1
609702,296285,5302,2024-08-02,Size/Fit Issue,1
609703,201582,5318,2025-11-30,Not as Expected,1
609704,220846,5255,2025-07-26,Changed Mind,1
609705,236427,5153,2024-09-15,Not as Expected,1
609706,253743,5011,2024-07-07,Changed Mind,1
609707,221283,5176,2024-11-30,Changed Mind,1
609708,287959,5048,2025-09-24,Wrong Product,1
609709,242236,5404,2025-09-26,Not as Expected,1
609710,206814,5193,2026-01-03,Changed Mind,1
609711,229301,5162,2025-12-14,Wrong Product,1
609712,207839,5073,2025-06-27,Damaged,1
609713,283779,5308,2025-03-08,Not as Expected,1
609714,237112,5013,2025-01-10,Size/Fit Issue,1
609715,242543,5373,2024-11-18,Size/Fit Issue,1
609716,285766,5276,2024-12-19,Not as Expected,1
609717,206394,5123,2024-08-28,Not as Expected,1
609718,200720,5070,2024-05-09,Not as Expected,1
609719,269826,5028,2025-05-30,Not as Expected,1
609720,295872,5423,2023-08-15,Not as Expected,1
609721,225896,5308,2024-11-01,Damaged,1
609722,210396,5468,2025-06-10,Size/Fit Issue,1
609723,278670,5207,2024-02-13,Wrong Product,1
609724,238166,5115,2024-10-13,Wrong Product,1
609725,293033,5410,2024-12-12,Size/Fit Issue,1
609726,228026,5174,2023-05-19,Changed Mind,1
609727,273236,5385,2023-11-10,Damaged,1
609728,212679,5147,2025-11-03,Not as Expected,1
609729,272786,5307,2025-02-25,Size/Fit Issue,1
609730,286239,5431,2023-10-23,Wrong Product,1
609731,271008,5239,2025-11-22,Wrong Product,1
609732,225100,5233,2024-09-22,Wrong Product,1
609733,234464,5271,2023-02-06,Damaged,1
609734,250208,5423,2024-02-06,Changed Mind,1
609735,211332,5279,2023-04-23,Changed Mind,1
609736,229305,5210,2023-05-15,Size/Fit Issue,1
609737,299895,5230,2025-02-07,Size/Fit Issue,1
609738,241081,5136,2024-11-27,Size/Fit Issue,1
609739,212192,5268,2025-03-04,Damaged,1
609740,211508,5393,2024-09-23,Not as Expected,1
609741,210929,5386,2025-02-15,Size/Fit Issue,1
609742,251112,5227,2023-07-25,Wrong Product,1
609743,284642,5164,2025-01-28,Damaged,1
609744,258966,5378,2024-04-18,Size/Fit Issue,1
609745,287183,5077,2025-09-05,Damaged,1
609746,261462,5159,2025-02-22,Damaged,1
609747,296737,5408,2025-07-25,Size/Fit Issue,1
609748,215564,5428,2025-02-05,Changed Mind,1
609749,271209,5011,2023-12-10,Damaged,1
609750,226409,5479,2025-08-18,Damaged,1
609751,249133,5107,2024-09-24,Not as Expected,1
609752,214342,5014,2023-01-10,Changed Mind,1
609753,261136,5050,2025-04-14,Not as Expected,1
609754,235996,5023,2024-10-26,Not as Expected,1
609755,267365,5320,2023-10-28,Not as Expected,1
609756,298538,5135,2024-08-13,Damaged,1
609757,263611,5458,2025-10-16,Damaged,1
609758,268635,5258,2025-12-24,Wrong Product,1
609759,222884,5466,2026-01-05,Changed Mind,1
609760,210329,5412,2023-05-19,Changed Mind,1
609761,244568,5136,2024-02-02,Damaged,1
609762,246278,5258,2024-05-25,Wrong Product,1
609763,240525,5328,2024-02-17,Not as Expected,1
609764,220523,5287,2025-08-30,Wrong Product,1
609765,212411,5421,2024-06-05,Not as Expected,1
609766,223217,5259,2025-05-30,Wrong Product,1
609767,234439,5239,2024-11-22,Size/Fit Issue,1
609768,254680,5204,2023-08-27,Damaged,1
609769,258360,5421,2024-10-06,Size/Fit Issue,1
609770,283741,5303,2025-09-27,Size/Fit Issue,1
609771,264171,5092,2025-03-17,Damaged,1
609772,270591,5008,2024-12-16,Wrong Product,1
609773,296713,5145,2025-06-28,Changed Mind,1
609774,259917,5479,2025-01-07,Size/Fit Issue,1
609775,210479,5373,2025-09-01,Not as Expected,1
609776,299296,5152,2025-07-21,Size/Fit Issue,1
609777,299468,5381,2025-06-29,Size/Fit Issue,1
609778,222493,5368,2025-06-23,Size/Fit Issue,1
609779,260250,5164,2025-09-17,Wrong Product,1
609780,261081,5357,2025-05-21,Size/Fit Issue,1
609781,282305,5059,2025-09-03,Size/Fit Issue,1
609782,240960,5451,2025-04-02,Wrong Product,1
609783,210539,5335,2024-06-21,Not as Expected,1
609784,242226,5055,2024-10-25,Size/Fit Issue,1
609785,239216,5471,2025-03-08,Size/Fit Issue,1
609786,246398,5224,2025-10-06,Not as Expected,1
609787,211051,5236,2024-05-23,Wrong Product,1
609788,237120,5455,2023-06-25,Size/Fit Issue,1
609789,231848,5224,2024-03-27,Size/Fit Issue,1
609790,217441,5041,2024-11-25,Damaged,1
609791,205705,5366,2025-08-30,Size/Fit Issue,1
609792,298400,5315,2024-06-13,Not as Expected,1
609793,236930,5194,2024-09-30,Wrong Product,1
609794,232001,5314,2024-11-13,Not as Expected,1
609795,277602,5398,2025-07-16,Not as Expected,1
609796,242316,5273,2023-06-03,Damaged,1
609797,203324,5007,2023-07-24,Changed Mind,1
609798,249872,5357,2023-11-06,Not as Expected,1
609799,286797,5076,2023-12-31,Wrong Product,1
609800,217034,5171,2024-04-21,Size/Fit Issue,1
609801,288398,5123,2023-06-14,Size/Fit Issue,1
609802,255394,5263,2024-06-23,Changed Mind,1
609803,272796,5325,2024-05-25,Damaged,1
609804,244174,5402,2025-08-04,Size/Fit Issue,1
609805,286615,5029,2025-12-17,Wrong Product,1
609806,251381,5033,2025-12-14,Changed Mind,1
609807,238634,5232,2025-09-20,Not as Expected,1
609808,222126,5424,2024-09-20,Size/Fit Issue,1
609809,277504,5455,2025-05-06,Not as Expected,1
609810,277702,5111,2025-11-02,Damaged,1
609811,285697,5336,2025-12-05,Not as Expected,1
609812,249144,5410,2025-05-25,Wrong Product,1
609813,232814,5286,2024-05-10,Not as Expected,1
609814,289064,5445,2023-11-04,Not as Expected,1
609815,275066,5108,2024-11-28,Not as Expected,1
609816,230246,5291,2025-10-14,Wrong Product,1
609817,257153,5342,2025-06-05,Wrong Product,1
609818,252218,5382,2025-07-20,Wrong Product,1
609819,242041,5067,2024-04-15,Changed Mind,1
609820,248376,5469,2024-03-26,Size/Fit Issue,1
609821,248132,5399,2025-03-03,Damaged,1
609822,246635,5188,2024-08-18,Size/Fit Issue,1
609823,277995,5302,2025-04-24,Size/Fit Issue,1
609824,289446,5381,2023-06-28,Wrong Product,1
609825,206612,5133,2023-12-24,Changed Mind,1
609826,226514,5068,2025-08-16,Wrong Product,1
609827,279252,5005,2023-12-07,Changed Mind,1
609828,249006,5403,2024-06-30,Damaged,1
609829,266289,5416,2024-01-26,Changed Mind,1
609830,271654,5252,2023-11-17,Size/Fit Issue,1
609831,219143,5375,2025-08-11,Changed Mind,1
609832,219650,5358,2024-04-19,Damaged,1
609833,259607,5246,2024-04-27,Not as Expected,1
609834,234178,5185,2025-11-04,Wrong Product,1
609835,242981,5131,2024-01-11,Not as Expected,1
609836,246084,5212,2025-03-31,Changed Mind,1
609837,267551,5420,2024-05-29,Wrong Product,1
609838,262853,5054,2025-03-31,Damaged,1
609839,264857,5010,2025-06-11,Changed Mind,1
609840,288754,5031,2025-09-14,Not as Expected,1
609841,254286,5373,2026-01-21,Changed Mind,1
609842,256600,5028,2023-11-05,Not as Expected,1
609843,217163,5189,2025-11-07,Wrong Product,1
609844,297695,5071,2023-07-08,Damaged,1
609845,212661,5338,2025-12-01,Damaged,1
609846,215840,5185,2024-01-23,Wrong Product,1
609847,257174,5023,2025-11-11,Size/Fit Issue,1
609848,253255,5053,2025-10-18,Not as Expected,1
609849,298355,5127,2025-05-15,Damaged,1
609850,268158,5218,2025-04-13,Damaged,1
609851,279679,5134,2023-12-01,Not as Expected,1
609852,275590,5105,2023-03-05,Changed Mind,1
609853,221080,5432,2024-07-12,Damaged,1
609854,228071,5353,2023-07-11,Not as Expected,1
609855,233023,5412,2025-05-24,Changed Mind,1
609856,214864,5233,2023-06-23,Size/Fit Issue,1
609857,297223,5047,2024-03-28,Changed Mind,1
609858,284548,5147,2024-08-19,Size/Fit Issue,1
609859,265052,5155,2025-02-21,Wrong Product,1
609860,204986,5002,2023-12-02,Changed Mind,1
609861,296500,5333,2024-10-29,Size/Fit Issue,1
609862,251010,5256,2023-05-24,Not as Expected,1
609863,271565,5357,2024-09-13,Size/Fit Issue,1
609864,227218,5355,2024-04-22,Size/Fit Issue,1
609865,203046,5061,2023-05-21,Damaged,1
609866,232377,5212,2024-10-26,Not as Expected,1
609867,281936,5238,2025-06-02,Size/Fit Issue,1
609868,233662,5195,2024-08-19,Size/Fit Issue,1
609869,205699,5037,2025-01-01,Size/Fit Issue,1
